national_inv,lead_time,in_transit_qty,forecast_3_month,forecast_6_month,forecast_9_month,sales_1_month,sales_3_month,sales_6_month,sales_9_month,min_bank,potential_issue,pieces_past_due,perf_6_month_avg,perf_12_month_avg,local_bo_qty,deck_risk,oe_constraint,ppap_risk,stop_auto_buy,rev_stop,went_on_backorder
0,8.0,0,24,32,40,8,15,24,42,0,0,0,0.51,0.53,0,1,0,0,1,0,1
60,8.0,0,1000,2000,2000,115,303,590,1126,320,0,0,0.0,0.0,10,0,0,1,1,0,1
2,8.0,0,50,50,50,0,0,0,0,0,0,0,0.51,0.53,0,1,0,0,1,0,0
50,8.0,39,64,152,196,53,174,349,574,31,0,0,0.99,0.97,0,0,0,0,1,0,1
187,9.0,0,0,0,0,6,17,27,41,0,0,0,0.86,0.84,0,0,0,0,1,0,0
0,8.0,0,2,3,4,2,3,3,4,0,0,0,0.89,0.88,0,0,0,0,1,0,0
-2,8.0,0,16,20,28,11,19,26,26,0,0,0,0.66,0.63,2,0,0,1,1,0,1
2,8.0,0,0,0,0,1,1,1,1,1,0,0,0.78,0.74,0,1,0,0,1,0,0
0,8.0,0,6,8,11,2,5,9,11,2,0,0,0.41,0.46,0,0,0,1,1,0,1
24,2.0,0,0,0,15,4,8,8,11,0,0,0,0.82,0.91,0,0,0,0,1,0,0
1,12.0,0,0,0,0,0,0,0,0,0,0,0,0.78,0.78,0,0,0,0,1,0,0
3,12.0,0,0,0,0,1,3,4,5,0,0,0,0.73,0.76,0,1,0,0,1,0,1
9,2.0,0,0,0,0,3,5,7,7,0,0,0,0.93,0.92,0,0,0,0,1,0,0
2,8.0,0,0,0,0,0,0,0,0,0,0,0,0.78,0.75,0,1,0,0,1,0,0
1,9.0,0,14,21,28,7,14,24,41,0,0,0,1.0,1.0,0,0,0,0,1,0,1
12,8.0,0,0,4,10,1,1,3,5,0,0,0,0.48,0.36,0,0,0,0,1,0,0
20,2.0,0,45,99,153,16,42,80,111,10,0,0,0.81,0.88,0,0,0,0,1,0,1
427,8.0,0,0,0,0,5,12,24,38,3,0,0,0.88,0.92,0,1,0,0,1,0,0
0,2.0,0,5,8,8,0,0,0,0,1,0,0,0.96,0.96,0,0,0,0,1,0,1
5,4.0,0,0,0,0,0,0,1,1,0,0,0,0.73,0.78,0,0,0,0,1,0,0
17,8.0,0,0,0,0,0,0,0,0,0,0,0,0.95,0.96,0,0,0,0,1,0,0
19,8.0,0,0,0,0,0,1,3,5,0,0,0,0.75,0.88,0,0,0,0,1,0,0
63,8.0,103,100,200,200,29,117,195,288,33,0,0,0.98,0.99,0,0,0,0,1,0,0
2,12.0,0,0,0,0,0,0,0,0,0,0,0,0.78,0.78,0,0,0,0,1,0,0
3,8.0,0,15,31,31,1,7,17,31,8,0,0,0.79,0.78,0,0,0,0,1,0,1
0,12.0,0,7,10,13,0,2,6,8,0,0,3,0.78,0.78,0,0,0,0,1,0,1
1,2.0,0,2,4,6,3,4,9,11,0,0,0,0.78,0.82,0,0,0,0,1,0,1
0,2.0,0,7,8,8,0,2,2,2,0,0,0,0.51,0.53,2,1,0,1,1,0,1
0,2.0,0,88,154,174,0,0,0,0,0,0,0,0.94,0.96,0,0,0,1,1,0,1
11,8.0,0,0,0,0,2,2,4,5,0,0,0,1.0,0.96,0,0,0,0,1,0,0
4,2.0,0,5,5,6,1,1,5,11,0,0,0,0.0,0.0,0,0,0,0,1,0,1
0,2.0,0,178,214,214,0,4,4,4,12,0,0,0.47,0.31,0,1,0,0,1,0,1
96,12.0,0,0,0,0,0,0,0,0,1,0,0,0.57,0.69,0,0,0,1,1,0,0
314,8.0,0,0,0,0,14,47,100,155,14,0,0,0.61,0.59,0,0,0,0,1,0,0
0,2.0,0,20,21,21,0,0,0,0,0,0,0,0.78,0.74,0,1,0,0,1,0,1
24,8.0,0,0,0,0,0,0,0,0,0,0,0,0.31,0.11,0,0,0,0,1,0,0
6,4.0,1,0,0,0,0,0,0,0,0,0,0,0.77,0.8,0,1,0,0,1,0,0
449,12.0,0,0,0,0,0,0,0,0,1,0,0,0.0,0.02,0,0,0,0,1,0,0
25,2.0,0,24,60,96,0,12,22,23,3,0,24,0.84,0.76,0,1,0,0,1,0,0
34,9.0,0,0,10,20,2,9,20,44,1,0,0,1.0,0.95,0,0,0,0,1,0,1
0,10.0,0,4,7,13,2,6,13,16,0,0,0,0.89,0.9,0,0,0,0,1,0,1
1,8.0,0,10,10,10,2,10,17,20,2,0,0,0.99,0.99,0,0,0,0,1,0,1
0,2.0,0,2,2,2,0,0,0,0,1,0,0,0.1,0.13,0,0,0,1,1,0,1
0,9.0,0,9,10,12,1,4,6,10,0,0,0,0.69,0.68,0,0,0,0,1,0,1
0,8.0,0,3,5,7,3,3,5,7,0,0,0,0.99,0.99,0,0,0,0,1,0,1
0,8.0,0,12,28,40,8,13,28,46,4,0,0,0.91,0.83,0,0,0,0,1,0,1
0,10.0,0,56,91,131,10,39,89,133,0,0,0,0.89,0.9,0,0,0,0,1,0,1
0,2.0,0,2,4,5,4,5,7,8,1,0,0,0.95,0.97,0,0,0,0,1,0,1
3,8.0,0,6,11,16,3,16,24,30,2,0,0,0.45,0.69,0,0,0,0,1,0,1
2,12.0,0,0,0,0,0,0,0,0,0,0,0,0.63,0.72,0,0,0,0,1,0,0
80,8.0,0,0,0,0,0,0,0,0,0,0,0,0.5,0.53,0,0,0,0,1,0,0
3,9.0,0,0,0,0,0,0,0,0,0,0,0,0.68,0.66,0,0,0,1,1,0,0
0,2.0,0,23,35,47,3,9,21,27,0,0,11,0.66,0.66,0,0,0,1,1,0,1
367,8.0,0,0,0,0,4,18,42,79,20,0,0,1.0,1.0,0,0,0,1,1,0,0
3,2.0,0,4,8,12,1,4,6,11,1,0,0,0.91,0.93,0,0,0,0,1,0,1
-126,8.0,0,1286,1786,2456,463,978,1716,2264,451,0,50,0.45,0.69,153,0,0,1,1,0,1
9,9.0,16,13,21,33,5,13,22,30,0,0,0,0.85,0.83,0,0,0,0,1,0,1
0,12.0,0,14,34,42,6,14,31,49,0,0,0,0.78,0.78,0,0,0,1,1,0,1
0,9.0,0,12,12,18,10,14,18,27,0,0,0,0.98,0.9,0,0,0,0,1,0,1
12,8.0,0,30,30,30,1,1,4,16,0,0,0,0.99,0.99,0,0,0,0,1,0,1
35,8.0,0,0,16,42,1,20,53,93,0,0,0,0.79,0.67,0,0,0,0,1,0,0
1,4.0,0,0,0,0,1,1,1,1,0,0,0,0.69,0.68,0,0,0,0,1,0,1
35,8.0,0,317,558,792,60,222,389,558,87,0,21,0.81,0.89,1,0,0,0,1,0,1
2,12.0,0,0,1,2,2,3,5,7,0,0,0,0.78,0.78,0,0,0,0,1,0,1
91,2.0,0,38,114,171,10,43,111,196,0,0,0,0.88,0.93,0,0,0,0,1,0,1
0,8.0,0,118,154,190,0,0,0,0,14,0,0,0.91,0.93,0,0,0,0,1,0,1
50,2.0,0,10,25,55,46,46,67,160,1,0,0,0.97,0.96,0,0,0,0,1,0,1
0,8.0,0,9,18,18,3,9,16,22,1,0,0,1.0,1.0,0,0,0,0,1,0,1
35,9.0,0,0,0,0,9,10,24,26,4,0,0,0.86,0.84,0,1,0,0,0,0,0
10,12.0,0,0,0,0,0,0,0,0,1,0,0,0.58,0.58,0,1,0,0,1,0,0
2,9.0,0,8,8,12,3,10,17,25,0,0,0,0.99,0.98,0,0,0,0,1,0,1
-18,2.0,0,210,315,455,51,157,298,403,7,0,0,0.44,0.44,19,0,0,1,1,0,1
6,2.0,0,0,0,0,0,0,0,3,0,0,0,0.98,0.97,0,0,0,0,1,0,0
0,2.0,0,1,1,1,2,2,3,3,0,0,0,0.91,0.86,0,1,0,0,1,0,1
107,2.0,340,90,360,600,143,495,901,1376,70,0,0,0.92,0.94,0,0,0,0,1,0,0
3,4.0,0,7,12,18,1,2,2,2,1,0,0,0.75,0.81,0,1,0,0,1,0,1
2,2.0,0,4,6,10,0,2,6,10,0,0,0,1.0,1.0,0,0,0,0,1,0,1
3,2.0,0,10,10,10,0,0,0,0,0,0,0,0.98,0.98,0,1,0,0,1,0,0
2,2.0,2,4,6,10,2,5,7,10,2,0,0,0.6,0.58,0,0,0,0,1,0,0
54,16.0,0,621,847,1333,140,522,849,1051,0,0,0,0.96,0.96,0,0,0,0,1,0,1
0,2.0,0,0,0,0,0,0,0,0,1,0,0,0.67,0.69,0,0,0,1,1,0,0
3,8.0,0,1,4,5,1,5,7,11,0,0,0,0.84,0.89,0,0,0,0,1,0,1
-1,16.0,0,6,7,9,0,2,4,4,1,0,0,0.44,0.46,1,0,0,0,1,0,1
5,12.0,0,26,26,38,7,19,33,45,25,0,0,0.98,0.64,0,0,0,0,1,0,0
0,9.0,0,5,6,6,0,0,0,0,0,0,1,0.7,0.66,0,0,0,0,1,0,1
8,8.0,0,64,96,160,12,35,69,94,5,0,0,0.94,0.9,0,0,0,0,1,0,0
298,8.0,0,1441,2127,3586,535,1910,3413,4413,324,0,0,0.7,0.71,0,0,0,0,1,0,1
4,12.0,0,0,0,0,0,0,3,3,0,0,0,0.63,0.72,0,0,0,1,1,0,0
0,8.0,0,1,1,2,0,1,1,2,1,0,0,0.41,0.46,0,0,0,0,1,0,1
1,8.0,0,5,9,12,1,4,5,8,0,0,0,0.15,0.34,0,0,0,0,1,0,1
3,12.0,0,0,0,0,0,0,0,0,0,0,0,0.62,0.73,0,0,0,0,1,0,0
0,9.0,0,1,1,1,1,3,6,8,3,0,0,0.99,0.98,0,0,0,0,1,0,1
6,8.0,0,18,30,42,0,8,15,26,0,0,0,0.97,0.97,0,0,0,0,1,0,1
0,12.0,0,5,8,8,0,0,0,1,0,0,0,0.57,0.7,0,1,0,0,1,0,1
13849,8.0,0,0,0,0,0,0,0,0,0,0,0,0.93,0.89,0,0,0,0,1,0,0
53,8.0,0,0,0,0,0,0,1,4,1,0,0,0.99,0.99,0,0,0,0,1,0,0
7,8.0,0,0,0,0,0,0,0,0,0,0,0,0.82,0.81,0,0,0,0,1,0,0
4,8.0,0,2,6,9,1,2,7,12,0,0,0,1.0,0.95,0,0,0,0,1,0,1
56,2.0,0,0,0,4,3,15,44,69,0,0,0,0.92,0.86,0,0,0,0,1,0,0
37,8.0,0,200,280,340,29,89,170,281,39,0,40,1.0,0.88,0,0,0,0,1,0,1
9,14.0,0,0,0,0,0,0,0,2,1,0,0,0.99,0.99,0,0,0,0,1,0,0
2,8.0,0,20,20,20,0,0,0,0,0,0,0,0.51,0.53,0,1,0,0,1,0,0
5,8.0,0,8,8,13,1,7,13,21,2,0,0,0.55,0.81,0,0,0,0,1,0,1
0,2.0,0,3,5,6,1,2,4,5,0,0,2,0.78,0.82,0,0,0,0,1,0,1
6,10.0,0,0,0,0,0,0,0,0,0,0,0,0.89,0.9,0,0,0,0,1,0,0
603,2.0,168,412,763,1043,115,311,655,961,114,0,20,0.69,0.75,0,0,0,0,1,0,0
73,17.0,0,0,0,0,10,18,32,59,2,0,0,1.0,1.0,0,0,0,0,1,0,0
13,2.0,0,0,0,0,0,0,0,0,0,0,0,0.66,0.6,0,0,0,0,1,0,0
0,12.0,0,9,13,19,1,5,6,10,0,0,0,0.78,0.78,0,0,0,0,1,0,1
0,12.0,0,9,16,23,0,3,9,14,0,0,5,0.66,0.67,0,0,0,0,1,0,1
7,2.0,0,12,24,24,2,12,16,32,0,0,0,0.8,0.82,0,0,0,0,1,0,1
2,12.0,0,0,0,0,0,0,0,0,0,0,0,0.82,0.79,0,0,0,0,1,0,0
62,8.0,2,20,20,60,13,29,76,103,23,0,0,0.84,0.89,0,0,0,0,1,0,0
-3,8.0,0,47,79,113,1,16,35,68,0,0,0,0.73,0.79,3,0,0,0,1,0,1
20,12.0,0,0,0,0,0,0,0,0,1,0,0,0.48,0.48,0,1,0,0,1,0,0
0,2.0,0,5,15,15,0,0,0,0,0,0,0,0.93,0.96,0,1,0,0,1,0,0
1,2.0,0,15,35,43,6,10,37,37,1,0,0,0.95,0.9,0,0,0,0,1,0,1
3,8.0,0,1,4,6,4,5,6,8,4,0,0,0.67,0.62,0,0,0,0,1,0,1
0,5.0,0,1894,3269,5049,0,0,0,0,187,0,111,0.69,0.69,0,0,0,0,1,0,1
0,2.0,0,9,9,9,1,1,1,1,0,0,0,0.99,0.98,0,1,0,0,1,0,1
7,9.0,0,0,0,0,0,0,0,0,0,0,0,0.85,0.83,0,0,0,0,1,0,0
217,8.0,5,85,255,340,33,97,215,339,106,0,0,0.34,0.53,0,0,0,0,1,0,0
11,2.0,0,0,0,0,0,0,0,0,1,0,0,-99.0,-99.0,0,1,0,0,1,0,0
3,8.0,0,0,0,0,0,0,0,2,1,0,0,0.48,0.53,0,0,0,0,1,0,0
5,8.0,0,24,36,48,17,34,48,87,4,0,0,0.5,0.35,0,0,0,0,1,0,1
114,8.0,3,64,163,269,28,97,233,382,37,0,0,0.92,0.95,0,0,0,0,1,0,0
-29,8.0,0,88,133,151,13,29,123,181,20,0,0,0.08,0.58,29,0,0,0,1,0,1
2030,8.0,3590,0,0,1480,463,1392,2975,4820,650,0,0,0.89,0.79,0,0,0,0,1,0,0
5,2.0,0,25,40,70,7,29,29,29,0,0,0,1.0,1.0,0,0,0,0,1,0,1
0,8.0,0,2,2,2,0,0,0,0,0,0,0,0.42,0.41,0,0,0,0,1,0,1
17,12.0,0,0,0,0,0,3,29,37,26,0,0,0.98,0.95,0,1,0,0,1,0,0
-13,8.0,0,21,21,21,3,12,20,25,0,0,0,0.77,0.76,13,0,0,0,1,0,1
1,8.0,0,0,0,0,4,5,5,5,0,0,0,0.99,0.98,0,1,0,0,1,0,0
6,10.0,1,0,0,0,0,2,5,8,0,0,0,0.89,0.9,0,0,0,0,1,0,0
25,8.0,0,306,450,570,65,164,375,596,87,0,0,0.7,0.73,2,0,0,0,1,0,1
0,8.0,0,1,2,2,5,5,5,5,0,0,0,-99.0,0.93,0,0,0,0,1,0,1
0,8.0,0,6,6,8,0,0,0,0,0,0,0,0.78,0.82,0,0,0,0,1,0,1
0,5.0,0,12,12,12,0,0,0,0,0,0,0,0.68,0.69,0,1,0,1,1,0,1
147,2.0,69,120,240,360,40,118,241,347,54,0,0,0.98,0.98,0,0,0,0,1,0,0
2,9.0,0,8,12,20,2,6,9,13,0,0,0,0.99,0.98,0,0,0,1,1,0,1
70,12.0,4,50,126,190,16,66,133,229,26,0,0,0.78,0.78,0,0,0,0,1,0,0
0,0.0,0,58,128,210,1,1,1,1,27,0,0,0.0,0.0,0,1,0,0,1,0,1
105,8.0,0,0,0,0,7,22,38,69,47,0,0,0.97,0.95,0,0,0,0,1,0,0
152,2.0,0,0,0,0,0,0,0,0,0,0,0,0.76,0.85,0,0,0,0,1,0,0
0,2.0,0,17,21,21,0,4,4,4,0,0,0,0.36,0.57,4,0,0,0,1,0,1
4,9.0,0,1,1,1,0,0,0,0,0,0,0,0.68,0.66,0,1,0,0,1,0,0
2,8.0,0,12,18,24,0,6,14,19,0,0,0,0.42,0.36,0,0,0,0,1,0,1
23,8.0,2,0,0,2,5,9,15,15,3,0,0,0.89,0.93,0,0,0,0,1,0,0
544,52.0,5,0,0,0,15,31,58,86,15,0,0,0.73,0.76,0,1,0,0,1,0,0
0,2.0,0,7,10,13,1,3,4,6,1,0,0,0.69,0.71,0,1,0,1,1,0,1
4,12.0,0,0,0,0,0,3,5,7,5,0,0,0.78,0.78,0,1,0,0,1,0,0
2,8.0,0,1,3,5,0,1,2,6,0,0,0,0.98,0.95,0,0,0,0,1,0,0
6,4.0,0,0,4,6,4,6,11,17,0,0,0,0.73,0.76,0,0,0,0,1,0,1
0,10.0,0,2,3,4,3,4,4,4,0,0,0,0.89,0.9,0,0,0,0,1,0,1
5,2.0,0,10,20,30,3,11,20,21,0,0,0,1.0,0.98,0,0,0,0,1,0,1
0,8.0,0,14,23,23,0,0,0,0,0,0,0,0.62,0.62,0,0,0,1,1,0,1
1,12.0,0,3,4,6,0,1,2,2,0,0,0,0.73,0.76,0,0,0,0,1,0,0
74,0.0,0,0,0,0,0,0,0,0,1,0,0,0.0,0.0,0,0,0,0,0,0,0
4,2.0,0,0,0,0,0,0,0,6,0,0,0,0.97,0.92,0,0,0,1,1,0,0
41,9.0,0,0,0,0,0,1,1,3,2,0,0,0.68,0.66,0,0,0,0,1,0,0
10,4.0,0,0,0,0,0,0,0,0,0,0,0,0.73,0.78,0,1,0,0,1,0,0
211,12.0,0,100,247,394,39,125,269,402,122,0,0,1.0,1.0,0,0,0,0,1,0,0
151,12.0,0,34,49,89,16,94,184,298,10,0,0,0.93,0.74,0,0,0,0,1,0,0
247,8.0,0,242,441,640,67,189,344,610,62,0,0,0.99,0.99,0,0,0,0,1,0,0
0,8.0,0,0,0,0,0,0,0,0,0,0,0,0.78,0.78,0,1,0,0,1,0,0
132,8.0,0,0,0,0,0,4,10,12,2,0,0,0.8,0.88,0,1,0,1,1,0,0
4,8.0,1,15,30,45,3,14,24,33,0,0,0,1.0,0.99,0,0,0,0,1,0,1
156,3.0,0,0,0,0,1,4,12,15,0,0,0,0.76,0.79,0,0,0,0,1,0,0
3,4.0,4,2,2,2,0,0,0,0,0,0,0,0.77,0.8,0,1,0,0,1,0,0
-2036,8.0,36,15000,22640,31400,1594,9162,16199,21077,1929,0,0,0.9,0.95,2049,1,0,0,1,0,1
2,2.0,0,38,62,62,18,23,28,39,0,0,0,0.93,0.9,0,0,0,0,1,0,1
92,8.0,0,12,57,84,17,44,95,136,52,0,0,0.99,0.99,0,0,0,0,1,0,0
2,10.0,0,0,0,0,0,0,0,0,1,0,0,0.7,0.75,0,0,0,0,1,0,0
59,0.0,0,0,0,18,6,17,25,41,1,0,0,0.0,0.0,0,0,0,0,0,0,0
5,0.0,0,10,18,26,2,17,29,40,1,0,0,0.0,0.0,0,0,0,1,0,0,1
1,12.0,0,3,3,3,3,4,9,9,15,0,0,0.58,0.57,0,1,0,0,1,0,1
3,9.0,0,17,31,38,2,10,24,37,0,0,0,0.93,0.74,0,0,0,0,1,0,1
6,52.0,0,0,0,0,1,2,4,4,0,0,0,0.78,0.78,0,1,0,0,1,0,0
0,8.0,0,5,5,6,0,0,3,5,2,0,0,0.76,0.78,0,0,0,0,1,0,1
67,8.0,0,0,0,0,0,1,2,2,1,0,0,0.86,0.7,0,0,0,0,1,0,0
0,8.0,0,6,6,12,1,3,4,4,0,0,0,0.99,0.99,0,0,0,0,1,0,1
6,8.0,0,0,0,0,0,0,0,0,0,0,0,1.0,0.99,0,0,0,1,1,0,0
0,2.0,0,6,6,6,0,0,0,0,0,0,0,0.7,0.75,0,1,0,0,1,0,1
3,2.0,0,0,2,3,0,0,3,6,1,0,0,0.91,0.82,0,0,0,1,1,0,1
37,8.0,0,0,200,200,12,29,48,68,11,0,0,0.82,0.82,0,0,0,0,1,0,1
1,8.0,0,3,6,6,2,3,3,3,1,0,0,0.86,0.88,0,0,0,1,1,0,1
6,4.0,0,0,4,7,2,4,5,9,0,0,0,0.79,0.67,0,1,0,0,1,0,1
4,12.0,0,0,0,0,0,0,0,0,1,0,0,0.62,0.73,0,0,0,1,1,0,0
0,8.0,0,9,17,23,2,11,18,31,6,0,2,0.83,0.71,0,0,0,0,1,0,1
321,8.0,24,80,240,480,83,261,495,767,178,0,0,0.95,0.94,0,0,0,0,1,0,0
-2,8.0,0,68,92,116,7,50,85,132,21,0,0,0.0,0.14,2,0,0,0,1,0,1
0,2.0,0,0,0,0,1,1,1,1,0,0,0,0.89,0.9,0,0,0,0,1,0,1
4,2.0,0,1,4,7,2,3,7,11,0,0,0,0.99,0.97,0,0,0,0,1,0,1
0,2.0,0,34,34,52,0,0,0,0,0,0,16,0.9,0.92,0,1,0,0,1,0,1
10,2.0,0,0,0,0,0,0,0,0,0,0,0,0.17,0.33,0,1,0,1,1,0,1
9,8.0,0,13,22,22,5,11,23,39,16,0,0,0.69,0.71,0,0,0,0,1,0,1
44,2.0,30,103,175,245,51,113,171,240,20,0,6,0.84,0.82,0,0,0,0,1,0,0
0,12.0,0,4,6,7,1,3,3,6,0,0,0,0.76,0.73,0,0,0,0,1,0,1
0,2.0,0,9,34,34,0,0,0,0,1,0,0,0.98,0.94,0,1,0,0,1,0,0
2,2.0,0,12,24,36,3,10,17,22,0,0,0,0.94,0.89,0,0,0,0,1,0,1
1,9.0,0,0,0,0,0,0,0,0,1,0,0,0.99,0.99,0,0,0,0,1,0,0
2,8.0,0,0,0,0,0,0,0,2,0,0,0,0.83,0.86,0,0,0,0,1,0,0
1,14.0,0,27,27,32,2,9,19,27,2,0,0,0.41,0.45,0,0,0,0,1,0,1
2,8.0,0,7,9,11,1,5,7,7,2,0,0,-99.0,-99.0,0,0,0,0,1,0,1
10,4.0,0,0,0,0,0,2,2,2,1,0,0,0.76,0.53,0,1,0,0,1,0,0
4,8.0,7,7,21,28,1,7,18,28,2,0,0,0.84,0.89,0,0,0,0,1,0,1
7,2.0,0,0,0,0,0,0,0,0,0,0,0,1.0,0.96,0,1,0,0,1,0,0
4,2.0,0,2,12,20,2,7,20,28,0,0,0,0.66,0.4,0,0,0,0,1,0,1
10,12.0,0,0,0,0,0,0,0,0,0,0,0,0.63,0.72,0,0,0,1,1,0,0
3,2.0,0,0,0,0,0,0,0,0,1,0,0,0.99,0.98,0,1,0,0,1,0,0
0,8.0,0,115,195,195,0,0,0,0,20,0,0,0.99,0.98,0,1,0,0,1,0,1
0,9.0,0,5,5,5,0,0,0,0,0,0,0,0.68,0.66,0,1,0,0,1,0,0
10,2.0,1,6,15,24,0,3,12,21,0,0,0,0.84,0.88,0,0,0,1,1,0,0
3,8.0,2,105,175,210,11,40,100,148,40,0,0,0.82,0.82,2,0,0,0,1,0,1
9,8.0,0,74,103,132,8,31,64,108,21,0,0,0.94,0.96,0,0,0,1,1,0,1
124,8.0,0,0,0,0,4,16,32,47,1,0,0,0.74,0.74,0,0,0,0,0,0,1
88,8.0,0,0,0,0,6,12,33,42,7,0,0,0.96,0.97,0,0,0,0,1,0,0
8,2.0,2,2,6,8,1,5,7,12,3,0,0,0.99,0.91,0,0,0,0,1,0,1
26,2.0,0,0,0,0,0,4,8,8,1,0,0,0.99,0.99,0,0,0,1,1,0,1
1,14.0,0,8,8,8,0,0,4,8,0,0,2,0.89,0.9,0,0,0,0,1,0,1
1,8.0,0,1,1,2,0,1,1,1,1,0,0,0.96,0.97,0,0,0,0,1,0,0
17,2.0,0,0,0,0,3,5,5,5,1,0,0,0.98,0.98,0,1,0,1,1,0,1
25,2.0,0,0,0,0,1,1,1,1,0,0,0,0.99,0.83,0,1,0,0,1,0,0
76,52.0,0,0,0,0,0,0,3,3,0,0,0,0.99,0.94,0,1,0,0,1,0,0
110,2.0,0,0,0,8,7,41,80,91,10,0,0,0.81,0.75,0,1,0,0,1,0,0
0,2.0,0,14,21,28,9,19,24,36,1,0,0,0.98,0.96,0,0,0,0,1,0,1
17,4.0,0,167,287,527,55,66,67,67,38,0,0,0.74,0.71,0,1,0,0,1,0,1
5,8.0,0,0,1,3,1,1,5,7,0,0,0,0.94,0.93,0,0,0,0,1,0,0
57,8.0,1,896,1432,1976,111,362,556,714,159,0,0,0.09,0.09,0,1,0,1,1,0,1
2,9.0,0,0,0,0,0,0,0,0,1,0,0,0.68,0.66,0,0,0,0,1,0,0
3,2.0,0,0,1,2,0,0,3,6,1,0,0,0.91,0.86,0,0,0,1,1,0,1
1,8.0,0,2,4,5,0,2,3,4,0,0,0,0.12,0.38,0,0,0,0,1,0,1
7,12.0,0,0,0,0,1,1,1,1,0,0,0,0.57,0.7,0,0,0,0,1,0,0
10,8.0,0,0,0,0,0,0,0,0,1,0,0,1.0,0.87,0,0,0,1,1,0,0
420,2.0,0,0,0,0,1,3,5,6,1,0,0,1.0,0.96,0,0,0,0,1,0,0
9,2.0,0,25,50,75,2,26,63,87,2,0,0,0.83,0.7,0,0,0,0,1,0,1
272,52.0,0,0,0,0,1,1,6,11,1,0,0,0.97,0.98,0,1,0,0,1,0,0
188,12.0,0,0,0,0,0,0,7,7,0,0,0,0.95,0.86,0,0,0,0,1,0,0
-9,2.0,5,340,510,680,60,167,312,443,74,0,34,0.0,0.39,11,0,0,0,1,0,1
6,12.0,0,0,1,1,0,0,2,2,0,0,0,0.82,0.79,0,1,0,0,1,0,0
4,2.0,0,0,1,1,0,0,0,0,1,0,0,0.73,0.86,0,1,0,0,1,0,1
5,8.0,0,36,54,90,3,19,37,64,3,0,18,0.17,0.34,0,0,0,0,1,0,1
11,4.0,0,0,0,0,0,0,3,4,0,0,0,0.73,0.78,0,0,0,0,1,0,0
2,12.0,0,0,0,0,0,0,0,0,0,0,0,0.63,0.72,0,1,0,0,1,0,0
0,8.0,0,4,6,8,1,4,5,5,0,0,0,0.74,0.73,0,0,0,0,1,0,1
9,8.0,5,71,101,131,2,37,74,124,31,0,5,0.58,0.57,0,0,0,0,1,0,1
0,14.0,0,12,12,12,0,0,1,3,0,0,0,0.46,0.38,0,0,0,0,1,0,1
0,2.0,0,22,32,32,0,0,0,0,0,0,0,0.77,0.81,0,1,0,0,1,0,1
1,8.0,0,5,5,5,0,2,4,5,0,0,0,0.98,0.97,0,0,0,0,1,0,1
3,8.0,1,0,1,2,0,1,3,4,3,0,0,0.51,0.53,0,1,0,0,1,0,0
0,8.0,0,5,8,10,2,4,8,10,0,0,0,0.82,0.88,0,0,0,0,1,0,1
2,8.0,0,1,1,2,1,2,3,4,1,0,0,0.52,0.78,0,0,0,0,1,0,1
12,8.0,0,80,128,156,11,51,94,137,15,0,4,0.61,0.57,0,0,0,1,1,0,1
12,8.0,1,5,5,10,7,10,20,27,4,0,0,0.98,0.94,0,0,0,0,1,0,1
0,8.0,0,20,30,45,1,10,27,38,0,0,5,0.8,0.82,0,0,0,0,1,0,1
5,8.0,0,0,25,25,0,4,5,5,0,0,0,0.98,0.98,0,0,0,0,1,0,0
1,4.0,0,0,0,0,0,0,0,1,0,0,0,0.82,0.79,0,0,0,0,1,0,0
1,9.0,0,0,0,0,0,0,0,0,1,0,0,0.34,0.41,0,0,0,1,1,0,0
0,2.0,0,5,7,7,0,0,0,0,0,0,0,0.68,0.66,0,1,0,0,1,0,1
2,8.0,0,0,0,0,0,0,0,0,1,0,0,0.92,0.96,0,0,0,1,1,0,0
0,10.0,0,8,9,12,4,8,10,13,0,0,0,0.89,0.9,0,0,0,0,1,0,0
4,8.0,0,0,0,0,1,1,1,2,0,0,0,0.0,0.0,0,0,0,1,1,0,0
6,0.0,0,3,9,17,2,6,11,12,1,0,0,0.0,0.0,0,0,0,1,0,0,1
11,4.0,0,0,0,0,0,0,0,0,0,0,0,0.77,0.8,0,0,0,0,1,0,0
0,8.0,0,8,8,12,1,3,6,6,0,0,0,0.76,0.77,0,0,0,0,1,0,1
-24,8.0,9,556,754,952,116,386,616,978,102,0,18,0.31,0.41,37,0,0,0,1,0,1
1,2.0,0,8,8,11,0,3,4,8,2,0,0,-99.0,0.0,0,0,0,0,1,0,1
80,8.0,55,45,145,245,21,69,178,271,53,0,45,0.51,0.45,0,0,0,0,1,0,0
37,2.0,0,0,0,0,3,6,7,9,1,0,0,0.94,0.97,0,1,0,0,1,0,0
43,8.0,3,37,61,99,20,54,105,158,14,0,0,0.97,0.98,0,0,0,1,1,0,0
4,9.0,0,0,0,0,0,0,0,0,0,0,0,0.99,0.99,0,0,0,0,1,0,0
0,12.0,0,29,47,68,2,7,12,12,0,0,0,0.73,0.76,0,1,0,0,1,0,1
-1,2.0,0,10,14,20,9,12,26,33,0,0,0,1.0,1.0,1,0,0,1,1,0,1
11,8.0,3,32,78,128,4,25,52,91,0,0,0,0.97,0.98,0,0,0,0,1,0,0
11,8.0,0,0,0,0,0,0,0,1,0,0,0,0.17,0.33,0,0,0,0,1,0,0
3,8.0,0,21,30,39,10,25,32,47,0,0,0,0.6,0.54,0,0,0,0,1,0,1
0,2.0,0,4,6,6,0,1,5,7,0,0,0,0.42,0.36,0,0,0,0,1,0,1
2,8.0,0,38,62,86,11,27,42,68,0,0,0,0.51,0.53,0,0,0,0,1,0,1
6,8.0,0,0,0,0,0,0,0,0,2,0,0,1.0,0.9,0,0,0,0,1,0,0
0,9.0,0,6,6,12,2,3,4,5,0,0,0,0.94,0.9,0,0,0,0,1,0,1
4,9.0,0,0,0,0,0,0,1,3,0,0,0,0.99,0.99,0,0,0,0,1,0,0
2,8.0,0,0,0,1,0,0,1,2,1,0,0,0.98,0.98,0,0,0,0,1,0,0
5,8.0,1,149,239,329,44,115,202,276,31,0,14,0.82,0.75,7,0,0,0,1,0,1
60,12.0,0,0,0,0,0,0,0,0,0,0,0,0.57,0.7,0,0,0,0,1,0,0
0,4.0,20,0,6,12,1,49,66,77,2,0,0,0.77,0.8,0,0,0,0,1,0,0
9,8.0,1,175,296,411,34,130,228,350,58,0,13,0.37,0.42,3,0,0,0,1,0,1
1,8.0,0,12,28,40,4,11,15,24,1,0,0,0.8,0.82,0,0,0,0,1,0,1
3,12.0,0,0,0,0,0,0,0,0,0,0,0,0.78,0.78,0,0,0,0,1,0,0
91,8.0,13,22,66,110,23,51,86,151,25,0,0,0.48,0.57,1,0,0,0,1,0,0
535,8.0,143,1170,2700,3810,323,921,2186,3785,250,0,0,0.79,0.66,0,0,0,0,1,0,0
0,12.0,0,4,7,7,0,0,0,0,0,0,0,0.63,0.72,0,0,0,0,1,0,1
0,8.0,0,5,8,9,0,4,6,9,0,0,1,0.96,0.94,0,0,0,0,1,0,1
7,2.0,0,6,12,18,1,6,16,18,0,0,0,0.94,0.97,0,0,0,0,1,0,1
4,8.0,0,1,5,10,5,6,7,7,0,0,0,0.78,0.74,0,0,0,1,1,0,1
7,8.0,0,0,6,9,0,0,5,11,0,0,0,0.56,0.46,0,0,0,0,1,0,0
16,8.0,0,0,0,0,2,5,15,21,3,0,0,0.97,0.95,0,0,0,0,1,0,1
56,2.0,0,0,36,63,10,56,100,123,18,0,0,1.0,1.0,0,0,0,0,1,0,1
5,2.0,0,54,108,171,5,11,23,23,4,0,0,0.91,0.89,0,1,0,0,1,0,1
-32,8.0,0,161,232,336,34,120,248,306,20,0,0,0.98,0.98,32,0,0,0,1,0,1
82,12.0,0,0,0,0,0,0,0,1,0,0,0,0.78,0.78,0,0,0,0,1,0,0
0,8.0,0,4,7,9,0,1,2,2,1,0,0,0.0,0.15,0,0,0,1,1,0,0
2,8.0,0,0,0,0,0,0,0,0,0,0,0,0.85,0.56,0,0,0,0,1,0,0
12,2.0,0,0,0,0,0,0,0,0,0,0,0,0.0,0.01,0,1,0,0,1,0,0
117,8.0,0,100,250,450,67,189,389,4216,25,0,0,0.82,0.92,0,0,0,0,1,0,1
6,12.0,0,14,14,25,10,19,20,32,5,0,0,0.95,0.9,0,0,0,0,1,0,1
19,2.0,0,0,0,0,1,5,7,8,1,0,0,0.99,0.99,0,0,0,0,1,0,0
19,13.0,0,24,36,48,17,47,81,111,7,0,0,0.42,0.67,0,0,0,0,1,0,1
3,8.0,0,9,14,19,2,9,12,23,0,0,0,0.79,0.84,0,0,0,0,1,0,1
2,8.0,0,40,60,60,6,20,45,66,2,0,0,0.66,0.63,0,0,0,1,1,0,1
2,8.0,0,4,7,13,1,4,7,15,0,0,0,0.78,0.74,0,0,0,0,1,0,0
4,2.0,2,28,60,80,15,31,60,95,0,0,0,0.99,0.99,0,0,0,0,1,0,1
2,2.0,0,0,0,0,0,0,1,1,0,0,0,0.8,0.82,0,1,0,0,1,0,0
2,8.0,0,6,11,17,5,8,14,16,3,0,0,0.96,0.96,0,0,0,0,1,0,1
55,8.0,0,44,114,184,9,36,70,97,14,0,1,0.55,0.4,0,0,0,0,1,0,0
2,8.0,0,15,25,37,6,15,28,41,2,0,0,0.17,0.33,0,0,0,0,1,0,1
0,2.0,0,5,7,7,0,0,0,0,0,0,0,0.68,0.66,0,1,0,0,1,0,1
7,9.0,0,0,0,0,0,0,0,0,0,0,0,0.91,0.77,0,0,0,0,1,0,0
2,9.0,0,0,0,0,0,0,0,0,0,0,0,0.68,0.66,0,0,0,0,1,0,0
3,8.0,0,0,1,2,0,0,2,2,0,0,0,0.79,0.87,0,0,0,0,1,0,1
139,9.0,0,0,0,31,13,40,77,108,20,0,0,0.86,0.84,0,0,0,0,1,0,0
0,2.0,0,13,14,14,0,0,0,0,0,0,0,-99.0,0.0,0,1,0,0,1,0,0
2,4.0,0,0,0,0,0,0,0,0,0,0,0,0.73,0.78,0,0,0,0,1,0,0
4,2.0,0,2,4,8,0,7,11,14,0,0,0,0.99,0.99,0,0,0,0,1,0,1
3982,8.0,187,1944,4752,7128,907,2958,5764,8823,589,0,0,0.61,0.59,0,0,0,1,1,0,0
0,2.0,0,5,8,9,0,0,0,0,0,0,0,0.63,0.72,0,1,0,0,1,0,1
0,4.0,0,12,12,12,0,0,0,0,1,0,0,0.73,0.78,0,0,0,0,1,0,0
9,8.0,0,0,0,0,0,1,1,1,2,0,0,0.9,0.87,0,0,0,0,1,0,0
-2,8.0,0,8,8,8,0,1,5,9,2,0,0,0.26,0.34,2,0,0,0,1,0,1
50,8.0,6,88,115,151,14,53,104,190,29,0,0,0.69,0.69,13,0,0,0,1,0,0
51,12.0,0,0,0,0,0,0,0,1,0,0,0,0.78,0.78,0,0,0,0,1,0,0
28,8.0,0,0,0,0,0,0,0,0,0,0,0,-99.0,-99.0,0,0,0,0,1,0,0
2,8.0,0,0,0,0,0,0,0,0,0,0,0,0.79,0.79,0,0,0,0,1,0,0
11,4.0,0,0,0,0,0,0,0,1,0,0,0,0.85,0.78,0,1,0,1,1,0,0
15,12.0,119,699,848,848,233,585,1655,2211,260,0,0,0.93,0.89,13,0,0,0,1,0,1
1,8.0,17,248,378,514,48,145,296,450,36,0,11,0.73,0.73,9,0,0,1,1,0,1
60,8.0,0,0,0,0,5,7,12,20,4,0,0,0.98,0.84,0,0,0,0,1,0,0
1285,8.0,646,540,1080,1620,325,1126,2133,3401,339,0,0,0.92,0.91,0,0,0,0,1,0,0
16,2.0,0,0,0,2,23,48,63,66,0,0,0,1.0,1.0,0,0,0,0,1,0,1
0,8.0,0,15,15,15,0,3,7,12,1,0,0,0.06,0.5,0,0,0,0,1,0,1
534,13.0,0,0,0,0,0,10,40,60,16,0,0,1.0,0.94,0,0,0,0,1,0,0
-25,2.0,0,3029,5511,8457,912,2002,2718,3145,0,0,0,0.91,0.89,25,0,0,0,1,0,1
3,12.0,0,0,0,0,0,0,0,0,0,0,0,0.63,0.72,0,0,0,0,1,0,0
0,5.0,0,11,20,23,0,0,0,0,0,0,0,0.68,0.69,0,1,0,1,1,0,1
15,4.0,0,0,6,20,0,2,10,17,1,0,0,0.88,0.78,0,0,0,0,1,0,1
3,8.0,0,600,600,600,12,49,93,137,21,0,0,0.68,0.57,1,0,0,0,1,0,1
2,8.0,0,21,35,48,7,23,33,55,0,0,0,0.97,0.98,0,0,0,0,1,0,1
352,4.0,112,208,454,638,60,201,425,736,53,0,0,0.73,0.78,0,0,0,0,1,0,0
6,8.0,1,32,64,96,5,21,40,59,6,0,0,0.33,0.32,0,0,0,0,1,0,0
132,8.0,73,115,232,310,59,139,282,440,32,0,0,0.95,0.93,0,0,0,1,1,0,0
3,2.0,0,0,0,0,0,0,0,0,0,0,0,0.95,0.97,0,1,0,0,1,0,0
4,8.0,0,14,28,35,3,8,20,28,1,0,0,0.84,0.89,0,0,0,0,1,0,1
14,8.0,0,19,26,33,1,8,23,46,20,0,0,0.0,0.0,0,0,0,0,1,0,0
9,12.0,0,24,48,88,7,30,46,73,9,0,0,0.69,0.68,0,0,0,0,1,0,1
14,2.0,0,0,0,0,1,1,5,6,1,0,0,0.44,0.62,0,1,0,0,1,0,0
4,2.0,0,0,0,0,0,0,0,0,0,0,0,0.76,0.85,0,1,0,0,1,0,0
7,8.0,0,0,0,0,0,0,2,4,0,0,0,0.79,0.67,0,0,0,0,1,0,0
2,8.0,0,20,20,20,2,5,7,8,0,0,0,1.0,0.99,0,0,0,0,1,0,1
1,8.0,0,0,0,0,0,0,0,0,1,0,0,0.67,0.69,0,0,0,0,1,0,0
63,8.0,0,0,0,0,3,11,18,25,4,0,0,-99.0,-99.0,0,1,0,0,1,0,0
3,5.0,0,0,1,3,0,2,2,4,1,0,0,0.99,0.97,0,0,0,0,1,0,1
-4,2.0,0,188,302,435,61,153,296,396,7,0,14,0.0,0.0,12,0,0,1,1,0,1
3,8.0,0,0,0,0,0,0,0,0,2,0,0,0.1,0.13,0,0,0,0,1,0,0
0,8.0,0,3,4,5,0,0,1,4,0,0,0,0.93,0.85,0,0,0,0,1,0,1
156,8.0,50,415,670,935,173,408,474,718,136,0,0,0.91,0.93,0,0,0,0,1,0,1
1078,4.0,0,0,0,0,2,19,93,429,5,0,0,0.73,0.78,0,0,0,0,1,0,0
19,8.0,0,0,0,0,0,0,0,0,2,0,0,1.0,0.9,0,0,0,0,1,0,0
0,12.0,0,5,5,6,0,3,5,5,0,0,0,0.76,0.78,0,0,0,0,1,0,1
30,8.0,14,42,84,126,7,56,107,148,24,0,0,0.98,0.92,0,0,0,0,1,0,1
7,2.0,0,30,30,60,3,8,27,49,0,0,0,0.97,0.92,0,0,0,0,1,0,1
4,12.0,0,0,0,0,0,0,0,0,0,0,0,0.74,0.74,0,1,0,0,1,0,0
0,9.0,0,0,0,0,0,0,0,0,2,0,0,0.7,0.66,0,0,0,1,1,0,0
741,8.0,6,0,0,0,10,33,66,113,47,0,0,0.9,0.91,0,0,0,0,1,0,0
8,8.0,0,7,15,23,3,12,25,33,0,0,0,0.92,0.95,0,0,0,0,1,0,1
27,8.0,0,0,0,0,0,2,7,11,0,0,0,0.88,0.8,0,1,0,1,1,0,0
19,8.0,20,181,317,454,60,173,305,439,35,0,4,0.65,0.69,2,0,0,0,1,0,1
14,9.0,0,0,0,0,0,0,3,5,0,0,0,0.94,0.91,0,0,0,0,1,0,0
12,8.0,0,0,0,0,0,1,6,13,0,0,0,0.0,0.64,0,0,0,0,1,0,0
0,2.0,0,4,19,19,0,0,0,0,1,0,0,0.79,0.87,0,0,0,0,1,0,1
-54,8.0,24,465,825,1089,82,363,621,1019,290,0,12,0.84,0.86,60,0,0,0,1,0,1
94,8.0,3,80,180,300,25,72,179,253,37,0,0,1.0,0.88,0,0,0,0,1,0,0
3,8.0,0,0,3,5,0,1,3,5,2,0,0,0.15,0.34,0,0,0,0,1,0,1
10,10.0,0,0,0,0,0,1,1,1,0,0,0,0.89,0.9,0,0,0,0,1,0,0
0,12.0,0,40,40,46,5,22,38,61,0,0,0,0.78,0.78,0,0,0,1,1,0,1
0,8.0,0,320,576,832,0,0,0,0,38,0,0,0.73,0.69,0,0,0,1,1,0,1
219,8.0,7,0,0,0,16,54,108,173,33,0,0,0.98,0.99,0,0,0,0,1,0,0
20,8.0,0,0,0,0,0,0,0,0,1,0,0,0.93,0.96,0,0,0,0,1,0,0
3599,12.0,0,0,0,0,1,1,2,8,2,0,0,0.0,0.01,0,0,0,0,1,0,0
5,8.0,0,0,0,0,0,0,0,0,1,0,0,0.99,0.81,0,0,0,0,1,0,0
3,12.0,0,75,117,153,5,32,74,119,0,1,6,0.44,0.38,0,0,0,0,1,0,1
0,8.0,0,4,4,6,2,2,4,4,0,0,0,0.81,0.82,0,0,0,0,1,0,1
32,8.0,0,0,0,0,0,2,5,13,1,0,0,0.98,0.96,0,0,0,0,1,0,0
4,8.0,0,11,26,41,4,20,39,54,3,0,0,0.66,0.72,0,0,0,0,1,0,1
24,12.0,20,60,116,164,30,102,132,194,0,0,0,0.63,0.72,0,0,0,0,1,0,1
0,2.0,0,12,27,27,0,0,0,0,1,0,12,0.81,0.87,0,0,0,1,1,0,1
360,5.0,254,1095,2236,3132,345,1043,2437,3876,190,0,0,0.99,0.97,0,0,0,0,1,0,0
3,8.0,0,0,0,0,0,0,0,0,1,0,0,1.0,0.99,0,0,0,0,1,0,0
35,8.0,0,0,0,0,0,0,0,0,1,0,0,0.82,0.68,0,0,0,0,1,0,0
1,8.0,0,8,8,8,0,0,5,9,0,0,0,0.0,0.0,0,0,0,0,1,0,1
40,4.0,0,170,510,510,26,151,255,354,88,0,0,0.58,0.68,0,0,0,0,1,0,1
22,9.0,0,0,0,0,0,0,0,0,1,0,0,0.94,0.79,0,1,0,0,1,0,0
22,8.0,0,40,60,100,14,31,72,112,0,0,0,0.92,0.93,0,0,0,0,1,0,0
9,8.0,0,0,0,0,0,0,0,1,1,0,0,0.43,0.46,0,0,0,0,1,0,0
0,0.0,0,12,21,21,0,0,0,0,1,0,0,0.0,0.0,0,1,0,0,1,0,0
7,8.0,0,15,25,45,5,13,26,40,0,0,0,0.97,0.96,0,0,0,0,1,0,1
7,8.0,0,0,0,10,0,0,4,7,1,0,0,0.99,0.99,0,0,0,0,1,0,0
26,52.0,0,0,0,0,3,6,20,30,1,0,0,0.83,0.91,0,1,0,0,1,0,0
14,9.0,0,0,0,0,0,0,3,3,0,0,0,0.91,0.77,0,0,0,0,1,0,1
4,8.0,0,0,0,0,0,0,1,2,0,0,0,0.99,0.99,0,0,0,0,1,0,0
0,8.0,0,2,2,3,1,2,3,5,0,0,0,0.97,0.97,0,0,0,0,1,0,1
20,4.0,0,10,10,20,3,13,13,29,0,0,0,0.73,0.78,0,0,0,0,1,0,1
0,8.0,0,0,0,0,0,0,0,0,0,0,0,0.99,0.97,0,0,0,0,1,0,0
-1,2.0,0,110,110,110,76,130,130,130,0,0,0,0.11,0.07,1,1,0,0,1,0,1
6,12.0,0,11,11,13,6,13,18,36,0,0,0,0.1,0.16,0,0,0,0,1,0,1
7,12.0,0,50,50,100,6,23,37,55,7,0,0,0.69,0.68,0,0,0,0,1,0,1
1,2.0,0,3,5,7,1,1,6,7,0,0,0,0.62,0.81,0,0,0,0,1,0,1
-228,2.0,0,296,310,316,376,418,464,531,19,0,0,0.92,0.95,228,0,0,0,1,0,1
2,8.0,0,32,48,64,13,32,45,65,4,0,0,0.95,0.95,0,0,0,0,1,0,1
11,2.0,0,6,12,18,4,19,25,30,0,0,0,0.31,0.34,0,1,0,0,1,0,1
103,4.0,0,0,0,0,5,17,36,55,0,0,0,0.77,0.8,0,0,0,0,1,0,0
0,0.0,0,50,100,100,6,11,29,33,1,0,0,0.0,0.0,0,0,0,0,0,0,1
0,8.0,0,15,30,40,1,8,22,38,0,0,0,0.8,0.82,0,0,0,0,1,0,1
7,8.0,0,0,0,0,0,0,0,0,0,0,0,0.96,0.96,0,0,0,0,1,0,0
3,12.0,0,0,0,0,0,0,0,0,0,0,0,0.78,0.78,0,0,0,0,1,0,0
2,2.0,0,40,60,80,3,15,22,22,2,0,0,0.95,0.84,0,0,0,0,0,0,1
100,4.0,614,0,0,0,54,187,308,312,62,0,0,0.24,0.14,0,1,0,0,1,0,0
20,12.0,0,5,5,21,2,9,18,31,0,0,0,0.78,0.78,0,0,0,0,1,0,0
31,10.0,0,0,0,0,0,0,0,1,0,0,0,0.89,0.9,0,0,0,0,1,0,0
0,8.0,0,10,20,25,2,7,11,15,7,0,0,0.97,0.98,0,0,0,0,1,0,1
1,9.0,0,7,13,17,34,73,100,149,0,0,0,0.87,0.72,0,0,0,0,1,0,1
7,8.0,0,16,32,64,8,21,42,65,0,0,0,0.99,0.99,0,0,0,0,1,0,1
6,2.0,0,0,0,0,0,0,0,0,1,0,0,0.69,0.64,0,1,0,0,1,0,0
0,2.0,0,5,7,8,0,0,0,4,1,0,5,0.78,0.89,0,1,0,0,1,0,1
43,8.0,0,46,46,92,5,22,39,68,0,0,0,0.9,0.89,0,0,0,1,1,0,0
40,8.0,0,0,0,0,0,0,0,0,2,0,0,0.54,0.65,0,0,0,0,1,0,0
1,2.0,0,0,1,1,1,1,1,2,0,0,0,1.0,0.85,0,0,0,0,1,0,1
0,16.0,0,8,13,18,2,3,8,14,0,0,0,0.38,0.44,0,0,0,0,1,0,1
93,15.0,3,23,56,96,14,61,106,168,26,0,0,1.0,0.99,0,0,0,0,1,0,0
288,8.0,7,117,345,497,69,251,495,766,98,0,0,1.0,0.92,0,0,0,0,1,0,0
4,8.0,0,17,26,35,4,8,14,27,1,0,0,1.0,0.99,0,0,0,0,1,0,1
8,2.0,0,4,4,4,12,18,21,21,0,0,0,0.24,0.28,0,1,0,0,1,0,1
14,2.0,0,0,20,20,4,9,14,14,1,0,0,0.64,0.64,0,1,0,0,1,0,1
9,8.0,0,0,0,0,0,0,0,0,0,0,0,0.9,0.9,0,0,0,0,1,0,0
3,8.0,0,0,0,0,0,0,0,1,0,0,0,0.78,0.82,0,1,0,0,1,0,0
9,8.0,0,5,10,15,4,8,19,31,3,0,0,0.78,0.71,0,0,0,0,1,0,0
3,8.0,0,4,6,8,0,1,5,7,4,0,0,0.86,0.88,0,0,0,0,1,0,0
401,8.0,11,0,0,0,39,90,163,239,30,0,0,0.94,0.95,0,0,0,0,1,0,0
2245,8.0,4,0,0,0,7,30,72,107,27,0,0,0.88,0.92,0,1,0,0,0,0,0
30,0.0,0,0,4,4,0,1,2,5,1,0,0,0.0,0.0,0,0,0,0,0,0,0
0,8.0,0,13,15,18,1,6,6,13,0,0,0,0.71,0.75,0,0,0,0,1,0,1
17,11.0,0,41,68,122,23,38,80,110,4,0,0,0.85,0.76,0,0,0,0,1,0,1
-2,8.0,0,3456,3456,3456,8,27,70,92,5,0,0,1.0,0.95,2,0,0,1,1,0,1
2801,8.0,0,0,0,0,112,273,523,857,47,0,0,0.99,0.99,0,0,0,0,0,0,0
4,2.0,0,0,0,0,0,0,0,0,0,0,0,0.99,0.96,0,1,0,0,1,0,0
0,2.0,0,2,2,2,0,0,0,0,0,0,0,0.0,0.01,0,1,0,0,1,0,0
3,4.0,0,15,15,30,4,7,10,14,0,0,0,0.91,0.93,0,0,0,0,1,0,1
2,9.0,0,0,0,0,0,0,0,0,0,0,0,0.94,0.9,0,0,0,0,1,0,0
0,8.0,0,107,125,143,0,0,0,0,13,0,2,0.91,0.93,0,0,0,0,1,0,1
0,12.0,0,5,8,8,0,0,1,1,0,0,0,0.63,0.72,0,1,0,0,1,0,0
6,8.0,0,0,0,0,0,0,0,0,1,0,0,1.0,1.0,0,0,0,1,1,0,0
2,8.0,0,0,1,2,0,1,1,3,0,0,0,0.74,0.73,0,0,0,0,1,0,0
0,8.0,0,2,3,4,2,2,3,3,0,0,0,0.81,0.85,0,0,0,0,1,0,1
0,4.0,0,125,203,238,0,0,0,0,22,0,0,1.0,0.98,0,0,0,0,1,0,1
0,8.0,0,5,5,5,1,3,5,6,0,0,0,0.99,0.97,0,0,0,0,1,0,1
2308,2.0,576,7000,13200,18000,1415,4586,9303,15686,1323,0,400,0.59,0.57,0,0,0,0,1,0,0
2,8.0,0,0,0,0,0,1,1,1,0,0,0,0.85,0.93,0,0,0,0,1,0,0
5,8.0,0,0,0,0,0,2,5,6,0,0,0,0.78,0.74,0,0,0,0,1,0,0
3,8.0,0,0,0,0,0,0,0,0,1,0,0,1.0,0.9,0,0,0,0,1,0,0
13,12.0,0,21,35,49,8,24,25,25,0,0,0,0.38,0.47,0,0,0,0,0,0,1
0,2.0,0,5,5,5,0,0,0,0,0,0,0,0.0,0.0,0,1,0,1,1,0,1
151,4.0,72,1167,2127,3039,267,796,1103,1104,134,0,243,0.63,0.72,0,0,0,0,1,0,1
58,8.0,0,357,588,756,75,266,478,766,1530,0,25,0.79,0.67,0,0,0,0,1,0,1
0,2.0,0,120,170,240,0,0,1,1,0,0,0,0.77,0.81,0,1,0,0,1,0,1
228,8.0,1,420,756,1020,82,258,493,911,103,0,0,0.63,0.61,0,0,0,0,1,0,0
0,2.0,0,0,0,0,22,22,22,22,0,0,0,0.98,0.98,0,0,0,0,1,0,1
39,8.0,26,115,291,379,83,114,303,455,41,0,0,0.73,0.73,0,0,0,0,1,0,0
10,8.0,0,7,14,21,4,12,23,31,0,0,0,0.92,0.95,0,0,0,0,1,0,1
2,8.0,0,24,24,36,9,15,21,27,0,0,12,0.79,0.9,0,0,0,0,1,0,1
4,2.0,0,0,0,0,0,0,0,0,0,0,0,1.0,1.0,0,0,0,0,1,0,0
43,8.0,9,4,29,49,9,24,57,86,0,0,0,0.85,0.56,0,0,0,0,1,0,0
2,8.0,0,43,43,65,8,24,59,83,5,0,3,0.17,0.33,0,0,0,0,1,0,1
4,2.0,0,9,16,22,5,14,23,28,1,0,0,0.22,0.34,0,1,0,0,1,0,1
28,8.0,0,0,0,0,0,0,1,2,0,0,0,0.28,0.12,0,0,0,0,1,0,0
0,8.0,0,7,9,13,2,3,6,9,0,0,0,0.0,0.0,0,0,0,0,1,0,1
1,9.0,1,9,11,13,4,6,9,15,1,0,0,0.91,0.77,0,0,0,0,1,0,1
4,0.0,0,4,11,20,3,8,13,14,1,0,0,0.0,0.0,0,0,0,1,0,0,1
388,2.0,197,785,1438,2164,282,870,1585,2227,172,0,0,0.5,0.52,0,0,0,1,1,0,0
5,8.0,0,50,50,100,5,30,44,62,0,0,0,0.96,0.93,0,0,0,0,1,0,1
45,2.0,0,0,0,0,2,3,4,7,0,0,0,0.99,0.99,0,0,0,0,1,0,0
2,12.0,0,20,30,40,5,10,20,26,0,0,0,0.78,0.78,0,0,0,1,1,0,1
56,8.0,25,145,205,295,81,187,279,390,56,0,0,0.99,0.97,0,0,0,0,1,0,1
4,2.0,0,0,0,0,0,3,5,5,2,0,0,0.97,0.98,0,1,0,1,1,0,1
1458,13.0,0,0,0,0,3,8,13,13,2,0,0,1.0,0.93,0,0,0,1,1,0,0
245,8.0,0,0,0,0,0,1,8,10,0,0,0,0.51,0.64,0,0,0,0,1,0,0
28576,8.0,180,0,18145,32490,2550,9898,23275,42656,3390,0,0,0.98,0.99,0,0,0,0,1,0,1
2,8.0,0,0,0,0,0,0,1,1,1,0,0,0.81,0.85,0,0,0,0,1,0,0
2,8.0,0,30,75,105,14,43,77,97,1,0,0,0.89,0.88,0,0,0,1,1,0,1
152,8.0,0,0,0,0,4,21,45,53,4,0,0,0.84,0.77,0,0,0,0,1,0,0
2,12.0,0,8,9,13,0,2,7,14,0,0,1,0.73,0.79,0,0,0,0,1,0,0
2,4.0,0,0,0,0,0,0,0,0,0,0,0,0.73,0.78,0,0,0,0,1,0,0
0,2.0,0,5,7,7,0,0,0,0,0,0,0,0.46,0.35,0,1,0,0,1,0,1
2,8.0,0,0,0,0,0,0,1,1,0,0,0,0.78,0.74,0,0,0,0,1,0,0
2,2.0,0,4,6,10,3,5,7,9,0,0,0,0.9,0.93,0,0,0,0,1,0,1
33,8.0,0,0,0,0,0,0,0,0,0,0,0,0.47,0.62,0,0,0,0,1,0,0
14,9.0,0,0,0,0,0,0,0,0,0,0,0,0.91,0.77,0,1,0,0,1,0,0
12,8.0,0,83,125,157,37,111,382,415,0,0,3,0.46,0.33,0,0,0,0,1,0,1
2,8.0,0,0,0,0,0,0,0,0,1,0,0,0.46,0.35,0,0,0,0,1,0,0
19,14.0,0,0,0,0,0,0,0,0,2,0,0,0.99,0.99,0,0,0,0,1,0,0
77,4.0,0,22,77,143,15,43,81,97,0,0,0,0.73,0.78,0,0,0,0,1,0,0
5,8.0,0,0,0,0,0,0,0,0,1,0,0,0.1,0.13,0,0,0,0,1,0,0
4,8.0,0,0,0,0,0,0,0,0,0,0,0,0.7,0.8,0,0,0,0,1,0,1
3196,2.0,0,0,0,0,0,0,2,2,1,0,0,0.33,0.66,0,0,0,0,1,0,0
1,2.0,0,3,6,8,1,2,6,10,0,0,0,0.91,0.94,0,0,0,0,1,0,1
47,2.0,84,48,144,240,17,57,93,103,0,0,0,0.98,0.95,0,1,0,0,1,0,0
0,2.0,59,364,604,844,48,54,54,54,57,0,86,0.19,0.46,0,1,0,0,1,0,1
13,8.0,0,45,85,121,9,27,59,91,9,0,3,0.86,0.91,0,0,0,0,1,0,0
0,8.0,0,18,28,38,7,13,21,30,1,0,0,0.92,0.95,0,0,0,0,1,0,1
2,8.0,0,0,0,0,0,0,0,1,0,0,0,0.85,0.89,0,0,0,0,1,0,1
0,2.0,0,0,1,3,0,1,2,7,2,0,0,1.0,0.99,0,0,0,0,0,0,1
2,9.0,0,0,0,0,0,0,0,0,1,0,0,0.93,0.74,0,0,0,0,1,0,0
0,2.0,0,21,21,21,3,3,3,3,1,0,21,0.52,0.41,3,1,0,0,1,0,1
2,4.0,0,17,26,35,0,1,7,11,0,0,0,0.63,0.72,0,0,0,0,1,0,1
32,8.0,0,0,0,0,1,4,6,6,0,0,0,0.99,0.99,0,0,0,0,1,0,0
25,8.0,0,0,0,0,0,0,0,0,0,0,0,0.82,0.89,0,1,0,0,1,0,0
10,12.0,0,3,3,3,0,0,0,0,1,0,0,0.58,0.58,0,1,0,0,1,0,0
9,4.0,0,0,0,0,5,12,33,33,0,0,0,0.73,0.78,0,1,0,0,1,0,1
11,2.0,0,0,0,0,0,0,0,0,1,0,0,0.99,0.94,0,1,0,0,1,0,0
-301,8.0,112,605,924,1254,540,1076,1961,2122,129,0,0,1.0,0.9,301,0,0,0,1,0,1
2,3.0,0,0,0,1,0,0,1,3,0,0,0,0.89,0.9,0,0,0,0,1,0,0
0,2.0,0,32,32,32,1,1,1,2,1,0,0,0.97,0.97,0,0,0,0,1,0,1
42,8.0,0,12,60,111,0,0,0,0,0,0,0,0.97,0.96,0,0,0,0,1,0,0
14,8.0,0,0,0,0,1,1,4,4,1,0,0,0.68,0.49,0,0,0,1,1,0,0
13,6.0,0,84,84,84,14,23,44,79,11,0,0,0.78,0.78,0,0,0,0,1,0,1
12,12.0,0,0,0,0,0,0,0,0,1,0,0,0.63,0.72,0,0,0,0,1,0,0
6,12.0,0,0,0,0,0,0,1,3,0,0,0,0.8,0.77,0,0,0,0,1,0,0
0,8.0,0,4,8,8,5,8,11,17,0,0,0,0.64,0.69,0,0,0,0,1,0,1
2,8.0,0,0,0,0,0,0,0,0,0,0,0,0.8,0.83,0,0,0,0,1,0,0
42,12.0,0,0,0,0,0,0,0,1,0,0,0,0.82,0.79,0,0,0,0,1,0,0
255,2.0,132,120,320,480,91,282,679,819,122,0,0,0.79,0.89,0,0,0,0,1,0,0
-13,8.0,3,286,580,580,48,161,514,640,44,0,0,0.83,0.85,14,0,0,0,1,0,1
0,12.0,0,214,310,314,1,5,9,9,18,0,0,0.68,0.49,0,0,0,1,1,0,1
11,52.0,0,0,0,0,0,0,0,0,0,0,0,0.73,0.78,0,1,0,0,1,0,0
99,8.0,31,0,0,0,5,25,73,103,2,0,0,0.99,0.93,0,0,0,0,1,0,0
83,8.0,20,418,670,922,89,275,537,828,138,0,0,0.67,0.61,0,0,0,1,1,0,1
19,2.0,0,0,0,0,0,0,0,0,0,0,0,0.97,0.96,0,0,0,0,1,0,0
2,8.0,0,2,4,5,0,2,2,6,0,0,0,0.84,0.48,0,0,0,0,1,0,1
50,8.0,0,500,500,500,94,145,229,344,15,0,0,0.97,0.95,0,0,0,0,1,0,1
0,12.0,0,14,26,40,2,7,7,13,0,0,0,0.68,0.65,0,0,0,1,1,0,1
0,8.0,0,15,23,33,1,8,16,23,0,0,0,0.0,0.0,0,0,0,1,1,0,1
211,8.0,52,598,958,1478,143,516,908,1419,140,0,118,0.77,0.82,0,0,0,0,1,0,0
3,12.0,0,0,0,1,0,1,4,4,0,0,0,0.82,0.79,0,0,0,0,1,0,0
0,12.0,0,0,0,0,0,0,0,1,0,0,0,0.82,0.79,0,1,0,1,1,0,0
0,8.0,0,156,222,222,0,0,0,0,8,0,9,0.0,0.0,24,0,0,0,1,0,1
0,8.0,0,2,2,3,0,1,1,1,0,0,0,0.98,0.95,0,0,0,0,1,0,1
0,9.0,0,17,32,50,4,9,14,16,0,0,0,0.7,0.66,0,0,0,0,1,0,1
40,12.0,0,0,0,0,0,0,0,0,0,0,0,0.99,0.99,0,0,0,0,1,0,0
51,8.0,0,31,70,116,17,43,91,150,18,0,0,0.82,0.87,0,0,0,0,1,0,0
535,8.0,12,2400,3600,5000,534,1482,2620,4457,536,0,0,0.09,0.09,0,0,0,1,1,0,1
3,8.0,0,26,40,54,4,11,16,25,1,0,0,0.94,0.96,0,0,0,1,1,0,1
11,4.0,0,0,0,0,1,2,2,2,0,0,0,0.22,0.14,0,0,0,0,1,0,0
0,2.0,0,14,14,14,0,0,0,0,0,0,0,0.22,0.27,0,0,0,0,0,0,0
0,9.0,0,380,478,478,0,0,0,0,28,0,0,0.94,0.79,0,0,0,1,1,0,1
15,8.0,0,12,12,24,4,15,38,53,0,0,0,0.48,0.57,0,0,0,0,1,0,0
7,8.0,0,20,40,60,4,12,23,38,5,0,0,0.93,0.94,0,0,0,0,1,0,1
9,2.0,0,0,0,0,2,10,12,12,0,0,0,0.99,0.98,0,1,0,0,1,0,1
13,14.0,2,24,56,92,9,36,58,85,14,0,0,0.64,0.67,0,0,0,0,1,0,1
-3,8.0,0,64,112,160,18,51,107,160,22,1,0,0.23,0.43,4,0,0,1,1,0,1
39,8.0,1,40,80,120,5,26,54,71,5,0,0,0.9,0.92,0,0,0,0,1,0,0
3,9.0,0,14,21,28,5,12,24,43,0,0,0,1.0,1.0,0,0,0,0,1,0,1
11,8.0,0,9,9,9,2,10,21,31,7,0,0,0.95,0.93,0,0,0,0,1,0,0
18,2.0,0,24,48,78,22,37,44,84,0,0,0,0.99,0.98,0,0,0,0,1,0,1
3,8.0,0,0,0,0,0,0,0,0,1,0,0,1.0,0.9,0,0,0,0,1,0,0
6,2.0,0,15,15,15,0,0,0,0,0,0,0,0.19,0.51,0,1,0,0,1,0,0
6,9.0,0,3,6,6,4,7,13,22,2,0,0,0.99,0.99,0,0,0,0,1,0,1
4,10.0,0,0,0,0,0,0,0,0,0,0,0,0.89,0.9,0,0,0,0,1,0,0
996,8.0,34,0,0,0,47,171,340,522,61,0,0,1.0,0.97,0,0,0,0,1,0,0
7,8.0,1,0,0,7,1,3,6,7,1,0,0,0.84,0.87,0,0,0,0,1,0,0
2,9.0,0,0,0,0,0,0,0,0,1,0,0,0.68,0.66,0,0,0,0,1,0,0
2,4.0,4,0,0,0,0,2,2,2,1,0,0,0.22,0.14,0,1,0,0,1,0,1
0,12.0,0,6,7,9,0,1,5,6,0,0,2,0.78,0.78,0,0,0,1,1,0,1
65,12.0,0,0,0,13,1,24,41,54,0,0,0,0.0,0.01,0,0,0,0,1,0,0
170,8.0,0,160,280,480,22,94,305,458,94,0,0,0.88,0.74,0,0,0,0,1,0,0
8,12.0,0,5,5,5,0,0,0,0,1,0,5,0.63,0.63,0,1,0,0,1,0,0
0,4.0,0,6,6,6,0,0,0,0,0,0,0,0.79,0.66,0,1,0,1,1,0,1
10,2.0,0,0,0,0,0,0,1,7,0,0,0,0.88,0.91,0,1,0,0,1,0,0
0,9.0,0,1,1,1,0,0,0,1,1,0,0,0.68,0.66,0,0,0,0,1,0,1
6580,8.0,1,0,0,0,11,28,128,157,30,0,0,1.0,1.0,0,0,0,0,1,0,0
4,10.0,0,0,0,0,0,0,0,0,0,0,0,0.89,0.9,0,0,0,1,1,0,0
24,8.0,0,157,323,494,4,10,27,37,5,0,13,0.26,0.37,0,0,0,0,1,0,0
255,12.0,162,200,400,600,97,270,646,910,55,0,0,0.95,0.86,10,0,0,0,1,0,0
53,8.0,0,285,475,651,34,142,344,617,55,0,0,0.06,0.13,0,0,0,1,1,0,1
0,8.0,0,2,4,5,1,3,5,6,0,0,0,1.0,1.0,0,0,0,0,1,0,1
7,8.0,0,0,0,0,0,0,0,0,0,0,0,0.99,0.99,0,0,0,1,1,0,0
14,8.0,0,0,0,0,1,3,8,9,1,0,0,0.73,0.77,0,0,0,1,1,0,0
8,8.0,0,2,2,2,1,1,5,11,1,0,0,0.17,0.34,0,0,0,0,1,0,0
30,4.0,0,0,0,0,0,0,0,0,0,0,0,0.77,0.8,0,0,0,0,1,0,0
6,2.0,0,0,0,0,0,0,1,1,1,0,0,0.78,0.78,0,0,0,0,1,0,0
2,2.0,0,0,0,0,0,0,0,0,0,0,0,0.53,0.5,0,0,0,0,1,0,0
123,8.0,21,161,281,371,53,152,313,496,39,0,0,0.82,0.88,0,0,0,0,1,0,0
0,0.0,0,14,14,14,0,1,5,7,1,0,0,0.0,0.0,0,0,0,1,0,0,1
1,2.0,0,0,0,0,0,0,0,0,0,0,0,0.46,0.35,0,0,0,0,1,0,1
0,2.0,0,5,7,7,0,0,0,0,0,0,0,0.56,0.56,0,1,0,0,1,0,1
0,4.0,0,6,9,9,0,0,0,0,0,0,0,0.89,0.9,0,1,0,0,1,0,1
2,8.0,0,2,5,7,2,4,4,8,0,0,0,1.0,0.97,0,0,0,0,1,0,1
7,8.0,0,48,96,144,6,28,41,45,0,0,0,0.51,0.47,0,0,0,1,1,0,1
0,12.0,0,4,4,4,1,6,7,9,0,0,0,0.73,0.76,0,0,0,0,1,0,1
0,2.0,0,14,14,14,0,0,0,0,1,0,0,0.7,0.43,0,1,0,0,1,0,1
94,4.0,11,30,75,120,20,62,122,194,21,0,0,0.97,0.94,0,0,0,0,1,0,0
98,8.0,0,0,0,0,0,0,0,0,1,0,0,0.99,0.98,0,0,0,0,1,0,0
9,8.0,0,0,0,0,0,0,0,0,0,0,0,0.94,0.97,0,0,0,0,1,0,1
106,8.0,24,141,323,561,44,192,384,552,145,0,0,0.81,0.75,0,0,0,0,1,0,0
21,4.0,0,0,0,0,17,66,145,227,1,0,0,0.77,0.8,0,0,0,0,1,0,0
24,8.0,0,0,0,0,2,4,4,7,0,0,0,0.97,0.87,0,0,0,1,1,0,0
2,2.0,0,0,0,0,0,0,0,0,0,0,0,1.0,0.99,0,0,0,0,1,0,0
186,8.0,50,0,0,0,0,0,0,0,2,0,0,0.94,0.97,0,0,0,0,1,0,0
4570,8.0,0,0,0,0,0,0,0,0,0,0,0,0.68,0.77,0,0,0,0,1,0,0
1,4.0,0,1,1,2,1,5,7,7,0,0,0,0.43,0.45,0,0,0,0,1,0,0
10,9.0,0,0,0,0,0,0,0,0,1,0,0,0.73,0.82,0,0,0,0,1,0,0
1,52.0,0,6,72,72,0,1,14,24,0,0,0,0.61,0.62,0,1,0,0,0,0,1
21290,8.0,0,0,0,0,914,3270,5248,7185,889,0,0,0.95,0.94,0,0,0,0,1,0,0
1,2.0,1,0,1,2,0,2,2,3,0,0,0,0.99,0.99,0,0,0,0,1,0,1
17,4.0,10,0,5,10,1,5,10,13,0,0,0,0.73,0.78,0,0,0,0,1,0,0
30,8.0,0,101,165,229,31,80,153,226,26,0,11,0.87,0.9,0,0,0,0,1,0,1
10,2.0,0,26,41,56,6,31,46,46,0,0,0,0.09,0.06,0,0,0,0,1,0,1
0,12.0,0,9,18,27,1,7,16,20,2,0,0,0.78,0.78,0,0,0,0,1,0,1
10,9.0,0,0,0,0,0,0,0,0,1,0,0,0.68,0.66,0,0,0,0,1,0,0
16,8.0,0,20,20,20,0,11,24,37,0,0,0,0.52,0.58,0,0,0,0,1,0,0
11,12.0,5,0,0,0,0,0,0,0,1,0,0,0.48,0.48,0,1,0,0,1,0,0
27,8.0,16,62,98,130,16,47,81,140,25,0,0,0.98,0.96,0,0,0,0,1,0,0
110,2.0,0,0,0,0,15,38,334,420,0,0,0,0.58,0.6,0,0,0,1,1,0,1
17,8.0,0,0,0,0,1,2,2,11,0,0,0,0.78,0.71,0,0,0,0,1,0,0
5,8.0,0,0,0,0,0,0,0,0,0,0,0,0.89,0.88,0,0,0,0,1,0,0
0,2.0,0,6,6,6,0,0,1,1,0,0,0,0.37,0.36,0,1,0,0,1,0,1
3,4.0,0,0,0,0,0,0,0,0,0,0,0,0.73,0.78,0,0,0,0,1,0,0
7,8.0,0,0,0,0,0,0,0,0,0,0,0,0.79,0.66,0,0,0,0,1,0,0
3,9.0,0,13,34,46,4,20,42,49,5,0,0,0.87,0.82,0,0,0,0,1,0,1
458,8.0,33,149,458,1018,354,1090,1770,2173,109,0,0,0.69,0.69,0,0,0,0,1,0,1
4,12.0,0,0,0,0,0,0,1,1,0,0,0,0.54,0.45,0,1,0,0,1,0,0
0,13.0,0,20,30,45,7,17,34,49,0,0,0,0.78,0.82,0,0,0,0,1,0,1
5,2.0,0,1,2,2,0,0,0,0,0,0,0,1.0,1.0,0,1,0,0,1,0,0
6,2.0,0,2,2,2,0,0,0,0,0,0,0,0.59,0.61,0,1,0,0,1,0,0
6,2.0,0,0,0,0,0,0,0,0,0,0,0,0.0,0.07,0,1,0,0,1,0,0
0,2.0,0,4,16,16,0,0,0,0,0,0,0,0.43,0.46,0,1,0,1,1,0,1
4,9.0,0,0,0,0,0,0,0,0,0,0,0,0.68,0.66,0,1,0,0,1,0,0
7,2.0,0,47,47,74,13,42,61,75,0,0,0,0.0,0.0,0,0,0,0,1,0,1
3,8.0,0,0,0,0,0,0,0,0,1,0,0,1.0,0.9,0,0,0,0,1,0,0
100,2.0,0,0,0,0,0,0,0,0,0,0,0,0.99,0.95,0,0,0,0,1,0,0
-13,8.0,0,1385,1385,2075,115,907,922,1746,219,0,209,0.49,0.5,0,0,0,0,1,0,1
2,8.0,1,26,38,50,6,19,33,62,10,0,0,0.23,0.43,0,0,0,0,1,0,1
2,2.0,0,1,2,3,1,1,2,2,0,0,0,0.9,0.93,0,1,0,1,1,0,1
474,12.0,0,0,0,0,33,122,254,393,239,0,0,0.93,0.89,0,0,0,0,1,0,0
3,9.0,0,0,0,0,0,0,0,0,0,0,0,0.7,0.66,0,0,0,0,1,0,0
0,8.0,0,3,3,4,1,1,1,1,0,0,0,0.0,0.0,0,1,0,0,1,0,1
99,8.0,30,747,1083,1323,186,476,863,1321,207,0,48,0.61,0.57,4,0,0,1,1,0,1
1,8.0,0,23,32,32,10,17,29,41,2,0,0,0.97,0.97,0,0,0,0,1,0,1
0,8.0,5,30,45,75,11,29,48,60,0,0,0,0.76,0.77,0,0,0,0,1,0,1
12,8.0,0,2,8,16,3,8,10,19,0,0,0,0.78,0.76,0,1,0,0,1,0,0
13,12.0,12,0,0,0,0,0,0,0,1,0,0,0.63,0.63,0,1,0,0,1,0,0
0,9.0,0,4,4,5,0,0,3,4,0,0,0,0.68,0.66,0,0,0,1,1,0,1
1,4.0,0,2,2,2,0,0,0,0,0,0,0,0.7,0.66,0,0,0,1,1,0,0
30,52.0,0,0,0,0,0,0,0,0,1,0,0,-99.0,0.0,0,1,0,0,1,0,0
7,8.0,0,23,35,44,2,4,13,32,0,0,3,0.0,0.0,0,0,0,0,1,0,1
-7,8.0,0,56,96,112,13,30,56,76,0,0,0,0.97,0.92,7,0,0,0,1,0,1
11848,8.0,0,0,0,0,0,0,0,0,0,0,0,0.99,0.98,0,0,0,0,1,0,0
7,2.0,0,0,0,0,0,0,0,0,0,0,0,0.0,0.0,0,1,0,1,1,0,0
4,12.0,0,0,0,16,0,1,2,3,1,0,0,0.78,0.78,0,0,0,0,1,0,0
0,12.0,0,10,10,10,0,0,0,0,0,0,0,0.0,0.02,0,0,0,0,1,0,1
0,2.0,0,5,5,5,0,0,0,0,0,0,0,0.0,0.0,0,1,0,1,1,0,1
10,2.0,0,13,13,26,1,6,14,30,0,0,0,0.98,0.99,0,0,0,0,1,0,0
37,9.0,0,0,0,0,0,2,5,6,0,0,0,0.86,0.84,0,0,0,0,1,0,0
0,2.0,0,5,5,5,0,0,0,0,0,0,0,0.0,0.0,0,1,0,1,1,0,1
14,8.0,0,0,0,0,0,6,9,9,1,0,0,1.0,0.94,0,0,0,0,1,0,0
4,9.0,0,0,0,0,0,0,0,0,0,0,0,0.99,0.96,0,0,0,0,1,0,0
0,8.0,0,12,12,12,0,0,0,0,12,0,0,0.81,0.88,0,0,0,1,1,0,1
1,2.0,0,0,0,0,0,0,0,0,0,0,0,0.42,0.36,0,0,0,0,1,0,1
0,8.0,0,80,80,80,0,0,0,0,15,0,0,0.77,0.78,0,1,0,0,1,0,1
1,9.0,0,3,5,7,2,4,6,8,3,0,0,0.99,0.98,0,0,0,0,1,0,1
17,3.0,0,54,126,162,35,87,127,180,0,0,0,0.94,0.9,0,0,0,0,1,0,1
7,8.0,0,0,0,0,0,0,0,0,0,0,0,0.96,0.97,0,0,0,0,1,0,0
0,12.0,0,5,8,10,1,3,5,7,4,0,0,0.69,0.69,0,0,0,0,1,0,1
12,8.0,0,0,0,0,0,0,1,1,0,0,0,1.0,0.92,0,0,0,0,1,0,1
28,15.0,0,0,10,20,3,23,34,37,0,0,0,0.9,0.91,0,0,0,0,1,0,1
91,2.0,13,60,132,168,19,83,146,198,16,0,0,1.0,1.0,0,0,0,0,1,0,0
2,2.0,0,15,30,45,5,13,24,24,0,0,0,0.97,0.98,0,0,0,0,1,0,1
94,8.0,0,0,0,0,1,7,15,25,0,0,0,0.0,0.0,0,0,0,0,1,0,0
0,8.0,0,1,2,3,1,2,2,2,0,0,0,0.78,0.82,0,0,0,0,1,0,1
39,12.0,22,109,217,325,48,120,194,274,24,0,0,0.88,0.93,0,0,0,0,1,0,0
16,8.0,0,68,68,68,0,0,0,0,0,0,0,0.91,0.68,0,0,0,0,1,0,0
4,8.0,0,0,0,1,0,1,5,8,0,0,0,0.99,0.98,0,0,0,0,1,0,1
500,2.0,0,0,0,0,0,0,0,0,1,0,0,-99.0,-99.0,0,0,0,1,1,0,0
54,8.0,0,0,0,0,0,0,0,0,0,0,0,0.77,0.73,0,1,0,0,1,0,0
3,2.0,0,2,3,3,0,0,0,0,0,0,0,0.95,0.96,0,1,0,0,1,0,0
90,8.0,4,0,0,210,2,18,32,60,16,0,0,1.0,0.99,0,0,0,0,1,0,0
331,8.0,0,8264,12884,18659,0,0,0,0,0,0,0,0.91,0.91,0,0,0,0,1,0,1
59,52.0,0,0,0,0,0,0,0,0,0,0,0,0.75,0.86,0,1,0,1,0,0,0
11,9.0,0,0,0,0,0,0,0,0,0,0,0,0.91,0.74,0,1,0,0,1,0,0
0,8.0,0,9,9,11,0,4,8,10,1,0,0,0.08,0.03,0,0,0,0,1,0,1
30,8.0,46,1256,2201,3209,449,1219,2510,3555,439,0,42,0.92,0.76,152,0,0,0,1,0,1
4,8.0,3,58,88,119,10,39,77,118,24,0,7,0.87,0.89,0,0,0,0,1,0,1
133,2.0,21,211,361,511,86,279,443,668,60,0,0,0.95,0.95,0,0,0,0,1,0,0
59,2.0,0,129,249,379,0,0,0,0,0,0,59,0.16,0.5,0,1,0,0,1,0,1
21,2.0,0,0,0,20,7,15,30,33,6,0,0,0.92,0.97,1,0,0,1,1,0,0
3758,12.0,278,0,0,0,239,893,1876,2856,269,0,0,0.92,0.89,0,0,0,0,1,0,0
2,9.0,0,0,0,1,0,1,1,1,1,0,0,0.54,0.47,0,0,0,0,1,0,0
0,9.0,2,0,1,2,0,1,2,3,0,0,0,0.94,0.9,0,0,0,0,1,0,1
8,8.0,3,18,33,54,3,17,33,49,5,0,0,0.97,0.95,0,0,0,0,1,0,0
3,2.0,0,3,15,24,1,7,13,16,0,0,0,0.99,0.99,0,0,0,0,1,0,1
2,2.0,0,0,10,10,1,1,1,1,1,0,0,0.97,0.88,0,1,0,0,1,0,1
1,8.0,0,2,4,5,2,2,5,7,2,0,0,0.18,0.31,0,0,0,0,1,0,1
17,8.0,0,77,122,182,19,62,113,169,25,0,0,0.6,0.57,0,0,0,1,1,0,1
15,4.0,0,0,0,0,8,8,17,33,0,0,0,0.73,0.78,0,0,0,0,1,0,0
9,8.0,0,0,0,0,0,0,0,0,0,0,0,0.82,0.81,0,0,0,0,1,0,0
20,4.0,0,0,100,100,4,5,5,8,0,0,0,0.85,0.91,0,0,0,0,1,0,1
3,2.0,0,10,10,10,0,1,1,1,0,0,0,0.99,0.98,0,1,0,0,1,0,1
0,2.0,0,1,1,1,0,0,0,0,0,0,0,0.78,0.78,0,1,0,1,1,0,1
0,2.0,0,2,2,2,0,0,0,0,0,0,0,0.78,0.82,0,0,0,1,1,0,0
3,8.0,7,18,49,76,11,31,53,74,0,0,0,0.97,0.94,0,0,0,0,1,0,1
1,2.0,0,10,10,10,1,2,3,3,0,0,0,0.7,0.53,0,0,0,0,1,0,1
10,8.0,0,0,0,0,0,0,0,0,0,0,0,0.99,0.99,0,0,0,1,1,0,0
3,8.0,0,7,14,14,0,3,22,23,0,0,0,1.0,1.0,0,0,0,0,0,0,1
0,2.0,0,7,9,9,1,5,6,7,0,0,1,0.36,0.16,0,1,0,1,0,0,1
7,2.0,9,11,22,33,6,20,28,39,5,0,0,0.9,0.79,0,0,0,0,1,0,0
24,4.0,0,0,0,0,0,0,1,1,0,0,0,0.73,0.78,0,0,0,0,1,0,0
24,8.0,0,73,102,131,9,33,68,120,43,0,0,0.89,0.95,0,0,0,0,1,0,1
8,8.0,0,47,93,116,13,29,42,50,0,0,0,0.65,0.67,0,0,0,0,1,0,1
1,8.0,0,1,3,4,2,3,4,5,1,0,0,1.0,0.99,0,0,0,0,1,0,1
4,8.0,0,0,0,0,0,1,1,4,0,0,0,1.0,1.0,0,0,0,0,1,0,0
1,8.0,0,3,5,7,1,3,3,6,1,0,0,0.2,0.33,0,0,0,0,1,0,1
3,8.0,0,0,0,0,0,0,0,0,1,0,0,0.46,0.35,0,0,0,0,1,0,0
208,9.0,0,0,0,0,2,6,22,27,1,0,0,0.91,0.77,0,0,0,0,1,0,0
349,2.0,0,0,142,142,163,439,866,1246,61,0,0,1.0,0.98,1,0,0,0,1,0,1
485,2.0,0,0,0,0,0,4,14,19,0,0,0,0.64,0.8,0,0,0,0,1,0,0
9,2.0,10,15,45,70,8,36,67,86,4,0,0,0.98,0.98,0,0,0,0,1,0,1
1960,8.0,0,0,0,0,10,40,40,90,2,0,0,0.83,0.91,0,0,0,0,1,0,0
231,52.0,0,0,0,0,0,4,11,14,1,0,0,0.76,0.81,0,1,0,0,0,0,0
1,8.0,0,1,2,3,2,3,3,6,0,0,0,0.79,0.86,0,0,0,0,1,0,1
1,8.0,0,10,10,10,3,8,9,9,1,0,0,1.0,0.94,0,0,0,0,1,0,1
0,2.0,0,4,4,4,0,0,0,0,0,0,0,0.84,0.66,0,1,0,0,1,0,1
0,8.0,0,50,50,71,8,22,33,53,11,0,0,1.0,0.98,0,0,0,0,1,0,1
1,12.0,0,0,0,0,0,0,0,0,0,0,0,0.57,0.7,0,0,0,0,1,0,0
7,12.0,0,96,112,176,4,26,95,139,12,0,0,0.78,0.78,0,0,0,0,1,0,1
22,8.0,0,83,114,151,31,116,384,406,0,0,0,0.53,0.42,0,0,0,0,1,0,1
137,12.0,0,0,0,0,1,14,36,53,0,0,0,0.0,0.01,0,0,0,0,1,0,0
0,10.0,0,1,1,1,2,2,2,2,0,0,0,0.89,0.9,0,0,0,0,1,0,0
396,2.0,0,1000,1000,1000,661,2634,4898,5069,64,0,0,0.73,0.52,0,0,0,0,1,0,1
1,52.0,0,0,0,0,0,0,0,0,0,0,0,0.75,0.68,0,1,0,0,1,0,0
14,12.0,3,1,1,1,0,0,0,0,1,0,5,0.48,0.48,0,1,0,0,1,0,0
1,8.0,1,14,26,38,6,12,19,26,2,0,0,0.73,0.52,0,0,0,0,1,0,1
3,2.0,0,0,0,0,0,0,0,0,0,0,0,0.76,0.85,0,1,0,0,1,0,0
0,8.0,0,5,7,7,0,0,0,0,0,0,0,0.46,0.35,0,1,0,0,1,0,0
7,8.0,7,0,0,0,0,0,3,10,4,0,0,0.79,0.71,0,1,0,0,0,0,0
181,8.0,0,0,0,0,0,0,0,0,2,0,0,0.0,0.08,0,0,0,0,1,0,0
10,8.0,0,0,0,0,0,0,0,0,1,0,0,0.98,0.94,0,0,0,0,1,0,0
4,8.0,5,23,47,71,8,31,54,66,0,0,0,0.75,0.86,0,0,0,0,1,0,1
4,8.0,0,0,1,2,1,2,3,7,0,0,0,0.89,0.78,0,0,0,0,1,0,0
440,8.0,0,0,0,0,0,0,0,0,130,0,0,0.93,0.8,0,0,0,0,1,0,0
44,8.0,1,26,44,62,6,17,35,59,38,0,0,0.95,0.96,0,0,0,0,1,0,0
6169,16.0,0,0,0,0,450,1850,3956,4756,786,0,0,0.15,0.33,0,0,0,0,1,0,0
2,8.0,0,0,0,1,0,0,7,8,1,0,0,0.65,0.75,0,0,0,0,1,0,1
67,2.0,31,33,33,33,26,52,65,65,18,0,0,0.9,0.89,0,1,0,0,1,0,0
1,16.0,0,1,1,1,0,0,0,0,0,0,0,0.31,0.42,0,0,0,0,1,0,0
3,2.0,0,0,0,0,0,1,1,1,0,0,0,0.78,0.82,0,1,0,0,1,0,1
4,2.0,0,4,8,8,1,4,7,8,0,0,0,0.97,0.95,0,0,0,0,1,0,0
3,8.0,0,20,34,46,6,17,33,51,0,0,0,0.98,0.96,0,0,0,0,1,0,1
0,2.0,0,11,11,11,0,0,0,0,0,0,0,0.0,0.0,0,1,0,0,1,0,1
0,8.0,0,19,35,43,7,22,46,60,3,0,0,0.89,0.9,0,0,0,0,1,0,1
27,8.0,15,349,569,741,81,204,422,692,40,0,5,0.48,0.53,1,0,0,1,1,0,1
-1,8.0,0,6,10,11,1,5,8,14,1,0,0,0.95,0.95,1,0,0,0,1,0,1
4,8.0,0,0,0,0,0,0,0,0,0,0,0,0.82,0.82,0,0,0,0,1,0,1
13,12.0,5,0,0,0,0,0,0,0,1,0,0,0.48,0.48,0,1,0,0,1,0,0
8,8.0,4,12,28,44,5,15,29,44,0,0,0,0.43,0.71,0,0,0,0,1,0,0
2,8.0,0,0,0,0,0,0,0,1,0,0,0,0.7,0.74,0,0,0,0,1,0,0
13,8.0,0,0,0,0,1,4,6,8,0,0,0,0.84,0.83,0,0,0,0,1,0,0
0,8.0,0,0,0,0,0,0,0,3,0,0,0,0.0,0.0,0,0,0,0,1,0,1
0,2.0,0,243,404,432,0,0,0,0,0,0,0,0.44,0.79,0,1,0,1,1,0,0
0,0.0,0,53,121,202,1,1,1,1,27,0,0,0.0,0.0,0,1,0,0,1,0,1
13,2.0,0,0,0,0,2,2,7,9,0,0,0,0.46,0.22,0,0,0,0,1,0,0
0,2.0,0,8,8,8,0,0,0,0,0,0,0,0.17,0.33,0,1,0,0,1,0,1
13,2.0,0,0,0,0,2,7,17,20,3,0,0,1.0,0.95,0,0,0,0,1,0,1
1,2.0,0,24,48,72,10,27,46,69,0,0,0,0.98,0.97,0,0,0,0,1,0,1
119,8.0,57,112,208,272,38,110,226,373,66,0,14,0.86,0.88,0,0,0,0,1,0,0
48,8.0,0,208,432,688,74,248,434,594,21,0,0,0.96,0.95,0,0,0,0,1,0,0
0,8.0,0,74,127,151,0,0,0,0,11,0,0,0.7,0.39,0,1,0,1,0,0,1
9,8.0,0,0,0,0,0,0,1,1,2,0,0,0.97,0.93,0,0,0,0,1,0,0
10,13.0,0,0,0,3,2,6,9,13,1,0,0,0.76,0.79,0,0,0,0,1,0,1
0,12.0,0,8,13,18,1,5,10,14,0,0,0,0.66,0.67,0,0,0,0,1,0,1
10,9.0,0,0,0,0,0,0,0,0,3,0,0,0.99,0.99,0,0,0,0,1,0,0
6,2.0,0,64,96,128,30,77,114,183,9,0,0,0.82,0.89,0,0,0,0,1,0,1
1,8.0,0,28,52,73,6,16,36,49,0,0,0,0.97,0.97,0,0,0,0,1,0,1
3,4.0,0,0,0,1,0,2,2,2,0,0,0,0.73,0.78,0,0,0,0,1,0,0
0,12.0,0,8,12,20,1,5,10,14,1,0,0,0.82,0.79,0,0,0,0,1,0,1
2,2.0,0,0,0,0,2,2,2,2,0,0,0,0.44,0.48,0,0,0,0,1,0,1
1,9.0,0,0,0,0,0,0,0,0,0,0,0,0.99,0.98,0,0,0,0,1,0,0
4,2.0,0,5,15,20,4,15,21,24,2,0,0,0.95,0.98,0,0,0,0,1,0,1
111,8.0,0,0,49,86,16,46,127,207,19,0,0,0.95,0.93,0,0,0,0,1,0,0
0,8.0,0,6,6,6,0,0,0,0,1,0,0,0.42,0.36,0,0,0,0,1,0,1
0,2.0,0,4,6,6,0,0,0,0,0,0,0,0.69,0.68,0,0,0,0,1,0,0
227,8.0,0,6900,11100,16200,0,0,0,0,0,0,900,0.0,0.0,0,0,0,0,1,0,1
3,8.0,0,24,24,24,2,16,28,40,1,0,0,0.5,0.35,0,0,0,0,1,0,1
0,2.0,0,2,2,3,0,1,1,1,0,0,0,0.42,0.36,0,0,0,0,1,0,1
391,8.0,92,494,764,1124,99,337,659,963,202,0,0,0.93,0.92,0,0,0,0,1,0,0
33,3.0,70,675,1215,1800,217,565,1062,1566,146,0,90,0.42,0.46,29,0,0,0,1,0,1
0,8.0,0,4,6,8,2,4,9,11,0,0,0,0.78,0.76,0,0,0,0,1,0,1
95,8.0,1,366,566,846,111,302,516,709,68,0,0,0.68,0.69,0,0,0,1,1,0,1
3,12.0,0,0,2,3,0,1,2,3,0,0,0,0.73,0.76,0,0,0,0,1,0,0
1,2.0,0,0,0,0,0,0,0,0,0,0,0,0.95,0.97,0,1,0,0,1,0,1
0,2.0,0,24,24,24,0,0,0,0,0,0,0,0.78,0.69,0,1,0,0,1,0,1
2,8.0,0,19,33,49,9,26,54,67,4,0,0,0.57,0.44,1,0,0,0,1,0,1
0,8.0,0,0,0,0,0,0,0,0,0,0,0,0.91,0.95,0,0,0,1,1,0,0
30,8.0,5,36,82,107,13,32,73,114,14,0,0,0.31,0.41,0,0,0,0,1,0,0
31,2.0,0,0,0,0,4,13,20,30,1,0,0,0.98,0.98,0,0,0,0,1,0,0
8,2.0,0,20,40,40,0,10,20,34,0,0,0,0.99,0.99,0,0,0,0,1,0,0
2,2.0,0,12,12,12,5,8,12,18,0,0,0,0.65,0.74,0,0,0,0,1,0,1
7,2.0,0,0,0,50,1,4,5,5,1,0,0,0.79,0.85,0,0,0,0,1,0,1
17,8.0,1,187,295,391,23,108,202,297,30,0,0,0.53,0.54,1,0,0,1,1,0,1
20,12.0,0,0,0,0,0,0,0,1,0,0,0,0.11,0.13,0,0,0,0,1,0,1
198,4.0,107,193,379,492,80,202,404,531,70,0,0,0.73,0.78,0,0,0,0,1,0,0
48,8.0,0,0,0,0,1,2,3,9,0,0,0,1.0,0.97,0,1,0,0,1,0,0
0,2.0,0,6,9,9,0,0,0,0,0,0,0,1.0,0.99,0,1,0,0,1,0,1
5,2.0,1,0,0,0,3,19,25,25,1,0,0,0.97,0.9,0,1,0,0,1,0,1
89,8.0,4,61,163,263,31,101,199,302,46,0,0,0.95,0.96,0,0,0,0,1,0,0
0,9.0,2,8,8,12,2,11,16,25,0,0,0,0.99,0.98,0,0,0,0,1,0,1
45,2.0,59,60,190,320,6,6,6,6,0,0,0,0.16,0.5,0,1,0,0,1,0,1
0,8.0,0,6,6,6,0,0,0,0,0,0,0,0.8,0.82,0,0,0,0,1,0,1
0,8.0,0,60,60,81,0,1,3,69,0,0,0,0.0,0.0,0,1,1,0,1,0,1
3,2.0,0,2,6,8,4,12,20,24,2,0,0,0.7,0.73,0,0,0,0,1,0,1
56,8.0,0,120,240,240,0,0,0,0,0,0,0,0.75,0.81,0,0,0,0,1,0,0
115,8.0,0,439,439,592,160,309,539,721,98,0,0,0.92,0.96,0,0,0,0,1,0,0
1485,8.0,0,0,0,0,2,10,20,33,74,0,0,0.69,0.68,0,0,0,0,1,0,0
1,8.0,0,600,600,600,247,281,439,496,114,0,0,0.97,0.91,0,0,0,0,1,0,1
2,4.0,0,0,0,0,0,0,0,0,0,0,0,0.73,0.78,0,0,0,0,1,0,0
312,9.0,0,0,0,0,1,10,21,25,0,0,0,0.85,0.82,0,0,0,0,1,0,0
1,8.0,2,1,3,5,1,3,4,5,0,0,0,1.0,1.0,0,0,0,0,1,0,0
3,2.0,0,16,16,16,10,24,27,27,0,0,0,0.24,0.28,0,1,0,0,1,0,1
11,9.0,0,0,0,0,1,1,1,4,0,0,0,0.85,0.82,0,0,0,0,1,0,0
3,8.0,0,0,0,1,0,1,3,3,0,0,0,0.97,0.98,0,0,0,0,1,0,0
0,4.0,0,2,2,2,0,0,0,0,0,0,0,0.73,0.78,0,0,0,0,1,0,1
7,12.0,1,11,23,35,2,14,29,36,0,0,0,0.78,0.78,0,0,0,0,1,0,1
66,8.0,5,5,25,45,7,25,46,90,18,0,0,0.99,0.99,0,0,0,0,1,0,0
75,8.0,60,747,1083,1323,165,493,899,1311,216,0,48,0.53,0.54,8,0,0,1,1,0,1
23,2.0,0,0,0,0,0,0,0,0,0,0,0,0.78,0.74,0,1,0,0,1,0,0
4,4.0,0,0,1,2,1,1,2,12,0,0,0,0.63,0.72,0,0,0,0,1,0,1
3,8.0,1,1,1,1,1,5,8,8,1,0,0,0.99,0.9,0,1,0,0,1,0,1
0,2.0,0,8,8,8,0,2,4,5,0,0,0,0.51,0.47,0,0,0,0,1,0,1
11,8.0,0,100,100,100,12,26,41,57,3,0,0,0.99,0.99,0,0,0,1,1,0,1
1,9.0,0,1,2,3,0,1,1,2,0,0,0,0.7,0.66,0,0,0,0,1,0,0
1,2.0,0,19,19,29,2,7,18,23,5,0,0,0.05,0.37,0,0,0,0,1,0,1
51,9.0,0,0,0,0,10,10,10,10,0,0,0,0.76,0.82,0,0,0,0,1,0,0
0,8.0,0,16,29,39,1,13,17,30,0,0,0,0.37,0.54,0,0,0,0,1,0,1
3,9.0,0,0,0,0,0,0,0,0,0,0,0,0.68,0.66,0,0,0,1,1,0,0
97,8.0,3,0,21,36,11,25,56,105,16,0,0,0.64,0.61,0,0,0,0,1,0,0
4,12.0,0,0,0,0,0,0,1,1,0,0,0,0.77,0.73,0,0,0,0,1,0,0
27,2.0,0,24,72,72,11,26,51,80,0,0,0,1.0,1.0,0,0,0,1,1,0,0
-3,8.0,0,173,173,173,69,155,177,199,27,0,0,1.0,0.97,3,0,0,0,1,0,1
11,8.0,2,105,175,210,8,45,98,165,41,0,0,0.87,0.84,0,0,0,0,1,0,1
37,4.0,0,0,0,0,0,0,0,1,0,0,0,0.73,0.78,0,0,0,0,1,0,0
1013,8.0,510,350,1284,2512,262,949,2682,3606,323,0,0,0.65,0.67,0,0,0,1,1,0,0
5,8.0,0,0,0,0,0,0,0,0,1,0,0,0.99,0.99,0,1,0,0,1,0,0
3,2.0,0,1,1,1,0,1,1,1,2,0,0,0.92,0.93,0,1,0,0,1,0,0
22,12.0,0,0,0,0,0,0,0,2,0,0,0,0.82,0.79,0,0,0,0,1,0,0
1,8.0,0,15,22,36,1,5,14,19,0,0,0,0.18,0.31,0,0,0,0,1,0,1
32,15.0,0,168,294,434,17,108,258,410,37,0,0,0.05,0.08,0,0,0,0,1,0,0
62,8.0,12,13,48,63,9,26,67,115,0,0,4,0.71,0.7,0,0,0,0,1,0,0
0,8.0,0,22,44,44,9,20,29,38,3,0,0,1.0,1.0,0,0,0,0,1,0,1
394,2.0,46,540,1260,1980,132,525,1076,1682,172,0,0,0.31,0.37,0,0,0,0,1,0,0
0,8.0,0,0,0,0,0,0,4,4,0,0,0,0.95,0.96,0,0,0,0,1,0,0
47,12.0,7,0,5,27,14,21,64,93,8,0,0,0.97,0.6,0,0,0,0,1,0,0
21,8.0,0,0,0,0,0,0,1,1,1,0,0,0.94,0.97,0,1,0,0,1,0,0
0,2.0,0,6,9,9,0,0,0,0,0,0,1,0.42,0.36,0,1,0,1,1,0,1
222,8.0,0,0,0,0,2,5,15,25,15,0,0,0.75,0.7,0,0,0,0,1,0,0
8,2.0,0,12,18,24,4,9,11,27,0,0,0,0.95,0.91,0,0,0,0,1,0,1
8,2.0,5,108,168,248,18,71,160,199,10,0,0,0.34,0.34,1,0,0,1,1,0,1
2,2.0,0,13,24,24,3,8,11,21,3,0,0,0.05,0.41,0,0,0,1,1,0,1
4,12.0,0,0,0,0,0,0,0,0,0,0,0,0.78,0.78,0,0,0,0,1,0,0
9,8.0,0,144,240,240,43,66,110,282,15,0,0,0.92,0.79,0,0,0,1,1,0,1
0,8.0,0,0,0,0,0,0,0,0,0,0,0,-99.0,-99.0,0,0,0,1,1,0,0
6,2.0,0,0,0,0,0,3,3,4,2,0,0,-99.0,-99.0,0,1,0,0,1,0,0
0,2.0,0,5,5,5,0,0,0,0,0,0,0,0.0,0.0,0,1,0,1,1,0,1
212,8.0,0,0,0,0,0,4,7,10,2,0,0,0.99,0.97,0,0,0,0,1,0,0
0,2.0,0,10,10,10,0,0,0,0,1,0,0,0.69,0.64,0,1,0,1,1,0,1
16,2.0,0,104,188,220,16,16,16,16,16,0,0,0.92,0.75,1,0,0,0,1,0,1
3,9.0,0,0,0,0,0,0,0,0,0,0,0,0.99,0.98,0,0,0,1,1,0,0
5,8.0,0,31,48,65,6,22,43,70,0,0,0,0.77,0.87,0,0,0,0,1,0,1
2,8.0,0,30,45,75,6,16,28,36,0,0,0,0.82,0.81,0,0,0,0,1,0,1
106,8.0,19,248,456,664,85,228,445,721,43,0,3,0.9,0.88,0,0,0,0,1,0,0
-101,8.0,0,317,317,317,0,0,0,0,2,0,0,1.0,0.25,101,0,0,0,1,0,1
0,2.0,0,0,0,0,0,0,0,0,0,0,0,0.96,0.91,0,0,0,0,1,0,1
11,2.0,0,0,0,0,0,0,0,0,0,0,0,0.98,0.95,0,1,0,1,1,0,0
94,8.0,46,28,108,172,6,30,54,82,0,0,0,0.88,0.91,0,0,0,0,1,0,0
1460,8.0,92,0,96,512,129,348,900,1516,229,0,0,0.0,0.0,0,0,0,0,1,0,0
5,2.0,0,3,3,3,1,1,1,1,1,0,0,0.93,0.88,0,1,0,0,1,0,1
0,8.0,0,12,12,12,2,4,5,8,0,0,0,0.0,0.0,0,0,0,0,1,0,1
7,8.0,0,0,0,0,0,0,4,6,0,0,0,0.96,0.96,0,1,0,0,1,0,0
1,8.0,0,1,1,2,3,3,4,9,1,0,0,0.7,0.71,0,0,0,0,1,0,1
97,8.0,0,54,103,156,17,73,132,187,30,0,0,0.97,0.94,0,0,0,0,1,0,0
75,8.0,15,50,115,175,62,155,211,261,31,0,0,0.91,0.93,0,0,0,1,1,0,1
0,8.0,0,15,21,23,5,6,11,16,0,0,0,0.82,0.88,0,0,0,0,1,0,1
0,9.0,0,9,9,12,0,3,6,10,0,0,0,0.7,0.66,0,0,0,0,1,0,1
1,2.0,0,3,6,8,1,2,6,10,0,0,0,0.9,0.93,0,0,0,0,1,0,1
36,2.0,8,30,60,90,11,34,73,104,18,0,0,1.0,0.94,0,0,0,0,1,0,0
1,8.0,0,4,7,9,2,5,6,7,0,0,0,0.79,0.66,0,0,0,0,1,0,1
60,8.0,0,0,0,0,1,4,50,60,2,0,0,0.8,0.86,0,0,0,0,1,0,0
2,8.0,0,17,27,31,4,13,27,42,0,0,0,0.82,0.78,0,0,0,0,1,0,1
97,4.0,0,0,0,0,0,0,0,1,0,0,0,0.73,0.78,0,0,0,0,1,0,0
1,8.0,0,3,5,7,0,2,4,6,0,0,0,1.0,0.99,0,0,0,0,1,0,0
22,2.0,10,32,52,82,6,19,49,81,21,0,0,0.91,0.93,0,0,0,0,1,0,0
4,8.0,0,0,0,0,0,0,0,0,0,0,0,0.97,0.98,0,0,0,0,1,0,0
-1,9.0,0,17,21,30,10,24,41,48,0,0,0,0.68,0.66,1,0,0,1,1,0,1
171,8.0,36,217,525,833,77,259,618,907,59,0,0,0.88,0.83,0,0,0,1,1,0,0
1,12.0,0,6,10,14,0,6,9,12,0,0,0,0.82,0.79,0,0,0,0,1,0,1
6,8.0,0,32,47,70,7,19,58,100,18,0,4,0.75,0.86,0,1,0,1,1,0,1
0,2.0,0,7,7,7,0,0,0,0,0,0,0,0.1,0.13,0,0,0,0,1,0,1
0,2.0,0,4,7,8,0,0,0,0,0,0,0,0.46,0.35,0,0,0,1,1,0,0
-13,8.0,16,81,109,137,34,62,113,141,0,0,5,0.5,0.53,13,0,0,0,1,0,1
22,12.0,0,200,300,380,55,146,248,349,60,0,20,0.43,0.45,0,0,0,0,1,0,1
14,9.0,0,0,0,0,0,0,0,0,0,0,0,0.86,0.84,0,0,0,0,1,0,0
6,8.0,0,0,0,0,0,0,0,0,0,0,0,0.74,0.59,0,0,0,0,1,0,0
0,8.0,0,12,22,32,2,7,13,18,3,0,0,0.84,0.78,0,0,0,1,1,0,1
0,8.0,0,2,3,5,3,4,5,5,0,0,0,0.71,0.75,0,0,0,0,1,0,1
0,12.0,0,13,21,27,1,7,16,22,0,0,2,0.63,0.72,0,0,0,0,1,0,1
14,8.0,0,0,0,0,0,0,0,0,1,0,0,0.07,0.17,0,0,0,0,1,0,0
1,12.0,0,11,17,23,8,15,26,26,1,0,0,0.68,0.65,0,0,0,0,1,0,1
88,12.0,15,72,129,243,22,83,181,273,50,0,0,0.73,0.69,0,0,0,0,1,0,0
25,8.0,0,0,0,0,0,1,2,4,1,0,0,0.8,0.75,0,0,0,0,1,0,0
9,8.0,9,5,35,70,10,32,71,94,0,0,0,0.48,0.39,0,0,0,0,1,0,1
0,8.0,0,25,50,50,4,15,26,39,0,0,0,0.99,0.99,0,0,0,0,1,0,1
77,8.0,8,720,1056,1440,149,450,878,1281,151,0,48,0.53,0.54,6,0,0,1,1,0,1
24,8.0,1,0,0,0,0,3,14,17,1,0,0,0.99,0.93,0,0,0,0,1,0,0
17,4.0,0,0,0,0,0,0,0,0,2,0,0,0.73,0.78,0,0,0,0,1,0,0
5,2.0,0,0,3,3,2,4,6,10,2,0,0,1.0,0.99,0,0,0,0,1,0,0
2,2.0,0,0,6,6,0,0,1,1,1,0,0,0.95,0.97,0,0,0,0,1,0,0
189,8.0,74,183,391,568,78,262,546,828,107,0,0,0.95,0.96,0,0,0,0,1,0,0
0,8.0,0,18,27,36,6,10,23,31,1,0,0,0.76,0.77,0,0,0,0,1,0,1
49,2.0,0,44,132,220,24,100,193,232,3,0,0,0.6,0.49,0,0,0,1,1,0,0
5,8.0,0,51,51,51,0,2,6,10,0,0,5,0.51,0.53,0,1,0,0,1,0,0
11,8.0,0,9,21,29,2,10,22,40,2,0,0,0.96,0.97,0,0,0,0,1,0,1
13,2.0,0,0,0,0,0,1,2,5,0,0,0,0.92,0.92,0,0,0,0,1,0,0
5,12.0,0,0,0,0,0,0,0,0,0,0,0,0.82,0.79,0,1,0,0,1,0,0
0,8.0,0,0,0,0,0,0,0,0,0,0,0,-99.0,-99.0,0,0,0,1,1,0,0
4,8.0,0,20,20,20,3,4,8,16,1,0,0,0.82,0.79,0,0,0,0,1,0,1
3,9.0,0,3,3,3,0,7,16,19,0,0,0,0.87,0.72,0,0,0,0,1,0,1
0,4.0,0,15,19,19,0,0,0,0,0,0,0,0.85,0.78,0,1,0,1,1,0,1
-4,8.0,0,96,96,144,12,42,71,90,0,0,0,0.96,0.83,4,0,0,0,1,0,1
43,9.0,0,0,0,0,1,4,5,5,0,0,0,0.86,0.84,0,1,0,0,1,0,0
66,8.0,0,0,0,0,0,0,1,2,0,0,0,0.9,0.95,0,0,0,0,1,0,0
2,8.0,0,20,20,20,1,3,7,11,0,0,0,0.6,0.47,0,0,0,1,1,0,1
0,2.0,0,545,1006,1499,6,9,9,9,47,0,0,0.64,0.69,0,0,0,0,1,0,1
0,8.0,0,5,9,11,2,5,7,8,0,0,0,0.74,0.84,0,0,0,0,1,0,1
0,8.0,0,435,435,435,0,0,0,0,1,0,0,0.74,0.7,0,1,0,1,1,0,1
1,2.0,0,12,12,12,1,4,4,4,0,0,0,0.36,0.16,0,1,0,0,1,0,1
2,9.0,0,0,0,0,0,0,0,0,0,0,0,0.69,0.68,0,0,0,0,1,0,0
15,4.0,0,0,0,1,1,3,5,5,0,0,0,0.73,0.78,0,1,0,0,1,0,0
3,8.0,0,0,0,0,0,0,0,0,0,0,0,0.86,0.88,0,0,0,0,1,0,0
2351,52.0,1,0,0,0,6,62,153,235,41,0,0,0.81,0.83,0,1,0,0,1,0,0
6,8.0,0,9,9,23,3,10,20,31,0,0,0,0.95,0.95,0,0,0,0,1,0,1
4,2.0,0,0,0,0,0,1,1,2,0,0,0,0.49,0.45,0,0,0,0,1,0,0
5,8.0,0,5,5,10,1,3,5,8,0,0,0,0.99,0.99,0,0,0,0,1,0,1
49,8.0,0,39,78,117,12,39,72,109,7,0,0,0.98,0.98,0,0,0,0,1,0,0
6,8.0,0,0,0,0,0,0,0,0,0,0,0,0.83,0.86,0,1,0,0,1,0,0
4,8.0,0,583,1048,1544,134,476,490,512,25,0,0,0.32,0.66,5,1,0,0,0,0,1
16,8.0,0,12,36,48,4,15,25,34,2,0,0,0.5,0.37,0,0,0,0,1,0,1
7,8.0,0,0,0,0,0,0,0,0,0,0,0,0.87,0.93,0,0,0,0,1,0,0
1,12.0,0,8,8,8,0,3,7,11,0,0,0,0.78,0.78,0,0,0,0,1,0,1
8,8.0,0,37,58,70,6,18,30,54,8,0,0,0.23,0.23,0,0,0,0,1,0,1
58,8.0,0,0,0,0,0,0,1,2,0,0,0,0.98,0.99,0,0,0,0,1,0,0
0,8.0,0,26,52,65,5,11,21,30,0,0,0,1.0,0.92,0,0,0,0,1,0,1
1,14.0,0,8,8,8,0,1,6,8,0,0,0,0.89,0.9,0,0,0,0,1,0,1
3,8.0,0,0,0,0,3,7,7,7,0,0,0,0.71,0.75,0,0,0,0,1,0,1
9,2.0,0,0,0,0,2,5,6,7,0,0,0,0.83,0.66,0,0,0,0,1,0,0
2,8.0,0,9,9,18,8,14,23,27,4,0,0,0.88,0.92,0,0,0,0,1,0,1
5,2.0,9,1,8,15,0,0,0,0,1,0,0,0.38,0.4,0,1,0,0,1,0,0
28,15.0,0,0,10,20,10,23,34,37,0,0,0,0.93,0.92,0,0,0,0,1,0,1
0,0.0,0,5,7,10,0,3,7,9,1,0,0,0.0,0.0,0,0,0,0,1,0,1
0,2.0,0,2,2,2,2,3,5,5,0,0,0,0.98,0.97,0,0,0,0,1,0,1
1,4.0,0,3,5,7,3,3,3,3,0,0,0,0.68,0.66,0,1,0,0,1,0,1
0,8.0,0,0,6,18,0,0,0,0,0,0,0,0.91,0.63,0,0,0,0,0,0,0
-82,16.0,0,1220,1220,1220,53,369,484,585,80,0,28,0.91,0.93,82,0,0,0,1,0,1
-4,12.0,0,8,9,11,13,14,15,17,2,0,0,0.73,0.69,4,0,0,0,1,0,1
-1,9.0,0,20,29,41,9,16,18,20,3,0,0,0.68,0.66,1,0,0,0,1,0,1
3,8.0,0,0,0,0,0,0,0,0,0,0,0,0.98,0.99,0,0,0,0,1,0,0
8,2.0,0,14,38,52,0,7,12,12,2,0,0,0.99,0.9,0,0,0,1,1,0,1
0,8.0,0,8,12,16,2,5,9,10,1,0,0,0.42,0.36,0,0,0,0,1,0,1
9,2.0,0,0,71,71,1,4,11,13,0,0,0,0.96,0.93,0,0,0,0,1,0,0
2,2.0,0,2,2,2,1,1,1,1,0,0,0,0.56,0.56,0,1,0,0,1,0,0
4,12.0,0,20,41,58,8,11,24,35,0,0,0,0.66,0.69,0,0,0,0,1,0,1
1872,2.0,797,0,990,2430,479,1412,2723,4179,415,0,0,0.94,0.9,0,0,0,0,1,0,0
112,8.0,133,354,726,1036,116,496,755,1049,74,0,0,0.97,0.97,0,0,0,0,1,0,1
9,8.0,0,220,320,380,44,109,189,289,42,1,20,1.0,0.89,2,0,0,0,1,0,1
2,8.0,0,0,0,0,0,0,0,0,0,0,0,0.89,0.88,0,1,0,0,1,0,0
2,8.0,0,1,2,4,1,3,6,8,1,0,0,0.87,0.9,0,0,0,0,1,0,1
56,8.0,0,0,0,0,1,1,3,4,2,0,0,1.0,0.9,0,1,0,0,1,0,0
97,8.0,0,0,0,0,19,43,43,43,0,0,0,0.88,0.92,0,0,0,0,1,0,1
0,12.0,0,2,3,5,1,5,7,12,0,0,0,0.78,0.78,0,0,0,0,1,0,1
51,4.0,0,0,6,12,15,30,35,35,3,0,0,0.22,0.14,0,1,0,0,1,0,0
23,8.0,0,0,0,0,0,1,1,1,0,0,0,0.98,0.97,0,0,0,0,1,0,0
7,2.0,0,0,0,0,0,0,0,0,0,0,0,0.95,0.97,0,1,0,0,1,0,0
5,8.0,0,0,0,0,0,0,0,0,1,0,0,0.37,0.36,0,0,0,0,1,0,0
15,8.0,0,0,0,0,0,0,0,0,0,0,0,0.15,0.34,0,0,0,0,1,0,0
4980,52.0,0,0,0,0,0,0,0,0,0,0,0,0.94,0.87,0,1,0,0,0,0,0
0,2.0,0,6,6,18,9,17,31,36,0,0,0,0.92,0.95,0,0,0,0,1,0,1
37,12.0,0,0,0,0,4,10,26,41,6,0,0,0.93,0.96,0,0,0,0,1,0,0
2,8.0,0,26,32,40,2,8,23,43,3,0,0,0.18,0.09,0,0,0,0,1,0,1
1,2.0,0,10,10,10,1,2,6,6,0,0,0,0.95,0.97,0,0,0,0,1,0,1
46,8.0,0,424,424,424,0,0,0,0,0,0,0,1.0,0.91,0,0,0,0,1,0,0
2,8.0,0,0,0,0,0,0,0,0,0,0,0,0.82,0.83,0,0,0,0,1,0,0
7,8.0,0,0,4,6,0,2,8,16,2,0,0,0.43,0.46,0,0,0,0,1,0,0
2,2.0,0,0,0,0,0,0,1,1,0,0,0,0.07,0.3,0,0,0,0,1,0,0
0,8.0,0,2,3,4,1,3,3,4,0,0,0,0.82,0.83,0,0,0,0,1,0,1
0,8.0,0,5,8,11,3,5,8,9,0,0,1,0.78,0.76,0,0,0,0,1,0,1
17,8.0,0,0,0,0,0,0,0,0,2,0,0,0.93,0.94,0,0,0,0,1,0,0
42,8.0,53,0,48,96,15,54,104,149,18,0,0,0.81,0.54,0,0,0,0,1,0,0
0,9.0,0,3,3,3,0,0,0,0,1,0,0,0.99,0.98,0,0,0,0,1,0,0
12,8.0,0,0,0,0,0,0,0,0,0,0,0,0.13,0.09,0,0,0,1,1,0,0
0,9.0,0,5,6,7,1,8,11,16,0,0,0,0.99,0.98,0,0,0,0,1,0,1
7,8.0,62,0,0,0,0,11,15,16,0,0,0,0.45,0.45,0,1,0,0,1,0,0
0,12.0,0,3,3,3,0,0,2,3,0,0,0,0.78,0.78,0,0,0,0,1,0,1
7,9.0,0,0,0,0,0,0,0,0,0,0,0,0.85,0.83,0,1,0,0,1,0,0
5,8.0,0,0,9,9,4,10,14,18,1,0,0,0.77,0.82,0,0,0,0,1,0,1
7,2.0,0,5,10,15,1,8,16,20,2,0,0,0.79,0.78,0,0,0,0,1,0,1
0,8.0,0,0,0,0,0,0,0,0,0,0,0,0.73,0.79,0,0,0,0,1,0,0
23,2.0,0,0,0,0,0,0,1,2,0,0,0,1.0,0.99,0,0,0,0,1,0,0
47,8.0,0,0,0,0,0,2,2,2,2,0,0,1.0,0.98,0,0,0,0,1,0,0
331,12.0,0,0,0,0,5,12,20,26,1,0,0,0.93,0.89,0,0,0,0,1,0,0
0,2.0,0,3,4,5,2,3,6,7,0,0,0,0.69,0.71,0,0,0,0,1,0,1
348,8.0,10,150,450,600,103,319,683,1231,129,0,0,0.79,0.66,1,0,0,0,1,0,0
13,2.0,0,100,100,100,26,70,92,108,0,0,0,0.8,0.84,0,0,0,0,1,0,1
1,14.0,0,27,27,32,0,9,17,25,2,0,0,0.32,0.41,0,0,0,0,1,0,1
1,8.0,0,2,4,5,1,4,5,6,0,0,0,0.15,0.34,0,0,0,0,1,0,1
135,12.0,28,740,1372,1992,210,728,1189,1190,119,0,0,0.63,0.72,0,0,0,0,1,0,1
1,8.0,0,1,2,3,0,1,1,3,1,0,0,1.0,0.99,0,0,0,0,1,0,1
2,12.0,1,0,0,0,0,0,4,4,0,0,0,0.78,0.78,0,0,0,0,1,0,0
8495,8.0,6,0,0,0,32,90,265,463,94,0,0,0.9,0.95,0,0,0,0,1,0,0
356,8.0,0,0,0,0,9,24,38,70,1,0,0,0.88,0.87,0,0,0,0,1,0,0
0,8.0,0,0,0,0,0,0,0,0,0,0,0,-99.0,-99.0,0,0,0,1,1,0,0
10,2.0,0,0,0,0,0,0,0,0,0,0,0,0.68,0.64,0,0,0,0,1,0,0
1,3.0,0,6,12,20,5,10,15,23,1,0,0,0.43,0.46,0,0,0,0,1,0,1
0,9.0,0,1,1,1,1,1,1,1,1,0,0,0.68,0.66,0,0,0,0,1,0,1
2,8.0,0,1,3,4,0,2,2,3,0,0,0,0.97,0.98,0,0,0,0,1,0,1
-1,16.0,0,48,48,76,7,25,53,77,10,0,0,0.92,0.91,1,0,0,0,1,0,1
1,8.0,0,1,1,2,1,3,4,4,1,0,0,0.6,0.77,0,0,0,0,1,0,1
0,12.0,0,7,11,11,0,0,0,0,0,0,0,0.48,0.39,0,1,0,1,1,0,1
1,8.0,0,1,2,3,3,3,4,6,0,0,0,0.07,0.15,0,0,0,0,1,0,1
11,8.0,0,7,14,21,1,13,22,37,0,0,0,0.8,0.83,0,0,0,0,1,0,1
0,2.0,0,0,0,0,0,0,0,0,0,0,0,0.73,0.84,0,0,0,0,1,0,1
29,2.0,0,0,0,0,0,0,0,0,0,0,0,0.97,0.99,0,0,0,0,1,0,0
128,8.0,6,104,104,156,19,65,144,219,41,0,0,0.63,0.7,0,0,0,0,1,0,0
15,2.0,4,514,948,1422,92,253,293,341,47,0,23,0.73,0.69,1,0,0,0,1,0,1
4,2.0,0,4,4,4,0,0,0,0,0,0,0,0.99,0.99,0,1,0,1,1,0,0
0,8.0,0,0,0,0,0,0,0,0,1,0,0,0.99,0.98,0,0,0,1,1,0,0
49,8.0,4,33,65,89,30,63,96,149,19,0,0,0.42,0.36,0,0,0,0,1,0,1
45,8.0,6,12,24,36,0,24,120,147,1,0,0,0.93,0.92,0,0,0,0,1,0,0
10,12.0,10,0,0,0,0,0,0,0,1,0,0,0.63,0.63,0,1,0,0,1,0,0
2,8.0,0,12,20,28,1,6,14,21,1,0,0,1.0,0.99,0,0,0,0,1,0,1
5,9.0,0,0,0,0,0,0,0,0,2,0,0,0.85,0.83,0,0,0,0,1,0,0
1672,2.0,0,0,0,0,2,2,6,20,0,0,0,1.0,1.0,0,0,0,0,1,0,0
39,8.0,0,0,0,0,0,0,0,0,0,0,0,0.94,0.96,0,0,0,0,1,0,0
0,8.0,0,12,12,12,3,4,5,9,0,0,0,0.0,0.0,0,0,0,0,1,0,1
7,4.0,0,0,0,0,0,0,0,0,0,0,0,0.77,0.8,0,1,0,0,1,0,0
5,9.0,0,10,21,32,2,21,31,39,2,0,0,0.98,0.98,0,0,0,0,1,0,0
3,12.0,0,46,69,92,11,29,53,71,6,0,0,0.78,0.78,0,0,0,1,1,0,1
0,8.0,0,15,21,33,4,8,14,24,0,0,0,0.42,0.46,0,0,0,0,1,0,1
1,8.0,0,1,3,4,2,3,4,5,1,0,0,1.0,0.99,0,0,0,0,1,0,1
90,8.0,0,0,0,0,3,18,52,71,4,0,0,0.95,0.94,0,0,0,0,1,0,0
29,8.0,0,338,482,610,55,162,329,525,596,0,16,0.33,0.57,0,0,0,1,1,0,1
3,8.0,0,0,0,0,0,0,0,2,0,0,0,0.81,0.77,0,0,0,0,1,0,1
0,12.0,0,4,6,8,2,3,6,8,0,0,0,0.78,0.78,0,0,0,0,1,0,1
1,3.0,0,3,5,7,19,44,81,90,2,0,0,1.0,0.99,0,0,0,0,1,0,1
31,2.0,0,0,0,0,0,1,11,13,1,0,0,0.91,0.68,0,0,0,0,1,0,1
161,2.0,0,0,0,0,0,0,1,1,0,0,0,0.9,0.92,0,0,0,0,1,0,0
18,2.0,0,11,26,55,2,2,2,2,0,0,0,0.9,0.93,0,0,0,0,1,0,1
5,8.0,0,2,6,8,0,3,6,9,3,0,0,0.95,0.96,0,0,0,1,1,0,0
1725,2.0,93,1000,2500,3500,327,1371,3028,4733,370,0,0,0.92,0.89,0,1,0,0,0,0,0
4,2.0,0,3,9,12,0,3,9,15,0,0,0,0.86,0.81,0,0,0,0,1,0,0
36,8.0,0,20,50,70,7,19,34,47,10,0,0,-99.0,0.66,0,0,0,0,1,0,0
3,2.0,0,5,5,5,0,0,7,8,0,0,0,0.99,0.97,0,0,0,0,1,0,0
1,8.0,0,1,2,3,0,4,4,6,2,0,0,0.52,0.76,0,0,0,0,1,0,0
0,8.0,0,2,2,2,0,0,0,0,1,0,0,0.78,0.78,0,0,0,0,1,0,0
1010,2.0,517,2430,5490,8910,1506,3863,7196,9948,1178,0,0,0.76,0.8,4,0,0,0,1,0,0
2,8.0,0,35,50,69,8,21,59,97,18,0,1,0.75,0.86,1,1,0,1,1,0,1
4,2.0,0,16,16,16,11,23,26,26,0,0,2,0.24,0.28,0,1,0,0,1,0,1
0,8.0,0,10,10,10,0,2,4,9,0,0,0,0.15,0.34,0,0,0,0,1,0,1
63,52.0,0,0,0,0,1,6,10,14,1,0,0,1.0,0.96,0,1,0,0,0,0,0
2,2.0,0,0,0,0,10,21,29,29,0,0,0,0.92,0.66,0,0,0,0,1,0,1
-7,12.0,0,10,10,11,21,21,23,24,0,0,0,0.78,0.78,7,0,0,1,1,0,1
2,2.0,0,6,6,6,2,2,2,2,0,0,0,0.9,0.88,0,1,0,0,1,0,1
0,2.0,0,10,10,10,0,0,0,0,2,0,0,0.91,0.94,0,1,0,1,1,0,1
0,4.0,0,10,13,13,0,0,0,0,0,0,0,0.85,0.78,0,1,0,1,1,0,1
0,8.0,0,0,0,0,0,0,2,3,0,0,0,0.8,0.82,0,0,0,0,1,0,1
3,8.0,0,0,0,0,0,0,0,0,0,0,0,0.82,0.83,0,0,0,0,1,0,0
29,8.0,2,502,718,916,209,357,592,985,106,0,70,0.31,0.41,21,0,0,0,1,0,1
122,9.0,18,83,173,299,28,92,188,327,24,0,0,0.7,0.66,0,0,0,0,1,0,0
9,4.0,0,0,2,7,0,0,3,5,0,0,0,0.89,0.9,0,0,0,0,1,0,0
0,2.0,0,30,30,30,0,0,0,0,0,0,0,1.0,1.0,0,1,0,0,1,0,1
0,2.0,0,3,3,3,2,2,2,2,0,0,0,0.54,0.61,0,1,0,0,1,0,1
136,8.0,0,0,0,0,7,9,21,48,2,0,0,0.89,0.92,0,0,0,0,1,0,0
48,2.0,0,0,0,0,0,0,0,0,0,0,0,0.83,0.66,0,0,0,0,1,0,0
191,4.0,0,0,0,0,0,5,37,53,2,0,0,0.35,0.55,0,0,0,0,1,0,0
1,8.0,0,17,28,37,1,8,18,25,0,0,1,0.96,0.96,0,0,0,0,1,0,1
47,4.0,0,208,363,456,33,156,264,392,33,0,29,0.79,0.66,0,0,0,0,1,0,1
190,8.0,0,0,0,0,2,6,11,15,1,0,0,0.99,0.93,0,0,0,0,1,0,0
2,2.0,0,24,24,24,9,20,32,38,0,0,0,0.21,0.36,0,1,0,0,1,0,1
3,8.0,0,24,24,36,9,14,20,26,0,0,0,0.98,0.98,0,0,0,0,1,0,1
0,8.0,0,0,0,0,0,0,2,3,0,0,0,0.8,0.82,0,0,0,0,1,0,1
0,8.0,0,0,0,0,0,0,0,0,0,0,0,0.89,0.94,0,0,0,0,1,0,0
0,2.0,0,0,0,0,0,0,0,0,0,0,0,1.0,0.99,0,0,0,0,1,0,1
4,9.0,0,5,8,10,2,6,6,10,0,0,0,0.86,0.84,0,0,0,0,1,0,1
0,12.0,0,5,5,5,0,0,0,0,0,0,0,0.57,0.7,0,1,0,0,1,0,1
22,9.0,0,0,0,0,0,1,1,2,2,0,0,0.34,0.41,0,0,0,0,1,0,0
14,2.0,0,16,48,64,4,16,21,39,0,0,0,0.94,0.95,0,0,0,0,1,0,1
189,12.0,0,0,0,0,0,0,0,0,0,0,0,0.93,0.89,0,0,0,1,1,0,0
0,8.0,0,7,10,12,4,6,9,11,0,0,0,0.95,0.97,0,0,0,0,1,0,0
10,8.0,0,51,77,103,15,38,62,82,0,0,0,0.94,0.97,0,0,0,0,1,0,1
0,8.0,0,3,4,6,3,4,6,8,0,0,0,0.8,0.82,0,0,0,0,1,0,1
3,8.0,0,0,0,0,0,0,0,0,0,0,0,0.78,0.82,0,1,0,0,1,0,0
3,8.0,0,7,12,17,2,4,5,10,2,0,0,0.3,0.26,0,0,0,0,1,0,0
4,8.0,0,2,5,7,2,4,6,8,8,0,0,0.81,0.82,0,0,0,0,1,0,1
10,2.0,0,0,0,0,0,0,1,3,0,0,0,0.71,0.78,0,0,0,0,1,0,0
609,2.0,105,1152,2112,3168,304,997,1832,2671,260,0,0,0.98,0.99,0,0,0,0,1,0,0
102,8.0,0,0,0,0,0,1,1,1,0,0,0,0.87,0.84,0,0,0,0,1,0,0
5,2.0,0,0,0,0,0,2,12,16,0,0,0,0.77,0.85,0,0,0,0,1,0,1
6,8.0,0,0,0,0,0,1,1,1,0,0,0,0.75,0.74,0,0,0,0,1,0,0
0,2.0,0,136,220,256,20,32,32,32,16,0,8,0.89,0.78,0,0,0,0,1,0,1
28,2.0,4,30,60,90,6,27,57,76,3,0,0,0.96,0.83,0,0,0,1,1,0,1
1276,2.0,308,5139,10719,16299,1903,6286,12006,17352,1388,0,549,0.81,0.8,0,0,0,0,1,0,0
1,2.0,0,20,20,30,5,15,27,37,0,0,0,0.96,0.94,0,0,0,0,1,0,1
1,2.0,7,0,0,7,0,3,4,8,0,0,0,0.95,0.97,0,0,0,0,1,0,0
1,8.0,0,2,4,5,1,2,3,5,1,0,0,0.85,0.87,0,0,0,0,1,0,1
502,8.0,95,90,270,360,58,251,516,780,170,0,0,1.0,0.66,0,0,0,0,1,0,0
16,8.0,0,54,93,123,14,42,96,143,16,0,6,0.97,0.94,0,0,0,0,1,0,0
0,2.0,0,42,72,108,12,33,51,73,0,0,0,0.94,0.9,0,0,0,0,1,0,1
0,4.0,0,100,100,100,0,22,22,33,0,0,0,0.73,0.78,0,0,0,0,1,0,1
0,8.0,0,5,8,10,1,4,6,9,0,0,0,0.95,0.93,0,0,0,0,1,0,1
24,8.0,0,0,0,0,0,0,0,1,0,0,0,1.0,0.97,0,0,0,0,1,0,0
0,2.0,0,5,8,9,0,0,0,0,0,0,0,0.42,0.36,0,1,0,1,1,0,1
41,8.0,0,0,0,0,1,6,14,15,0,0,0,0.97,0.87,0,0,0,0,1,0,0
2,2.0,0,3,6,12,3,5,16,18,0,0,0,0.98,0.97,0,0,0,0,1,0,1
25,8.0,2,305,507,720,79,263,502,749,58,0,26,0.79,0.66,2,0,0,0,1,0,1
4,8.0,0,0,0,0,0,0,1,1,1,0,0,1.0,1.0,0,0,0,0,1,0,1
2,8.0,0,13,21,29,5,8,14,24,0,0,0,0.67,0.62,0,0,0,1,1,0,1
2,8.0,0,4,10,16,2,6,10,12,0,0,0,0.9,0.95,0,0,0,0,1,0,1
460,8.0,43,228,684,1026,120,419,791,1218,121,0,0,0.99,0.98,0,0,0,0,1,0,0
3,8.0,0,0,0,0,2,4,7,8,1,0,0,0.36,0.29,0,0,0,0,1,0,1
13,2.0,0,108,174,240,32,114,202,239,0,1,18,0.95,0.84,0,0,0,0,1,0,1
208,8.0,108,90,240,416,56,254,429,608,71,0,0,1.0,0.96,0,0,0,0,1,0,0
7,8.0,0,0,0,0,1,2,2,5,0,0,0,0.99,0.98,0,1,0,0,1,0,0
1006,8.0,33,284,758,1037,186,453,858,1277,158,0,0,0.92,0.93,0,0,0,0,1,0,0
0,2.0,0,17,17,17,0,0,0,0,1,0,0,0.0,0.2,0,1,0,0,1,0,1
0,8.0,0,5,7,9,0,3,4,8,0,0,0,0.82,0.75,0,0,0,0,1,0,1
2,2.0,0,10,10,23,7,10,12,20,2,0,0,0.96,0.92,0,0,0,0,1,0,1
81,9.0,0,0,0,0,9,22,40,59,3,0,0,0.99,0.98,0,0,0,0,1,0,0
2,8.0,0,11,21,25,7,18,23,26,0,0,0,0.71,0.75,0,0,0,0,1,0,1
747,8.0,0,0,0,0,0,0,0,0,0,0,0,0.95,0.97,0,0,0,0,1,0,0
351,2.0,0,0,0,0,16,49,84,106,1,0,0,0.98,0.93,0,0,0,0,1,0,0
17,0.0,0,0,0,0,0,0,0,0,0,0,0,0.0,0.0,0,0,0,0,0,0,0
0,2.0,0,21,21,21,0,0,0,0,1,0,0,0.24,0.28,0,0,0,0,1,0,1
1,8.0,0,0,0,0,0,0,0,0,0,0,0,0.8,0.82,0,0,0,0,1,0,0
2348,2.0,4,0,0,0,13,39,98,147,30,0,0,0.74,0.73,0,0,0,0,1,0,0
92,2.0,0,288,504,648,98,264,484,714,121,0,0,0.61,0.57,1,0,0,1,1,0,1
7,8.0,0,64,96,128,11,34,70,92,4,0,0,0.94,0.9,0,0,0,0,1,0,0
0,2.0,0,0,0,0,0,0,0,0,0,0,0,0.42,0.36,0,0,0,0,1,0,1
9,12.0,0,10,18,25,6,10,27,42,0,0,0,0.74,0.72,0,0,0,0,1,0,1
3,8.0,0,0,0,0,0,0,0,0,0,0,0,0.6,0.43,0,1,0,0,1,0,0
1,2.0,0,15,25,35,5,12,25,34,0,0,0,1.0,0.99,0,0,0,0,1,0,1
0,2.0,0,8,8,8,0,0,0,0,0,0,0,0.18,0.31,0,1,0,0,1,0,1
18,8.0,1,154,259,354,35,110,217,346,79,0,9,0.86,0.88,0,0,0,1,1,0,1
0,2.0,0,8,14,14,0,1,1,1,0,0,0,0.7,0.66,0,1,0,0,1,0,1
389,4.0,279,263,518,773,94,354,723,1063,51,0,0,0.73,0.78,0,0,0,1,1,0,0
0,2.0,0,5,7,8,0,0,0,2,1,0,0,0.95,0.97,0,1,0,0,1,0,1
0,2.0,0,65,65,65,0,0,0,0,0,0,0,0.9,0.86,0,1,0,1,1,0,0
2,9.0,0,0,0,0,0,2,2,2,1,0,0,0.95,0.9,0,1,0,0,1,0,0
0,9.0,0,1,1,1,0,0,0,0,0,0,0,0.86,0.84,0,0,0,0,1,0,1
7,2.0,0,6,12,20,2,6,27,48,0,0,0,1.0,1.0,0,0,0,0,1,0,1
12,8.0,0,204,360,420,56,136,302,365,57,0,0,0.09,0.09,1,0,0,1,1,0,1
2,8.0,0,2,3,5,0,2,2,4,0,0,0,0.85,0.59,0,0,0,0,1,0,0
55,2.0,0,0,0,0,1,3,5,8,0,0,0,0.98,0.99,0,0,0,0,1,0,0
1,12.0,0,1,3,4,4,5,10,16,1,0,0,0.81,0.83,0,0,0,0,1,0,1
1,12.0,0,3,5,7,0,2,4,4,0,0,0,0.76,0.78,0,0,0,0,1,0,1
-31,8.0,0,157,225,295,36,107,196,295,20,1,20,0.23,0.43,32,0,0,1,1,0,1
10,2.0,0,12,24,36,4,12,24,38,0,0,0,0.79,0.73,0,0,0,0,1,0,1
0,2.0,0,2,2,2,0,0,0,0,0,0,0,0.78,0.78,0,1,0,0,1,0,1
392,8.0,63,84,324,600,140,377,720,1163,96,0,0,0.98,0.96,0,0,0,1,1,0,0
4,8.0,0,52,72,92,4,21,47,80,22,0,24,0.83,0.86,0,0,0,0,1,0,1
-100,8.0,0,540,540,540,70,180,457,823,125,0,0,0.14,0.14,100,0,0,0,1,0,1
27,2.0,1,62,137,212,6,23,29,68,9,0,0,0.4,0.6,0,0,0,0,1,0,1
170,8.0,1,202,434,637,64,169,426,557,88,0,0,0.97,0.98,0,0,0,0,1,0,0
0,8.0,0,20,20,20,2,5,9,12,0,0,0,0.67,0.46,0,0,0,1,1,0,1
0,2.0,0,21,34,40,0,1,2,2,0,0,0,0.13,0.09,0,0,0,0,1,0,1
2,2.0,0,0,0,0,0,0,0,0,0,0,0,0.0,0.33,0,0,0,0,1,0,0
3,9.0,0,0,0,0,0,0,1,1,2,0,0,0.94,0.9,0,0,0,1,1,0,0
-10,2.0,92,132,272,444,78,197,354,452,73,0,16,0.13,0.17,1,0,0,0,1,0,1
31,8.0,0,0,0,0,0,1,3,5,0,0,0,0.99,0.99,0,0,0,0,1,0,0
23,12.0,0,216,312,432,37,121,229,333,31,0,0,0.78,0.78,0,0,0,1,1,0,1
7,2.0,0,47,70,93,6,23,40,59,5,0,1,0.42,0.36,0,0,0,0,1,0,1
27,2.0,0,105,155,195,18,41,97,113,5,0,0,0.0,0.0,0,1,0,0,1,0,1
3,0.0,0,606,894,1182,153,373,697,1064,274,0,0,0.0,0.0,11,0,0,0,0,0,1
49,8.0,41,140,235,351,54,109,301,393,67,0,0,0.96,0.92,24,0,0,0,1,0,0
34,8.0,0,0,0,7,2,8,26,40,0,0,0,1.0,0.97,0,0,0,0,1,0,0
39,8.0,2,185,310,413,37,158,267,382,68,0,0,0.87,0.81,1,0,0,0,1,0,0
147,4.0,0,72,144,216,38,86,114,236,35,0,0,0.7,0.64,0,0,0,0,0,0,0
10,2.0,0,0,12,12,2,2,2,2,1,0,0,0.96,0.95,0,1,0,0,1,0,1
1,2.0,0,5,5,5,25,29,51,68,3,0,0,0.98,0.99,0,0,0,0,1,0,1
6,4.0,0,0,0,0,1,2,3,3,0,0,0,0.62,0.73,0,1,0,0,1,0,0
5,12.0,0,0,0,0,0,0,0,0,0,0,0,0.63,0.72,0,0,0,0,1,0,0
2,12.0,0,0,0,0,0,0,0,1,1,0,0,0.87,0.75,0,0,0,0,1,0,1
6,2.0,0,0,0,0,0,0,0,0,0,0,0,0.01,0.01,0,0,0,1,1,0,0
182,12.0,0,0,0,0,1,1,1,2,1,0,0,0.87,0.88,0,0,0,1,1,0,0
3,8.0,0,12,22,30,5,14,24,48,4,0,1,0.96,0.96,0,0,0,0,1,0,1
1,4.0,0,0,0,1,0,1,1,1,0,0,0,0.87,0.9,0,0,0,0,1,0,1
4,9.0,0,0,0,0,0,0,0,0,0,0,0,0.68,0.66,0,0,0,0,1,0,0
5,2.0,0,0,0,0,8,18,26,26,0,0,0,0.91,0.63,0,0,0,0,1,0,1
0,2.0,0,1,2,3,1,3,3,3,0,0,0,0.98,0.99,0,0,0,0,1,0,1
36,8.0,0,0,24,24,6,25,43,74,21,0,0,0.84,0.87,0,0,0,1,1,0,0
3,8.0,0,0,0,0,0,1,1,2,0,0,0,0.89,0.78,0,1,0,0,1,0,0
4,12.0,0,0,0,0,2,4,8,10,15,0,0,0.59,0.59,0,1,0,0,1,0,1
3,9.0,0,0,0,0,0,0,0,0,1,0,0,0.99,0.98,0,0,0,0,1,0,0
0,8.0,0,30,45,60,11,26,42,73,0,0,0,0.82,0.81,0,0,0,0,1,0,1
5,2.0,0,0,1,1,7,12,15,15,0,0,0,0.64,0.64,0,1,0,0,1,0,1
8,2.0,0,0,0,0,0,0,0,0,0,0,0,0.67,0.62,0,0,0,0,1,0,0
4,8.0,0,0,0,0,0,0,0,0,2,0,0,0.98,0.94,0,0,0,1,1,0,0
0,8.0,0,6,6,6,0,0,2,3,0,0,0,0.39,0.62,0,0,0,0,1,0,1
644,2.0,272,250,750,1500,246,765,1670,2261,184,0,0,0.97,0.97,0,0,0,0,1,0,0
1543,2.0,0,0,0,0,6,15,54,95,2,0,0,-99.0,-99.0,0,0,0,0,1,0,0
0,9.0,0,3,4,6,0,2,3,4,8,0,0,0.96,0.98,0,0,0,0,0,0,1
0,12.0,0,13,22,28,1,5,15,19,0,0,2,0.57,0.7,0,0,0,0,1,0,1
42,9.0,0,0,0,0,0,0,0,2,0,0,0,0.86,0.84,0,0,0,0,1,0,0
7,2.0,0,0,24,24,1,3,6,13,0,0,0,0.99,0.98,0,0,0,0,1,0,1
86,8.0,11,28,88,138,9,43,84,122,55,0,0,0.99,0.97,0,0,0,0,1,0,0
100,8.0,0,500,1150,1475,97,437,974,1293,0,0,0,0.99,0.93,0,0,0,0,1,0,1
16,2.0,0,0,0,0,4,8,36,43,3,0,0,0.97,0.99,0,0,0,0,1,0,1
2,9.0,0,0,0,0,0,0,1,1,1,0,0,0.68,0.66,0,0,0,0,1,0,0
1,8.0,0,9,9,13,1,4,12,16,0,0,0,0.97,0.98,0,0,0,0,1,0,1
0,2.0,0,11,20,21,0,0,0,0,0,0,0,0.7,0.74,0,0,0,1,1,0,1
0,8.0,0,46,81,111,13,41,62,66,0,0,7,0.78,0.75,0,0,0,0,1,0,1
2,8.0,0,20,20,20,1,3,7,11,0,0,0,0.6,0.47,0,0,0,1,1,0,1
0,2.0,0,6,9,11,0,0,0,0,0,0,0,0.78,0.78,0,1,0,0,1,0,1
28,13.0,0,0,0,0,0,0,1,2,0,0,0,0.99,0.99,0,0,0,0,1,0,0
21,8.0,0,11,16,31,5,16,37,56,0,0,6,0.76,0.84,0,0,0,0,1,0,0
3,8.0,0,4,8,12,3,4,12,13,0,0,0,0.64,0.47,0,0,0,0,1,0,1
0,2.0,0,307,447,447,0,0,0,0,21,0,0,0.95,0.96,0,0,0,0,1,0,1
2,12.0,0,0,0,0,0,0,0,1,1,0,0,0.69,0.69,0,0,0,0,1,0,1
433,4.0,0,0,0,0,0,0,4,7,0,0,0,0.83,0.89,0,0,0,0,1,0,0
3,8.0,0,20,20,30,2,6,10,18,1,0,0,1.0,0.88,0,0,0,1,1,0,1
6,8.0,0,89,145,201,28,78,148,218,0,0,0,1.0,1.0,0,0,0,0,1,0,1
0,4.0,0,7,8,8,0,0,0,0,0,0,0,0.73,0.78,0,1,0,0,1,0,0
2,8.0,0,1,2,4,0,1,2,4,0,0,0,0.8,0.82,0,0,0,0,1,0,1
9,8.0,0,20,40,60,7,17,31,49,5,0,0,0.79,0.66,0,0,0,0,1,0,1
2,8.0,0,16,36,46,6,14,18,19,0,0,0,0.51,0.53,0,0,0,0,1,0,1
0,2.0,0,10,10,10,0,0,0,0,0,0,0,0.27,0.26,0,1,0,1,1,0,1
3,12.0,0,0,0,0,0,0,0,1,0,0,0,0.78,0.78,0,0,0,0,1,0,0
12,8.0,0,0,12,24,1,6,9,18,12,0,0,0.77,0.87,0,0,0,0,1,0,0
57,8.0,0,64,96,144,8,45,103,159,21,0,0,0.77,0.87,0,0,0,0,1,0,0
0,8.0,0,8,14,22,3,16,30,41,0,0,0,0.97,0.98,0,0,0,0,1,0,1
0,2.0,0,500,500,500,0,0,0,0,0,0,0,0.64,0.8,0,0,0,1,1,0,1
189,8.0,279,7419,7419,8503,734,2561,5692,9536,947,0,600,0.5,0.53,45,0,0,0,1,0,1
2,8.0,0,7,9,11,1,5,7,7,2,0,0,-99.0,-99.0,0,0,0,0,1,0,1
2,8.0,0,0,0,0,1,3,3,3,1,0,0,0.57,0.74,0,0,0,0,1,0,0
-1,8.0,0,2,2,2,4,4,4,4,0,0,0,0.42,0.36,1,0,0,0,1,0,0
0,8.0,0,6,6,6,0,2,2,4,1,0,0,0.2,0.31,0,0,0,0,1,0,1
15,4.0,0,119,167,215,12,24,30,30,0,0,0,0.73,0.78,0,1,0,0,1,0,1
0,8.0,0,0,0,0,0,0,0,0,0,0,0,0.97,0.98,0,0,0,0,1,0,0
2,12.0,0,5,14,21,9,18,25,43,0,0,0,0.98,0.98,0,0,0,0,1,0,1
13,12.0,0,0,0,0,0,0,0,0,0,0,0,0.82,0.79,0,0,0,0,1,0,0
0,9.0,0,3,5,7,1,3,3,6,1,0,0,0.99,0.98,0,0,0,0,1,0,1
2,4.0,0,0,0,0,0,0,0,0,0,0,0,0.73,0.78,0,0,0,0,1,0,0
66,8.0,0,0,0,0,0,0,2,2,1,0,0,0.07,0.33,0,1,0,0,1,0,0
14,2.0,0,0,0,0,0,0,0,0,1,0,0,0.94,0.95,0,1,0,0,1,0,0
8,2.0,9,0,0,0,1,1,1,1,0,0,0,0.08,0.03,0,1,0,1,1,0,0
2,8.0,0,9,27,36,4,13,15,21,1,0,0,0.77,0.82,0,0,0,0,1,0,1
3,8.0,0,2,4,7,1,5,7,8,1,0,0,0.95,0.97,0,0,0,0,0,0,0
6,2.0,6,0,1,1,0,0,0,0,0,0,0,0.21,0.36,0,1,0,0,1,0,0
20,12.0,0,4,4,4,3,8,12,20,2,0,0,0.74,0.72,0,0,0,0,1,0,1
1046,8.0,800,4400,7000,9000,0,0,0,0,0,0,0,0.76,0.69,0,0,0,0,1,0,0
3,3.0,0,0,2,4,0,0,3,4,0,0,0,0.89,0.9,0,0,0,1,1,0,0
1,4.0,0,0,0,0,0,0,0,0,0,0,0,0.77,0.8,0,0,0,0,1,0,0
37,2.0,0,0,0,0,60,106,117,125,0,0,0,1.0,0.99,0,0,0,0,1,0,1
2,9.0,2,0,0,2,0,2,3,5,1,0,0,0.99,0.99,0,0,0,0,1,0,0
7,9.0,0,43,43,46,8,20,34,58,3,0,3,0.35,0.46,0,0,0,0,1,0,1
152,2.0,83,224,392,504,41,174,317,440,89,0,56,0.51,0.4,0,0,0,0,1,0,0
67,2.0,0,0,0,0,4,5,5,5,0,0,0,0.81,0.88,0,1,0,0,1,0,0
-1,8.0,0,25,33,41,0,9,29,36,5,0,0,0.84,0.77,1,0,0,0,1,0,1
20,8.0,0,110,175,240,31,42,96,142,10,0,0,0.95,0.94,0,0,0,0,1,0,1
15,2.0,0,20,40,50,3,12,26,36,1,0,0,1.0,1.0,0,0,0,0,1,0,0
63,9.0,0,0,0,0,0,0,0,1,0,0,0,0.86,0.84,0,0,0,0,1,0,0
16,2.0,2,238,373,499,46,139,274,409,61,0,2,0.68,0.7,2,0,0,1,1,0,1
0,2.0,0,0,1,3,0,1,2,7,2,0,0,1.0,0.99,0,0,0,0,0,0,1
10,9.0,0,0,0,0,0,0,0,0,0,0,0,0.94,0.79,0,0,0,0,1,0,0
2,9.0,0,0,0,0,0,0,0,0,1,0,0,0.68,0.66,0,0,0,0,1,0,0
1,8.0,0,0,0,0,0,0,0,0,0,0,0,0.99,0.98,0,0,0,0,1,0,0
31,2.0,0,0,0,0,0,0,1,2,1,0,0,0.95,0.97,0,0,0,0,1,0,0
5,8.0,0,0,0,0,0,1,1,4,1,0,0,0.99,0.94,0,0,0,0,1,0,0
2,9.0,0,1,2,4,1,2,3,10,0,0,0,0.99,0.98,0,0,0,0,1,0,1
9,8.0,0,0,0,0,0,0,0,0,0,0,0,0.97,0.97,0,0,0,0,1,0,0
0,9.0,0,3,5,7,2,4,6,6,0,0,0,0.7,0.79,0,0,0,0,1,0,1
23,6.0,0,0,0,0,0,0,0,0,0,0,0,0.93,0.95,0,0,0,0,1,0,0
4,8.0,0,0,0,0,0,0,0,0,2,0,0,0.83,0.91,0,0,0,0,1,0,0
10,12.0,0,0,0,0,0,0,0,0,1,0,0,0.48,0.48,0,1,0,0,1,0,0
44,2.0,4,29,68,110,16,43,71,122,18,0,0,0.81,0.87,0,0,0,0,1,0,0
0,2.0,0,5,7,9,0,0,0,0,0,0,0,0.99,0.99,0,1,0,1,1,0,0
0,8.0,0,74,104,134,13,29,67,103,18,0,0,0.95,0.96,0,0,0,1,1,0,1
9,2.0,12,0,12,36,5,22,33,39,0,0,0,0.62,0.6,0,0,0,0,1,0,0
1127,2.0,0,600,1200,2100,7,28,1459,2297,63,0,0,0.81,0.83,0,0,0,0,1,0,0
10,8.0,0,0,0,0,0,0,0,0,2,0,0,-99.0,-99.0,0,0,0,0,1,0,0
4,8.0,0,18,32,54,2,8,18,26,3,0,0,0.99,0.99,0,0,0,0,1,0,1
1,8.0,0,6,10,13,2,6,8,11,0,0,0,0.84,0.48,0,0,0,0,1,0,1
0,2.0,0,5,8,8,0,0,0,0,0,0,0,0.46,0.35,0,1,0,1,1,0,1
17,2.0,0,0,0,0,0,0,0,0,0,0,0,1.0,1.0,0,0,0,0,1,0,0
107,8.0,8,0,4,8,1,2,10,14,6,0,0,0.35,0.74,0,0,0,0,1,0,0
15,9.0,0,0,0,0,0,4,5,7,0,0,0,0.85,0.83,0,0,0,0,1,0,0
200,8.0,0,0,0,0,0,0,0,0,0,0,0,1.0,0.99,0,0,0,0,1,0,0
4,9.0,0,0,0,0,0,0,0,0,1,0,0,0.68,0.66,0,0,0,0,1,0,0
0,2.0,0,13,23,28,0,0,1,1,0,0,0,0.8,0.82,0,0,0,1,1,0,1
13,2.0,0,24,72,96,11,38,53,75,0,0,0,0.0,0.0,0,0,0,0,1,0,1
4,2.0,0,1,4,7,2,4,7,11,0,0,0,0.99,0.97,0,0,0,0,1,0,1
6,3.0,0,0,3,9,1,4,13,21,2,0,0,0.88,0.91,0,0,0,0,1,0,1
39,8.0,0,29,54,81,12,32,65,82,19,0,0,1.0,0.99,0,0,0,0,1,0,0
1,12.0,0,4,6,6,2,5,5,5,0,0,0,0.78,0.78,0,1,0,0,1,0,1
2,2.0,0,6,25,31,13,29,76,90,0,0,0,0.84,0.76,0,0,0,0,1,0,1
1235,12.0,0,0,0,0,2,32,56,94,48,0,0,0.81,0.83,0,0,0,0,1,0,0
0,2.0,0,6,8,8,0,0,0,0,0,0,0,0.78,0.78,0,1,0,0,1,0,0
47,2.0,0,0,40,40,10,23,43,60,0,0,0,1.0,1.0,0,1,0,0,1,0,0
3,9.0,0,0,0,0,0,1,1,1,1,0,0,0.68,0.66,0,1,0,0,1,0,0
10,8.0,0,0,0,0,0,0,0,0,0,0,0,0.89,0.88,0,0,0,0,1,0,0
10,8.0,0,0,6,16,10,23,43,64,17,0,0,0.45,0.57,0,0,0,0,1,0,1
13,8.0,10,20,40,70,9,31,56,68,7,0,0,0.66,0.85,0,0,0,0,1,0,1
10,8.0,0,12,24,24,0,10,17,30,10,0,0,0.98,0.98,0,0,0,0,1,0,0
2560,13.0,0,0,0,0,0,0,5,5,2,0,0,1.0,0.93,0,0,0,0,1,0,0
1,2.0,0,3,3,6,0,2,2,4,1,0,0,0.84,0.89,0,0,0,0,1,0,1
102,4.0,3,34,136,221,24,69,232,356,24,0,0,0.87,0.92,0,0,0,0,1,0,0
3,8.0,0,17,17,17,0,1,2,3,0,0,0,0.57,0.44,0,0,0,0,1,0,0
92,14.0,201,600,600,800,122,417,739,992,142,0,600,0.75,0.83,0,0,0,0,1,0,0
2,12.0,0,24,36,48,5,14,27,40,0,0,0,0.98,0.98,0,0,0,1,1,0,1
0,2.0,0,9,15,19,0,0,0,0,0,0,0,0.98,0.97,0,1,0,1,1,0,0
13,2.0,0,12,36,48,15,36,48,67,0,0,0,0.74,0.76,0,0,0,0,1,0,1
0,12.0,0,19,31,43,1,8,25,32,0,0,0,0.82,0.79,0,0,0,0,1,0,1
0,8.0,0,0,0,0,0,2,4,5,1,0,0,0.74,0.75,0,1,0,0,1,0,0
12,8.0,0,0,0,0,4,8,20,34,1,0,0,0.74,0.76,0,0,0,0,1,0,1
2,8.0,0,5,10,15,2,6,8,12,0,0,0,0.82,0.81,0,0,0,0,1,0,1
14,8.0,0,0,0,0,0,0,5,5,0,0,0,0.98,0.96,0,0,0,0,1,0,0
28,2.0,0,0,0,10,3,7,9,12,0,0,0,0.51,0.47,0,0,0,1,1,0,0
15,2.0,0,0,0,0,0,0,0,3,0,0,0,0.87,0.84,0,0,0,0,1,0,0
51,12.0,0,0,0,0,3,12,33,38,0,0,0,0.95,0.86,0,0,0,0,1,0,0
8,2.0,0,20,40,60,7,20,45,68,11,0,0,0.98,0.99,0,0,0,0,1,0,1
16,2.0,0,100,100,200,15,42,89,115,0,0,0,0.67,0.79,0,0,0,0,1,0,1
0,4.0,0,15,25,38,0,0,0,0,0,0,0,0.79,0.66,0,0,0,0,1,0,1
0,2.0,0,2,7,7,0,0,0,0,0,0,0,0.8,0.82,0,0,0,1,1,0,1
-4,8.0,0,400,400,400,16,46,88,143,22,0,0,0.0,0.5,4,0,0,0,1,0,1
1,3.0,2,7,12,17,4,10,18,24,0,0,0,0.99,0.98,0,0,0,0,1,0,0
2,9.0,0,0,0,0,0,0,0,0,0,0,0,0.99,0.98,0,0,0,0,1,0,0
2,12.0,3,130,211,294,23,85,178,257,18,0,1,0.78,0.78,0,0,0,0,1,0,1
2,8.0,0,0,0,0,0,0,0,0,1,0,0,0.98,0.98,0,0,0,1,1,0,0
2,9.0,0,0,0,0,0,0,0,0,0,0,0,0.68,0.66,0,0,0,0,1,0,0
-40,8.0,0,536,860,1238,74,405,573,757,67,0,0,0.97,0.94,42,0,0,0,1,0,1
5,0.0,0,10,18,26,2,12,28,40,1,0,0,0.0,0.0,0,0,0,1,0,0,1
37,12.0,1,5,5,5,2,7,35,42,2,0,0,0.98,0.98,0,0,0,1,1,0,0
41,2.0,73,96,225,369,17,87,155,204,46,0,0,0.98,0.9,0,0,0,0,1,0,0
96,2.0,0,0,0,0,0,0,0,0,0,0,0,0.79,0.77,0,0,0,0,1,0,0
1,4.0,0,0,0,0,1,1,1,1,0,0,0,0.87,0.9,0,0,0,0,1,0,1
0,2.0,0,224,336,448,6,6,6,6,2,0,0,0.98,0.99,0,1,0,0,1,0,1
7318,8.0,63,0,0,0,162,552,937,1311,158,0,0,0.97,0.96,0,0,0,0,1,0,0
-769,12.0,0,1559,1559,2420,4142,14454,27893,32538,70,0,0,0.97,0.91,873,0,0,0,1,0,1
6,8.0,0,20,40,60,6,13,17,27,0,0,0,1.0,0.92,0,0,0,0,1,0,1
3,12.0,0,18,24,30,7,18,28,39,0,0,0,0.98,0.98,0,0,0,1,1,0,1
2,8.0,0,25,25,25,0,1,2,3,0,0,0,0.91,0.95,0,0,0,0,1,0,1
6,8.0,0,0,0,0,0,0,0,0,0,0,0,0.67,0.46,0,0,0,1,1,0,0
73,52.0,0,0,0,0,0,0,0,0,0,0,0,1.0,0.99,0,1,0,0,0,0,0
0,12.0,0,12,19,33,4,7,8,13,0,0,0,0.68,0.64,0,0,0,1,1,0,1
10,2.0,0,3,3,3,11,17,19,19,0,0,0,0.24,0.28,0,1,0,0,1,0,1
2,8.0,0,10,10,15,5,10,15,16,0,0,0,0.48,0.57,0,0,0,0,1,0,1
200,2.0,0,0,0,0,0,0,0,0,0,0,0,1.0,0.2,0,1,0,0,1,0,0
113,8.0,0,0,0,0,2,7,27,42,2,0,0,0.98,0.98,0,0,0,0,1,0,0
0,8.0,0,288,288,288,2,6,8,12,0,0,0,0.51,0.53,0,1,0,0,1,0,1
919,8.0,0,0,0,0,13,48,134,203,32,0,0,0.93,0.96,0,0,0,1,1,0,0
23,2.0,3,36,90,144,11,41,87,117,8,0,0,0.81,0.87,0,0,0,0,1,0,1
115,8.0,0,0,0,0,2,12,32,70,13,0,0,1.0,0.99,0,0,0,0,1,0,0
0,2.0,0,5,5,5,0,1,2,2,1,0,0,0.37,0.36,0,1,0,0,1,0,1
20,8.0,0,33,49,73,12,49,71,105,0,0,0,0.75,0.74,0,0,0,1,1,0,0
-3,16.0,0,19,19,19,0,12,16,18,8,0,19,0.38,0.44,3,0,0,0,1,0,1
5,2.0,0,0,0,0,1,2,2,2,0,0,0,1.0,0.99,0,1,0,0,1,0,1
12,4.0,0,0,0,0,0,0,0,0,2,0,0,0.73,0.78,0,0,0,0,1,0,0
20,4.0,0,100,140,180,3,39,59,83,0,0,0,0.73,0.78,0,0,0,0,1,0,0
22,2.0,0,0,0,0,0,0,0,0,0,0,0,0.63,0.64,0,1,0,0,1,0,0
8,8.0,0,0,0,0,0,0,3,4,0,0,0,0.99,0.99,0,0,0,0,1,0,0
66,2.0,41,30,90,150,23,85,164,231,24,0,0,0.98,0.79,0,0,0,0,1,0,0
34,8.0,32,80,160,256,35,91,169,237,27,0,0,0.99,0.99,0,0,0,0,1,0,0
-346,2.0,0,17815,28225,38983,2684,7739,15726,15732,2410,1,0,0.73,0.68,492,1,0,1,1,0,1
119,8.0,0,0,0,0,1,3,4,5,0,0,0,0.78,0.71,0,0,0,0,1,0,0
1,8.0,0,12,12,12,6,14,23,32,0,0,0,0.79,0.66,0,0,0,0,1,0,1
158,8.0,61,1100,1650,2200,170,577,1239,1941,218,0,0,0.21,0.4,0,0,0,0,1,0,1
3,4.0,0,3,3,6,2,3,10,12,2,0,0,0.82,0.79,0,0,0,0,1,0,1
16,2.0,0,25,50,75,14,32,41,48,0,0,0,0.63,0.69,0,1,0,0,1,0,0
0,2.0,0,14,20,26,0,4,12,23,2,0,0,0.0,0.0,0,0,0,0,1,0,1
1,8.0,0,8,12,16,3,7,11,18,0,0,0,0.98,0.97,0,0,0,0,1,0,1
0,2.0,0,27,47,62,0,0,0,0,0,0,0,0.8,0.82,0,0,0,1,1,0,1
10,12.0,0,0,0,0,0,0,0,0,0,0,0,0.62,0.73,0,0,0,0,1,0,0
40,2.0,0,0,20,45,5,20,32,46,1,0,0,0.11,0.08,0,0,0,0,1,0,0
1,8.0,0,10,20,25,6,15,15,21,0,0,0,0.84,0.77,0,0,0,0,1,0,1
0,8.0,0,4,4,4,4,4,6,6,1,0,0,0.99,0.9,0,0,0,0,1,0,1
0,8.0,0,34,54,54,4,19,28,41,19,0,0,0.95,0.96,0,0,0,0,1,0,0
4,2.0,0,0,0,0,0,0,0,0,0,0,0,0.98,0.97,0,1,0,0,1,0,0
0,4.0,2,19,37,54,7,18,21,21,0,0,0,0.91,0.92,0,0,0,1,1,0,1
1,2.0,1,3,4,4,2,3,3,3,0,0,0,0.93,0.96,0,1,0,0,1,0,1
8,12.0,0,0,0,0,0,0,0,0,0,0,0,0.57,0.7,0,0,0,0,1,0,0
0,8.0,0,26,39,65,4,14,25,43,0,0,11,0.17,0.33,0,0,0,0,1,0,1
0,4.0,0,6,9,10,0,0,0,0,0,0,1,0.89,0.9,0,1,0,0,1,0,1
10,2.0,0,0,0,0,0,0,0,0,1,0,0,0.93,0.83,0,0,0,0,1,0,1
37,8.0,0,0,0,0,0,0,0,0,0,0,0,0.97,0.95,0,1,0,0,1,0,0
22,2.0,0,19,46,73,15,55,86,126,5,0,0,0.29,0.43,0,0,1,0,1,0,1
5,8.0,0,9,27,45,7,17,28,43,0,0,0,0.99,0.99,0,0,0,1,1,0,1
351,8.0,0,0,0,0,0,1,1,1,0,0,0,1.0,1.0,0,1,0,0,1,0,0
45,8.0,0,0,0,0,0,0,2,4,2,0,0,1.0,0.99,0,0,0,0,1,0,0
52,12.0,0,0,0,0,0,0,0,0,0,0,0,0.98,0.99,0,1,0,0,1,0,0
5,2.0,0,4,10,18,4,14,20,35,0,0,0,0.97,0.98,0,0,0,0,1,0,0
1,2.0,0,8,12,16,8,11,22,23,0,0,0,0.82,0.83,0,1,0,0,1,0,1
-6,12.0,0,32,32,32,0,2,8,8,0,0,0,0.0,0.01,6,0,0,0,1,0,1
18,8.0,0,0,0,0,0,0,0,0,2,0,0,1.0,0.97,0,0,0,1,1,0,0
9,2.0,0,21,63,84,6,30,46,72,0,0,0,0.95,0.96,0,0,0,0,1,0,1
4,9.0,0,0,0,0,0,1,1,1,0,0,0,0.99,0.98,0,0,0,0,1,0,0
4,12.0,0,0,0,0,0,0,0,0,0,0,0,0.63,0.72,0,0,0,0,1,0,0
1,8.0,0,24,28,40,6,16,22,27,0,0,0,0.75,0.74,0,1,0,0,1,0,1
1,8.0,0,30,30,30,1,9,11,19,0,0,0,0.99,0.99,0,0,0,0,1,0,1
5001,2.0,0,0,0,0,0,1,3,4,1,0,0,1.0,0.5,0,1,0,0,1,0,0
1,2.0,0,15,26,37,5,13,29,38,0,0,0,0.9,0.88,0,0,0,0,1,0,1
197,8.0,33,208,272,360,66,185,321,551,123,0,0,0.99,0.99,0,0,0,0,1,0,0
8,8.0,0,55,87,119,14,41,129,158,20,0,0,0.98,0.99,0,0,0,0,1,0,1
11,8.0,6,74,114,154,19,59,103,145,0,0,14,0.6,0.64,0,0,0,0,1,0,1
109,2.0,0,0,0,8,6,40,81,91,10,0,0,0.81,0.75,0,1,0,0,1,0,0
2,2.0,0,38,57,76,7,20,37,64,9,0,0,0.99,0.98,0,0,0,0,1,0,1
191,8.0,106,96,192,288,69,142,242,370,63,0,0,1.0,0.98,0,0,0,0,1,0,0
17,4.0,0,0,0,0,0,0,0,0,0,0,0,0.77,0.8,0,0,0,0,1,0,0
154,8.0,51,174,342,426,67,206,408,641,98,0,0,0.99,0.97,0,0,0,0,1,0,0
7,2.0,0,0,0,0,0,1,1,4,0,0,0,0.9,0.88,0,1,0,0,1,0,0
0,2.0,0,143,218,218,42,78,80,164,0,0,30,0.75,0.8,0,0,0,0,1,0,1
1,2.0,0,0,0,0,0,0,0,0,0,0,0,0.95,0.97,0,1,0,0,1,0,1
4,2.0,0,32,32,32,0,0,1,1,1,0,0,0.97,0.97,0,0,0,0,1,0,1
80,8.0,2,30,78,114,22,80,147,227,69,0,0,0.92,0.89,0,0,0,0,1,0,0
1,8.0,0,0,1,1,2,2,3,3,0,0,0,0.42,0.32,0,0,0,0,1,0,0
8,2.0,0,0,0,0,0,0,0,0,0,0,0,0.97,0.94,0,1,0,0,1,0,0
62,8.0,0,0,0,0,1,2,6,11,3,0,0,1.0,0.99,0,0,0,0,1,0,0
75,2.0,0,0,0,0,4,9,11,16,1,0,0,0.82,0.82,0,1,0,0,1,0,0
3,8.0,0,0,0,0,0,0,0,0,1,0,0,0.82,0.75,0,0,0,0,1,0,0
0,8.0,0,3,4,5,0,1,2,3,0,0,1,0.57,0.44,0,0,0,0,1,0,1
2,2.0,4,6,11,16,6,13,15,15,1,0,0,0.63,0.64,0,1,0,0,1,0,1
2,12.0,0,0,0,0,0,0,0,0,0,0,0,0.82,0.79,0,0,0,0,1,0,0
6,8.0,0,15,15,30,5,12,22,27,1,0,0,0.92,0.93,0,0,0,0,1,0,1
12,8.0,0,0,0,0,0,2,2,2,0,0,0,0.98,0.97,0,0,0,0,1,0,0
8884,4.0,2940,17360,34140,47610,5512,18699,34898,58962,3431,0,480,0.91,0.93,0,0,0,0,1,0,0
0,8.0,0,7,11,15,2,7,12,16,0,0,0,0.17,0.33,0,0,0,0,1,0,1
4,2.0,0,4,4,4,5,6,6,6,0,0,0,0.75,0.74,0,1,0,1,1,0,1
0,0.0,0,25,49,57,0,0,0,0,5,0,0,0.0,0.0,0,0,0,0,0,0,1
-2,8.0,0,9,9,12,0,0,3,10,2,0,0,0.81,0.82,2,0,0,0,1,0,1
24,8.0,0,7,14,21,3,8,21,35,4,0,0,0.75,0.72,0,0,0,1,1,0,0
97,8.0,0,0,0,0,1,1,2,2,0,0,0,0.59,0.78,0,0,0,0,1,0,0
17,2.0,0,30,60,84,12,29,64,80,0,0,0,0.97,0.94,0,1,0,0,1,0,0
5,8.0,0,7,14,14,2,8,14,16,0,0,0,1.0,1.0,0,0,0,0,1,0,1
4,9.0,0,0,0,0,0,0,0,0,1,0,0,0.99,0.98,0,0,0,1,1,0,0
127,8.0,0,0,0,0,0,0,0,0,2,0,0,0.89,0.94,0,0,0,0,1,0,0
19,2.0,0,0,0,0,0,0,2,2,0,0,0,0.8,0.66,0,1,0,0,1,0,0
4,2.0,0,0,0,0,7,17,20,23,1,0,0,0.95,0.97,0,0,0,0,1,0,1
5,9.0,0,10,14,18,8,10,15,15,0,0,0,0.91,0.77,0,1,0,0,1,0,1
6,12.0,2,3,3,3,0,0,0,0,1,0,0,0.58,0.58,0,1,0,0,1,0,0
17,8.0,0,0,0,0,0,0,0,0,0,0,0,0.91,0.93,0,0,0,0,1,0,0
12,8.0,0,8,14,20,4,13,21,37,0,0,0,0.96,0.94,0,0,0,0,1,0,0
26,8.0,0,0,36,36,4,14,40,64,7,0,0,0.98,0.93,0,0,0,0,1,0,0
5,2.0,0,12,24,42,5,12,21,32,1,0,0,1.0,0.93,0,0,0,0,1,0,1
21,8.0,0,0,0,0,4,7,18,19,1,0,0,1.0,0.9,0,0,0,1,1,0,0
0,8.0,0,329,531,590,0,0,0,0,0,0,0,0.93,0.78,0,0,0,0,1,0,0
0,4.0,0,3,4,5,1,2,3,5,0,0,0,0.87,0.9,0,0,0,0,1,0,0
1,2.0,0,28,52,80,9,28,44,67,0,0,0,0.91,0.85,0,0,0,0,1,0,1
23,2.0,4,30,72,102,9,29,53,77,4,0,0,0.96,0.85,0,0,0,1,1,0,1
130,2.0,0,0,0,0,1,5,10,16,1,0,0,0.99,0.99,0,1,0,0,1,0,0
15,2.0,0,12,24,36,0,9,16,19,5,0,0,1.0,0.95,0,0,0,0,1,0,1
8,8.0,0,43,49,82,8,30,59,85,7,0,0,0.15,0.34,0,0,0,0,1,0,1
222,8.0,4,0,0,0,9,34,72,122,20,0,0,0.99,0.99,0,0,0,0,1,0,0
5,2.0,0,0,0,0,6,12,16,16,0,0,0,0.99,0.99,0,1,0,0,1,0,1
166,8.0,85,267,619,927,75,299,657,997,91,0,0,0.85,0.9,0,0,0,0,1,0,0
4316,8.0,4,0,3300,6600,13,75,134,222,30,0,0,0.62,0.8,0,0,0,0,1,0,0
186,2.0,0,0,0,0,3,9,25,39,0,0,0,0.99,0.99,0,0,0,1,1,0,0
2,8.0,0,26,40,54,7,17,29,40,2,0,0,0.76,0.7,0,0,0,0,1,0,1
215,2.0,0,0,0,0,1,6,11,13,2,0,0,0.99,0.99,0,0,0,0,1,0,0
4,8.0,0,35,50,65,5,15,31,45,4,0,1,0.0,0.0,0,0,0,0,1,0,1
-2,8.0,0,11,11,11,0,7,12,13,0,0,0,0.5,0.4,2,0,0,0,1,0,1
4,8.0,0,0,0,0,0,0,0,0,0,0,0,-99.0,0.0,0,0,0,0,1,0,0
53,8.0,0,40,48,56,1,20,42,58,0,0,0,0.62,0.62,0,0,0,0,1,0,0
0,2.0,0,10,10,10,0,0,0,0,1,0,0,0.69,0.64,0,1,0,1,1,0,1
28,2.0,0,25,50,75,8,24,50,73,2,0,0,0.85,0.77,0,0,0,0,1,0,1
93,4.0,16,20,40,60,123,199,313,422,14,0,0,0.73,0.78,0,0,0,0,1,0,0
6,2.0,0,0,0,0,0,0,0,0,1,0,0,1.0,1.0,0,1,0,0,1,0,1
2,12.0,0,0,0,0,0,0,0,1,0,0,0,0.73,0.76,0,1,0,0,1,0,0
6,6.0,0,0,0,0,0,0,0,0,0,0,0,0.73,0.76,0,0,0,0,1,0,0
23,12.0,0,0,0,0,0,0,0,0,0,0,0,0.74,0.74,0,0,0,0,1,0,0
3,3.0,0,167,257,347,32,97,176,181,40,0,0,0.42,0.46,0,0,0,0,1,0,1
38,4.0,0,0,0,0,0,0,0,0,11,0,0,0.79,0.66,0,0,0,0,1,0,0
6,8.0,0,0,8,14,0,4,12,15,1,0,0,0.1,0.07,0,1,0,0,0,0,0
70,9.0,0,0,0,0,0,0,0,0,0,0,0,0.85,0.83,0,0,0,0,1,0,0
46,8.0,0,0,0,0,1,6,10,14,3,0,0,0.11,0.07,0,1,0,1,1,0,0
105,8.0,0,0,0,0,0,0,0,0,1,0,0,0.0,0.01,0,0,0,0,1,0,0
34,8.0,0,0,0,0,0,0,0,0,0,0,0,0.73,0.73,0,0,0,0,1,0,0
5,8.0,0,1,5,5,0,3,7,10,0,0,0,0.97,0.97,0,0,0,0,1,0,0
6,4.0,0,18,27,33,5,9,15,18,0,0,0,0.73,0.78,0,0,0,0,1,0,1
9,8.0,0,7,14,21,2,5,10,16,0,0,0,0.93,0.96,0,0,0,0,1,0,0
120,2.0,0,0,0,0,0,0,1,1,0,0,0,0.68,0.64,0,0,0,0,1,0,0
11,8.0,0,0,0,0,0,0,0,0,1,0,0,0.41,0.59,0,1,0,1,1,0,0
-28,9.0,0,86,121,149,32,63,94,107,24,0,0,0.69,0.68,28,0,0,0,1,0,1
0,9.0,0,2,3,4,0,1,2,3,0,0,0,0.86,0.69,0,0,0,0,1,0,1
16,8.0,0,118,190,262,13,61,125,178,43,0,0,0.74,0.76,0,0,0,0,1,0,1
0,2.0,0,5,6,6,0,0,0,0,0,0,0,0.37,0.36,0,1,0,0,1,0,1
2,8.0,0,8,19,26,4,7,15,21,2,0,0,0.99,0.97,0,0,0,0,1,0,1
0,8.0,0,0,0,0,0,0,0,0,0,0,0,0.96,0.96,0,0,0,0,1,0,1
0,8.0,0,26,40,54,5,14,37,50,1,0,0,0.97,0.98,0,0,0,0,1,0,1
83,8.0,0,70,140,210,22,90,170,256,61,0,0,0.93,0.87,0,0,0,0,1,0,0
16,8.0,0,0,0,0,0,1,3,3,3,0,0,0.85,0.9,0,0,0,1,1,0,0
0,8.0,0,16,16,20,1,14,20,23,0,0,0,0.66,0.69,0,0,0,0,1,0,1
245,2.0,26,330,630,930,172,448,796,1138,94,0,0,0.91,0.94,0,0,0,0,1,0,0
0,2.0,0,5,8,9,0,0,0,0,0,0,0,0.82,0.79,0,1,0,0,1,0,0
19,2.0,0,400,480,560,212,363,625,895,92,0,80,0.06,0.03,28,0,0,0,1,0,1
15,0.0,0,0,0,7,0,6,10,19,1,0,0,0.0,0.0,0,0,0,1,0,0,0
4,2.0,0,0,2,4,1,2,7,10,0,0,0,0.96,0.97,0,0,0,1,1,0,0
14,8.0,0,30,69,114,10,39,63,104,11,0,0,0.92,0.94,0,0,0,0,1,0,1
3,8.0,0,0,0,0,0,0,0,0,1,0,0,0.42,0.36,0,0,0,0,1,0,0
2,4.0,0,0,0,0,0,0,0,0,0,0,0,0.73,0.78,0,0,0,0,1,0,0
20,2.0,0,0,0,0,0,0,0,0,1,0,0,0.35,0.27,0,1,0,0,1,0,0
3,8.0,0,0,0,0,0,0,0,0,0,0,0,0.4,0.39,0,0,0,0,1,0,0
3,2.0,0,180,312,457,9,43,78,81,39,0,0,-99.0,-99.0,0,1,0,0,1,0,1
89,8.0,0,0,0,0,0,1,1,1,1,0,0,-99.0,0.42,0,0,0,0,1,0,0
7,2.0,0,26,26,26,5,19,23,23,0,0,10,0.26,0.32,0,1,0,0,1,0,1
0,8.0,0,6,11,11,2,10,14,18,0,0,0,0.82,0.89,0,0,0,0,1,0,1
495,8.0,0,0,0,0,0,0,0,0,0,0,0,0.68,0.77,0,0,0,0,1,0,0
11,8.0,0,100,100,100,6,22,46,67,4,0,0,0.97,0.96,0,0,0,0,1,0,1
64,8.0,13,171,311,441,44,140,266,401,88,0,10,0.92,0.76,0,0,0,0,1,0,0
100,2.0,0,0,0,0,145,204,239,281,88,0,0,0.43,0.64,0,0,0,0,1,0,1
1,8.0,0,60,60,60,9,17,27,45,0,0,0,0.97,0.95,0,0,0,0,1,0,1
-4,9.0,0,53,86,112,4,50,76,115,12,0,14,0.61,0.71,4,0,0,0,1,0,1
0,8.0,0,1,1,1,1,1,1,1,0,0,0,0.99,0.98,0,0,0,1,1,0,1
0,8.0,0,0,0,0,0,0,0,0,0,0,0,0.86,0.88,0,0,0,0,1,0,0
0,4.0,0,7,9,13,7,11,14,18,0,0,0,0.78,0.78,0,0,0,0,1,0,1
60,9.0,4,0,31,49,24,98,212,253,17,0,0,0.7,0.66,0,0,0,0,1,0,0
92,8.0,0,0,0,0,2,3,5,8,0,0,0,0.85,0.89,0,0,0,1,1,0,1
13,3.0,0,35,70,112,9,19,37,42,0,0,0,0.99,0.98,0,1,0,0,1,0,1
1,8.0,0,19,28,37,11,19,29,43,2,0,0,0.96,0.97,0,0,0,0,1,0,1
9,2.0,0,410,410,410,340,665,1053,1447,346,0,0,1.0,0.98,1,0,0,0,1,0,1
15,2.0,0,0,0,0,0,0,0,0,0,0,0,0.82,0.81,0,1,0,0,1,0,0
9,2.0,0,0,0,0,0,0,0,0,0,0,0,0.97,0.98,0,0,0,0,1,0,0
-1,8.0,0,6,9,11,8,11,11,11,1,0,0,0.7,0.65,1,0,0,1,1,0,1
31,2.0,0,300,450,600,61,104,131,133,0,0,0,0.51,0.51,0,1,0,0,1,0,1
24,13.0,0,240,300,360,28,74,149,293,5,0,0,0.0,0.0,0,0,0,1,1,0,1
1,10.0,0,4,6,12,2,6,12,15,0,0,0,0.89,0.9,0,0,0,0,1,0,1
8,10.0,0,0,10,10,4,5,10,16,0,0,0,0.89,0.9,0,0,0,0,1,0,1
13,8.0,0,0,0,0,0,0,9,11,0,0,0,0.82,0.83,0,0,0,0,1,0,0
-3,8.0,0,240,240,240,26,42,84,118,3,0,0,0.5,0.33,3,0,0,0,1,0,1
8,8.0,0,8,8,14,0,4,5,12,0,0,0,0.48,0.53,0,0,0,0,1,0,0
0,2.0,0,5,7,10,2,4,8,10,0,0,0,1.0,1.0,0,0,0,0,1,0,1
9,8.0,0,14,26,41,7,23,46,72,0,0,5,0.17,0.33,0,0,0,0,1,0,1
-219,8.0,1,291,291,307,248,734,751,778,46,0,0,0.4,0.65,219,0,0,0,1,0,1
7,8.0,0,10,20,30,4,9,22,31,6,0,0,0.99,0.99,0,0,0,0,1,0,1
8,8.0,0,0,0,0,0,0,0,0,0,0,0,0.99,0.98,0,0,0,0,1,0,0
23,0.0,0,0,0,0,1,2,3,8,1,0,0,0.0,0.0,0,0,0,1,0,0,0
14,3.0,16,82,170,234,46,113,208,341,37,0,0,0.88,0.91,0,0,0,0,1,0,1
50,15.0,0,20,76,118,0,0,0,0,0,0,0,0.93,0.91,0,0,0,0,1,0,0
2,9.0,0,0,0,0,0,0,0,0,1,0,0,0.7,0.66,0,0,0,0,1,0,0
1,8.0,0,2,4,6,1,2,3,3,0,0,0,0.86,0.94,0,0,0,0,1,0,1
9,8.0,0,6,6,10,1,8,17,23,3,0,0,1.0,1.0,0,0,0,0,1,0,1
2,12.0,0,0,0,0,0,0,0,1,0,0,0,0.78,0.78,0,0,0,0,1,0,0
2,12.0,0,0,0,0,0,0,0,0,0,0,0,0.78,0.78,0,0,0,0,1,0,0
0,12.0,0,3,3,3,1,2,4,7,0,0,0,0.78,0.78,0,0,0,1,1,0,1
21,0.0,2,36,72,108,14,41,73,94,5,0,0,0.0,0.0,0,0,0,0,0,0,1
18,8.0,0,0,0,0,0,1,1,1,0,0,0,0.84,0.87,0,0,0,0,1,0,0
11,9.0,0,0,0,0,0,0,0,1,1,0,0,0.34,0.41,0,0,0,0,1,0,0
1,6.0,1,1,2,3,0,1,2,2,1,0,0,0.79,0.66,0,0,0,0,1,0,0
112,2.0,23,152,306,460,42,142,288,413,89,0,0,0.45,0.45,0,0,0,0,1,0,0
1,3.0,0,2,8,12,3,9,14,18,0,0,0,0.94,0.97,0,0,0,0,1,0,1
73,8.0,0,0,0,0,0,1,2,3,1,0,0,0.0,0.0,0,0,0,1,1,0,0
0,8.0,0,7,7,7,0,0,4,4,0,0,0,0.42,0.36,0,0,0,0,1,0,1
3,4.0,0,0,0,0,0,0,0,0,0,0,0,0.73,0.78,0,0,0,0,1,0,0
11,9.0,0,0,0,0,0,0,0,0,1,0,0,0.68,0.66,0,0,0,0,1,0,0
-1,8.0,1,15,15,15,1,7,30,35,8,0,0,0.33,0.57,2,0,0,0,1,0,1
3,2.0,0,0,0,0,1,1,1,1,0,0,0,0.69,0.69,0,1,0,0,1,0,0
23,12.0,2,2375,3816,5476,357,1805,4002,5700,154,0,0,0.7,0.76,5,0,0,0,1,0,1
116,8.0,0,0,0,0,1,4,6,7,1,0,0,1.0,0.92,0,0,0,0,1,0,0
18,8.0,0,13,26,52,2,3,11,17,3,0,0,0.98,0.95,0,0,0,0,1,0,0
4,2.0,0,0,0,0,0,0,0,0,0,0,0,0.8,0.82,0,1,0,0,1,0,0
6,9.0,0,0,0,0,0,0,2,4,1,0,0,0.69,0.68,0,0,0,1,1,0,0
6,2.0,0,0,0,0,0,1,1,1,0,0,0,1.0,0.99,0,1,0,0,1,0,1
1,9.0,0,1,1,2,0,1,1,2,0,0,0,1.0,0.99,0,0,0,0,1,0,1
21,8.0,0,22,39,56,4,16,29,36,7,0,0,0.4,0.6,0,0,0,0,1,0,0
84,4.0,0,0,5,30,3,7,8,9,15,0,0,0.22,0.11,0,1,0,0,1,0,0
-3,9.0,7,10,29,45,9,23,42,48,6,0,0,0.9,0.82,3,0,0,0,1,0,1
76,9.0,20,240,360,600,115,160,285,358,95,0,0,0.94,0.91,0,0,0,0,1,0,1
0,4.0,0,82,82,82,1,1,3,5,1,0,0,0.76,0.53,1,0,0,1,1,0,1
24,8.0,2,151,246,351,36,116,220,349,79,1,0,0.86,0.88,1,0,0,1,1,0,1
2,8.0,0,0,0,0,0,0,0,0,0,0,0,0.8,0.83,0,0,0,0,1,0,0
7,8.0,0,0,0,0,1,1,2,3,0,0,0,1.0,0.98,0,0,0,0,1,0,1
0,8.0,0,13,16,18,2,6,6,14,0,0,0,0.71,0.75,0,0,0,0,1,0,1
1,12.0,0,0,0,0,1,1,1,2,0,0,0,0.74,0.74,0,0,0,0,1,0,1
78,12.0,0,0,0,0,2,19,53,61,8,0,0,0.72,0.81,0,0,0,0,1,0,0
7,4.0,0,0,0,0,0,0,0,0,0,0,0,0.73,0.78,0,0,0,0,1,0,0
2,8.0,0,16,24,40,5,12,22,31,0,0,0,0.17,0.33,0,0,0,0,1,0,1
8,9.0,0,7,14,21,3,8,25,38,0,0,0,1.0,1.0,0,0,0,0,1,0,1
3,8.0,0,0,0,0,0,0,0,2,0,0,0,0.84,0.77,0,0,0,0,1,0,1
104,0.0,0,1249,1959,2601,220,661,1304,1971,272,0,0,0.0,0.0,2,0,0,0,0,0,1
8,2.0,0,0,0,0,1,3,6,7,0,0,0,0.76,0.78,0,0,0,0,1,0,0
28,2.0,17,183,339,495,29,109,218,319,22,0,12,0.68,0.64,0,0,0,1,1,0,1
0,8.0,1,14,20,22,2,6,10,16,0,0,0,0.79,0.87,0,0,0,0,1,0,1
1,8.0,0,6,10,16,2,7,10,13,0,0,0,1.0,0.99,0,0,0,0,1,0,1
0,2.0,0,25,25,50,8,16,30,51,2,0,0,0.81,0.82,0,0,0,0,1,0,1
0,12.0,0,17,27,39,1,10,15,16,0,0,0,0.66,0.69,0,0,0,0,1,0,1
0,2.0,0,4,7,7,0,0,0,0,0,0,0,0.37,0.36,0,0,0,1,1,0,1
0,12.0,0,10,12,12,1,8,14,18,0,0,0,0.73,0.76,0,0,0,0,1,0,1
-23,8.0,1,256,409,550,42,182,364,500,44,0,19,0.57,0.6,32,0,0,0,1,0,1
1,8.0,0,47,72,72,13,22,43,61,3,0,0,0.06,0.13,0,0,0,1,1,0,1
3,8.0,3,9,19,31,1,12,19,24,0,0,0,0.81,0.82,0,0,0,0,1,0,1
2,8.0,0,0,0,0,0,0,0,2,0,0,0,0.94,0.97,0,0,0,0,1,0,0
14,8.0,0,0,0,0,0,0,0,0,0,0,0,0.94,0.82,0,0,0,0,1,0,0
1,2.0,0,5,13,20,3,6,16,22,2,0,0,0.75,0.72,0,0,0,0,1,0,1
3993,2.0,637,2900,5800,8500,1002,4528,23466,25336,413,0,0,0.87,0.91,0,0,0,0,1,0,0
3,8.0,0,0,0,0,0,0,0,0,1,0,0,0.42,0.36,0,0,0,0,1,0,0
0,2.0,0,77,123,146,0,1,1,1,0,0,0,0.98,0.94,0,1,0,1,1,0,1
25,12.0,0,46,89,121,10,38,61,104,18,0,0,0.69,0.69,0,0,0,0,1,0,0
99,12.0,0,0,0,0,0,0,0,0,0,0,0,0.95,0.86,0,0,0,0,1,0,0
39,8.0,14,64,104,152,11,52,101,159,23,0,0,0.82,0.87,0,0,0,0,1,0,0
6,8.0,0,48,96,144,15,48,75,99,1,0,0,0.5,0.5,0,0,0,0,1,0,1
6,8.0,0,0,0,0,0,0,0,0,0,0,0,0.5,0.4,0,0,0,0,1,0,0
2,9.0,0,0,0,0,0,0,0,0,1,0,0,0.68,0.66,0,0,0,0,1,0,0
164,9.0,22,0,20,80,13,64,150,245,16,0,0,0.91,0.77,0,0,0,0,1,0,0
129,8.0,0,0,0,0,1,2,2,3,16,0,0,0.81,0.9,0,0,0,0,1,0,0
4,8.0,0,0,0,0,0,0,3,7,1,0,0,0.42,0.36,0,0,0,0,1,0,1
0,8.0,0,0,0,0,0,0,0,0,0,0,0,0.87,0.8,0,0,0,1,0,1,0
13,8.0,0,20,38,56,9,22,37,57,3,0,0,0.99,0.97,0,0,0,0,1,0,1
11,8.0,0,0,0,0,0,0,0,0,0,0,0,0.37,0.36,0,0,0,0,1,0,0
79,8.0,2,24,74,74,13,40,92,152,21,0,0,0.77,0.82,0,0,0,0,1,0,0
43,8.0,0,0,0,0,7,13,22,27,0,0,0,0.99,0.93,0,0,0,0,1,0,0
2,2.0,0,1,4,6,4,8,13,19,2,0,0,1.0,0.98,0,0,0,0,1,0,1
0,8.0,0,212,212,212,0,5,10,15,0,0,0,0.51,0.53,0,1,0,0,1,0,1
0,9.0,0,241,241,241,0,0,0,0,0,0,32,0.92,0.83,90,0,0,0,1,0,1
0,8.0,0,16,32,44,2,8,20,24,3,0,4,0.84,0.77,0,0,0,0,1,0,1
18,8.0,0,0,0,0,3,8,11,59,0,0,0,0.66,0.63,0,0,0,0,1,0,0
27,2.0,0,0,0,0,0,0,0,1,0,0,0,0.96,0.97,0,0,0,0,1,0,0
1,0.0,0,8,8,8,0,5,11,12,1,0,0,0.0,0.0,3,0,0,1,0,0,1
199,12.0,0,0,0,0,0,0,1,1,2,0,0,0.76,0.82,0,1,0,0,1,0,0
3120,52.0,1,0,0,0,4,12,28,41,6,0,0,-99.0,-99.0,0,1,0,0,0,0,0
0,2.0,0,10,13,16,4,5,10,13,0,0,1,0.33,0.44,0,0,0,0,1,0,1
1,12.0,0,16,26,38,9,16,24,50,0,0,0,1.0,1.0,0,0,0,0,1,0,1
1811,8.0,2,0,0,0,14,62,120,188,53,0,0,0.0,0.25,0,1,0,1,1,0,0
2,2.0,0,1,2,3,1,1,2,3,0,0,0,0.37,0.4,0,1,0,0,1,0,1
0,12.0,0,10,10,10,2,8,8,8,0,0,0,0.78,0.78,0,1,0,0,1,0,1
7,8.0,0,16,36,56,3,15,36,57,7,0,0,0.98,0.99,0,0,0,0,1,0,1
8,12.0,0,31,49,67,7,23,40,61,0,0,0,0.73,0.76,0,0,0,0,1,0,1
19,14.0,0,2,8,14,4,15,25,40,3,0,0,0.99,0.99,0,0,0,0,1,0,0
2,8.0,0,3,5,7,2,3,5,6,0,0,0,0.97,0.95,0,0,0,0,1,0,1
0,9.0,0,5,5,5,0,0,0,0,0,0,0,0.7,0.66,0,1,0,0,1,0,0
21,0.0,0,434,549,549,17,81,166,235,37,0,0,0.0,0.0,1,0,0,1,1,0,1
0,2.0,0,22,37,57,0,0,0,0,0,0,0,0.78,0.82,0,0,0,1,1,0,1
400,9.0,0,0,0,0,0,0,2,2,0,0,0,0.99,0.99,0,0,0,0,1,0,0
-35,12.0,26,288,424,560,103,224,325,473,54,0,0,0.56,0.47,52,0,0,0,1,0,1
9,9.0,0,0,0,0,0,0,0,0,0,0,0,0.68,0.66,0,0,0,0,1,0,0
582,8.0,7,0,0,0,31,118,250,416,522,0,0,1.0,0.87,0,0,0,0,1,0,0
2,8.0,0,1,3,7,6,14,25,32,55,0,0,0.82,0.68,0,0,0,0,1,0,1
26,2.0,0,0,0,0,0,0,0,0,0,0,0,0.83,0.66,0,0,0,0,1,0,0
6,2.0,0,39,71,103,12,39,62,82,0,0,4,0.78,0.74,0,0,0,0,1,0,1
1015,8.0,0,700,2800,4200,0,2,2,8,0,0,700,0.91,0.72,0,0,0,0,1,0,0
4,8.0,0,0,1,3,0,1,3,7,2,0,0,0.75,0.89,0,0,0,0,1,0,0
0,2.0,0,6,6,6,0,0,0,0,0,0,0,0.82,0.81,0,0,0,1,1,0,1
6,2.0,0,312,468,664,3,3,3,3,1,0,0,0.81,0.83,0,1,0,0,1,0,1
1,4.0,0,8,12,16,3,7,14,20,0,0,0,0.89,0.9,0,0,0,0,1,0,1
2,12.0,0,185,185,185,1,5,8,11,1,0,0,0.27,0.26,0,1,0,0,1,0,1
17,12.0,0,29,56,83,2,24,47,66,19,0,0,0.78,0.78,0,1,0,1,0,0,1
3,2.0,0,0,2,3,0,1,1,2,0,0,0,0.99,0.99,0,0,0,1,1,0,1
721,12.0,60,29,1985,2153,113,332,631,950,86,0,11,0.91,0.95,0,0,0,0,1,0,0
524,12.0,185,1408,2624,3840,429,1430,2758,4245,435,0,0,0.98,0.61,0,0,0,0,1,0,0
40,8.0,0,0,0,0,3,9,14,18,1,0,0,0.6,0.77,0,1,0,0,1,0,0
534,8.0,0,0,0,0,0,2,9,13,0,0,0,0.95,0.97,0,0,0,0,1,0,0
212,12.0,15,0,0,0,28,84,170,303,41,0,0,0.71,0.71,0,0,0,0,1,0,0
1,8.0,0,17,23,29,6,11,29,50,2,0,0,0.42,0.46,0,0,0,0,1,0,1
20,2.0,0,0,0,0,1,2,4,9,1,0,0,-99.0,-99.0,0,1,0,0,1,0,1
628,12.0,4,0,0,0,50,91,182,268,39,0,0,0.81,0.83,0,0,0,0,1,0,0
1106,2.0,0,0,0,0,0,0,1,2,1,0,0,0.99,0.99,0,0,0,0,1,0,0
1,12.0,0,20,30,50,1,10,25,33,0,0,0,0.9,0.89,0,0,0,0,1,0,1
18,2.0,0,0,0,0,0,0,0,2,1,0,0,1.0,1.0,0,1,0,1,1,0,0
0,3.0,0,12,18,24,2,5,8,12,2,0,0,0.43,0.46,0,1,0,0,1,0,1
120,15.0,0,0,0,0,5,22,63,101,11,0,0,0.84,0.93,0,0,0,0,1,0,0
8,8.0,0,0,0,0,1,4,9,11,1,0,0,0.99,0.97,0,0,0,0,1,0,1
8,4.0,2,6,6,6,2,3,6,10,7,0,0,0.73,0.78,0,0,0,0,1,0,0
8,12.0,4,9,15,24,4,12,25,40,12,0,0,0.69,0.69,0,0,0,0,1,0,0
95,2.0,80,0,28,28,8,17,40,50,0,0,0,0.8,0.82,0,0,0,0,1,0,0
12,2.0,1,6,15,27,0,6,23,26,0,0,0,0.83,0.86,0,0,0,0,1,0,0
7,2.0,0,5,10,15,4,6,15,21,1,0,0,0.99,0.99,0,0,0,0,1,0,1
5,9.0,0,0,0,0,1,1,1,1,0,0,0,0.85,0.83,0,0,0,0,1,0,0
5,16.0,0,26,39,52,4,26,37,50,4,0,0,0.44,0.46,0,0,0,0,1,0,1
5,4.0,0,0,0,0,0,0,1,1,0,0,0,0.73,0.78,0,0,0,0,1,0,0
14,12.0,0,0,0,0,2,4,11,18,0,0,0,0.78,0.78,0,0,0,0,1,0,0
0,2.0,0,118,205,286,0,0,0,1,17,0,0,0.99,0.95,0,0,0,0,1,0,1
6,8.0,0,8,17,26,4,12,19,35,1,0,0,0.98,0.99,0,0,0,0,1,0,1
55,2.0,0,0,0,0,1,2,3,3,0,0,0,0.88,0.93,0,1,0,0,1,0,0
12,8.0,0,12,28,40,3,8,26,37,0,0,0,0.68,0.49,0,0,0,0,1,0,0
51,11.0,3,53,101,161,22,51,119,165,35,0,0,0.85,0.76,0,0,0,0,1,0,0
17,4.0,0,0,4,8,1,7,10,14,0,0,0,0.73,0.78,0,0,0,0,1,0,0
0,8.0,0,1,1,1,1,1,1,2,1,0,0,0.96,0.97,0,0,0,1,1,0,1
1,8.0,0,4,5,6,2,4,6,9,0,0,0,0.15,0.34,0,0,0,0,1,0,1
212,2.0,67,96,192,320,50,87,97,113,58,0,0,0.86,0.8,0,0,0,0,1,0,0
0,8.0,4,13,19,25,9,16,27,44,0,0,0,0.72,0.72,0,0,0,0,1,0,1
1,2.0,0,0,0,1,1,1,1,2,1,0,0,0.98,0.96,0,0,0,1,1,0,1
3,5.0,3,4,4,4,1,5,5,5,2,0,0,0.68,0.69,0,1,0,0,1,0,0
-2,8.0,0,12,12,12,0,0,0,2,2,0,0,0.05,0.12,2,0,0,1,1,0,1
18,8.0,0,112,208,288,0,0,0,0,0,0,0,0.97,0.97,0,0,0,0,1,0,1
6,2.0,0,0,0,0,1,2,2,2,0,0,0,0.95,0.97,0,1,0,0,1,0,1
1,12.0,0,4,7,9,1,4,7,7,0,0,0,0.82,0.79,0,1,0,0,0,0,1
0,8.0,0,0,0,0,1,3,4,7,2,0,0,1.0,0.98,0,1,0,0,1,0,0
-1,8.0,3,5,6,9,2,7,10,12,0,0,0,0.81,0.82,1,0,0,0,1,0,1
305,2.0,4,112,224,336,42,134,253,382,78,0,0,1.0,0.99,0,0,0,0,1,0,0
61,4.0,0,0,0,0,3,12,22,40,10,0,0,0.73,0.78,0,0,0,0,1,0,0
1,9.0,0,1,2,3,0,0,1,3,1,0,0,0.69,0.68,0,0,0,0,1,0,1
3,8.0,0,1,3,5,2,5,13,18,2,0,0,1.0,1.0,0,0,0,1,1,0,1
0,8.0,0,3200,3200,3200,0,0,0,0,6,0,0,0.0,0.0,0,0,0,0,1,0,1
4,8.0,0,0,0,0,0,0,0,0,0,0,0,0.84,0.9,0,0,0,0,1,0,0
59,8.0,1,5,30,60,12,41,87,112,18,0,0,0.65,0.67,0,0,0,1,1,0,0
0,12.0,0,3,3,3,1,2,4,4,0,0,0,0.73,0.76,0,0,0,1,1,0,1
3,8.0,0,0,0,0,0,0,0,0,0,0,0,0.94,0.91,0,0,0,0,1,0,0
5,8.0,0,37,37,37,6,13,24,38,0,0,0,0.97,0.95,0,0,0,1,1,0,1
0,2.0,0,5,7,7,0,0,0,0,0,0,0,0.53,0.54,0,1,0,0,1,0,1
3,8.0,0,0,0,0,0,0,0,0,0,0,0,0.98,0.99,0,0,0,0,1,0,0
65,4.0,0,0,0,0,0,0,0,0,0,0,0,0.73,0.78,0,0,0,0,1,0,0
11,2.0,0,0,0,0,0,0,0,0,0,0,0,0.59,0.69,0,1,0,0,1,0,0
28,8.0,0,0,0,0,0,2,2,2,0,0,0,0.65,0.81,0,0,0,0,1,0,0
1,8.0,2,24,34,44,7,14,35,51,1,0,0,0.98,0.99,0,0,0,0,1,0,1
57,4.0,0,0,0,0,7,12,17,20,7,0,0,0.35,0.55,0,0,0,0,1,0,0
37,8.0,0,0,0,14,4,21,43,59,12,0,0,0.34,0.53,0,0,0,0,1,0,0
81,8.0,31,60,120,180,58,143,274,447,40,0,0,0.96,0.96,0,0,0,0,1,0,1
-7,17.0,0,27,27,27,0,13,39,41,3,0,0,0.82,0.84,7,0,0,0,1,0,1
21,8.0,0,96,192,240,26,69,173,276,26,0,0,0.77,0.9,0,0,0,0,1,0,1
17,8.0,0,0,0,0,0,0,0,0,0,0,0,0.98,0.97,0,0,0,0,1,0,0
49,8.0,0,0,0,0,1,1,1,2,0,0,0,0.48,0.39,0,0,0,0,1,0,0
155,8.0,3,0,100,100,14,46,96,155,25,0,0,0.93,0.97,0,0,0,0,1,0,0
0,8.0,0,3,5,6,0,4,4,8,2,0,0,1.0,0.99,0,0,0,0,1,0,1
1,8.0,0,28,35,56,6,16,26,38,3,0,0,0.98,0.97,0,0,0,0,1,0,1
4,8.0,0,0,0,0,0,0,0,0,0,0,0,0.1,0.13,0,1,0,0,1,0,0
10,8.0,0,22,42,66,10,30,51,71,0,0,0,0.98,0.98,0,0,0,0,1,0,1
25,2.0,0,0,0,0,0,0,1,1,2,0,0,0.67,0.62,0,0,0,0,1,0,0
0,8.0,0,20,29,38,0,9,17,30,0,0,8,0.6,0.54,0,0,0,1,1,0,1
4,2.0,0,0,0,0,10,18,26,34,0,0,0,0.37,0.36,0,0,0,0,1,0,1
502,8.0,116,307,867,1347,141,521,1207,1903,210,0,0,0.93,0.96,0,0,0,0,1,0,0
3081,9.0,116,2760,5750,8510,176,2055,3579,4892,364,0,0,0.69,0.86,0,0,0,0,1,0,0
5,2.0,0,10,20,20,3,4,16,28,1,0,0,0.93,0.85,0,0,0,0,0,0,0
59,2.0,0,11,55,99,11,57,99,122,21,0,0,1.0,0.99,0,0,0,0,1,0,1
8,8.0,0,0,0,0,1,2,2,2,0,0,0,0.5,0.82,0,0,0,0,1,0,0
154,8.0,488,1200,2120,3120,509,1330,2171,3040,244,0,0,0.95,0.91,20,0,0,0,1,0,0
1,12.0,0,5,6,6,4,5,5,5,0,0,0,0.78,0.78,0,0,0,0,1,0,1
59,8.0,14,34,64,104,11,36,81,118,43,0,0,0.98,0.98,0,0,0,1,1,0,0
0,8.0,0,3,5,6,1,2,3,3,0,0,0,0.97,0.97,0,0,0,0,1,0,1
1,12.0,0,10,10,10,0,6,6,6,0,0,0,0.82,0.79,0,1,0,0,1,0,1
4,8.0,0,0,0,0,0,0,0,0,0,0,0,1.0,1.0,0,0,0,0,1,0,0
0,8.0,0,5,5,6,0,0,2,5,2,0,0,0.73,0.77,0,0,0,0,1,0,1
8,2.0,1,13,27,41,3,12,33,46,3,0,0,0.97,0.96,0,0,0,0,1,0,1
0,12.0,0,6,9,10,0,0,0,0,0,0,3,0.73,0.79,0,0,0,0,1,0,0
4,8.0,0,0,0,0,1,2,2,2,0,0,0,0.99,0.99,0,0,0,0,1,0,0
100,4.0,0,566,806,1046,131,316,628,945,268,0,0,0.78,0.78,0,0,0,0,1,0,1
21,2.0,0,0,0,5,6,13,17,18,0,0,0,0.45,0.45,0,1,0,1,1,0,1
311,2.0,39,191,413,615,67,267,600,823,70,0,0,1.0,0.94,0,0,0,0,1,0,0
18,8.0,0,10,20,30,3,14,34,36,0,0,0,0.82,0.91,0,0,0,0,1,0,0
4,8.0,0,2,5,7,1,4,6,7,8,0,0,0.81,0.82,0,0,0,0,1,0,1
0,2.0,0,50,75,100,10,19,60,84,2,0,25,0.79,0.71,0,0,0,0,1,0,1
2,8.0,0,0,1,2,0,1,1,1,0,0,0,0.95,0.97,0,0,0,0,1,0,1
7,4.0,0,0,0,0,0,1,1,1,0,0,0,0.77,0.8,0,0,0,0,1,0,0
8,4.0,0,0,0,0,0,0,0,0,0,0,0,0.73,0.78,0,0,0,0,1,0,0
53,4.0,0,0,0,0,9,44,75,123,6,0,0,0.73,0.78,0,0,0,1,1,0,0
1,8.0,0,12,18,24,10,14,20,35,2,0,0,0.94,0.97,0,0,0,0,1,0,1
6,8.0,0,32,32,32,6,18,32,44,3,0,0,0.97,0.98,0,0,0,0,1,0,1
0,8.0,0,66,95,95,0,0,0,0,13,0,0,0.77,0.65,0,1,0,1,1,0,1
7,8.0,0,0,0,0,0,0,1,1,1,0,0,0.82,0.78,0,0,0,0,1,0,0
1,8.0,0,24,32,54,4,20,37,52,0,0,2,0.17,0.33,0,0,0,0,1,0,1
63,8.0,0,343,595,847,69,300,607,897,88,0,40,0.82,0.75,0,0,0,0,1,0,1
2,2.0,0,0,0,0,0,0,0,0,1,0,0,1.0,1.0,0,0,0,0,1,0,0
79,2.0,0,0,0,0,4,14,18,22,0,0,0,0.85,0.8,0,1,0,0,1,0,1
0,4.0,0,18,30,42,8,12,21,28,0,0,0,0.96,0.85,0,0,0,0,1,0,1
166,8.0,0,210,210,420,30,102,222,349,39,0,0,0.97,0.98,0,0,0,0,1,0,0
215,2.0,0,0,0,0,0,2,3,3,2,0,0,1.0,0.94,0,0,0,0,1,0,0
207,8.0,35,1218,1938,2568,228,697,1331,2028,184,0,90,0.97,0.94,0,0,0,0,1,0,1
2,4.0,0,12,18,30,8,11,19,26,0,0,0,0.96,0.83,0,0,0,0,1,0,1
27,2.0,0,60,60,120,20,53,72,137,0,0,0,0.67,0.8,0,0,0,0,1,0,1
9,8.0,0,60,80,100,19,60,89,108,0,0,0,0.98,0.98,0,0,0,0,1,0,1
0,12.0,0,0,0,0,0,0,0,0,1,0,0,0.31,0.42,0,0,0,1,1,0,0
6,2.0,0,110,146,206,12,52,103,167,30,0,0,0.68,0.7,0,0,0,0,1,0,1
0,8.0,0,12,12,18,3,7,13,22,0,0,0,0.9,0.95,0,0,0,0,1,0,1
0,8.0,0,24,24,24,1,14,21,23,0,0,4,0.66,0.67,0,0,0,0,1,0,1
20,4.0,0,0,0,0,0,0,0,0,1,0,0,0.28,0.57,0,0,0,0,1,0,0
6,8.0,0,12,24,36,0,8,14,25,0,0,0,0.99,0.97,0,0,0,0,1,0,1
15,8.0,4,60,80,110,8,27,55,96,13,0,20,0.3,0.26,0,0,0,1,1,0,0
0,8.0,0,2,3,5,0,1,3,3,1,0,0,0.37,0.38,0,0,0,0,1,0,1
4,8.0,0,5,9,13,2,3,6,9,0,0,0,1.0,0.99,0,0,0,0,1,0,1
16,8.0,0,0,8,16,3,9,23,30,0,0,0,0.5,0.53,0,0,0,0,1,0,1
10,8.0,0,112,112,224,18,43,78,145,28,0,0,0.84,0.87,1,0,0,1,1,0,1
5,8.0,1,35,53,89,3,19,36,63,3,0,18,0.14,0.32,0,0,0,0,1,0,1
3,8.0,0,0,0,1,0,0,1,4,0,0,0,0.48,0.53,0,0,0,0,1,0,1
50,2.0,0,0,0,0,0,1,4,4,1,0,0,0.95,0.92,0,0,0,0,1,0,0
0,2.0,0,12,12,12,0,0,0,0,1,0,0,0.84,0.83,0,0,0,0,1,0,1
12,8.0,0,0,0,0,0,0,0,0,0,0,0,0.92,0.93,0,0,0,0,1,0,0
16,2.0,0,0,0,0,0,0,0,0,0,0,0,0.99,0.81,0,0,0,0,1,0,0
959,8.0,12,0,0,0,46,117,245,457,85,0,0,0.72,0.75,0,0,0,0,1,0,0
6,2.0,0,0,0,0,1,6,13,17,0,0,0,0.95,0.97,0,0,0,1,1,0,1
78,8.0,0,0,0,0,1,2,2,4,0,0,0,0.99,0.99,0,0,0,0,1,0,0
10,2.0,0,0,0,0,0,1,4,12,0,0,0,1.0,0.94,0,0,0,0,1,0,0
0,9.0,0,11,16,21,1,3,8,10,0,0,0,0.43,0.45,0,0,0,0,1,0,1
5,52.0,0,0,0,0,0,0,0,0,1,0,0,0.64,0.77,0,1,0,0,1,0,0
32,16.0,0,24,48,60,7,34,64,107,21,0,12,0.66,0.64,0,0,0,1,1,0,0
0,2.0,0,85,85,85,0,0,1,1,1,0,0,0.76,0.53,0,0,0,0,1,0,1
439,2.0,345,856,1696,2560,232,809,1577,2346,217,0,0,0.97,0.97,0,0,0,0,1,0,0
420,8.0,0,0,0,0,20,50,109,178,31,0,0,0.98,0.99,0,0,0,1,1,0,0
0,2.0,0,130,130,130,0,0,1,1,0,0,0,0.99,0.86,0,1,0,0,0,0,1
3,2.0,0,28,28,28,12,14,14,14,2,0,0,0.96,0.98,0,0,0,0,1,0,1
321,8.0,0,0,0,0,0,0,0,1,2,0,0,0.98,0.93,0,1,0,0,1,0,0
6,2.0,0,0,0,0,0,0,0,0,0,0,0,0.99,0.96,0,0,0,0,1,0,0
18,8.0,0,0,0,0,0,0,0,0,1,0,0,0.99,0.95,0,0,0,0,1,0,0
0,12.0,0,5,6,6,5,5,5,5,0,0,0,0.82,0.79,0,0,0,0,1,0,1
-21,2.0,0,39,52,65,81,106,169,241,5,0,0,0.97,0.99,21,0,0,0,1,0,1
0,2.0,0,3,3,3,0,0,0,0,0,0,0,0.43,0.45,0,1,0,1,1,0,0
5072,2.0,0,0,0,0,10,24,39,62,10,0,0,1.0,1.0,0,0,0,1,1,0,0
0,2.0,0,10,10,10,0,0,0,0,0,0,0,0.0,0.0,0,1,0,0,1,0,1
5,10.0,0,0,0,0,0,0,0,0,0,0,0,0.89,0.9,0,0,0,0,1,0,0
471,9.0,77,540,1140,1740,206,691,1510,2270,190,0,0,1.0,0.99,0,0,0,0,1,0,0
-4,8.0,0,24,40,48,1,6,16,32,5,0,1,0.73,0.73,4,0,0,0,1,0,1
0,2.0,1,6,6,6,3,6,6,6,0,0,1,0.93,0.93,0,1,0,0,1,0,1
0,8.0,0,2,2,2,0,0,0,0,0,0,0,0.42,0.36,0,1,0,0,1,0,0
5,8.0,0,4,8,12,2,4,7,17,1,0,0,0.81,0.8,0,0,0,0,1,0,1
13,4.0,0,0,2,3,14,22,27,28,1,0,0,0.24,0.14,0,1,0,0,1,0,1
4,2.0,0,1,1,1,0,0,0,0,0,0,0,0.1,0.11,0,1,0,0,1,0,0
1,2.0,0,6,6,6,1,3,3,4,1,0,0,1.0,0.99,0,0,0,0,1,0,1
20,8.0,0,0,0,0,0,0,0,0,1,0,0,0.99,0.98,0,0,0,0,1,0,0
0,8.0,0,3,4,5,2,3,4,5,0,0,0,0.84,0.48,0,0,0,1,1,0,1
5,8.0,0,80,124,160,15,49,95,135,13,0,0,0.61,0.57,0,0,0,1,1,0,1
4,8.0,0,0,3,6,0,4,7,10,0,0,0,0.81,0.89,0,0,0,0,1,0,1
3,2.0,0,0,0,0,3,4,10,10,0,0,0,0.54,0.56,0,1,0,1,1,0,1
166,9.0,66,126,189,315,52,144,324,494,51,0,0,0.95,0.89,0,0,0,0,1,0,0
3,8.0,0,6,18,24,3,7,12,18,3,0,0,0.98,0.95,0,0,0,0,1,0,1
555,8.0,400,1032,1697,2495,430,922,1792,2702,331,0,0,0.85,0.92,0,0,0,0,1,0,0
466,3.0,123,592,1074,1539,179,616,1341,2061,186,0,0,0.43,0.46,0,0,0,0,1,0,0
0,2.0,0,5,7,7,0,0,0,0,0,0,0,0.62,0.73,0,1,0,0,1,0,0
7,12.0,0,11,23,35,2,14,29,36,0,0,1,0.78,0.78,0,0,0,0,1,0,1
21,8.0,54,110,198,294,84,206,331,416,56,0,0,0.69,0.68,0,0,0,0,1,0,1
2,8.0,0,1,1,1,0,0,1,2,3,0,0,0.99,0.99,0,1,0,0,1,0,0
1,2.0,0,2,3,5,1,2,4,4,2,0,0,1.0,1.0,0,0,0,0,1,0,1
-29,8.0,12,843,1179,1467,156,501,904,1308,217,0,48,0.53,0.54,32,0,0,1,1,0,1
27,52.0,0,116,116,116,0,9,9,50,0,0,0,0.68,0.58,0,1,0,0,0,0,0
14,2.0,0,5,5,5,0,0,0,0,0,0,0,0.99,0.96,0,1,0,0,1,0,0
0,2.0,0,130,130,130,0,1,1,1,0,0,0,0.99,0.84,0,1,0,0,0,0,1
544,8.0,13,366,606,774,99,310,655,1104,93,0,0,-99.0,-99.0,0,0,0,1,1,0,0
235,2.0,89,725,1375,1960,215,642,1156,1678,176,0,210,0.02,0.1,0,0,0,0,1,0,1
14,8.0,0,0,0,0,0,0,0,0,0,0,0,0.78,0.86,0,0,0,0,1,0,0
20,2.0,0,0,12,24,0,8,21,26,0,0,0,0.97,0.95,0,0,0,0,1,0,0
7,9.0,0,0,0,0,0,0,0,0,0,0,0,0.86,0.84,0,0,0,0,1,0,0
0,12.0,0,6,6,6,0,1,3,4,0,0,0,0.68,0.49,0,1,0,1,1,0,1
107,2.0,84,149,292,415,90,247,397,570,54,0,0,0.96,0.96,0,0,0,0,1,0,0
2,2.0,0,2,6,8,1,3,6,12,0,0,0,0.99,0.81,0,0,0,0,1,0,1
6,8.0,0,8,14,20,4,10,14,24,7,0,0,0.83,0.86,0,0,0,0,1,0,0
0,8.0,0,0,0,0,0,0,0,0,0,0,0,0.79,0.61,0,1,0,0,1,0,0
0,8.0,0,6,6,6,0,1,1,2,0,0,0,0.46,0.35,0,0,0,0,1,0,1
3,12.0,0,0,0,0,0,0,0,0,0,0,0,0.57,0.7,0,0,0,0,1,0,0
0,9.0,0,2,2,3,0,1,2,2,2,0,0,0.68,0.66,0,0,0,0,1,0,1
2038,8.0,101,1050,1650,2250,278,1010,1800,2561,356,0,0,1.0,0.99,0,0,0,0,1,0,0
5,9.0,0,0,0,0,0,0,0,0,0,0,0,0.99,0.99,0,0,0,0,1,0,0
42,8.0,1,408,680,952,86,290,534,774,90,0,0,0.44,0.62,2,0,0,0,1,0,1
0,12.0,3,2,5,6,0,0,0,0,0,0,0,0.78,0.78,0,1,0,0,1,0,0
15,8.0,0,0,0,0,0,1,3,5,0,0,0,0.76,0.78,0,0,0,0,1,0,0
0,2.0,0,200,200,200,0,0,0,0,56,0,0,0.99,0.98,0,0,0,1,1,0,1
24,2.0,0,0,0,0,0,0,2,3,0,0,0,1.0,0.97,0,0,0,1,1,0,0
24,2.0,0,0,0,0,0,0,0,0,0,0,0,0.68,0.64,0,0,0,0,1,0,0
743,4.0,564,698,1390,1947,250,758,1572,2427,162,0,0,0.77,0.8,3,0,0,0,1,0,0
113,52.0,0,0,0,0,0,0,0,0,2,0,0,-99.0,-99.0,0,1,0,0,0,0,0
2,12.0,0,0,0,0,0,0,0,0,0,0,0,0.82,0.79,0,0,0,0,1,0,0
1,9.0,0,2,2,2,0,6,6,6,0,0,0,0.85,0.83,0,0,0,0,1,0,1
0,3.0,0,4,4,4,0,0,0,0,0,0,0,0.86,0.69,0,1,0,1,1,0,0
0,2.0,0,11,11,11,0,0,0,0,0,0,0,0.08,0.16,0,1,0,0,1,0,1
143,8.0,46,100,200,350,38,142,286,422,47,0,0,0.99,0.93,0,0,0,0,1,0,0
66,8.0,0,0,0,0,1,3,3,6,0,0,0,0.93,0.95,0,1,0,0,1,0,0
10,2.0,0,2,14,15,13,17,18,18,0,0,0,0.81,0.85,0,0,0,1,1,0,1
4,8.0,0,43,64,85,10,34,64,87,7,0,0,0.99,0.97,0,0,0,0,1,0,1
10,8.0,0,0,0,0,0,0,1,1,0,0,0,0.87,0.93,0,0,0,0,1,0,0
21,8.0,0,0,36,36,6,14,27,40,41,0,0,0.95,0.92,0,0,0,1,1,0,0
8,2.0,0,0,0,0,0,0,0,0,0,0,0,0.98,0.95,0,0,0,0,1,0,0
4569,8.0,10,25000,25000,25000,110,334,836,1309,243,0,25000,-99.0,-99.0,0,0,0,0,1,0,0
7,8.0,0,0,0,0,0,0,0,1,0,0,0,0.79,0.78,0,1,0,0,1,0,0
30,8.0,0,500,500,500,62,157,221,326,8,0,0,0.95,0.95,0,0,0,0,1,0,1
14,8.0,0,20,38,56,11,22,37,58,3,0,0,0.99,0.97,0,0,0,0,1,0,1
1,8.0,0,1,3,7,1,3,8,13,0,0,0,0.99,0.98,0,0,0,0,1,0,1
0,12.0,0,1,1,1,0,0,0,0,0,0,0,0.63,0.72,0,0,0,0,1,0,1
6684,2.0,3800,0,0,0,610,2227,3510,4838,1268,0,0,0.5,0.66,0,0,0,0,1,0,0
3,8.0,0,0,0,1,0,0,2,2,0,0,0,0.98,0.99,0,0,0,1,1,0,0
0,3.0,0,4,4,4,0,2,4,6,0,0,0,0.89,0.9,0,0,0,0,1,0,1
0,15.0,0,0,0,0,0,0,0,0,0,0,0,0.78,0.76,0,0,0,0,1,0,0
1,2.0,0,6,10,14,3,6,8,13,1,0,0,0.91,0.93,0,0,0,0,1,0,1
276,2.0,508,160,512,800,282,584,924,1221,313,0,0,0.92,0.86,0,0,0,1,1,0,0
0,2.0,0,4,4,6,3,5,8,13,0,0,0,0.99,0.82,0,0,0,0,1,0,1
3,4.0,0,0,0,0,0,0,0,0,0,0,0,0.73,0.78,0,0,0,0,1,0,0
2000,8.0,0,0,0,0,0,0,0,0,0,0,0,-99.0,0.33,0,0,0,0,1,0,0
134,8.0,0,0,200,200,32,82,178,283,43,0,0,0.93,0.92,0,0,0,0,1,0,0
0,2.0,0,5,5,6,0,4,6,10,0,0,4,0.28,0.28,0,0,0,0,1,0,1
3,8.0,0,11,18,25,2,5,12,25,2,0,0,1.0,0.96,0,0,0,0,1,0,1
0,8.0,0,6,6,6,3,3,3,3,1,0,0,0.42,0.36,3,0,0,0,1,0,1
2,2.0,0,10,25,40,6,19,29,43,0,0,0,0.98,0.98,0,0,0,0,1,0,1
0,8.0,0,3,3,4,0,1,1,3,1,0,0,0.65,0.69,0,0,0,0,1,0,1
0,2.0,0,5,8,9,0,0,0,0,0,0,3,0.42,0.36,0,1,0,1,1,0,1
6,2.0,0,6,12,12,0,1,1,1,0,0,0,0.38,0.4,0,1,0,0,1,0,0
0,8.0,0,100,100,100,4,9,57,63,2,0,0,0.98,0.99,0,0,0,0,1,0,1
1,2.0,0,0,0,0,1,1,1,1,0,0,0,0.78,0.82,0,1,0,0,1,0,1
306,8.0,0,0,0,0,7,39,91,145,19,0,0,0.71,0.7,0,0,0,0,1,0,0
129,2.0,0,644,1060,1481,93,628,771,869,122,0,91,0.73,0.69,0,1,0,0,1,0,1
2,2.0,0,4,4,4,4,11,11,11,0,0,0,0.66,0.63,0,1,0,0,1,0,1
3,2.0,0,0,0,0,1,1,1,1,1,0,0,0.87,0.75,0,0,0,0,1,0,1
472,0.0,0,0,0,500,0,0,0,0,0,0,0,0.0,0.0,0,0,0,0,0,0,0
2,4.0,0,0,0,0,0,0,0,0,0,0,0,0.68,0.66,0,1,0,0,1,0,0
5,9.0,0,0,1,2,3,3,10,15,0,0,0,0.91,0.74,0,0,0,0,1,0,1
13,2.0,0,0,20,20,4,9,15,15,3,0,0,0.6,0.64,0,0,0,0,1,0,1
3,9.0,0,3,3,3,0,9,16,19,0,0,0,0.87,0.72,0,0,0,0,1,0,1
0,9.0,0,2,3,4,0,1,2,2,0,0,0,0.68,0.66,0,0,0,0,1,0,1
63,9.0,18,0,0,0,4,10,25,51,0,0,0,0.85,0.82,0,0,0,0,1,0,0
56,8.0,26,179,312,444,51,150,279,440,55,0,0,0.81,0.88,6,0,0,0,1,0,1
0,2.0,0,9,9,9,0,0,0,0,1,0,0,0.0,0.0,0,1,0,0,1,0,0
2,8.0,0,0,0,0,0,0,1,2,0,0,0,0.96,0.96,0,1,0,0,1,0,0
0,8.0,0,2,4,5,1,3,5,5,0,0,0,1.0,1.0,0,0,0,0,1,0,1
0,9.0,0,241,241,241,0,0,0,0,0,0,0,0.92,0.77,90,0,0,0,1,0,1
5,9.0,0,0,0,2,1,2,2,4,1,0,0,0.68,0.66,0,0,0,0,1,0,0
56,8.0,0,0,0,0,0,0,1,1,2,0,0,0.03,0.09,0,0,0,0,1,0,0
-85,12.0,0,126,126,126,0,110,141,187,140,0,0,0.0,0.01,75,0,0,0,1,0,1
6,12.0,58,42,82,102,17,72,149,208,37,0,0,0.78,0.78,0,0,0,1,1,0,1
11,8.0,0,0,0,0,2,6,10,12,1,0,0,0.0,0.03,0,1,0,0,1,0,0
14,8.0,0,0,0,0,0,1,3,4,0,0,0,0.95,0.95,0,1,0,0,1,0,0
71,8.0,12,124,190,322,22,75,151,226,25,0,0,0.35,0.35,0,0,0,0,1,0,0
128,8.0,0,248,584,824,29,167,381,508,73,0,0,0.99,0.98,4,0,0,0,1,0,1
0,9.0,0,4,5,7,0,2,4,5,0,0,0,0.98,0.98,0,0,0,0,1,0,1
74,8.0,0,0,0,0,1,3,6,8,0,0,0,0.83,0.9,0,0,0,0,1,0,0
185,8.0,0,0,0,0,2,2,3,3,0,0,0,0.95,0.97,0,0,0,0,1,0,0
0,2.0,0,12,12,12,0,0,0,0,0,0,0,0.91,0.93,0,1,0,0,1,0,0
0,8.0,2,1,1,1,1,1,2,2,0,0,0,0.84,0.89,0,1,0,0,1,0,1
927,8.0,36,0,0,0,134,223,381,578,97,0,0,1.0,1.0,0,0,0,0,1,0,0
15,8.0,0,0,0,0,0,0,0,0,0,0,0,0.97,0.97,0,0,0,0,1,0,0
2601,2.0,2,0,0,0,47,129,217,322,69,0,0,0.21,0.24,0,0,0,1,1,0,0
60,4.0,15,6,18,24,12,38,82,133,2,0,0,0.77,0.8,0,0,0,0,1,0,0
2,9.0,0,0,0,0,0,1,1,1,1,0,0,0.99,0.99,0,0,0,0,1,0,0
3,2.0,0,6,12,18,2,5,9,15,0,0,0,1.0,0.99,0,0,0,0,1,0,1
868,8.0,260,1200,2200,2800,326,1077,2018,3265,332,0,0,0.8,0.9,0,0,0,0,1,0,0
9,2.0,0,80,140,200,18,53,118,157,0,0,0,0.98,0.97,0,0,0,0,1,0,1
130,2.0,11,502,802,1102,110,301,571,867,134,0,0,0.99,0.99,0,0,0,0,1,0,0
5,9.0,0,0,0,0,0,0,0,0,1,0,0,0.68,0.66,0,1,0,1,1,0,0
32,2.0,0,0,0,0,9,9,9,10,0,0,0,0.95,0.97,0,0,0,0,1,0,0
0,2.0,0,5,5,5,0,0,0,0,0,0,0,0.68,0.66,0,1,0,1,1,0,0
4,12.0,0,0,0,0,0,0,0,0,0,0,0,0.63,0.72,0,1,0,1,1,0,0
3,12.0,0,0,0,0,0,0,0,0,0,0,0,0.78,0.78,0,0,0,0,1,0,0
3,8.0,0,0,0,0,0,0,0,0,1,0,0,0.71,0.75,0,0,0,0,1,0,0
7,2.0,0,0,0,0,1,1,1,1,0,0,0,0.66,0.32,0,1,0,0,1,0,0
1,8.0,0,0,0,0,0,0,0,0,1,0,0,0.76,0.78,0,0,0,0,1,0,0
0,8.0,0,32,49,83,10,20,27,44,4,0,0,0.95,0.97,0,0,0,0,1,0,1
0,2.0,0,2,7,7,0,0,0,0,0,0,0,0.8,0.82,0,0,0,1,1,0,1
3,12.0,0,0,0,0,1,1,1,3,0,0,0,0.74,0.74,0,0,0,0,1,0,0
1,2.0,0,2,4,6,1,1,4,4,2,0,0,1.0,1.0,0,0,0,0,1,0,1
29,12.0,0,36,72,108,5,26,55,87,0,0,0,0.88,0.93,0,0,0,0,1,0,0
8,2.0,0,680,680,680,0,0,0,0,0,0,0,0.99,0.99,0,1,0,0,1,0,0
15,8.0,24,234,389,482,0,0,0,0,0,0,0,0.99,0.93,0,0,0,0,1,0,0
0,2.0,0,10,10,10,0,0,0,0,0,0,0,0.82,0.81,0,1,0,1,1,0,1
22,9.0,0,0,0,0,0,0,0,0,0,0,0,0.69,0.68,0,0,0,0,1,0,0
10,8.0,0,2,10,18,2,5,7,10,2,0,0,0.74,0.63,0,0,0,0,1,0,0
26,2.0,0,0,0,0,9,10,15,19,0,0,0,0.9,0.94,0,0,0,0,1,0,0
1649,4.0,0,0,0,0,2,3,4,6,26,0,0,0.77,0.8,0,0,0,0,1,0,0
10,9.0,0,0,0,0,0,0,0,1,0,0,0,0.86,0.84,0,0,0,0,1,0,0
2,8.0,0,5,9,13,1,5,8,11,0,0,0,0.84,0.48,0,0,0,1,1,0,1
380,2.0,73,577,1021,1546,146,469,869,1265,90,0,0,0.66,0.67,0,0,0,0,1,0,0
68,2.0,0,0,0,0,0,2,2,2,0,0,0,0.88,0.9,0,1,0,0,1,0,0
195,2.0,0,400,400,800,36,113,282,394,71,0,0,0.99,0.98,0,0,0,0,1,0,0
-2,12.0,0,32,50,70,6,19,28,43,0,0,0,0.91,0.88,2,0,0,1,1,0,1
0,2.0,0,4,7,9,0,0,0,0,0,0,0,0.68,0.66,0,0,0,0,1,0,0
0,8.0,0,4,8,12,2,5,7,8,0,0,0,0.74,0.84,0,0,0,0,1,0,1
-140,8.0,132,2028,3084,4236,697,1618,2247,3301,73,0,60,0.93,0.93,181,0,0,0,1,0,0
55,0.0,0,0,0,0,2,6,16,22,2,0,0,0.0,0.0,0,0,0,0,0,0,0
7,2.0,0,0,0,0,0,1,1,3,0,0,0,0.17,0.33,0,1,0,0,1,0,0
1,12.0,0,12,20,34,2,10,23,31,0,0,0,0.1,0.16,0,0,0,0,1,0,1
95,8.0,0,0,0,0,1,1,2,2,1,0,0,0.43,0.46,0,0,0,0,1,0,0
6,2.0,0,0,0,0,0,0,0,0,1,0,0,0.69,0.64,0,1,0,1,1,0,0
0,8.0,0,1,2,2,1,1,2,3,1,0,0,0.77,0.78,0,0,0,0,1,0,0
4,2.0,3,1,4,7,1,6,6,6,0,0,0,1.0,0.97,0,0,0,0,1,0,0
6,8.0,0,0,0,0,0,0,0,0,1,0,0,0.51,0.53,0,1,0,0,1,0,0
9,12.0,0,0,0,0,0,0,0,0,1,0,0,0.63,0.63,0,1,0,0,1,0,0
2,8.0,0,0,0,0,0,0,0,0,2,0,0,0.99,0.98,0,0,0,1,1,0,0
3,8.0,0,12,18,24,4,10,17,25,1,0,0,0.99,0.99,0,0,0,1,1,0,1
1,8.0,0,2,3,5,1,2,3,5,0,0,0,0.8,0.82,0,0,0,0,1,0,1
4,8.0,0,0,0,0,0,0,0,0,0,0,0,0.37,0.54,0,0,0,0,1,0,0
55,8.0,0,0,24,48,2,22,39,64,0,0,0,0.94,0.97,0,0,0,0,1,0,0
2,8.0,0,11,16,31,10,20,34,46,0,0,0,0.79,0.67,0,0,0,0,1,0,1
7,2.0,0,0,0,0,0,0,0,0,2,0,0,0.86,0.78,0,0,0,0,1,0,0
6,2.0,0,0,0,0,0,0,0,1,0,0,0,0.98,0.97,0,0,0,0,1,0,0
3,8.0,0,32,39,39,3,7,14,27,0,0,3,0.42,0.36,0,0,0,0,1,0,1
2,15.0,0,10,20,26,7,10,15,20,0,0,0,0.93,0.92,0,0,0,0,1,0,1
0,8.0,0,3,5,6,0,1,1,4,0,0,0,0.51,0.53,0,0,0,0,1,0,0
29,8.0,0,0,0,0,1,3,3,3,0,0,0,0.48,0.53,0,0,0,0,1,0,0
2,8.0,0,12,20,28,11,17,22,22,0,0,0,0.62,0.62,1,0,0,1,1,0,1
1184,2.0,0,981,2110,3187,165,522,1031,1621,169,0,0,0.95,0.95,0,0,0,0,1,0,0
0,0.0,0,5,7,9,1,3,6,8,1,0,0,0.0,0.0,0,1,0,1,0,0,1
0,2.0,0,6,9,12,3,4,7,10,1,0,0,0.97,0.97,0,0,0,0,1,0,1
582,8.0,0,0,0,0,15,80,148,238,47,0,0,0.9,0.94,0,0,0,0,1,0,0
0,2.0,0,17,29,37,0,0,0,0,3,0,0,0.99,0.99,0,1,0,0,1,0,0
3,2.0,11,24,48,78,5,27,47,63,0,0,0,0.9,0.95,0,0,0,0,1,0,1
-1,8.0,0,5,7,8,1,3,4,5,1,0,0,0.85,0.56,1,0,0,1,1,0,1
3,8.0,0,0,0,0,0,0,0,0,1,0,0,0.37,0.36,0,0,0,0,1,0,0
24,8.0,0,28,70,105,18,41,89,114,0,0,0,0.78,0.74,0,0,0,1,1,0,0
0,8.0,0,2,3,5,3,4,4,5,0,0,0,0.7,0.74,0,0,0,0,1,0,1
21,2.0,0,0,0,0,0,1,5,8,0,0,0,1.0,0.98,0,0,0,0,1,0,0
5,2.0,0,32,48,64,8,21,36,45,2,0,0,0.98,0.99,0,0,0,0,1,0,1
10,2.0,0,152,200,248,30,56,110,132,14,0,0,0.0,0.0,0,1,0,0,1,0,1
14,8.0,0,0,0,0,0,0,0,0,0,0,0,0.98,0.98,0,0,0,1,1,0,0
113,2.0,0,0,0,0,1,4,4,6,4,0,0,0.96,0.95,0,1,0,0,1,0,0
31,4.0,20,0,15,19,9,22,67,83,0,0,0,0.73,0.78,0,0,0,0,1,0,0
2,8.0,0,0,0,0,0,0,0,0,0,0,0,0.32,0.27,0,0,0,0,1,0,0
5,2.0,0,0,144,144,0,0,2,2,0,0,0,0.85,0.74,0,0,0,0,1,0,1
19,9.0,0,0,0,0,0,1,1,1,0,0,0,0.68,0.66,0,0,0,0,1,0,0
2,8.0,0,0,0,0,0,0,0,0,0,0,0,0.97,0.98,0,0,0,0,1,0,0
5,2.0,0,32,64,80,27,72,98,109,4,0,0,0.79,0.91,0,0,0,0,1,0,1
1,12.0,0,24,36,48,5,22,38,51,0,0,0,0.82,0.79,0,0,0,0,1,0,1
50,4.0,0,0,0,0,4,11,28,53,8,0,0,0.73,0.78,0,0,0,0,1,0,0
2,4.0,0,1,3,4,3,3,4,14,0,0,0,0.57,0.7,0,0,0,0,1,0,1
2,9.0,0,0,0,0,0,0,0,0,0,0,0,0.68,0.66,0,0,0,0,1,0,0
5,2.0,0,4,8,12,1,4,10,17,0,0,0,0.97,0.92,0,0,0,0,1,0,1
2,8.0,2,10,28,37,5,16,26,36,0,0,0,0.9,0.94,0,0,0,0,1,0,0
1,10.0,0,0,1,1,0,1,1,1,0,0,0,0.89,0.9,0,0,0,0,1,0,0
1,2.0,0,0,0,0,0,0,0,0,0,0,0,0.31,0.11,0,1,0,0,1,0,0
10,9.0,0,15,15,30,7,22,43,53,10,0,0,0.98,0.9,0,0,0,0,1,0,0
0,8.0,0,1,2,2,1,1,2,2,1,0,0,1.0,0.97,0,0,0,0,1,0,1
36,12.0,4,33,66,99,5,25,64,104,11,0,0,0.46,0.35,0,0,0,0,1,0,0
0,2.0,0,40,40,40,2,9,10,10,0,0,0,0.24,0.28,0,1,0,0,1,0,1
5,8.0,0,0,0,0,0,0,0,0,0,0,0,0.95,0.79,0,0,0,0,1,0,0
0,2.0,0,3,4,6,0,0,0,0,0,0,0,0.78,0.78,0,0,0,0,1,0,1
-1,8.0,1,2,5,6,2,5,8,14,1,0,0,0.94,0.95,1,0,0,0,1,0,1
2,2.0,0,2,4,6,1,2,5,9,0,0,0,0.9,0.94,0,0,0,0,1,0,1
217,8.0,0,0,0,0,2,10,25,51,3,0,0,0.75,0.84,0,0,0,0,1,0,0
0,8.0,0,3,4,5,3,4,4,4,0,0,0,0.0,0.0,0,0,0,0,1,0,1
18,2.0,0,0,0,0,1,2,13,17,0,0,0,0.99,0.98,0,1,0,0,1,0,1
68,8.0,0,167,167,355,19,71,134,205,32,0,0,0.89,0.89,0,0,0,1,1,0,0
4,3.0,0,0,0,2,1,2,3,4,0,0,0,0.98,0.98,0,0,0,0,1,0,1
0,12.0,0,57,57,57,0,0,0,0,1,0,0,0.21,0.27,0,0,0,0,1,0,0
570,4.0,0,0,0,0,10,150,166,216,4,0,0,0.98,0.96,0,0,0,0,1,0,0
1,8.0,0,16,26,38,8,15,25,33,5,0,0,0.82,0.78,0,0,0,0,1,0,1
3,8.0,0,0,0,1,0,0,1,4,2,0,0,0.96,0.97,0,0,0,1,1,0,0
42,8.0,0,0,0,0,0,0,3,3,0,0,0,0.97,0.97,0,0,0,0,1,0,0
1,9.0,0,0,1,2,0,1,2,3,0,0,0,0.99,0.98,0,0,0,0,1,0,1
13,12.0,0,0,0,0,0,0,0,0,1,0,0,0.48,0.48,0,1,0,0,1,0,0
44,2.0,0,0,0,8,3,12,28,38,0,0,0,0.68,0.64,0,0,0,0,1,0,0
83,12.0,0,0,0,0,0,0,0,0,0,0,0,0.66,0.7,0,1,0,0,0,0,0
2,9.0,0,0,0,0,0,0,0,0,0,0,0,0.99,0.98,0,0,0,0,1,0,0
59,8.0,0,0,14,28,7,15,46,77,2,0,0,1.0,0.97,0,0,0,0,1,0,0
1,2.0,4,22,42,70,5,15,24,31,4,0,0,1.0,0.93,0,0,0,0,1,0,1
1,2.0,22,25,70,105,3,27,56,76,5,0,0,0.65,0.74,0,0,0,0,1,0,0
0,2.0,0,30,40,70,14,25,58,91,0,0,0,0.88,0.9,0,0,0,0,1,0,1
359,9.0,362,1236,2328,3336,356,3290,4575,5875,284,0,0,0.99,0.99,0,0,0,0,1,0,0
4,8.0,0,0,0,0,0,1,12,16,0,0,0,0.84,0.88,0,0,0,0,1,0,0
200,2.0,0,0,0,0,0,0,10,10,0,0,0,1.0,0.99,0,1,0,0,1,0,0
3,2.0,0,0,2,3,0,2,2,3,0,0,0,0.8,0.82,0,0,0,0,1,0,0
0,4.0,7,0,0,0,0,0,0,0,0,0,0,0.73,0.78,0,1,0,0,1,0,0
0,8.0,0,7,11,14,2,4,5,10,4,0,1,0.46,0.45,1,0,0,0,1,0,0
13,2.0,0,0,0,0,0,0,0,0,0,0,0,0.25,0.11,0,0,0,0,1,0,0
6,8.0,0,0,0,0,1,2,2,3,0,0,0,0.0,0.0,0,0,0,1,1,0,0
5,2.0,0,0,0,0,0,0,0,0,0,0,0,0.83,0.66,0,0,0,0,1,0,0
500,2.0,0,0,0,0,0,0,0,0,1,0,0,-99.0,-99.0,0,0,0,1,1,0,0
68,12.0,56,356,600,832,109,310,519,859,57,0,0,0.66,0.69,0,0,0,0,1,0,1
329,12.0,5,137,137,252,73,307,725,1133,41,0,0,0.9,0.72,0,0,0,0,1,0,0
2,8.0,0,0,0,0,0,0,0,0,0,0,0,0.82,0.81,0,0,0,0,1,0,0
4,12.0,0,0,0,0,0,0,0,0,0,0,0,0.73,0.76,0,0,0,0,1,0,0
1,8.0,0,1,3,4,0,1,2,3,0,0,0,0.41,0.46,0,0,0,0,1,0,0
11,8.0,0,10,16,22,8,22,49,72,2,0,0,0.95,0.95,0,0,0,0,1,0,1
25,2.0,0,0,0,0,0,0,0,1,0,0,0,0.94,0.93,0,1,0,0,1,0,0
3,8.0,0,0,0,0,0,0,0,0,1,0,0,0.98,0.97,0,0,0,0,1,0,1
0,8.0,0,0,0,0,0,0,0,0,0,0,0,0.96,0.94,0,0,0,1,1,0,0
74,8.0,16,24,48,79,8,35,72,109,15,0,0,0.99,0.97,0,0,0,0,1,0,0
9,12.0,0,0,0,0,0,0,0,0,0,0,0,0.74,0.74,0,1,0,0,1,0,0
134,8.0,0,120,300,480,0,55,120,245,1,0,0,1.0,0.94,0,0,0,0,1,0,0
0,8.0,0,5,5,5,0,0,1,5,0,0,0,0.17,0.33,0,0,0,0,1,0,1
0,2.0,0,6,9,9,0,0,0,0,0,0,0,1.0,0.99,0,1,0,0,1,0,1
2,12.0,0,17,25,33,0,1,7,11,0,0,0,0.57,0.7,0,0,0,0,1,0,1
158,2.0,0,0,0,0,2,4,11,12,15,0,0,0.61,0.57,0,1,0,1,1,0,0
201,8.0,0,0,0,0,0,0,0,0,0,0,0,0.97,0.98,0,0,0,0,1,0,0
19,9.0,0,0,0,0,0,0,0,0,0,0,0,0.85,0.83,0,0,0,0,1,0,0
132,12.0,5,200,200,200,23,78,131,201,30,0,0,0.95,0.86,0,0,0,0,1,0,0
228,2.0,0,0,0,0,8,62,69,186,0,0,0,0.98,0.97,0,1,0,0,1,0,0
27,8.0,0,0,6,9,3,9,31,51,0,0,0,0.61,0.62,0,0,0,0,1,0,0
0,2.0,0,102,102,102,0,0,0,0,22,0,0,0.13,0.17,0,0,0,0,1,0,1
3,4.0,0,0,0,0,0,0,0,0,0,0,0,0.73,0.78,0,0,0,0,1,0,0
0,4.0,0,9,13,13,0,0,0,0,0,0,0,0.79,0.66,0,1,0,0,1,0,1
117,8.0,0,0,0,0,2,12,18,27,19,0,0,0.67,0.69,0,0,0,1,1,0,0
780,2.0,169,1275,2575,3825,436,1412,2392,3365,296,0,0,0.96,0.98,0,0,0,0,1,0,0
16,8.0,0,0,0,0,0,0,0,0,1,0,0,0.79,0.84,0,0,0,1,1,0,0
823,4.0,438,3222,5598,7974,1089,2818,5055,7370,455,0,0,0.85,0.78,0,0,0,0,1,0,0
8,4.0,0,0,0,0,1,2,4,6,0,0,0,0.73,0.78,0,1,0,0,1,0,0
5,2.0,0,20,44,64,6,27,48,69,0,0,0,0.8,0.82,0,0,0,0,1,0,1
34,8.0,0,0,0,0,0,0,0,0,3,0,0,0.56,0.46,0,0,0,1,1,0,0
120,12.0,0,0,0,0,0,0,0,0,0,0,0,0.93,0.89,0,0,0,1,1,0,0
2,8.0,0,1,1,1,0,0,1,1,0,0,0,0.8,0.82,0,0,0,0,1,0,0
0,9.0,0,23,38,56,6,19,31,42,0,0,0,0.69,0.68,0,0,0,0,1,0,1
214,8.0,0,60,180,300,49,167,332,488,64,0,0,0.97,0.94,0,0,0,0,1,0,0
0,12.0,0,0,0,0,0,0,0,0,0,0,0,0.78,0.78,0,0,0,0,1,0,0
4,8.0,0,0,0,0,0,0,0,0,0,0,0,0.13,0.09,0,0,0,1,1,0,0
21,2.0,0,0,22,44,4,14,25,37,0,0,0,0.78,0.83,0,0,0,0,1,0,1
0,10.0,0,15,21,30,4,10,12,16,0,0,0,0.89,0.9,0,0,0,0,1,0,1
1,12.0,0,11,17,29,3,9,16,21,0,0,5,0.73,0.76,0,0,0,1,1,0,1
9,8.0,0,0,0,0,1,4,15,16,0,0,0,0.94,0.94,0,0,0,0,1,0,0
43,4.0,0,0,0,0,0,0,0,0,0,0,0,0.88,0.92,0,1,0,0,1,0,0
46,8.0,0,0,0,0,2,8,14,23,1,0,0,0.96,0.96,0,0,0,0,1,0,0
-222,8.0,1292,10380,18180,26184,2855,7759,12499,17087,2077,0,880,0.09,0.09,232,0,0,1,1,0,1
325,8.0,134,140,280,560,31,160,362,542,84,0,0,0.98,0.97,0,0,0,0,1,0,0
2,8.0,0,6,6,6,1,2,6,9,0,0,0,0.8,0.82,0,0,0,0,1,0,1
8,8.0,0,0,0,0,0,0,0,0,1,0,0,0.42,0.36,0,0,0,0,1,0,0
3,2.0,0,6,12,18,1,5,9,14,0,0,0,1.0,0.99,0,0,0,0,1,0,1
0,2.0,0,7,9,9,0,0,0,0,0,0,0,0.0,0.0,0,1,0,1,1,0,1
2,8.0,0,0,1,2,0,1,2,2,0,0,0,0.79,0.66,0,0,0,0,1,0,0
4,8.0,1,37,37,37,0,0,0,0,0,0,0,0.91,0.9,0,0,0,0,1,0,0
25,12.0,0,0,0,0,0,0,0,0,0,0,0,0.93,0.89,0,1,0,1,1,0,0
0,2.0,0,0,0,0,0,0,0,0,0,0,0,0.42,0.36,0,0,0,0,1,0,1
-6,5.0,0,87,153,226,7,26,43,48,6,0,0,0.65,0.69,6,1,0,0,1,0,1
5,8.0,0,0,0,0,0,1,1,2,0,0,0,1.0,0.92,0,0,0,0,1,0,0
0,2.0,0,22,32,32,0,1,1,1,0,0,0,0.96,0.9,0,0,0,0,1,0,1
2,4.0,0,0,0,0,1,1,1,1,1,0,0,0.24,0.14,0,1,0,0,1,0,1
0,2.0,0,39,58,77,8,20,36,63,9,0,0,0.99,0.99,0,0,0,0,1,0,1
0,2.0,0,65,65,65,0,0,0,0,0,0,0,0.98,0.94,0,1,0,0,1,0,1
0,8.0,0,57,97,127,12,34,56,84,3,0,0,0.78,0.76,0,0,0,0,1,0,1
5,8.0,0,0,0,0,0,0,0,1,2,0,0,0.6,0.77,0,0,0,0,1,0,0
9305,8.0,4570,9000,18000,27000,2903,10028,19974,29540,3251,0,0,0.95,0.8,0,0,0,0,1,0,0
7,2.0,0,6,32,40,6,36,60,79,2,0,0,0.95,0.97,0,0,0,0,1,0,1
10,8.0,0,0,0,0,0,0,0,0,0,0,0,0.99,0.98,0,0,0,0,1,0,0
9,12.0,0,7,17,27,6,9,19,24,0,0,0,0.73,0.76,0,0,0,0,1,0,0
23,8.0,0,0,0,0,0,1,2,2,0,0,0,-99.0,-99.0,0,0,0,0,1,0,0
0,2.0,0,5,7,9,0,0,0,0,0,0,0,0.79,0.57,0,0,0,1,1,0,1
38,2.0,0,0,0,0,4,10,15,15,0,0,0,0.68,0.64,0,0,0,0,1,0,0
37,2.0,0,0,0,0,0,0,0,0,0,0,0,0.97,0.93,0,0,0,0,1,0,0
2,8.0,0,0,0,0,0,0,0,0,1,0,0,0.97,0.94,0,0,0,0,1,0,0
6,2.0,0,5,10,15,0,2,8,11,0,0,0,0.99,0.99,0,0,0,0,1,0,0
2,8.0,0,1,3,4,1,2,2,3,0,0,0,0.97,0.98,0,0,0,0,1,0,1
1432,8.0,0,0,0,0,0,0,0,0,0,0,0,0.88,0.91,0,0,0,0,1,0,0
10,8.0,0,104,144,168,27,48,86,146,0,0,0,0.98,0.98,6,0,0,0,1,0,1
11,8.0,0,0,0,0,0,0,0,0,0,0,0,0.82,0.87,0,0,0,0,1,0,0
10,12.0,0,0,0,0,0,0,0,0,1,0,0,0.48,0.48,0,1,0,0,1,0,0
83,2.0,0,0,0,0,4,14,19,33,0,0,0,0.97,0.97,0,0,0,0,1,0,0
0,2.0,0,360,612,864,0,1,1,1,59,0,0,0.95,0.96,0,0,0,0,1,0,1
14,8.0,0,8,16,24,5,10,22,33,0,0,0,0.97,0.93,0,0,0,0,1,0,0
10,12.0,8,36,68,92,16,39,79,133,16,0,0,0.92,0.75,0,0,0,0,1,0,1
0,2.0,0,72,108,108,0,0,0,0,4,0,0,0.67,0.55,0,1,0,0,0,0,1
28,8.0,0,0,0,0,0,0,1,1,1,0,0,0.99,0.99,0,0,0,0,1,0,0
5,12.0,0,0,0,0,0,1,1,1,0,0,0,0.78,0.78,0,0,0,0,1,0,0
95,8.0,0,0,0,0,15,36,89,135,22,0,0,0.97,0.96,0,0,0,1,1,0,0
5250,8.0,1800,5790,11520,17250,1952,5598,10469,16520,1586,0,0,0.99,0.91,0,0,0,0,1,0,0
-25,8.0,157,655,1135,1615,538,1358,2121,2294,159,0,0,1.0,0.85,24,0,0,0,1,0,1
11,12.0,1,25,34,43,2,13,23,36,0,0,0,0.91,0.73,0,0,0,0,1,0,0
-25,8.0,7,67,99,135,8,45,75,96,40,0,11,0.43,0.46,25,0,0,0,1,0,0
-1735,8.0,36,15000,22240,31000,2071,9508,16329,21277,1948,0,0,0.9,0.95,1773,1,0,0,1,0,1
409,8.0,2,0,0,0,10,25,39,64,15,0,0,1.0,0.99,0,0,0,0,1,0,0
5,8.0,0,30,50,90,11,33,58,76,7,0,0,0.7,0.84,0,0,0,0,1,0,1
4,12.0,0,1,1,1,1,2,2,2,0,0,0,0.78,0.78,0,1,0,0,1,0,0
17,8.0,0,208,416,416,27,88,175,293,27,0,0,0.83,0.83,0,0,0,0,1,0,1
0,2.0,0,3,3,3,0,0,0,0,0,0,0,0.0,0.0,0,1,0,1,1,0,1
27,10.0,15,54,98,98,23,59,88,146,18,0,0,0.89,0.9,0,0,0,1,1,0,1
20,8.0,14,55,95,135,14,36,68,114,0,0,0,1.0,0.89,0,0,0,0,1,0,0
1,12.0,0,49,72,112,17,55,108,133,0,0,0,0.78,0.78,0,0,0,0,1,0,1
7,8.0,0,263,263,263,20,58,109,163,45,0,0,0.07,0.2,0,0,0,0,1,0,1
56,8.0,6,6,32,58,6,21,57,107,13,0,0,0.95,0.95,0,0,0,1,1,0,0
1000,8.0,284,1461,2701,3945,504,1535,2763,4232,308,0,0,1.0,0.87,0,0,0,0,1,0,0
2,8.0,0,0,0,0,0,0,0,0,1,0,0,1.0,1.0,0,0,0,0,1,0,0
22,8.0,0,41,76,111,5,29,61,73,4,0,0,0.96,0.93,0,1,0,0,0,0,0
2,8.0,2,9,16,26,3,11,19,30,2,0,0,0.41,0.46,0,0,0,0,1,0,1
59,8.0,0,0,0,0,3,13,31,65,3,0,0,0.93,0.91,0,0,0,1,1,0,0
8,4.0,0,0,0,0,0,2,4,7,0,0,0,0.79,0.66,0,1,0,0,1,0,1
10,8.0,0,5,17,27,3,7,19,26,3,0,0,0.96,0.94,0,0,0,0,1,0,0
0,8.0,0,3,7,16,5,15,25,31,1,0,0,0.98,0.98,0,0,0,0,1,0,1
9,12.0,0,0,0,0,0,0,0,0,1,0,0,0.58,0.58,0,1,0,0,1,0,0
21,8.0,0,0,0,0,0,0,2,2,0,0,0,1.0,1.0,0,0,0,0,1,0,0
7,8.0,0,0,0,0,0,0,0,0,0,0,0,1.0,0.99,0,0,0,0,1,0,0
50,4.0,0,30,70,70,0,21,31,43,0,0,0,0.77,0.8,0,0,0,0,1,0,0
58,8.0,0,0,0,0,4,9,18,28,2,0,0,1.0,1.0,0,1,0,0,1,0,0
4,4.0,0,0,0,0,0,0,0,0,0,0,0,0.73,0.78,0,0,0,0,1,0,0
0,2.0,0,4,7,8,0,0,0,0,0,0,0,0.42,0.36,0,0,0,1,1,0,1
5,2.0,0,39,71,103,11,39,61,81,0,0,0,0.78,0.74,0,0,0,0,1,0,1
4,15.0,0,15,36,46,5,18,30,46,7,0,0,1.0,0.99,0,0,0,0,1,0,1
15,12.0,18,0,0,0,1,1,17,31,0,0,0,0.66,0.78,0,0,0,0,1,0,0
1,8.0,0,48,96,152,9,10,13,13,0,0,0,0.53,0.5,0,0,0,1,1,0,1
0,2.0,0,142,142,142,0,0,0,0,25,0,0,0.1,0.17,0,0,0,0,1,0,1
12,2.0,0,0,0,0,0,1,1,1,0,0,0,0.33,0.24,0,1,0,0,1,0,0
-34,8.0,0,120,240,240,83,122,144,165,33,0,0,1.0,0.97,34,0,0,0,1,0,1
0,8.0,0,21216,28128,40800,0,0,0,0,2164,0,0,0.92,0.92,0,0,0,1,1,0,1
8,4.0,0,0,0,0,3,3,9,13,0,0,0,0.73,0.78,0,1,0,0,1,0,0
9,0.0,1,50,75,100,17,46,77,112,2,0,0,0.0,0.0,0,0,0,0,0,0,1
125,12.0,8,60,121,182,14,78,159,248,33,0,0,0.91,0.82,0,0,0,0,1,0,0
172,2.0,62,240,460,660,160,220,220,220,86,0,0,0.64,0.64,5,0,0,0,1,0,1
1,8.0,0,200,200,300,12,57,134,236,20,0,0,1.0,0.99,0,0,0,0,1,0,1
0,2.0,0,3,3,3,0,0,0,0,0,0,0,0.42,0.36,0,0,0,0,1,0,1
0,8.0,0,1,1,1,0,0,0,1,0,0,0,0.62,0.62,0,0,0,0,1,0,1
5,2.0,0,0,0,0,0,0,0,0,1,0,0,0.69,0.64,0,1,0,1,1,0,0
1,9.0,0,19,34,54,2,11,31,38,1,0,0,0.68,0.66,0,0,0,0,1,0,1
0,8.0,0,24,36,48,4,17,33,53,7,0,0,0.98,0.98,0,0,0,0,1,0,1
-11,8.0,0,924,1620,2472,171,680,1361,1876,142,0,48,0.31,0.2,31,0,0,0,1,0,1
0,2.0,0,4,7,8,0,0,0,0,0,0,0,0.42,0.36,0,0,0,1,1,0,1
93,8.0,0,0,0,0,1,4,4,7,0,0,0,0.85,0.89,0,0,0,1,1,0,1
6,8.0,0,48,72,96,10,25,58,87,0,0,0,0.84,0.91,0,0,0,0,1,0,1
0,8.0,0,36,60,84,6,32,61,78,0,0,0,0.98,0.99,0,0,0,0,1,0,1
0,9.0,0,31,55,95,15,51,72,84,8,0,0,0.68,0.66,0,0,0,0,1,0,1
1,8.0,1,11,11,17,2,10,15,18,3,0,0,0.79,0.66,0,0,0,0,1,0,1
0,8.0,0,11,15,19,6,10,18,24,1,0,0,0.98,0.98,0,0,0,0,1,0,1
1,12.0,0,0,0,0,0,0,0,0,0,0,0,0.78,0.78,0,0,0,0,1,0,0
0,8.0,10,10,12,12,0,0,0,0,0,0,0,0.86,0.94,0,0,0,0,1,0,0
134,12.0,6,0,150,150,22,64,128,192,27,0,0,0.93,0.89,0,0,0,0,1,0,0
89,2.0,0,100,150,200,31,64,106,223,0,0,0,1.0,0.85,0,0,0,0,1,0,1
-1,8.0,0,9,13,17,10,11,16,21,0,0,0,0.9,0.88,1,0,0,0,1,0,1
3,2.0,0,1,2,3,0,1,2,2,0,0,0,0.37,0.42,0,1,0,0,1,0,1
17,8.0,0,0,0,0,2,8,11,17,2,0,0,0.84,0.77,0,0,0,1,1,0,0
31,8.0,0,0,0,0,4,10,16,30,4,0,0,-99.0,1.0,0,0,0,0,1,0,0
1,2.0,0,16,32,40,9,29,37,37,0,0,0,0.49,0.45,0,0,0,0,1,0,1
0,8.0,0,2,3,4,0,1,2,2,0,0,0,0.43,0.46,0,0,0,1,1,0,1
5,8.0,0,0,0,0,0,0,0,0,0,0,0,-99.0,0.93,0,0,0,0,1,0,1
3,12.0,0,4,6,8,0,5,10,12,2,0,0,0.62,0.73,0,0,0,1,1,0,1
3,2.0,0,50,50,100,15,41,53,54,1,0,50,-99.0,0.0,0,1,0,0,1,0,1
119,2.0,0,0,0,0,0,0,1,1,0,0,0,1.0,1.0,0,1,0,0,1,0,0
116,8.0,10,42,126,189,34,92,183,300,65,0,0,0.77,0.87,0,0,0,0,1,0,0
0,2.0,0,15,15,15,0,0,0,0,0,0,0,0.1,0.05,0,1,0,0,1,0,1
4,2.0,0,6,6,6,0,0,0,0,2,0,0,0.0,0.09,0,1,0,1,1,0,0
60,8.0,43,25,75,125,18,56,112,154,27,0,0,0.86,0.9,2,0,0,0,1,0,0
1,8.0,0,5,8,10,0,6,9,11,2,0,0,0.0,0.49,0,0,0,0,1,0,1
-17,8.0,0,257,383,513,32,123,276,429,34,0,25,0.77,0.76,17,0,0,1,1,0,1
0,2.0,0,27,30,30,0,0,0,0,0,0,23,0.85,0.59,0,1,0,1,1,0,1
2,4.0,0,0,0,0,0,0,0,0,0,0,0,0.69,0.68,0,1,0,0,1,0,0
139,10.0,1,0,0,0,6,21,48,75,16,0,0,0.0,0.5,0,0,0,0,0,0,0
5,9.0,0,0,1,3,1,2,4,6,1,0,0,0.69,0.68,0,0,0,0,1,0,0
64,8.0,0,0,0,6,0,0,0,0,3,0,0,0.98,0.93,0,0,0,0,1,0,0
16,8.0,0,20,30,40,15,27,37,77,19,0,0,0.92,0.93,0,0,0,0,1,0,1
83,8.0,22,0,26,26,10,33,72,119,27,0,0,0.76,0.82,0,0,0,0,1,0,0
140,17.0,0,0,0,0,7,15,31,44,5,0,0,0.82,0.83,0,0,0,0,1,0,0
0,2.0,0,3,3,6,0,0,2,2,0,0,0,0.57,0.42,0,1,0,0,1,0,1
11,8.0,0,0,0,0,0,2,2,5,1,0,0,0.99,0.99,0,0,0,0,1,0,0
2,9.0,0,0,0,0,0,0,0,0,0,0,0,0.7,0.66,0,0,0,0,1,0,0
0,8.0,0,3,5,7,1,3,5,7,0,0,0,0.99,0.99,0,0,0,0,1,0,1
55,11.0,0,0,0,0,0,0,0,2,2,0,0,0.85,0.76,0,0,0,0,1,0,0
-89,8.0,58,455,700,936,321,533,712,1262,137,0,0,1.0,0.99,129,0,0,0,1,0,1
3,12.0,0,11,18,24,1,7,9,16,0,0,0,0.82,0.79,0,0,0,0,1,0,1
28,8.0,0,0,0,0,1,1,2,2,0,0,0,0.59,0.78,0,0,0,0,1,0,0
4,8.0,0,0,0,0,0,0,0,0,0,0,0,1.0,0.85,0,0,0,1,1,0,0
19,2.0,1,17,50,69,0,0,0,0,0,0,0,0.91,0.94,0,0,0,0,1,0,1
16,9.0,8,17,32,57,5,20,36,88,13,0,0,0.54,0.7,0,0,0,0,1,0,1
43,8.0,0,72,126,180,9,55,94,202,27,0,18,0.84,0.87,0,0,0,0,1,0,0
1,9.0,1,0,0,0,0,3,6,8,3,0,0,0.99,0.98,0,0,0,0,1,0,1
5,12.0,0,0,0,0,0,0,1,3,2,0,0,0.73,0.69,0,0,0,0,1,0,0
-1,9.0,0,17,22,31,10,25,41,47,0,0,0,0.68,0.66,1,0,0,1,1,0,1
5,8.0,0,0,0,0,0,0,0,0,0,0,0,0.8,0.83,0,0,0,1,1,0,0
15,3.0,57,121,274,417,70,206,408,708,35,0,0,0.91,0.91,0,0,0,1,1,0,1
3,2.0,0,2,5,7,0,2,2,2,0,0,0,0.82,0.81,0,1,0,0,1,0,0
3,2.0,0,0,3,3,0,1,2,6,0,0,0,0.97,0.93,0,0,0,0,1,0,1
3,8.0,0,0,0,0,0,0,0,0,0,0,0,0.86,0.88,0,0,0,0,1,0,0
12,2.0,0,0,0,0,0,2,4,10,0,0,0,0.66,0.6,0,0,0,0,1,0,0
18,8.0,0,259,439,619,34,165,329,518,52,0,0,0.39,0.57,2,0,0,0,1,0,1
17,8.0,0,63,138,214,14,52,74,79,0,0,0,0.71,0.75,0,0,0,0,1,0,1
-6,9.0,0,18,18,24,5,11,13,22,3,0,0,0.37,0.29,6,0,0,1,1,0,1
-101,2.0,0,262,262,262,0,104,104,114,13,0,0,0.0,0.0,101,1,0,0,1,0,1
2,9.0,0,0,0,0,0,0,0,0,0,0,0,0.68,0.66,0,0,0,0,1,0,0
0,2.0,0,5,5,5,0,0,0,1,1,0,0,0.69,0.71,0,1,0,1,1,0,1
0,12.0,0,4,7,7,0,0,0,0,0,0,0,0.63,0.72,0,0,0,0,1,0,0
6,3.0,2,2,8,8,0,0,0,0,0,0,0,0.98,0.98,0,0,0,0,1,0,0
1,12.0,0,0,0,0,0,0,1,1,0,0,0,0.78,0.78,0,0,0,0,1,0,0
0,3.0,0,5,6,9,0,0,0,0,0,0,0,0.52,0.41,0,0,0,0,1,0,1
1,2.0,0,8,8,8,0,4,4,9,2,0,0,-99.0,0.0,0,0,0,0,1,0,1
5,14.0,0,80,80,120,8,34,75,112,14,0,0,0.44,0.38,0,0,0,0,1,0,1
368,2.0,463,690,1440,2205,341,924,1484,2049,234,0,0,0.97,0.98,0,0,0,0,1,0,0
-2,2.0,0,20,30,40,15,26,40,44,0,0,0,1.0,0.94,2,0,0,0,1,0,1
3,4.0,0,1,4,6,0,2,4,7,0,0,0,0.89,0.9,0,0,0,0,1,0,1
57,8.0,1,7,21,42,8,27,56,95,17,0,0,0.96,0.93,0,0,0,0,1,0,0
3,8.0,0,0,1,2,0,0,2,3,0,0,0,1.0,0.99,0,0,0,0,1,0,1
2,2.0,0,4,4,4,6,8,10,10,0,0,0,0.5,0.4,0,1,0,0,1,0,1
41,2.0,0,21,45,61,2,17,33,52,4,0,0,1.0,0.99,0,0,0,0,1,0,0
0,2.0,0,40,60,60,0,0,0,0,0,0,20,0.26,0.32,0,0,0,0,1,0,1
8,9.0,0,10,10,10,1,5,10,13,2,0,0,0.99,0.98,0,0,0,0,1,0,0
32,2.0,0,25,50,75,5,24,48,69,2,0,0,0.85,0.76,0,0,0,0,1,0,1
7,9.0,0,6,6,11,0,3,5,11,0,0,0,0.99,0.98,0,0,0,0,1,0,0
0,8.0,0,12,20,28,5,11,25,31,0,0,6,0.8,0.82,0,0,0,0,1,0,1
1,8.0,0,2,2,2,1,1,3,3,0,0,0,0.81,0.83,0,0,0,0,1,0,1
76,12.0,15,384,612,852,106,321,534,866,58,0,16,0.66,0.69,0,0,0,0,1,0,1
1,2.0,0,12,12,12,2,9,12,19,0,0,0,0.52,0.7,0,0,0,0,1,0,1
0,2.0,0,2287,3007,3967,0,1,1,1,103,0,1327,0.66,0.4,0,0,0,0,1,0,1
0,2.0,0,66,102,114,0,0,0,0,4,0,0,0.1,0.04,0,1,0,1,1,0,0
192,8.0,4,0,0,360,20,53,79,166,35,0,0,0.98,0.93,0,0,0,0,1,0,0
3,3.0,0,0,0,0,0,0,0,0,0,0,0,0.99,0.99,0,1,0,0,1,0,0
0,2.0,0,3,3,3,0,0,0,0,0,0,0,0.42,0.36,0,0,0,0,1,0,1
2,2.0,0,40,40,40,155,157,159,159,4,0,0,0.1,0.04,0,1,0,0,1,0,1
5,8.0,0,0,0,0,0,0,0,0,0,0,0,0.99,0.99,0,0,0,1,1,0,0
9,8.0,0,0,0,0,0,0,0,0,0,0,0,0.82,0.81,0,0,0,0,1,0,0
0,12.0,0,0,0,0,2,2,3,3,0,0,0,0.86,0.89,0,0,0,1,1,0,1
307,8.0,93,440,720,1040,104,273,515,892,114,0,0,0.77,0.82,0,0,0,0,1,0,0
62,8.0,1,60,150,210,16,66,131,179,29,0,0,0.97,0.97,0,0,0,0,1,0,0
0,8.0,0,12,21,28,3,9,17,22,2,0,0,0.99,0.98,0,0,0,0,1,0,1
422,12.0,1,0,0,0,19,53,121,201,35,0,0,0.93,0.89,0,0,0,0,1,0,0
0,8.0,0,0,0,0,0,0,0,0,0,0,0,0.47,0.31,0,0,0,0,1,0,0
0,8.0,0,4,8,15,5,14,26,32,55,0,0,0.67,0.69,0,0,0,0,1,0,1
3,8.0,0,40,40,40,1,1,1,1,0,0,0,0.51,0.53,0,1,0,0,1,0,0
56,2.0,0,32,104,176,18,68,108,123,0,0,0,1.0,0.98,0,1,0,0,1,0,0
1,12.0,0,20,34,48,7,23,31,51,3,0,0,0.92,0.95,0,0,0,0,1,0,1
0,2.0,0,72,72,72,0,0,0,0,2,0,0,0.36,0.44,0,0,0,0,1,0,1
16,12.0,706,1660,2100,3300,481,1604,2841,4131,298,0,0,0.78,0.78,35,0,0,0,1,0,1
4,8.0,0,0,0,0,0,0,0,0,0,0,0,0.48,0.39,0,0,0,0,1,0,0
11,8.0,0,245,439,651,53,189,322,418,0,0,27,0.37,0.43,0,0,0,0,1,0,1
92,4.0,6,60,90,120,31,60,89,142,12,0,0,0.75,0.72,0,0,0,0,1,0,0
66,8.0,0,50,125,175,14,43,107,166,21,0,0,0.99,0.99,0,0,0,0,1,0,0
0,8.0,0,8,11,16,2,7,9,15,0,0,0,0.84,0.92,0,0,0,0,1,0,1
2,8.0,0,4,4,4,0,1,1,1,0,0,0,0.77,0.78,0,0,0,0,1,0,0
994,8.0,202,905,2090,3038,464,1149,2539,4167,257,0,0,0.99,0.96,0,0,0,0,1,0,0
523,8.0,0,0,0,0,0,0,0,0,0,0,0,0.74,0.7,0,0,0,0,1,0,0
11,8.0,0,0,0,0,0,1,6,7,0,0,0,0.84,0.87,0,0,0,0,1,0,0
4,12.0,0,1,6,13,3,6,10,13,0,0,0,0.76,0.83,0,0,0,0,1,0,0
0,9.0,0,4,6,8,1,2,4,6,2,0,0,0.69,0.68,0,0,0,1,1,0,1
20,12.0,0,0,0,0,0,0,0,0,1,0,0,0.48,0.48,0,1,0,0,1,0,0
36,9.0,0,0,0,0,0,0,0,1,0,0,0,0.69,0.68,0,0,0,0,1,0,0
12,8.0,0,30,30,30,2,9,18,24,2,0,0,1.0,0.99,0,0,0,1,1,0,0
0,2.0,0,5,8,8,0,1,1,1,1,0,0,0.62,0.69,0,1,0,1,1,0,1
5,4.0,0,48,72,96,15,40,86,110,0,0,0,0.78,0.78,0,0,0,0,1,0,1
15,8.0,0,15,30,45,4,11,40,56,3,0,0,0.85,0.9,0,0,0,0,1,0,1
1,2.0,0,1,2,3,1,2,2,2,0,0,0,0.84,0.83,0,0,0,0,1,0,1
4,2.0,6,15,33,51,4,12,24,39,0,0,0,0.82,0.89,0,0,0,1,1,0,1
-1,8.0,0,25,33,41,9,10,29,36,2,0,10,0.84,0.77,1,0,0,0,1,0,1
8,9.0,7,7,21,28,6,20,34,42,6,0,0,0.95,0.9,0,0,0,0,1,0,1
3,9.0,0,43,62,81,2,18,39,56,3,0,5,0.68,0.66,0,0,0,0,1,0,1
7,2.0,0,45,45,45,1,5,8,9,1,0,0,0.92,0.96,0,1,0,0,1,0,1
146,8.0,2,112,280,392,61,163,335,512,44,0,0,1.0,0.97,0,0,0,0,1,0,0
0,8.0,1,4,7,10,2,8,11,11,1,0,0,0.96,0.97,0,0,0,0,1,0,1
1,12.0,0,6,12,12,0,3,7,8,0,0,0,0.47,0.39,0,0,0,0,1,0,1
188,8.0,246,0,240,480,71,246,552,829,81,0,0,0.99,0.96,0,0,0,0,1,0,0
113,12.0,0,0,0,0,0,0,0,0,0,0,0,1.0,0.99,0,0,0,0,1,0,0
40,2.0,0,560,720,880,239,356,663,894,119,0,0,0.08,0.03,29,0,0,0,1,0,1
7,2.0,0,20,40,60,5,20,43,68,11,0,0,0.98,0.98,0,0,0,0,1,0,1
2,12.0,12,18,26,33,2,9,18,25,4,0,2,0.09,0.25,0,0,0,0,1,0,1
6,12.0,0,0,0,0,0,0,0,0,0,0,0,0.77,0.73,0,0,0,0,1,0,0
0,8.0,0,10,15,21,0,5,11,16,0,0,0,0.48,0.53,0,0,0,0,1,0,1
4,8.0,7,0,3,6,1,6,13,20,1,0,0,0.8,0.87,0,0,0,0,1,0,0
18,9.0,0,0,0,0,0,0,2,2,1,0,0,0.99,0.99,0,0,0,0,1,0,0
4140,12.0,3385,9996,20246,31996,11770,45078,54077,62567,2155,0,0,0.96,0.93,0,0,0,0,1,0,0
2,8.0,0,17,17,17,7,16,22,41,0,0,0,0.48,0.53,0,0,0,0,1,0,1
1333,8.0,0,0,0,0,0,7,11,12,8,0,0,0.95,0.97,0,0,0,0,1,0,0
30,8.0,20,6,24,42,11,39,82,120,12,0,0,0.78,0.76,0,0,0,0,1,0,0
0,2.0,0,16,16,16,0,0,0,0,1,0,0,0.1,0.17,0,1,0,0,1,0,1
3,8.0,0,31,41,61,20,44,63,97,18,0,0,0.77,0.74,0,0,0,0,1,0,1
9,2.0,0,52,92,136,20,65,96,156,7,0,0,0.45,0.57,0,0,0,0,1,0,1
4,2.0,0,0,0,3,0,18,20,24,0,0,0,0.79,0.89,0,0,0,0,1,0,1
0,2.0,0,7,8,8,0,2,2,2,0,0,0,0.48,0.53,2,1,0,1,1,0,1
1,4.0,4,4,8,12,0,3,7,10,0,0,0,0.68,0.66,0,0,0,0,1,0,1
0,2.0,0,13,13,13,0,0,0,0,0,0,0,0.62,0.62,0,0,0,0,1,0,1
0,2.0,0,2,3,4,4,4,4,10,0,0,0,0.93,0.92,0,0,0,0,1,0,1
4,2.0,0,0,0,0,0,0,0,0,0,0,0,0.96,0.88,0,0,0,0,1,0,0
648,8.0,9,0,0,0,31,259,510,768,74,0,0,0.14,0.14,0,0,0,0,1,0,0
0,4.0,0,2992,3456,4592,0,0,0,0,0,0,0,0.99,0.99,0,0,0,0,1,0,1
0,12.0,0,0,0,0,0,0,0,0,0,0,0,0.63,0.72,0,0,0,1,1,0,0
2,10.0,0,0,0,0,0,0,0,0,0,0,0,0.89,0.9,0,0,0,0,1,0,0
1,8.0,0,0,0,0,0,0,0,1,0,0,0,0.79,0.66,0,1,0,0,1,0,0
61,2.0,0,379,600,813,88,297,531,812,135,0,0,0.96,0.98,1,0,0,0,1,0,1
155,2.0,0,0,0,0,1,7,17,27,0,0,0,0.99,0.94,0,0,0,0,1,0,0
111,8.0,1,125,125,225,33,101,187,282,43,0,0,1.0,0.94,0,0,0,0,1,0,0
4,8.0,4,14,23,32,5,17,31,55,1,0,0,0.84,0.48,0,0,0,0,1,0,1
3,8.0,0,7,14,14,5,10,17,22,0,0,0,1.0,0.99,0,1,0,0,1,0,1
-3,9.0,0,20,24,28,2,8,10,20,4,0,7,0.46,0.29,3,0,0,1,1,0,1
-26,8.0,17,418,697,979,110,323,595,854,87,0,14,0.69,0.69,37,0,0,0,1,0,1
-3,8.0,0,70,98,126,13,45,80,126,29,0,0,0.91,0.96,4,0,0,0,1,0,1
5,8.0,0,0,0,0,0,0,2,3,0,0,0,0.98,0.95,0,0,0,0,1,0,0
0,8.0,0,0,0,0,0,0,0,0,0,0,0,0.73,0.79,0,0,0,0,1,0,0
1,8.0,0,19,19,28,1,6,12,18,0,0,5,0.05,0.15,0,0,0,0,1,0,1
1,8.0,0,4,6,9,1,7,10,16,0,0,0,0.78,0.76,0,0,0,0,1,0,1
0,2.0,0,3,4,6,0,0,0,0,0,0,0,0.78,0.78,0,0,0,0,1,0,1
0,8.0,0,28,56,70,7,17,26,39,2,0,0,0.98,0.97,0,0,0,0,1,0,1
1,12.0,0,7,7,7,0,0,6,8,0,0,3,0.78,0.78,0,0,0,1,1,0,1
21,2.0,67,96,198,270,42,120,199,300,23,0,0,0.99,0.93,0,0,0,1,1,0,0
0,8.0,0,8,8,9,3,8,12,14,0,0,0,0.42,0.36,0,0,0,0,1,0,1
13,8.0,0,0,0,0,0,0,0,0,0,0,0,0.42,0.36,0,0,0,0,1,0,0
1,8.0,0,11,15,19,7,12,18,25,1,0,0,0.42,0.36,0,0,0,0,1,0,1
0,2.0,4,0,12,21,3,7,21,28,0,0,0,0.66,0.4,0,0,0,0,1,0,1
9,8.0,0,0,0,0,0,0,0,1,1,0,0,0.79,0.84,0,1,0,0,1,0,0
15,12.0,0,0,0,0,0,0,0,0,1,0,0,0.48,0.48,0,1,0,0,1,0,0
94,8.0,0,0,0,0,0,0,0,0,6,0,0,0.2,0.68,0,1,0,1,1,0,0
0,8.0,0,18,18,18,0,0,0,0,0,0,0,0.77,0.81,0,1,0,0,0,0,1
20,9.0,0,16,40,70,3,19,54,85,13,0,0,0.49,0.72,0,0,0,0,1,0,1
108,8.0,4,0,0,27,13,45,86,132,22,0,0,0.65,0.74,0,0,0,0,1,0,0
26,8.0,0,0,0,0,2,6,13,20,0,0,0,1.0,0.99,0,0,0,0,1,0,0
4,9.0,0,0,3,3,2,5,10,12,5,0,0,0.85,0.83,0,0,0,0,1,0,1
294,2.0,0,0,0,0,5,20,30,41,0,0,0,0.95,0.96,0,0,0,0,1,0,0
9,8.0,0,0,0,0,0,0,0,0,0,0,0,0.98,0.96,0,0,0,0,1,0,0
0,2.0,0,0,0,0,0,0,0,0,0,0,0,0.94,0.95,0,0,0,0,1,0,1
0,8.0,0,11,16,26,1,4,6,9,1,0,0,0.97,0.96,0,0,0,0,1,0,1
1,8.0,0,10,10,10,3,7,9,9,1,0,0,1.0,0.94,0,0,0,0,1,0,1
15,4.0,7,7,21,28,0,9,10,18,5,0,0,0.79,0.66,0,0,0,0,1,0,1
6,2.0,0,4,7,10,0,3,5,10,0,0,0,0.5,0.2,0,1,0,0,1,0,1
12,16.0,0,0,0,0,0,0,0,2,1,0,0,0.44,0.46,0,0,0,0,1,0,0
8,2.0,0,5,10,10,1,3,6,6,0,0,0,0.74,0.18,0,1,0,0,1,0,0
12,9.0,0,0,0,0,0,0,4,6,0,0,0,0.68,0.66,0,1,0,0,1,0,0
110,8.0,2,0,0,0,12,29,68,106,2,0,0,0.85,0.83,0,0,0,0,1,0,0
24,8.0,0,0,0,0,0,1,2,3,0,0,0,0.95,0.97,0,0,0,0,1,0,0
0,12.0,0,9,9,9,1,8,10,19,0,0,0,0.78,0.78,0,0,0,1,1,0,1
10,0.0,2,220,340,340,7,20,46,67,3,0,0,0.0,0.0,0,0,0,0,1,0,0
2,2.0,0,6,6,6,1,1,1,1,0,0,0,0.99,0.96,0,1,0,0,1,0,1
68,2.0,0,0,0,0,2,7,17,28,2,0,0,0.93,0.96,0,0,0,0,1,0,1
105,8.0,41,48,72,120,21,69,166,312,17,0,0,0.95,0.95,0,0,0,0,1,0,0
119,8.0,0,40,160,260,10,96,171,377,25,0,0,0.79,0.67,0,0,0,0,1,0,0
151,8.0,0,1120,1680,2520,311,1072,2070,2953,551,0,0,0.13,0.09,2,0,0,1,1,0,1
-3,16.0,0,13,28,28,4,11,14,20,2,0,0,0.61,0.62,3,1,0,1,1,0,1
12,12.0,0,0,0,0,0,2,2,2,0,0,0,0.78,0.78,0,0,0,0,1,0,0
2,8.0,0,15,22,36,0,7,14,19,0,0,2,0.17,0.33,0,0,0,0,1,0,1
167,8.0,0,2500,2500,2500,4,95,107,150,87,0,2500,0.0,0.0,0,0,0,0,1,0,0
47,8.0,0,4800,4800,4800,297,843,1594,2434,271,0,0,0.0,0.0,20,0,0,0,1,0,1
8,4.0,0,0,0,0,1,3,3,3,1,0,0,0.24,0.14,0,1,0,0,1,0,1
141,2.0,0,0,0,45,3,11,14,112,14,0,0,0.99,0.87,0,1,0,0,1,0,0
3,2.0,0,0,7,7,1,5,6,6,0,0,0,0.99,0.98,0,0,0,0,1,0,0
775,8.0,0,0,0,0,0,25,50,78,6,0,0,1.0,1.0,0,0,0,0,1,0,0
4,8.0,0,0,0,0,0,0,1,1,1,0,0,1.0,1.0,0,0,0,0,1,0,1
-1,9.0,0,13,28,43,9,24,40,48,5,0,0,0.92,0.76,1,0,0,0,1,0,1
12,8.0,1,48,96,144,15,43,70,95,1,0,0,0.5,0.5,0,0,0,0,1,0,1
16,8.0,0,0,0,0,0,0,0,0,0,0,0,0.96,0.97,0,0,0,0,1,0,0
83,8.0,3,299,435,573,42,180,447,754,107,0,7,0.28,0.28,3,0,0,0,1,0,1
5,8.0,0,10,20,35,8,23,39,59,5,0,0,0.89,0.9,0,0,0,0,1,0,1
31,2.0,0,0,0,0,0,1,10,13,1,0,0,0.91,0.68,0,0,0,0,1,0,1
1250,8.0,5,0,0,0,15,41,95,143,16,0,0,0.73,0.69,0,0,0,1,1,0,0
1,15.0,0,3,3,3,0,3,4,11,11,0,0,1.0,0.96,0,0,0,0,0,0,1
204,2.0,31,177,303,378,107,217,344,510,70,0,0,1.0,0.71,0,0,0,0,1,0,0
540,2.0,0,0,0,0,6,31,71,106,18,0,0,0.84,0.76,0,0,0,0,1,0,0
3,10.0,0,0,0,0,0,0,0,0,0,0,0,0.89,0.9,0,0,0,1,1,0,0
3,8.0,1,7,14,14,3,7,15,18,0,0,0,1.0,1.0,0,0,0,0,1,0,1
-51,8.0,1,509,800,1072,82,344,798,1158,54,0,3,0.73,0.73,51,0,0,0,1,0,1
3,2.0,0,72,126,198,5,13,25,25,5,0,0,0.9,0.88,0,1,0,0,1,0,1
8,4.0,1,12,37,62,7,30,50,68,0,0,0,0.91,0.93,0,0,0,0,1,0,0
0,2.0,0,2,2,7,0,0,0,0,0,0,0,0.78,0.82,0,0,0,1,1,0,1
4,8.0,0,0,0,0,0,0,0,0,0,0,0,0.46,0.35,0,0,0,0,1,0,0
5,8.0,0,16,24,32,7,15,34,48,0,0,0,0.96,0.97,0,0,0,0,1,0,1
351,2.0,0,0,0,0,7,35,64,81,15,0,0,0.73,0.69,0,1,0,0,1,0,0
32,2.0,0,432,648,864,89,287,514,733,133,0,72,0.53,0.54,9,0,0,1,1,0,1
0,2.0,0,9,14,14,0,0,0,0,1,0,0,0.07,0.07,0,0,0,1,1,0,1
0,12.0,0,6,10,13,4,8,12,17,0,0,0,0.78,0.78,0,0,0,1,1,0,1
30,8.0,0,0,0,0,0,1,2,2,0,0,0,0.82,0.81,0,0,0,0,1,0,0
78,8.0,6,24,72,120,18,55,120,181,17,0,0,1.0,0.9,0,0,0,1,1,0,0
5,2.0,13,1,27,40,3,20,31,51,1,0,0,0.99,0.99,0,0,0,0,1,0,0
205,8.0,0,0,0,0,8,15,40,64,0,0,0,0.97,0.95,0,0,0,0,1,0,0
0,8.0,0,1,1,2,0,0,1,1,0,0,0,0.95,0.88,0,0,0,0,1,0,1
4,2.0,0,1,1,1,8,18,20,20,0,0,0,0.78,0.74,0,1,0,0,1,0,1
0,2.0,0,4,7,8,0,0,0,0,0,0,0,0.81,0.82,0,0,0,0,1,0,1
0,9.0,0,4,5,5,2,11,14,19,0,0,0,1.0,0.99,0,0,0,0,1,0,1
71,2.0,0,92,137,242,18,90,152,211,39,0,0,1.0,0.83,0,0,0,0,1,0,0
51,2.0,0,0,0,0,0,6,13,15,1,0,0,0.5,0.66,0,1,0,0,1,0,0
0,2.0,0,2,4,5,4,5,7,8,1,0,0,0.94,0.97,0,0,0,0,1,0,1
125,2.0,1,76,152,190,17,67,168,222,27,0,0,0.88,0.93,0,0,0,0,1,0,0
3,8.0,0,4480,7840,10360,863,2865,6476,10315,888,0,280,0.0,0.0,68,0,0,1,1,0,1
20,2.0,20,20,40,70,0,1,2,2,4,0,0,0.86,0.9,0,1,0,0,1,0,0
0,2.0,0,6,6,12,2,4,4,5,1,0,6,1.0,0.99,0,0,0,0,1,0,1
0,8.0,0,1,1,1,0,0,0,1,0,0,0,0.66,0.63,0,0,0,0,1,0,1
1,0.0,0,1,2,4,1,1,3,4,1,0,0,0.0,0.0,0,0,0,0,0,0,1
14,9.0,0,0,0,0,0,0,0,0,0,0,0,0.86,0.84,0,1,0,0,1,0,0
2,8.0,0,0,0,0,0,0,0,0,0,0,0,0.82,0.83,0,0,0,0,1,0,0
0,8.0,0,10,10,10,1,3,6,10,4,0,0,0.0,0.0,0,0,0,0,1,0,1
2,2.0,0,7,9,12,2,2,4,5,0,0,0,0.8,0.82,0,1,0,0,1,0,1
20,8.0,7,51,75,93,11,23,40,64,21,0,0,0.98,0.97,0,0,0,0,1,0,0
0,2.0,0,21,36,40,0,0,0,0,0,0,0,1.0,0.99,0,0,0,0,1,0,1
232,3.0,100,612,864,1080,196,951,1763,2878,84,0,0,0.43,0.46,0,0,0,0,1,0,0
0,2.0,0,137,218,264,0,0,0,0,17,0,0,0.96,0.86,0,0,0,0,1,0,1
116,9.0,0,0,0,0,3,11,31,58,32,0,0,0.91,0.77,0,0,0,0,1,0,0
51,8.0,0,0,0,0,0,2,4,8,3,0,0,0.5,0.46,0,1,0,0,1,0,0
0,8.0,0,19,28,31,7,11,19,36,0,0,0,0.0,0.0,0,0,0,0,1,0,1
0,2.0,0,5,7,8,0,0,0,2,1,0,5,0.78,0.89,0,1,0,0,1,0,1
0,2.0,0,8,14,16,0,0,0,0,0,0,0,0.93,0.9,0,0,0,0,1,0,1
5,8.0,0,0,0,0,1,2,2,4,1,0,0,0.99,0.99,0,0,0,0,1,0,1
100,4.0,0,0,0,0,0,0,40,60,0,0,0,0.77,0.8,0,0,0,0,1,0,0
0,8.0,0,0,0,0,0,0,0,0,0,0,0,0.2,0.15,0,0,0,0,1,0,0
23,2.0,0,0,0,0,1,5,15,25,0,0,0,0.98,0.99,0,0,0,0,1,0,0
6,2.0,0,3,3,3,0,0,0,0,0,0,0,0.18,0.19,0,1,0,0,1,0,0
12,2.0,0,5,10,20,4,20,28,29,2,0,0,0.84,0.84,0,0,0,0,1,0,1
1,14.0,0,8,8,8,0,1,3,7,0,0,0,0.89,0.9,0,0,0,0,1,0,0
13,12.0,0,0,0,0,0,0,0,0,1,0,0,0.48,0.48,0,1,0,0,1,0,0
11,2.0,0,18,36,54,7,22,34,55,2,0,0,0.09,0.06,0,0,0,0,1,0,1
-1,8.0,0,412,718,1024,30,158,671,1130,55,0,18,0.25,0.26,2,0,0,0,1,0,1
12,2.0,0,11,11,33,1,6,18,24,0,0,0,1.0,1.0,0,0,0,0,1,0,0
0,12.0,0,0,0,0,0,0,0,0,0,0,0,0.82,0.79,0,0,0,1,1,0,1
45,2.0,0,0,0,0,8,10,16,24,0,0,0,0.0,0.16,0,1,0,0,1,0,0
126,8.0,0,64,96,192,20,70,165,258,34,0,0,0.99,0.99,0,0,0,0,1,0,0
0,8.0,0,8,12,16,1,5,7,8,0,0,0,0.66,0.67,0,0,0,0,1,0,0
0,4.0,0,9,10,10,0,0,0,0,0,0,4,0.73,0.78,0,1,0,0,1,0,0
27,2.0,0,0,0,0,0,0,0,2,0,0,0,0.68,0.64,0,0,0,0,1,0,0
-1,9.0,0,9,9,9,1,6,6,7,0,0,0,0.67,0.8,1,0,0,0,1,0,1
11,2.0,0,0,0,0,1,1,1,1,0,0,0,0.99,0.98,0,0,0,0,1,0,0
12,2.0,0,0,0,0,0,2,2,7,1,0,0,0.95,0.97,0,1,0,0,1,0,0
17,8.0,0,0,0,15,1,7,13,20,0,0,0,0.97,0.97,0,0,0,0,1,0,1
169,8.0,0,0,0,0,0,0,0,0,0,0,0,0.99,0.98,0,0,0,1,1,0,0
31,8.0,6,51,120,174,30,78,148,237,18,0,0,0.97,0.94,0,0,0,0,1,0,0
22,2.0,0,11,48,80,1,5,6,6,0,0,0,0.82,0.87,0,0,0,1,1,0,1
0,8.0,0,11,19,23,4,6,15,26,0,0,0,0.92,0.95,0,0,0,0,1,0,1
10,9.0,0,0,0,0,0,2,6,10,0,0,0,0.86,0.84,0,1,0,0,1,0,0
4,8.0,0,0,0,8,0,2,2,4,0,0,0,0.98,0.9,0,0,0,1,1,0,0
80,8.0,0,0,200,200,18,42,72,123,17,0,0,0.93,0.91,0,0,0,0,1,0,0
96,8.0,0,0,0,0,0,5,19,28,10,0,0,0.86,0.91,0,1,0,1,1,0,0
33,2.0,0,0,0,0,4,19,27,27,5,0,0,0.93,0.96,0,0,0,0,1,0,0
24,9.0,0,0,0,0,2,5,12,16,0,0,0,0.94,0.79,0,0,0,0,1,0,0
39,9.0,0,0,0,0,0,0,0,0,0,0,0,0.34,0.41,0,0,0,0,1,0,0
12,2.0,0,0,0,0,0,0,0,0,2,0,0,0.99,0.99,0,0,0,0,1,0,0
0,2.0,0,34,34,52,0,0,0,0,0,0,0,0.93,0.93,0,1,0,0,1,0,1
429,8.0,107,816,1392,1824,173,608,1149,1698,199,0,0,0.99,0.99,0,0,0,0,1,0,0
3,12.0,0,0,0,0,0,0,0,0,0,0,0,0.57,0.7,0,0,0,0,1,0,0
1,8.0,0,15,26,37,2,6,13,21,1,0,0,1.0,0.99,0,0,0,0,1,0,1
4,8.0,0,0,0,0,0,0,2,2,0,0,0,0.94,0.97,0,0,0,0,1,0,0
0,2.0,0,0,0,0,0,0,0,0,0,0,0,0.56,0.56,0,1,0,0,1,0,1
29,8.0,0,0,0,0,0,1,2,5,0,0,0,-99.0,0.0,0,1,0,0,1,0,0
5,2.0,0,5,15,25,0,3,6,7,0,0,0,0.89,0.92,0,0,0,0,1,0,1
0,2.0,0,3,3,6,2,2,3,4,0,0,0,0.84,0.9,0,0,0,0,1,0,1
0,4.0,0,10,13,13,0,0,0,0,0,0,0,0.85,0.78,0,1,0,1,1,0,1
6,8.0,0,4,6,14,0,2,7,15,2,0,0,0.56,0.69,0,0,0,0,1,0,0
17,8.0,0,0,0,0,2,5,8,12,2,0,0,1.0,1.0,0,0,0,0,1,0,0
5,8.0,0,3,3,9,3,7,10,15,2,0,0,0.48,0.57,0,0,0,1,1,0,1
41,12.0,23,145,250,370,39,108,170,174,32,0,12,0.69,0.68,0,0,0,0,1,0,0
68,8.0,48,50,100,150,23,72,126,167,23,0,0,0.93,0.86,0,0,0,1,1,0,0
3,8.0,0,1,4,5,1,5,7,11,0,0,0,0.84,0.89,0,0,0,0,1,0,1
7,4.0,0,1,3,4,0,1,5,8,0,0,0,0.77,0.8,0,0,0,0,1,0,0
15,8.0,3,52,93,118,9,39,63,93,12,0,6,0.86,0.88,0,0,0,0,1,0,1
42,2.0,0,0,0,0,3,12,23,30,2,0,0,0.51,0.47,0,1,0,0,1,0,0
2,8.0,0,38,58,58,6,17,27,46,3,0,0,0.99,0.99,0,0,0,0,1,0,1
0,9.0,0,14,22,28,2,7,13,18,2,0,0,0.68,0.66,0,0,0,0,1,0,1
9,8.0,0,0,0,0,0,0,1,2,0,0,0,0.78,0.78,0,0,0,0,1,0,0
6,12.0,0,0,0,0,0,1,1,2,0,0,0,0.78,0.78,0,1,0,0,1,0,0
623,8.0,0,0,0,0,0,1,2,8,1,0,0,0.99,0.99,0,0,0,0,1,0,0
3,8.0,0,0,0,0,0,0,0,1,12,0,0,1.0,0.99,0,1,0,0,1,0,0
5,8.0,9,62,115,169,13,54,158,241,13,0,0,0.69,0.69,0,0,0,0,1,0,1
9,4.0,0,0,0,0,0,0,1,1,0,0,0,0.73,0.78,0,0,0,0,1,0,0
228,8.0,0,150,150,150,3,3,3,3,28,0,0,0.5,0.51,0,1,0,0,1,0,1
-69,12.0,0,2220,3080,4320,445,1580,2855,4209,275,0,140,0.73,0.79,72,0,0,0,1,0,1
3,12.0,0,0,0,0,0,0,0,0,0,0,0,0.78,0.78,0,0,0,0,1,0,0
4,8.0,0,0,36,36,2,2,3,8,2,0,0,0.95,0.8,0,0,0,0,1,0,1
31,2.0,0,0,0,0,0,0,0,0,0,0,0,0.3,0.3,0,0,0,0,1,0,0
0,2.0,0,16,27,49,2,7,13,16,0,0,0,0.37,0.36,0,0,0,0,1,0,1
2,12.0,0,0,0,0,0,0,0,1,1,0,0,0.87,0.68,0,0,0,0,1,0,1
373,8.0,0,0,0,0,0,0,0,0,0,0,0,0.81,0.67,0,0,0,0,1,0,0
1,8.0,0,3,6,9,0,6,9,12,2,0,0,0.0,0.49,0,0,0,0,1,0,1
3,2.0,0,0,0,0,1,2,2,3,0,0,0,0.95,0.96,0,0,0,0,1,0,1
33,8.0,0,0,0,0,3,9,19,33,4,0,0,0.64,0.77,0,0,0,1,1,0,1
12,8.0,0,23,23,23,15,39,127,156,21,0,0,0.98,0.99,0,0,0,0,1,0,1
3,12.0,0,0,0,0,0,1,1,1,0,0,0,0.78,0.78,0,0,0,0,1,0,0
5,2.0,0,24,48,75,8,24,42,65,0,0,0,0.91,0.85,0,0,0,0,1,0,1
1920,4.0,0,880,1870,2170,540,1177,2405,3501,558,0,0,0.73,0.78,0,0,0,0,1,0,0
0,12.0,0,5,7,7,0,0,0,1,0,0,0,0.62,0.73,0,1,0,0,1,0,1
1560,2.0,266,2928,5532,8028,918,2577,4969,7835,748,0,0,0.55,0.55,0,0,0,0,1,0,0
0,2.0,0,5,5,5,0,0,0,0,0,0,0,0.98,0.6,0,0,0,1,1,0,1
34,9.0,0,0,9,18,0,7,18,40,1,0,0,1.0,0.96,0,0,0,0,1,0,1
50,52.0,0,0,0,0,3,12,25,36,1,0,0,0.95,0.87,0,1,0,0,1,0,0
81,4.0,0,0,0,0,1,3,6,9,0,0,0,0.82,0.79,0,0,0,0,1,0,0
3,2.0,0,0,1,3,0,0,1,1,0,0,0,0.88,0.9,0,1,0,1,1,0,1
0,2.0,0,1,1,1,0,0,1,1,0,0,0,0.13,0.09,0,0,0,0,1,0,1
57,8.0,0,576,768,960,61,184,519,589,101,0,0,0.0,0.0,3,0,0,0,1,0,1
4,9.0,0,0,0,0,0,0,1,1,2,0,0,0.7,0.66,0,0,0,0,1,0,0
13,8.0,4,8,16,20,11,22,52,78,0,0,0,0.91,0.92,0,0,0,0,1,0,1
9,8.0,0,10,10,10,0,5,8,10,0,0,0,0.92,0.66,0,0,0,0,1,0,0
0,2.0,0,35,35,35,0,0,0,0,1,0,0,0.99,0.98,0,1,0,1,1,0,0
11,2.0,2,0,0,0,4,30,30,30,0,0,0,0.69,0.69,0,0,0,0,1,0,1
9,8.0,0,0,0,0,0,0,2,2,0,0,0,0.46,0.35,0,0,0,0,1,0,0
5,2.0,0,8,8,8,1,1,2,2,0,0,0,0.19,0.16,0,0,0,0,1,0,0
3,9.0,0,0,0,0,0,0,0,1,0,0,0,0.91,0.74,0,1,0,0,1,0,0
413,2.0,57,576,1008,1440,198,457,1039,1318,213,0,0,1.0,0.99,0,1,0,0,1,0,0
0,8.0,0,0,0,0,0,0,0,0,0,0,0,0.88,0.94,0,0,0,0,1,0,0
0,8.0,0,2,3,4,0,1,3,4,0,0,1,0.18,0.33,0,0,0,0,1,0,0
89,8.0,0,0,0,0,0,0,2,2,0,0,0,1.0,0.99,0,0,0,0,1,0,0
6,8.0,0,0,0,0,1,1,1,3,0,0,0,0.99,0.99,0,1,0,0,1,0,0
7,2.0,0,0,0,0,1,2,2,2,1,0,0,0.96,0.98,0,1,0,0,1,0,0
0,2.0,12,0,0,0,0,0,0,0,0,0,0,0.38,0.4,0,1,0,1,1,0,0
1,8.0,2,26,38,46,8,14,27,42,0,0,0,0.97,0.94,0,0,0,0,1,0,1
12,2.0,0,0,0,0,0,0,0,0,0,0,0,0.11,0.16,0,1,0,0,1,0,0
5,2.0,0,0,0,0,3,7,13,19,16,0,0,0.93,0.96,0,0,0,0,1,0,1
5,8.0,0,0,0,0,0,0,0,0,0,0,0,0.37,0.36,0,0,0,0,1,0,0
4,8.0,0,0,0,0,0,0,0,0,0,0,0,0.99,0.96,0,0,0,0,1,0,0
0,8.0,0,35,56,77,6,22,33,53,11,0,0,1.0,0.98,0,0,0,0,1,0,1
1,8.0,1,19,28,43,3,17,29,39,5,0,0,0.99,0.98,0,0,0,1,1,0,1
11,9.0,0,0,0,0,1,1,4,9,0,0,0,0.99,0.98,0,0,0,0,1,0,0
2,8.0,0,14,28,42,3,12,24,39,0,0,0,0.75,0.74,0,0,0,0,1,0,1
13,8.0,0,0,0,0,0,0,0,0,0,0,0,0.89,0.94,0,0,0,0,1,0,0
9,2.0,0,24,48,72,4,22,56,78,2,0,0,0.98,0.82,0,0,0,0,1,0,1
17,2.0,0,32,80,120,11,36,66,74,0,0,0,0.87,0.75,0,0,0,0,1,0,1
103,9.0,0,0,0,0,0,0,0,0,2,0,0,0.86,0.84,0,1,0,0,0,0,0
13,8.0,0,0,0,0,4,8,17,22,3,0,0,0.97,0.95,0,0,0,0,1,0,1
10,4.0,0,0,0,0,0,0,0,0,0,0,0,0.73,0.78,0,0,0,0,1,0,0
7,2.0,0,28,28,28,8,10,10,10,2,0,0,0.96,0.98,0,0,0,0,1,0,1
7,8.0,0,0,0,0,0,0,1,1,1,0,0,0.97,0.97,0,0,0,0,1,0,0
3,4.0,0,0,0,0,0,0,0,0,0,0,0,0.73,0.78,0,0,0,0,1,0,0
4,2.0,0,0,1,2,0,1,3,5,0,0,0,0.68,0.64,0,0,0,0,1,0,0
57,9.0,12,34,70,97,19,42,74,114,12,0,0,0.85,0.82,0,0,0,0,1,0,0
0,8.0,0,5,6,6,0,0,0,3,0,0,0,0.46,0.35,0,1,0,0,1,0,1
0,2.0,10,16,16,16,10,25,30,30,0,0,0,0.24,0.28,0,1,0,0,1,0,1
443,8.0,86,720,720,720,134,403,786,1440,1063,0,0,0.98,0.99,0,0,0,0,1,0,0
2,2.0,0,3,3,3,1,1,1,1,0,0,0,0.27,0.26,0,1,0,1,1,0,1
2,8.0,0,0,0,0,0,0,0,0,0,0,0,0.8,0.82,0,0,0,0,1,0,0
69,8.0,0,29,29,29,8,25,53,90,21,0,0,1.0,0.99,0,0,0,0,0,0,1
5,12.0,0,8,16,24,4,13,23,33,5,0,0,0.93,0.95,0,0,0,0,1,0,0
0,8.0,0,0,0,0,2,7,9,11,0,0,0,0.99,0.99,0,1,0,0,1,0,0
0,8.0,0,8,10,12,4,6,7,7,0,0,0,0.8,0.82,0,1,0,0,1,0,1
5,12.0,0,0,0,0,0,0,0,0,0,0,0,0.63,0.72,0,0,0,0,1,0,0
7,8.0,3,3,3,3,1,3,6,11,0,0,0,0.85,0.78,0,0,0,0,1,0,0
120,8.0,0,0,0,0,0,0,0,0,0,0,0,0.99,0.97,0,0,0,0,1,0,0
22,8.0,0,96,192,288,26,63,117,206,15,0,0,0.75,0.72,0,0,0,0,1,0,1
0,2.0,0,77,120,120,0,0,0,0,0,0,0,1.0,1.0,0,0,0,0,1,0,1
0,2.0,0,36,60,67,0,0,0,0,0,0,1,0.71,0.75,0,1,0,1,1,0,1
1,2.0,0,5,5,5,26,30,51,68,3,0,0,0.98,0.99,0,0,0,0,1,0,1
13,12.0,0,0,0,0,0,0,0,0,1,0,0,0.63,0.63,0,1,0,0,1,0,0
0,4.0,0,13,13,13,0,0,0,0,1,0,0,0.24,0.14,0,1,0,0,1,0,1
15,3.0,0,765,1260,1755,165,579,1087,1592,132,0,45,0.43,0.46,3,0,0,0,1,0,1
40,8.0,0,0,0,0,1,7,11,24,55,0,0,0.91,0.85,0,0,0,0,1,0,0
7,8.0,0,10,10,24,2,8,13,15,2,0,0,0.75,0.86,0,0,0,0,1,0,1
8,4.0,0,0,0,0,0,0,1,1,0,0,0,0.77,0.8,0,0,0,0,1,0,0
4,9.0,0,0,0,0,0,0,0,0,0,0,0,0.7,0.66,0,1,0,0,1,0,0
4,2.0,0,135,261,387,71,205,310,361,71,0,0,1.0,1.0,0,0,0,0,1,0,1
1331,8.0,30,350,700,700,144,501,1057,1769,201,0,0,0.98,0.91,0,0,0,0,1,0,0
37,2.0,0,60,120,180,15,45,72,89,0,0,0,0.24,0.31,0,1,0,0,1,0,1
-28,2.0,0,40,40,40,69,75,77,77,2,0,0,0.54,0.69,28,0,0,0,1,0,1
8,9.0,0,0,0,0,0,0,0,0,0,0,0,0.7,0.66,0,0,0,0,1,0,0
-2,12.0,0,20,20,20,1,4,11,25,50,0,0,0.74,0.74,2,0,0,0,1,0,1
0,8.0,0,3,4,5,1,2,2,4,0,0,0,0.14,0.12,0,0,0,1,1,0,1
2,3.0,0,0,2,3,0,1,2,3,0,0,0,0.89,0.9,0,0,0,0,1,0,1
0,2.0,1,6,6,6,3,6,6,6,0,0,1,0.93,0.93,0,1,0,0,1,0,1
39,12.0,16,208,351,494,45,165,374,602,74,0,0,0.22,0.26,0,0,0,0,1,0,1
9,8.0,0,7,21,35,8,13,27,40,0,0,0,0.99,0.99,0,0,0,1,1,0,1
337,8.0,0,0,0,0,3,5,11,17,5,0,0,0.77,0.87,0,1,0,0,1,0,0
12,8.0,0,12,12,24,7,12,24,39,1,0,0,0.5,0.35,0,0,0,0,1,0,1
5,12.0,0,0,0,0,0,0,0,3,0,0,0,0.62,0.73,0,0,0,0,1,0,0
47,2.0,0,0,0,0,0,0,2,2,0,0,0,1.0,0.83,0,0,0,1,1,0,0
6,9.0,0,0,0,0,0,0,1,2,1,0,0,0.43,0.45,0,0,0,1,1,0,0
7,9.0,0,2,7,12,1,3,4,7,1,0,0,0.43,0.45,0,0,0,1,1,0,0
11,4.0,0,9,9,9,0,0,0,0,0,0,0,0.91,0.92,0,1,0,0,1,0,0
4845,52.0,0,0,0,0,7,16,32,34,0,0,0,0.94,0.87,0,1,0,0,0,0,0
55,2.0,0,0,0,0,0,0,0,0,0,0,0,1.0,1.0,0,1,0,0,1,0,0
217,8.0,0,0,0,0,2,26,57,95,13,0,0,0.0,0.16,0,0,0,0,1,0,0
3,8.0,0,0,0,0,0,0,0,0,0,0,0,0.89,0.84,0,1,0,0,1,0,0
54,8.0,0,0,0,0,1,1,6,7,0,0,0,0.81,0.82,0,0,0,1,1,0,0
8,8.0,17,1,11,21,1,12,21,29,3,0,0,0.92,0.95,0,0,0,0,1,0,0
3,8.0,0,0,0,0,0,0,0,0,1,0,0,0.0,0.0,0,0,0,1,1,0,0
4,8.0,0,5,10,10,0,5,6,10,0,0,0,0.99,0.99,0,0,0,0,1,0,0
9,2.0,0,0,0,0,0,0,0,0,0,0,0,0.94,0.95,0,0,0,0,1,0,0
4560,4.0,103,4168,11450,18576,892,4759,11283,17209,952,0,0,0.79,0.67,0,0,0,0,1,0,0
0,8.0,0,4770,5568,6012,0,0,0,0,0,0,0,0.97,0.8,0,0,0,0,1,0,1
0,2.0,0,4,4,4,0,0,0,0,1,0,0,0.83,0.86,0,0,0,0,1,0,1
10,2.0,0,0,0,0,0,5,10,16,0,0,0,0.86,0.9,0,0,0,0,1,0,0
11,8.0,0,0,0,4,1,3,11,20,0,0,0,0.95,0.93,0,0,0,0,1,0,0
11,2.0,0,24,56,83,7,28,53,77,0,0,0,0.82,0.89,0,0,0,1,1,0,1
0,4.0,0,5,7,9,0,0,0,0,0,0,0,0.68,0.66,0,1,0,0,1,0,0
0,8.0,0,4,6,8,2,5,8,9,2,0,0,0.43,0.46,0,0,0,0,1,0,1
376,8.0,92,119,334,515,91,206,413,718,113,0,0,0.95,0.97,0,0,0,0,1,0,0
4,2.0,0,3,6,9,1,4,14,17,0,0,0,0.98,0.97,0,0,0,0,1,0,1
795,8.0,0,0,0,0,0,0,0,0,0,0,0,0.98,0.97,0,0,0,0,1,0,0
2,9.0,2,1,3,3,0,3,4,4,1,0,0,0.85,0.82,0,0,0,0,1,0,0
41,8.0,0,0,0,0,0,3,7,10,2,0,0,0.88,0.81,0,0,0,0,1,0,0
19,2.0,0,0,0,0,5,11,18,27,0,0,0,0.87,0.92,0,0,0,0,1,0,1
201,12.0,3,0,0,0,12,28,64,100,26,0,0,0.93,0.89,0,0,0,0,1,0,0
0,0.0,0,4,7,9,3,4,7,9,1,0,0,0.0,0.0,0,0,0,0,1,0,1
10,2.0,1,3,3,3,8,30,30,30,0,0,2,0.69,0.68,0,0,0,0,1,0,1
17,2.0,0,5,14,25,3,24,26,26,0,0,0,0.97,0.98,0,0,0,0,1,0,1
2,2.0,0,60,80,80,21,22,40,40,0,0,0,0.95,0.97,0,1,0,0,1,0,1
375,8.0,260,376,441,631,127,424,803,1444,61,0,3,0.0,0.0,0,0,0,0,1,0,0
0,12.0,0,500,500,500,6,31,39,60,0,0,0,0.95,0.86,0,0,0,0,1,0,1
4,9.0,0,0,0,0,0,0,0,0,0,0,0,0.98,0.98,0,0,0,0,1,0,0
12,2.0,0,37,49,61,16,22,30,40,0,0,0,1.0,1.0,0,0,0,0,1,0,1
20,2.0,0,0,0,0,0,0,0,0,0,0,0,0.85,0.8,0,0,0,0,1,0,0
12,14.0,0,0,0,0,0,0,0,3,0,0,0,1.0,0.97,0,0,0,1,1,0,0
4,12.0,0,0,0,0,0,0,1,2,0,0,0,0.0,0.01,0,0,0,0,1,0,0
1,12.0,0,0,0,0,0,0,0,0,0,0,0,0.63,0.72,0,0,0,0,1,0,0
6,12.0,0,0,0,0,0,0,0,0,1,0,0,0.77,0.73,0,0,0,1,1,0,0
2,12.0,0,0,0,0,0,0,0,0,1,0,0,0.73,0.76,0,1,0,0,1,0,0
4,8.0,0,4,9,12,2,4,8,10,0,0,0,0.93,0.96,0,0,0,0,1,0,1
0,12.0,0,24,24,25,0,0,0,0,0,0,0,0.82,0.79,0,1,0,0,1,0,0
20,3.0,0,0,0,0,1,1,2,3,0,0,0,0.98,0.98,0,0,0,0,1,0,1
11,2.0,0,0,0,0,0,0,0,0,0,0,0,0.68,0.76,0,0,0,0,1,0,0
168,12.0,40,191,331,471,42,188,418,641,287,0,0,0.93,0.93,0,0,0,0,1,0,0
0,2.0,0,30,48,72,16,33,55,70,0,0,0,0.97,0.97,0,0,0,0,1,0,0
0,8.0,0,17,26,35,1,8,24,37,1,0,0,0.66,0.72,0,0,0,0,1,0,1
-7,8.0,2,259,396,524,46,147,289,443,35,0,8,0.77,0.74,8,0,0,1,1,0,1
13,12.0,0,0,0,0,0,0,0,0,1,0,0,0.58,0.58,0,1,0,0,1,0,0
-13,8.0,53,599,599,731,153,719,1068,11371,107,0,0,0.3,0.32,25,0,0,1,1,0,1
14,2.0,6,0,10,20,4,18,26,27,3,0,0,0.84,0.84,0,0,0,0,1,0,1
-132,2.0,0,142,284,284,484,659,699,740,59,0,0,0.32,0.59,136,0,0,0,1,0,1
3,12.0,3,49,61,73,4,20,40,59,13,0,0,0.44,0.38,0,0,0,0,1,0,1
34,8.0,0,0,0,0,2,2,2,2,0,0,0,0.61,0.57,0,1,0,1,1,0,0
64,8.0,0,0,0,0,0,1,1,3,1,0,0,0.96,0.96,0,0,0,0,1,0,0
299,8.0,618,578,1358,2387,334,1156,2298,3340,221,0,0,0.98,0.97,0,0,0,0,1,0,0
15,12.0,0,0,0,0,0,0,0,0,0,0,0,0.73,0.69,0,0,0,0,1,0,1
0,8.0,0,15,25,25,0,2,11,17,2,0,1,0.37,0.38,0,0,0,0,1,0,1
1347,8.0,0,0,0,0,2,13,46,77,6,0,0,0.0,0.0,0,0,0,0,1,0,0
11,2.0,12,26,39,52,8,12,19,33,0,0,0,1.0,1.0,0,0,0,0,1,0,1
8,8.0,0,0,3,6,1,5,9,11,1,0,0,0.99,0.97,0,0,0,0,1,0,1
0,2.0,0,0,0,0,0,3,5,6,0,0,0,0.99,0.99,0,0,0,0,1,0,1
8,2.0,0,16,16,32,7,19,41,58,1,0,0,0.98,0.99,0,0,0,0,1,0,1
0,8.0,0,29,44,62,8,18,38,49,0,0,0,0.96,0.97,0,0,0,0,1,0,1
4,8.0,0,0,0,0,1,1,2,3,0,0,0,0.82,0.81,0,0,0,0,1,0,0
70,8.0,0,0,0,0,0,0,0,0,0,0,0,0.98,0.98,0,1,0,0,1,0,0
-1,2.0,0,20,40,60,3,21,46,65,2,0,0,0.32,0.27,1,0,0,0,1,0,1
94,12.0,0,0,0,0,0,0,0,0,0,0,0,0.93,0.89,0,0,0,0,1,0,0
6,8.0,0,1,6,11,1,6,8,14,0,0,0,0.85,0.78,0,0,0,0,1,0,1
22,9.0,0,0,0,0,0,0,0,0,2,0,0,0.99,0.98,0,0,0,0,1,0,0
405,8.0,4,0,200,400,47,183,328,505,40,0,0,0.94,0.9,0,0,0,0,1,0,0
92,8.0,0,0,0,0,0,3,7,12,0,0,0,0.99,0.99,0,0,0,1,1,0,0
3,2.0,0,14,21,28,7,11,15,34,3,0,0,0.99,0.9,0,0,0,0,1,0,1
0,12.0,0,2,4,5,1,3,3,4,0,0,0,0.78,0.78,0,0,0,0,1,0,1
140,10.0,0,0,0,0,0,0,0,0,0,0,0,0.89,0.9,0,0,0,1,1,0,0
3,2.0,0,10,20,30,1,4,10,23,0,0,0,0.93,0.97,0,0,0,0,1,0,1
75,12.0,4,116,276,276,38,173,364,719,26,0,0,0.76,0.78,0,0,0,0,1,0,1
1,8.0,0,0,0,0,0,0,0,0,0,0,0,0.8,0.83,0,0,0,0,1,0,0
20,2.0,0,168,182,280,25,53,109,146,0,0,0,0.02,0.1,0,0,0,0,1,0,1
1,8.0,0,2,2,2,0,0,1,2,0,0,0,0.14,0.32,0,0,0,0,1,0,1
1854,8.0,0,0,0,0,2,2,5,6,2,0,0,-99.0,-99.0,0,1,0,0,1,0,0
1,2.0,0,0,0,0,0,0,0,0,0,0,0,0.42,0.36,0,0,0,0,1,0,1
0,12.0,0,4,6,8,1,3,5,7,0,0,0,0.78,0.78,0,0,0,0,1,0,1
1,2.0,0,10,10,10,2,2,3,3,0,0,0,0.98,0.98,0,1,0,0,1,0,1
5,4.0,0,0,0,0,0,0,0,0,0,0,0,0.73,0.78,0,0,0,0,1,0,0
209,8.0,105,545,1451,2168,247,839,1874,2917,190,0,0,0.47,0.76,0,0,0,0,1,0,0
117,8.0,85,265,481,673,94,272,554,813,69,0,0,0.95,0.92,0,0,0,1,1,0,0
47,8.0,0,0,0,0,3,4,6,11,1,0,0,0.81,0.75,0,0,0,1,1,0,0
6,2.0,11,29,53,77,3,27,48,61,0,0,0,0.96,0.97,0,0,0,0,1,0,1
20,8.0,0,40,80,100,30,54,82,100,0,0,0,0.98,0.98,0,0,0,0,1,0,1
8,2.0,0,0,0,0,0,0,0,0,0,0,0,0.99,0.99,0,0,0,0,1,0,0
5,8.0,0,56,96,126,10,33,57,81,3,0,0,0.78,0.74,0,0,0,0,1,0,1
1,8.0,0,2,2,2,0,0,1,2,0,0,0,0.0,0.0,0,0,0,0,1,0,1
0,2.0,0,4,7,8,0,0,0,0,0,0,2,0.42,0.36,0,0,0,1,1,0,1
7,8.0,0,15,24,33,10,17,35,52,0,0,0,0.71,0.72,0,0,0,0,1,0,1
8,12.0,0,30,40,50,5,15,26,50,0,0,0,0.78,0.78,0,0,0,1,1,0,1
5,2.0,0,0,2,2,0,0,0,0,1,0,0,0.49,0.62,0,1,0,0,1,0,1
1,13.0,0,1,6,8,2,4,5,7,0,0,0,0.8,0.82,0,0,0,0,1,0,1
3,2.0,0,0,0,0,2,3,4,4,0,0,0,0.97,0.96,0,0,0,0,1,0,1
0,4.0,0,9,12,12,1,4,4,4,0,0,0,0.59,0.62,0,1,0,0,1,0,1
166,8.0,0,60,180,300,17,84,209,345,24,0,0,0.93,0.95,0,0,0,0,1,0,0
12,2.0,5,28,56,76,6,15,32,64,8,0,0,0.97,0.87,0,0,0,0,1,0,1
69,8.0,0,0,0,0,12,29,29,36,23,0,0,1.0,0.77,0,1,0,0,1,0,0
0,8.0,0,0,0,0,0,0,0,0,0,0,0,0.99,0.95,0,0,0,0,1,0,0
11,8.0,0,8,20,36,1,5,9,9,0,0,0,0.91,0.82,0,0,0,0,1,0,0
41,9.0,0,0,0,0,0,0,0,0,1,0,0,0.86,0.84,0,0,0,0,1,0,0
840,4.0,0,0,0,0,0,5,10,14,0,0,0,0.73,0.78,0,0,0,0,1,0,0
11,2.0,0,0,0,0,0,0,0,0,0,0,0,0.32,0.27,0,1,0,1,1,0,0
36,8.0,0,112,192,288,0,0,0,0,0,0,0,0.97,0.97,0,0,0,0,1,0,1
3,8.0,0,0,0,0,0,0,0,0,0,0,0,1.0,0.99,0,1,0,0,1,0,0
28,2.0,0,48,112,160,12,45,80,114,0,0,0,0.99,0.95,0,0,0,0,1,0,0
27,52.0,0,0,0,0,0,0,0,2,0,0,0,0.0,0.0,0,1,0,0,1,0,0
3,2.0,0,2,6,10,2,4,6,8,0,0,0,0.91,0.93,0,0,0,0,1,0,1
10,2.0,0,9,29,36,0,0,0,0,0,0,0,0.96,0.91,0,0,0,0,1,0,1
2,8.0,0,8,13,19,3,8,14,16,3,0,0,0.96,0.96,0,0,0,0,1,0,1
8,2.0,0,20,35,55,11,30,52,52,2,0,0,0.98,0.96,0,0,0,0,1,0,0
2,4.0,0,0,0,0,0,0,0,0,0,0,0,0.73,0.78,0,0,0,0,1,0,0
34,8.0,0,254,347,409,23,103,190,360,53,0,26,0.0,0.0,1,0,0,0,1,0,1
10,8.0,0,0,0,0,0,2,7,8,1,0,0,1.0,0.94,0,0,0,0,1,0,0
65,2.0,42,70,210,378,18,78,133,165,48,0,0,0.65,0.67,0,1,0,0,1,0,1
77,8.0,0,0,0,0,0,0,3,3,0,0,0,0.68,0.82,0,0,0,0,1,0,0
36,2.0,0,0,0,0,25,28,28,28,2,0,0,0.95,0.97,0,0,0,0,1,0,1
4,8.0,0,3,6,9,4,9,13,19,0,0,0,1.0,0.99,0,0,0,0,1,0,1
239,9.0,0,0,0,0,1,1,4,5,0,0,0,0.85,0.82,0,0,0,0,1,0,0
0,2.0,0,160,180,220,157,158,161,161,87,0,0,0.1,0.05,0,1,0,0,1,0,1
0,8.0,0,3,3,4,1,1,1,1,0,0,0,0.0,0.0,0,1,0,0,1,0,1
7,2.0,0,0,0,10,0,3,5,6,0,0,0,0.71,0.66,0,0,0,0,1,0,0
6,12.0,0,17,26,26,4,9,24,30,0,0,0,0.76,0.73,0,0,0,0,1,0,1
5,0.0,0,0,0,3,0,1,5,6,1,0,0,0.0,0.0,0,0,0,0,0,0,0
0,8.0,0,15,23,31,3,10,16,24,0,0,0,0.75,0.64,0,0,0,1,1,0,1
7,9.0,0,87,148,219,12,54,74,74,0,0,0,0.99,0.98,0,1,0,1,1,0,1
45,8.0,0,0,0,0,0,0,0,0,0,0,0,0.96,0.96,0,0,0,0,1,0,0
81,0.0,0,187,339,488,65,186,370,555,43,0,0,0.93,0.86,0,0,0,0,0,0,1
0,2.0,0,6,6,6,0,0,0,0,1,0,0,0.94,0.92,0,1,0,0,1,0,1
2,9.0,0,1,2,3,0,1,2,4,0,0,0,0.7,0.79,0,0,0,0,1,0,0
28,2.0,5,0,0,0,3,6,16,41,4,0,0,0.99,0.98,0,0,0,0,1,0,0
-2,12.0,0,30,40,45,7,15,36,53,0,0,5,0.07,0.24,2,0,0,0,1,0,1
17,8.0,0,0,0,0,0,0,1,2,0,0,0,0.91,0.95,0,0,0,0,1,0,0
256,2.0,0,0,0,44,21,73,129,194,16,0,0,0.83,0.9,0,0,0,0,1,0,0
337,8.0,12,1000,1000,1000,77,256,495,739,95,0,0,1.0,0.98,0,0,0,0,1,0,0
33,2.0,0,0,0,0,1,1,3,4,0,0,0,0.97,0.97,0,0,0,0,1,0,0
10,0.0,0,0,0,0,0,0,2,2,1,0,0,0.0,0.0,0,0,0,0,0,0,0
193,8.0,43,266,410,602,64,201,371,587,90,0,0,0.99,0.97,0,0,0,0,1,0,0
59,8.0,6,48,86,124,12,43,82,124,23,0,0,0.77,0.78,0,0,0,0,1,0,0
0,8.0,0,5,5,8,0,0,3,5,2,0,0,0.74,0.76,0,0,0,0,1,0,1
0,12.0,0,60,60,60,4,15,28,40,2,0,0,0.76,0.53,0,0,0,0,1,0,1
1,8.0,1,6,11,17,0,4,4,4,0,0,0,1.0,0.99,0,0,0,0,1,0,1
2,4.0,0,4,8,14,5,7,16,20,1,0,0,0.91,0.9,0,0,0,0,1,0,1
0,8.0,0,66,95,95,0,0,0,0,13,0,0,0.87,0.68,0,1,0,1,1,0,1
-102,0.0,0,112,119,125,4,147,150,150,0,0,0,0.93,0.86,103,0,0,0,0,0,1
0,4.0,0,16,18,18,0,0,0,0,0,0,9,0.73,0.78,0,1,0,0,1,0,0
0,8.0,0,25,34,43,3,10,24,38,0,0,1,0.78,0.74,0,0,0,0,1,0,1
132,8.0,148,2200,3432,4664,580,1633,3085,4594,896,0,112,0.72,0.71,12,0,0,0,1,0,1
0,4.0,5,4,4,4,0,0,0,0,0,0,0,0.24,0.14,0,1,0,0,1,0,0
11,8.0,0,36,64,88,5,23,60,93,0,0,0,0.66,0.69,0,0,0,0,1,0,1
13,12.0,0,21,45,78,12,38,67,99,0,0,0,0.78,0.78,0,0,0,0,1,0,1
187,8.0,0,0,0,0,0,0,0,2,2,0,0,0.25,0.16,0,0,0,0,1,0,0
184,8.0,6,0,0,0,5,34,64,111,19,0,0,0.78,0.88,0,0,0,0,1,0,0
0,2.0,0,48,72,96,25,65,105,130,0,0,0,0.88,0.92,0,0,0,0,1,0,1
0,2.0,0,250,470,710,0,0,0,0,7,0,150,0.59,0.56,0,1,0,0,1,0,1
552,8.0,278,1472,2739,3614,299,893,1729,3084,181,0,0,0.98,0.96,0,0,0,0,1,0,0
462,8.0,155,600,1400,2200,193,705,1487,2252,243,0,0,1.0,1.0,0,0,0,0,1,0,0
3,0.0,0,26,42,56,4,16,33,53,2,0,0,0.0,0.0,0,0,0,0,0,0,1
3,12.0,0,0,0,0,0,0,0,1,0,0,0,0.63,0.72,0,0,0,0,1,0,0
358,0.0,0,0,0,0,27,81,219,339,12,0,0,0.0,0.0,0,0,0,1,0,0,0
137,8.0,27,179,287,395,63,167,312,515,67,0,0,0.93,0.96,0,0,0,0,1,0,0
1,8.0,0,0,0,0,0,0,0,0,0,0,0,0.89,0.88,0,0,0,0,1,0,0
0,2.0,0,500,500,500,0,0,0,0,0,0,500,0.59,0.78,0,0,0,1,1,0,1
0,12.0,0,500,500,500,0,0,0,0,0,0,0,0.95,0.86,0,0,0,0,1,0,0
29,12.0,0,0,0,0,1,1,3,6,2,0,0,0.85,0.93,0,0,0,0,1,0,0
2,8.0,0,2,5,7,0,3,3,6,0,0,0,0.87,0.93,0,0,0,0,1,0,1
17,2.0,0,24,24,48,4,12,26,45,0,0,0,1.0,1.0,0,0,0,0,1,0,0
5,9.0,0,0,0,0,0,0,1,1,1,0,0,0.93,0.9,0,0,0,0,1,0,0
2,8.0,0,0,0,0,4,9,29,46,1,0,0,0.88,0.92,0,0,0,0,0,0,1
2,12.0,0,0,0,0,0,0,0,0,0,0,0,0.78,0.78,0,1,0,0,1,0,0
67,8.0,0,0,0,22,4,15,21,47,2,0,0,0.96,0.96,0,0,0,0,1,0,0
5,9.0,0,0,0,0,0,0,0,0,2,0,0,0.94,0.79,0,1,0,0,1,0,0
7,12.0,0,0,0,0,1,4,6,8,0,0,0,0.08,0.12,0,0,0,0,1,0,1
1,8.0,0,8,16,20,11,15,20,31,2,0,0,0.92,0.95,0,0,0,0,1,0,1
0,8.0,0,50,50,50,1,2,2,3,0,0,0,0.51,0.53,0,1,0,0,1,0,0
2,2.0,0,3,4,4,1,3,3,3,0,0,0,0.93,0.96,0,1,0,0,1,0,1
1,12.0,0,1,2,3,0,1,2,2,0,0,0,0.78,0.78,0,0,0,0,1,0,0
4,8.0,0,200,200,300,17,63,148,242,23,0,0,1.0,0.99,1,0,0,0,1,0,1
7,2.0,0,0,5,10,0,0,5,11,0,0,0,0.99,0.99,0,0,0,0,1,0,1
1,8.0,0,1,3,4,1,2,5,7,0,0,0,0.98,0.99,0,0,0,1,1,0,1
43,8.0,0,0,18,42,5,18,27,41,8,0,0,0.95,0.96,0,0,0,1,1,0,0
78,8.0,0,60,60,60,0,0,0,0,0,0,0,1.0,0.97,0,0,0,0,1,0,0
801,15.0,0,0,0,1000,51,117,438,716,97,0,0,0.87,0.91,0,0,0,1,1,0,0
20,12.0,0,0,0,0,0,0,0,0,1,0,0,0.48,0.48,0,1,0,0,1,0,0
96,8.0,0,0,0,0,0,0,0,0,0,0,0,0.66,0.69,0,0,0,0,1,0,0
127,2.0,0,0,0,0,1,1,1,1,0,0,0,0.86,0.87,0,0,0,0,1,0,0
7,2.0,0,0,0,0,0,0,1,4,1,0,0,0.82,0.9,0,1,0,0,1,0,0
43,8.0,0,322,466,594,50,154,327,517,596,0,16,0.33,0.57,0,0,0,1,1,0,1
0,2.0,0,2,2,2,0,0,0,0,0,0,0,0.78,0.82,0,0,0,1,1,0,0
14,8.0,0,40,76,94,3,14,79,116,0,0,0,0.37,0.38,0,0,0,0,1,0,1
10,2.0,0,0,0,0,1,2,4,6,1,0,0,1.0,0.66,0,1,0,1,1,0,0
11,2.0,0,11,33,55,12,30,64,91,0,0,0,0.75,0.89,0,0,0,0,1,0,0
16,2.0,0,20,39,59,7,19,36,65,0,0,0,1.0,1.0,0,0,0,0,1,0,0
60,2.0,0,0,0,0,0,4,10,16,2,0,0,0.86,0.77,0,0,0,1,0,0,0
25,8.0,0,0,0,0,0,0,1,1,2,0,0,0.85,0.78,0,0,0,0,1,0,0
4,12.0,0,0,0,0,0,0,0,0,0,0,0,0.63,0.72,0,0,0,0,1,0,0
131,8.0,35,142,312,448,23,113,251,419,53,0,0,1.0,0.99,0,0,0,0,1,0,0
8,8.0,0,85,157,265,11,42,65,107,13,0,0,0.93,0.96,0,0,0,0,1,0,1
1,8.0,0,2,2,2,0,0,1,2,0,0,0,0.0,0.0,0,0,0,0,1,0,1
1,8.0,0,0,0,0,0,0,0,0,0,0,0,0.19,0.5,0,1,0,0,1,0,0
5,12.0,0,96,96,96,16,40,41,41,0,0,0,0.41,0.48,4,0,0,0,0,0,1
2,2.0,4,0,3,6,1,5,8,10,0,0,0,0.68,0.64,0,0,0,0,1,0,0
4,8.0,0,31,51,61,5,16,30,46,8,0,0,0.3,0.3,0,0,0,0,1,0,1
-6,12.0,2,34,61,77,9,24,59,95,8,0,0,0.82,0.78,6,0,0,0,1,0,1
2,8.0,0,3,5,7,1,4,5,5,1,0,0,0.99,0.99,0,0,0,0,1,0,1
616,8.0,292,93,309,669,55,180,485,857,108,0,0,0.96,0.95,0,0,0,0,1,0,0
2,4.0,0,16,19,20,4,5,6,8,0,0,0,0.7,0.66,0,1,0,0,1,0,1
2,8.0,0,23,38,48,6,12,36,51,1,0,0,0.98,0.99,0,0,0,0,1,0,1
2,8.0,0,0,0,0,0,0,1,1,1,0,0,0.79,0.78,0,0,0,0,1,0,0
18,8.0,0,186,291,396,29,193,312,450,59,0,0,0.14,0.57,0,0,0,0,1,0,1
93,2.0,0,0,0,0,0,0,0,2,0,0,0,0.32,0.27,0,0,0,0,1,0,0
-44,9.0,20,180,204,216,94,98,120,166,0,0,0,0.85,0.83,44,0,0,0,1,0,1
155,8.0,30,101,251,376,27,124,247,364,36,0,0,0.95,0.95,0,0,0,0,1,0,0
11,2.0,0,0,0,0,1,1,2,5,0,0,0,0.95,0.97,0,1,0,0,1,0,0
12,11.0,0,12,24,36,5,31,44,67,2,0,0,0.88,0.74,0,0,0,0,1,0,0
21,12.0,0,0,0,0,0,0,2,3,0,0,0,0.78,0.78,0,0,0,0,1,0,0
4,8.0,0,44,65,65,1,31,41,80,3,0,0,1.0,0.98,0,0,0,0,1,0,1
4,4.0,0,0,0,0,2,5,7,7,0,0,0,0.77,0.8,0,1,0,0,1,0,1
0,8.0,0,9,14,21,5,17,36,43,0,0,0,0.96,0.98,0,0,0,0,1,0,1
0,0.0,0,14,26,38,8,15,28,42,1,0,0,0.0,0.0,0,0,0,1,0,0,1
0,2.0,0,137,213,263,0,0,0,0,16,0,0,0.96,0.85,0,0,0,0,1,0,1
0,5.0,0,14,23,25,0,0,0,0,0,0,0,0.68,0.69,0,1,0,1,1,0,1
1,8.0,0,0,0,1,1,1,1,2,0,0,0,0.8,0.82,0,0,0,0,1,0,0
42,12.0,0,192,312,408,34,113,221,334,26,0,24,0.82,0.79,0,0,0,1,1,0,1
2,8.0,0,0,1,3,1,2,5,5,0,0,0,0.7,0.75,0,0,0,0,1,0,0
9,2.0,0,80,80,80,0,0,0,0,0,0,0,0.82,0.89,0,1,0,0,1,0,0
126,13.0,15,216,360,540,49,188,412,623,55,0,0,0.97,0.97,0,0,0,0,1,0,0
74,8.0,35,130,268,383,42,142,269,432,33,0,4,0.79,0.66,0,0,0,0,1,0,0
4,8.0,5,5,5,10,3,5,8,16,1,0,0,0.96,0.92,0,0,0,0,1,0,1
0,4.0,0,259,409,457,0,2,9,11,18,0,0,0.79,0.67,0,0,0,1,1,0,1
3,2.0,1,12,24,40,8,32,70,71,0,0,0,0.78,0.86,0,0,0,0,1,0,1
37,4.0,0,0,16,32,1,7,23,42,0,0,0,0.73,0.78,0,0,0,0,1,0,0
0,8.0,0,11,19,23,10,32,37,43,1,0,0,0.95,0.96,0,0,0,0,1,0,1
145,8.0,0,250,250,500,0,113,178,340,27,0,0,0.98,0.91,0,0,0,0,1,0,0
43,8.0,0,0,0,0,0,3,8,11,1,0,0,0.94,0.92,0,0,0,0,0,0,0
38,12.0,0,0,0,0,2,11,27,49,7,0,0,0.98,0.98,0,0,0,0,1,0,0
11,2.0,0,0,0,0,0,0,0,0,0,0,0,0.0,0.5,0,1,0,0,1,0,1
4,8.0,0,19,29,39,4,7,19,28,0,0,0,0.98,0.97,0,0,0,0,1,0,1
-22,8.0,9,768,1104,1488,140,456,889,1278,142,0,48,0.53,0.54,25,0,0,1,1,0,1
154,2.0,65,100,200,300,53,182,272,374,43,0,0,0.95,0.96,0,0,0,0,1,0,0
4,8.0,0,0,0,0,1,1,1,3,3,0,0,0.79,0.78,0,0,0,0,1,0,1
3,12.0,0,4,10,12,2,5,15,21,0,0,0,0.64,0.69,0,0,0,0,1,0,1
0,2.0,0,1,1,1,0,0,0,0,1,0,0,0.76,0.53,0,0,0,0,1,0,0
3,8.0,0,63,63,63,2,7,15,20,0,0,0,0.99,0.99,0,0,0,0,1,0,0
8,8.0,0,8,16,24,4,14,25,37,0,0,0,0.82,0.83,0,0,0,0,1,0,1
0,8.0,0,25,25,25,4,12,18,23,0,0,0,0.95,0.97,0,0,0,0,1,0,1
1,9.0,0,2,3,4,2,3,4,5,0,0,0,0.9,0.82,0,0,0,0,1,0,1
0,2.0,0,7,7,7,0,0,0,1,0,0,0,0.1,0.13,0,0,0,0,1,0,1
2,12.0,0,0,0,0,0,0,0,0,0,0,0,0.78,0.78,0,1,0,0,1,0,0
0,8.0,0,4,6,8,4,6,7,8,0,0,0,0.88,0.7,0,0,0,1,1,0,1
8,2.0,0,0,0,0,0,0,1,1,0,0,0,0.46,0.35,0,0,0,0,1,0,0
14,9.0,0,0,8,16,2,11,19,24,1,0,0,0.96,0.98,0,0,0,0,1,0,0
64,8.0,2,28,28,84,8,26,53,93,18,0,0,0.95,0.96,0,0,0,0,1,0,0
5,4.0,0,0,0,0,0,0,1,3,0,0,0,0.73,0.78,0,0,0,0,1,0,0
0,2.0,0,12,27,27,0,0,0,0,1,0,0,0.81,0.88,0,0,0,1,1,0,1
-1037,8.0,55,15560,23040,33480,2998,10802,16586,22637,2315,0,0,1.0,0.99,1234,1,0,0,1,0,1
0,8.0,0,0,0,0,0,0,0,0,1,0,0,-99.0,-99.0,0,0,0,0,1,0,0
79,2.0,0,225,405,675,49,155,244,311,63,0,0,0.69,0.69,0,1,0,0,1,0,1
3,9.0,0,119,139,179,7,38,94,151,26,0,0,0.91,0.74,3,0,0,0,1,0,1
0,4.0,0,7,10,13,3,5,5,5,1,0,3,0.73,0.78,0,1,0,0,1,0,1
1,8.0,0,7,11,13,2,6,8,8,2,0,0,0.0,0.0,0,0,0,0,1,0,1
9,8.0,1,22,32,57,6,21,38,57,10,0,0,0.99,0.97,0,0,0,0,1,0,0
-101,2.0,0,262,262,262,0,104,104,114,18,0,0,0.0,0.0,101,1,0,0,1,0,1
1,12.0,0,0,0,0,0,0,0,0,0,0,0,0.82,0.79,0,0,0,0,1,0,0
3,8.0,0,0,0,0,2,5,8,13,0,0,0,0.91,0.89,0,0,0,0,1,0,1
-2,8.0,0,453,749,1033,70,254,640,963,63,0,0,0.73,0.68,12,0,0,0,1,0,1
6,8.0,0,0,0,3,1,4,12,17,0,0,0,0.48,0.53,0,0,0,0,1,0,0
7,2.0,6,37,55,79,4,19,25,31,0,0,0,0.0,0.02,0,1,0,0,1,0,1
0,9.0,0,2,3,4,0,1,2,2,0,0,0,0.68,0.66,0,0,0,0,1,0,1
15,2.0,0,0,20,30,4,17,33,45,4,0,0,0.98,0.94,0,0,0,0,1,0,0
17,2.0,0,18,48,72,6,24,46,68,0,0,0,0.94,0.95,0,0,0,0,1,0,0
136,8.0,0,0,0,0,0,1,5,10,0,0,0,0.85,0.86,0,1,0,0,1,0,0
63,2.0,30,102,187,272,38,104,198,283,27,0,0,0.94,0.87,0,0,0,0,1,0,0
2,8.0,0,0,1,2,0,1,1,1,1,0,0,0.43,0.46,0,0,0,0,1,0,0
22,8.0,0,0,0,0,0,2,3,3,1,0,0,0.9,0.95,0,0,0,0,1,0,0
0,12.0,0,4,4,4,0,0,0,0,0,0,0,0.82,0.79,0,1,0,1,1,0,0
20,8.0,0,0,8,24,2,6,17,28,1,0,0,0.93,0.8,0,0,0,0,1,0,0
0,8.0,0,15,29,36,3,13,20,28,0,0,7,0.18,0.33,0,0,0,0,1,0,1
4,8.0,0,50,68,86,135,478,492,512,25,0,0,0.32,0.66,5,1,0,0,0,0,1
0,12.0,0,5,8,8,0,0,0,0,0,0,0,0.78,0.78,0,1,0,0,1,0,0
0,8.0,0,60,60,60,11,33,53,54,10,0,0,0.45,0.38,0,1,0,0,1,0,1
68,52.0,0,0,0,0,0,0,0,3,2,0,0,0.0,0.0,0,1,0,0,1,0,0
-12,12.0,4,480,720,960,405,642,859,1086,60,0,0,0.98,0.97,21,0,0,0,1,0,1
10,12.0,0,0,0,0,0,0,0,0,1,0,0,0.63,0.63,0,1,0,0,1,0,0
10,8.0,3,9,17,27,6,10,25,37,0,0,0,0.99,0.96,0,0,0,0,1,0,0
0,8.0,0,8,11,15,1,5,9,10,1,0,0,0.42,0.36,0,0,0,0,1,0,1
5,8.0,0,0,0,2,1,3,4,5,0,0,0,0.88,0.85,0,0,0,0,1,0,0
0,2.0,0,20,25,25,0,0,0,0,0,0,0,0.73,0.69,0,1,0,0,1,0,1
0,10.0,0,2,3,3,1,3,3,3,0,0,0,0.84,0.86,0,0,0,0,1,0,1
-40,12.0,1,444,644,844,27,189,398,568,103,0,11,0.24,0.47,49,0,0,1,1,0,1
1,8.0,0,0,0,0,0,0,0,0,1,0,0,0.17,0.33,0,0,0,1,1,0,0
0,2.0,0,8,8,8,1,1,1,1,0,0,0,0.33,0.59,1,0,0,0,1,0,0
4,2.0,0,1,4,7,2,3,7,11,0,0,0,0.99,0.97,0,0,0,0,1,0,1
74,8.0,1,788,1324,1856,143,363,546,704,158,0,48,0.09,0.09,0,1,0,1,1,0,1
0,8.0,3,9,22,32,8,15,26,31,0,0,0,0.71,0.75,0,0,0,0,1,0,1
9,4.0,0,0,0,0,0,0,0,0,1,0,0,0.91,0.81,0,1,0,0,1,0,0
2,12.0,0,0,0,0,0,0,0,0,0,0,0,0.82,0.79,0,0,0,0,1,0,0
0,8.0,0,5,8,10,1,5,6,9,0,0,1,0.42,0.36,0,0,0,0,1,0,1
77,8.0,4,370,505,595,51,197,350,545,111,0,0,0.58,0.47,0,0,0,0,1,0,1
4,8.0,0,0,0,0,0,0,0,0,1,0,0,0.84,0.87,0,1,0,0,1,0,0
4,9.0,0,0,0,0,0,0,0,0,0,0,0,0.91,0.77,0,0,0,0,1,0,0
36,2.0,0,0,0,0,1,2,2,2,1,0,0,0.81,0.87,0,0,0,1,1,0,0
0,2.0,0,10,10,10,0,0,0,0,0,0,0,0.81,0.82,0,1,0,1,1,0,0
13,2.0,0,108,158,238,23,76,155,195,10,0,0,0.44,0.44,0,0,0,1,1,0,1
4,8.0,0,40,64,88,7,25,44,65,0,0,16,0.86,0.88,0,0,0,0,1,0,1
0,8.0,0,3,5,6,0,1,3,3,1,0,0,0.1,0.13,0,0,0,0,1,0,1
99,2.0,11,168,336,456,38,119,269,433,57,0,0,0.77,0.87,1,0,0,0,1,0,0
90,8.0,92,120,288,408,57,195,332,495,77,0,24,0.99,0.99,0,0,0,0,1,0,0
32,2.0,3,301,501,681,70,212,405,507,99,0,0,0.92,0.93,0,0,0,0,1,0,1
180,8.0,38,978,1378,1738,272,770,1423,2258,388,0,60,0.61,0.57,0,0,0,1,1,0,1
0,8.0,0,840,1200,1200,0,0,0,0,60,0,0,0.69,0.68,0,1,0,0,1,0,1
4,2.0,0,0,0,0,0,0,0,0,0,0,0,0.9,0.95,0,1,0,0,1,0,0
8,8.0,0,288,288,288,1,132,300,373,17,0,96,0.47,0.61,0,0,0,0,1,0,1
25,8.0,0,0,0,0,0,0,0,0,0,0,0,0.74,0.82,0,0,0,0,1,0,0
1389,12.0,0,0,0,0,0,0,16,16,2,0,0,-99.0,-99.0,0,0,0,1,1,0,0
-141,8.0,0,1425,2485,3398,252,975,1789,2843,219,0,0,0.15,0.15,244,0,0,1,1,0,1
1,2.0,0,2,3,4,2,5,11,14,4,0,0,0.99,0.99,0,0,0,0,1,0,1
0,8.0,0,0,0,0,0,0,0,0,0,0,0,0.96,0.96,0,0,0,0,1,0,1
1,2.0,0,3,6,8,3,4,8,11,0,0,0,0.99,0.97,0,0,0,0,1,0,1
1,2.0,0,10,10,10,0,2,6,6,0,0,0,0.91,0.95,0,0,0,0,1,0,1
200,8.0,33,640,1184,1696,524,965,1762,2666,207,0,0,1.0,0.87,0,0,0,0,1,0,0
5,2.0,0,8,24,40,4,11,29,48,0,0,0,0.82,0.83,0,0,0,0,1,0,1
0,8.0,0,222,222,222,0,0,0,0,5,0,14,0.0,0.0,0,0,0,0,1,0,1
6,8.0,0,137,212,261,46,115,220,336,77,0,8,0.76,0.84,2,0,0,0,1,0,1
58,8.0,3,26,62,89,9,27,58,111,26,0,0,0.96,0.96,0,0,0,0,1,0,0
0,8.0,0,0,0,0,0,0,0,0,0,0,0,0.92,0.96,0,0,0,0,1,0,0
0,2.0,0,0,0,0,4,5,5,5,0,0,0,0.9,0.94,0,0,0,0,1,0,1
14,2.0,12,44,92,148,10,34,57,86,0,0,0,0.8,0.82,0,0,0,0,1,0,0
0,2.0,0,0,0,0,0,0,0,0,0,0,0,0.97,0.98,0,0,0,0,1,0,1
0,12.0,0,11,11,11,0,3,5,6,0,0,0,0.82,0.79,0,1,0,0,1,0,1
4484,8.0,0,10165,18165,25165,357,1035,2173,2954,263,0,0,0.94,0.91,0,0,0,0,1,0,0
0,4.0,5,2,2,2,0,0,0,0,0,0,0,0.73,0.78,0,1,0,0,1,0,0
32,8.0,0,0,0,0,0,6,15,36,0,0,0,0.93,0.96,0,0,0,0,1,0,0
-6,12.0,0,32,32,32,0,2,8,8,0,0,0,0.0,0.01,6,0,0,0,1,0,1
5,8.0,0,0,0,0,0,0,0,0,1,0,0,0.89,0.93,0,0,0,0,1,0,0
31,12.0,0,0,0,0,0,0,0,0,0,0,0,0.63,0.72,0,0,0,0,1,0,0
106,8.0,58,198,358,565,80,233,448,661,42,0,0,0.96,0.96,0,0,0,0,1,0,0
81,2.0,0,0,0,0,7,12,21,28,0,0,0,0.48,0.56,0,1,0,1,1,0,0
7,12.0,0,24,48,80,6,27,46,75,9,0,0,0.69,0.69,0,0,0,0,1,0,1
12,4.0,0,0,4,4,2,4,7,8,3,0,0,0.96,0.85,0,0,0,0,1,0,1
15,2.0,0,10,30,40,10,40,62,62,0,0,0,0.53,0.5,0,0,0,0,1,0,1
117,8.0,24,84,204,324,38,134,254,364,42,0,0,0.99,0.99,0,0,0,0,1,0,0
6,12.0,0,11,11,15,0,10,13,30,0,0,0,0.08,0.12,0,0,0,0,1,0,1
0,8.0,0,5,7,8,3,4,6,6,1,0,0,0.99,0.98,0,0,0,0,1,0,1
12,2.0,0,0,0,0,2,10,12,12,0,0,0,0.75,0.74,0,1,0,0,1,0,1
14,12.0,0,0,0,0,0,0,0,0,0,0,0,0.78,0.78,0,0,0,0,1,0,0
3,8.0,0,0,0,0,0,0,0,0,0,0,0,0.13,0.09,0,0,0,0,1,0,0
4,2.0,0,0,0,0,0,5,11,11,0,0,0,1.0,0.99,0,1,0,0,1,0,1
2,9.0,0,0,0,0,0,0,0,0,0,0,0,0.7,0.66,0,0,0,0,1,0,0
1,8.0,0,0,1,2,0,1,1,1,2,0,0,1.0,0.93,0,0,0,0,1,0,0
8,2.0,0,0,27,27,0,0,0,0,0,0,0,0.91,0.95,0,1,0,0,1,0,0
8,8.0,0,11,20,29,8,17,30,41,7,0,0,0.82,0.78,0,0,0,0,1,0,1
1,8.0,0,0,0,0,0,0,0,1,1,0,0,0.97,0.96,0,0,0,0,1,0,0
0,8.0,0,15,24,24,2,7,12,22,1,0,0,0.98,0.99,0,0,0,0,1,0,1
25,8.0,14,21,63,112,11,33,71,100,0,0,0,1.0,0.96,0,0,0,0,1,0,0
82,8.0,0,0,10,21,6,18,60,79,15,0,0,0.83,0.62,0,0,0,0,1,0,0
0,2.0,0,0,0,0,1,3,5,6,0,0,0,0.99,0.99,0,0,0,0,1,0,1
-3,12.0,0,3,3,3,0,4,4,4,0,0,0,0.63,0.72,3,0,0,0,1,0,1
6,8.0,0,0,0,0,0,0,0,0,0,0,0,0.89,0.88,0,0,0,0,0,0,0
-4,4.0,0,37,37,37,0,0,30,52,0,0,0,0.77,0.8,4,0,0,1,1,0,1
0,52.0,0,0,0,0,0,0,0,0,2,0,0,0.97,0.98,0,1,0,0,0,0,1
0,2.0,0,17,39,45,8,14,20,20,2,0,0,0.98,0.94,0,0,0,1,1,0,1
10,2.0,0,0,6,12,2,6,20,28,1,0,0,0.85,0.76,0,0,0,0,1,0,1
2,8.0,0,2,4,7,2,4,5,5,0,0,0,0.97,0.98,0,0,0,0,1,0,1
17,2.0,0,0,0,0,1,3,6,6,0,0,0,0.93,0.96,0,0,0,0,1,0,0
8,8.0,0,3,11,14,0,2,10,18,0,0,0,0.92,0.75,0,0,0,0,1,0,0
12,4.0,0,0,0,0,0,0,1,1,0,0,0,0.87,0.9,0,0,0,0,1,0,0
43,4.0,6,3,12,21,6,16,22,23,0,0,0,0.77,0.8,0,1,0,0,1,0,0
8,2.0,0,0,0,0,0,0,1,4,0,0,0,0.83,0.66,0,0,0,0,1,0,0
20,8.0,0,310,487,642,42,133,325,571,51,0,0,0.05,0.12,0,0,0,1,1,0,1
5,12.0,0,0,0,0,0,0,0,0,0,0,0,0.63,0.72,0,0,0,0,1,0,0
26,2.0,0,0,0,0,0,7,8,8,2,0,0,0.99,0.99,0,0,0,1,1,0,1
979,8.0,0,0,0,0,1,1,7,7,0,0,0,1.0,1.0,0,0,0,0,1,0,0
3,2.0,0,30,30,30,5,6,19,29,5,0,0,-99.0,-99.0,0,0,0,0,1,0,1
5,8.0,0,0,0,0,1,1,2,4,0,0,0,0.9,0.9,0,1,0,0,1,0,0
10,2.0,0,11,25,45,2,9,23,40,0,0,0,0.85,0.89,0,0,0,1,1,0,1
0,2.0,0,17,27,32,0,0,0,0,0,0,0,0.59,0.62,0,1,0,1,1,0,1
1,12.0,0,0,0,0,0,0,0,0,0,0,0,0.63,0.72,0,0,0,0,1,0,0
1,9.0,0,4,6,6,0,0,0,0,0,0,0,0.68,0.66,0,1,0,0,1,0,0
143,8.0,20,129,264,354,33,98,177,383,41,0,0,1.0,0.99,0,0,0,0,1,0,0
5,2.0,0,0,0,2,0,1,3,4,0,0,0,0.86,0.88,0,0,0,0,1,0,0
14,8.0,0,36,36,36,0,0,0,2,2,0,0,0.51,0.53,0,1,0,1,1,0,0
0,2.0,0,12,23,35,0,0,0,0,1,0,0,0.85,0.87,0,0,0,0,1,0,1
0,8.0,0,42,74,114,6,23,34,52,0,0,13,0.92,0.94,0,0,0,0,1,0,1
98,2.0,0,0,0,0,0,1,1,2,1,0,0,0.92,0.96,0,0,0,0,1,0,0
0,8.0,0,6,9,11,2,5,6,8,1,0,0,0.91,0.93,0,0,0,0,1,0,1
15,8.0,0,140,200,274,31,75,160,255,21,0,0,0.51,0.53,0,0,0,0,1,0,1
3,12.0,0,0,1,3,1,3,5,5,2,0,0,0.99,0.99,0,0,0,0,1,0,0
392,8.0,0,1120,1680,2520,346,1070,2036,2897,645,0,0,0.08,0.05,0,0,0,1,1,0,1
250,2.0,0,160,320,640,61,135,269,421,0,0,0,0.68,0.64,0,0,0,0,1,0,1
3,8.0,0,0,0,0,0,0,0,0,1,0,0,1.0,0.95,0,0,0,0,1,0,0
1,5.0,0,0,0,0,0,0,0,0,1,0,0,0.99,0.99,0,0,0,0,1,0,0
7,12.0,0,0,0,0,1,3,4,9,0,0,0,0.63,0.72,0,0,0,1,1,0,0
2,2.0,0,4,4,4,3,8,11,13,0,0,1,0.7,0.66,0,1,0,0,1,0,1
20,8.0,0,0,0,18,5,9,14,21,0,0,0,0.98,0.99,0,0,0,0,1,0,0
3,52.0,0,0,0,0,0,0,0,0,0,0,0,0.71,0.75,0,1,0,0,0,0,0
27,8.0,0,0,0,0,2,6,8,11,0,0,0,0.96,0.96,0,1,0,0,1,0,0
8,9.0,0,0,0,0,0,0,1,1,0,0,0,0.99,0.98,0,0,0,0,1,0,0
10,12.0,0,0,0,0,0,0,0,0,1,0,0,0.58,0.58,0,1,0,0,1,0,0
4,2.0,0,2,4,8,0,6,11,14,0,0,0,0.99,0.99,0,0,0,0,1,0,1
4,2.0,0,0,3,3,0,0,0,0,0,0,0,1.0,0.99,0,1,0,1,1,0,1
0,9.0,0,2,2,2,0,0,1,2,0,0,0,0.86,0.69,0,0,0,0,1,0,1
1,9.0,0,0,0,0,0,0,0,0,1,0,0,0.69,0.68,0,0,0,1,1,0,0
7,8.0,0,0,0,0,2,2,3,3,1,0,0,0.86,0.88,0,0,0,0,1,0,0
0,2.0,0,9,12,12,0,0,0,0,1,0,0,0.07,0.07,0,0,0,1,1,0,1
12,2.0,1,15,30,45,5,19,29,52,4,0,5,0.98,0.94,0,0,0,0,1,0,0
2,12.0,0,0,0,0,0,0,0,1,1,0,0,0.87,0.75,0,0,0,0,1,0,1
0,8.0,0,5,5,5,0,4,5,7,1,0,0,0.98,0.98,0,0,0,1,1,0,1
2,8.0,0,0,0,0,0,0,0,0,0,0,0,1.0,0.99,0,1,0,0,1,0,0
11,2.0,0,0,0,0,0,0,0,0,0,0,0,0.91,0.86,0,0,0,0,1,0,0
3,8.0,0,0,0,0,0,0,0,0,0,0,0,0.47,0.62,0,0,0,0,1,0,0
0,12.0,0,23,23,23,0,10,13,14,0,0,0,0.78,0.78,0,1,0,0,1,0,1
0,8.0,225,0,0,0,0,0,0,0,0,0,0,0.98,0.98,0,1,0,1,1,0,1
20,2.0,0,0,0,0,0,0,0,1,0,0,0,0.81,0.77,0,0,0,0,1,0,0
118,2.0,0,0,48,48,0,0,0,0,22,0,0,0.85,0.76,0,0,0,0,1,0,0
1,8.0,0,8,13,18,1,7,15,19,8,0,0,0.82,0.91,0,0,0,0,1,0,0
51,8.0,0,0,0,0,0,0,0,1,0,0,0,0.87,0.88,0,0,0,0,1,0,0
129,8.0,20,60,140,220,29,80,158,243,41,0,0,0.98,0.98,0,0,0,0,1,0,0
208,8.0,20,142,486,854,30,214,572,770,44,0,0,0.86,0.88,0,0,0,0,1,0,0
15,8.0,0,15,30,45,3,10,39,56,3,0,0,0.85,0.9,0,0,0,0,1,0,1
146,8.0,3,0,0,100,10,55,87,127,30,0,0,0.99,0.99,0,0,0,0,1,0,0
2811,9.0,365,0,0,0,108,572,1168,1679,161,0,0,0.81,0.9,0,0,0,0,1,0,0
6,12.0,0,0,0,0,0,0,0,0,0,0,0,0.77,0.73,0,0,0,0,1,0,0
2,2.0,0,0,0,0,0,0,0,0,1,0,0,0.79,0.62,0,1,0,0,1,0,1
0,12.0,0,5,8,9,0,0,0,0,0,0,0,0.82,0.79,0,1,0,0,1,0,0
12,12.0,0,0,0,0,0,0,0,0,1,0,0,0.58,0.58,0,1,0,0,1,0,0
1,4.0,0,6,9,12,4,5,12,13,2,0,0,0.78,0.78,0,0,0,0,1,0,1
7,52.0,0,0,0,0,0,0,0,0,0,0,0,0.73,0.76,0,1,0,0,0,0,0
5,9.0,0,0,1,2,1,2,5,7,0,0,0,0.91,0.74,0,0,0,0,1,0,1
0,12.0,0,6,10,11,6,15,21,24,0,0,0,0.63,0.72,0,0,0,0,1,0,1
4,8.0,0,15,24,42,4,13,26,36,1,0,0,0.99,0.99,0,0,0,0,1,0,0
4,8.0,0,0,0,0,0,0,0,0,0,0,0,0.99,0.99,0,0,0,0,1,0,0
4,8.0,0,70,122,135,21,49,79,131,33,0,0,0.93,0.97,1,0,0,0,1,0,1
0,2.0,0,5,5,5,0,0,0,0,1,0,0,0.25,0.2,0,1,0,1,1,0,1
4,8.0,0,54,74,94,7,22,39,68,16,0,0,0.14,0.32,0,0,0,0,1,0,1
10,8.0,0,0,0,0,0,0,0,0,0,0,0,0.51,0.53,0,0,0,0,1,0,0
1,8.0,0,21,29,37,1,7,21,29,5,0,0,0.15,0.34,0,0,0,0,1,0,1
1,2.0,0,40,70,100,9,9,9,9,7,0,0,0.38,0.41,0,0,0,0,1,0,1
0,2.0,0,23,40,47,0,0,0,0,0,0,0,0.79,0.66,0,1,0,0,1,0,1
305,8.0,0,0,0,0,4,14,29,51,8,0,0,0.0,0.0,0,0,0,0,1,0,0
0,8.0,0,6,9,12,0,0,0,0,0,0,2,0.96,0.96,0,0,0,0,1,0,1
11,2.0,0,0,0,0,0,1,1,1,0,0,0,0.99,0.96,0,1,0,0,1,0,0
349,8.0,0,0,0,0,39,39,69,106,10,0,0,0.96,0.97,0,0,0,0,1,0,0
2,2.0,0,2,3,3,1,2,2,2,0,0,0,0.97,0.92,0,0,0,0,1,0,1
14,8.0,0,0,0,0,2,4,7,8,2,0,0,0.35,0.54,0,0,0,1,1,0,1
0,8.0,0,0,0,0,0,0,3,3,0,0,0,0.0,0.0,0,0,0,0,1,0,1
1,4.0,0,0,0,0,0,0,0,0,0,0,0,0.73,0.78,0,0,0,0,1,0,0
2,9.0,0,0,0,0,0,0,0,0,0,0,0,0.99,0.98,0,0,0,0,1,0,0
128,12.0,3,160,350,470,58,180,352,538,40,0,0,0.73,0.76,0,0,0,1,1,0,0
7,4.0,0,0,0,0,0,0,0,0,0,0,0,0.73,0.78,0,0,0,0,1,0,0
7,2.0,0,1,1,1,3,7,7,7,1,0,0,0.55,0.55,0,1,0,0,1,0,1
0,8.0,0,0,0,0,0,0,0,0,0,0,0,0.96,0.96,0,0,0,0,1,0,0
0,2.0,0,289,289,289,1,1,2,2,0,0,0,0.0,0.0,1,1,0,0,1,0,1
45,2.0,0,0,0,0,1,1,1,1,4,0,0,0.23,0.23,0,0,0,0,1,0,0
808,2.0,49,0,1500,1500,118,325,640,901,108,0,0,1.0,1.0,0,0,0,0,1,0,0
6,8.0,0,13,21,29,6,13,25,41,16,0,0,0.75,0.74,0,0,0,0,1,0,1
4,8.0,0,23,43,67,6,23,53,65,0,0,5,0.77,0.87,0,0,0,0,1,0,1
5,8.0,0,0,0,0,0,1,1,2,0,0,0,0.42,0.36,0,0,0,0,1,0,0
0,8.0,0,6,10,14,0,0,0,0,0,0,0,0.96,0.94,0,0,0,0,1,0,1
-1,2.0,0,8,12,12,4,7,7,7,0,0,0,0.33,0.59,1,0,0,0,1,0,1
3,12.0,0,0,0,0,0,0,0,0,0,0,0,0.82,0.79,0,0,0,0,1,0,0
250,12.0,0,244,244,244,0,0,0,0,1,0,0,0.58,0.58,0,1,0,0,1,0,0
1,12.0,0,5,9,20,5,15,23,27,0,0,0,1.0,1.0,0,0,0,0,1,0,0
4900,52.0,0,0,0,0,0,0,0,7,0,0,0,0.95,0.86,0,1,0,0,0,0,0
5,8.0,0,72,110,148,15,54,84,118,0,0,0,1.0,0.99,0,0,0,0,1,0,1
0,2.0,0,2287,3247,4207,0,1,1,1,144,0,0,0.33,0.33,0,0,0,0,1,0,1
139,2.0,0,0,0,0,0,0,0,0,0,0,0,1.0,0.95,0,1,0,0,1,0,0
79,8.0,57,100,150,250,26,135,221,304,44,0,0,0.79,0.84,0,0,0,0,1,0,0
0,9.0,0,47,50,59,12,28,40,63,3,0,3,0.35,0.41,0,0,0,0,1,0,1
3,2.0,0,0,0,0,0,0,1,1,0,0,0,1.0,0.96,0,0,0,0,1,0,0
3,8.0,0,66,66,66,11,40,67,88,13,0,9,0.37,0.54,1,0,0,0,1,0,1
22,2.0,0,0,0,0,52,121,131,140,0,0,0,0.99,0.99,0,0,0,0,1,0,1
4,8.0,0,33,48,73,11,33,57,76,8,0,0,0.87,0.89,0,0,0,0,1,0,1
7,9.0,0,0,0,0,0,0,0,0,0,0,0,0.94,0.79,0,1,0,0,1,0,0
2,9.0,0,0,0,0,0,0,0,0,1,0,0,0.69,0.68,0,0,0,0,1,0,0
1,2.0,0,3,3,3,3,6,8,8,1,0,0,0.68,0.66,0,0,0,0,1,0,1
20,8.0,0,0,0,0,0,0,0,0,0,0,0,1.0,0.9,0,0,0,0,1,0,0
11,4.0,0,0,0,0,0,0,0,0,0,0,0,0.73,0.78,0,0,0,0,1,0,0
326,2.0,283,638,1305,1997,294,688,1210,1684,253,0,0,0.67,0.46,0,0,0,1,1,0,0
7,4.0,0,0,0,0,0,0,0,2,0,0,0,0.73,0.78,0,0,0,0,1,0,1
4,52.0,0,8,8,8,0,0,0,0,0,0,0,0.82,0.78,0,1,0,0,0,0,0
26,2.0,12,50,87,129,11,43,82,124,14,0,0,0.99,0.86,0,0,0,0,1,0,0
46,4.0,0,0,0,0,5,14,22,31,0,0,0,0.73,0.78,0,0,0,0,1,0,0
3,4.0,0,0,0,1,0,1,1,1,0,0,0,0.73,0.78,0,0,0,0,1,0,0
10,2.0,0,0,0,0,0,0,0,1,0,0,0,0.98,0.99,0,1,0,0,1,0,0
0,2.0,0,2,2,2,0,0,0,1,0,0,0,0.0,0.02,0,0,0,0,1,0,1
13,12.0,0,15,25,40,6,21,29,40,12,0,0,0.98,0.96,0,0,0,0,1,0,0
0,2.0,0,0,0,0,0,0,0,0,0,0,0,0.46,0.35,0,0,0,0,1,0,1
4,8.0,0,4,10,10,0,3,11,15,0,0,0,0.75,0.74,0,0,0,0,1,0,1
174,4.0,177,120,280,480,33,133,232,322,0,0,0,0.73,0.78,0,1,0,0,1,0,0
1,8.0,0,17,28,39,9,19,32,39,0,0,2,0.78,0.74,0,0,0,0,1,0,1
0,8.0,0,4,7,9,0,2,4,4,0,0,0,0.42,0.36,0,1,0,0,1,0,1
7937,8.0,20667,3296,14276,22736,3856,11558,23636,37006,2019,0,0,0.8,0.8,0,0,0,0,1,0,0
19,8.0,0,0,0,12,2,7,19,33,1,0,0,0.5,0.37,0,0,0,0,1,0,1
0,9.0,0,119,159,199,8,34,92,146,25,0,0,0.91,0.77,5,0,0,0,1,0,1
1,8.0,0,0,0,0,0,0,0,0,0,0,0,0.96,0.97,0,0,0,0,1,0,0
3,8.0,0,0,0,0,0,0,0,0,0,0,0,0.0,0.0,0,1,0,0,1,0,0
6,8.0,0,0,0,1,0,1,3,5,2,0,0,0.7,0.73,0,0,0,0,1,0,0
0,12.0,0,5,7,7,0,0,0,0,0,0,0,0.62,0.73,0,1,0,0,1,0,0
0,8.0,0,17,21,28,0,3,10,18,0,0,0,0.43,0.46,0,0,0,0,1,0,1
0,2.0,0,3,3,3,0,0,0,0,0,0,0,0.0,0.0,0,1,0,1,1,0,1
24,4.0,0,0,0,0,0,0,0,0,0,0,0,0.79,0.66,0,1,0,0,1,0,0
0,8.0,0,352,608,848,0,0,0,0,0,0,0,0.97,0.98,0,0,0,0,1,0,1
65,8.0,0,78,128,178,5,59,184,237,70,0,0,0.44,0.79,0,0,0,0,1,0,0
31,2.0,0,20,50,80,5,22,49,71,0,0,0,0.48,0.53,0,0,0,1,1,0,0
0,8.0,0,2,2,3,0,1,1,1,0,0,0,0.74,0.73,0,0,0,0,1,0,1
44,2.0,0,0,0,0,0,0,0,0,0,0,0,0.0,0.01,0,1,0,0,1,0,0
19,0.0,0,115,243,362,15,91,208,332,30,0,0,0.0,0.0,0,0,0,0,0,0,1
9,12.0,0,0,0,0,0,0,0,0,1,0,0,0.58,0.58,0,1,0,0,1,0,0
3,8.0,0,10,10,20,5,6,20,25,1,0,0,0.9,0.87,0,0,0,0,1,0,1
0,8.0,3,3,6,9,1,4,5,10,0,0,0,0.87,0.89,0,0,0,1,1,0,0
10,9.0,0,0,0,0,2,2,2,2,0,0,0,0.91,0.74,0,1,0,0,1,0,0
20,4.0,0,0,0,0,0,0,0,0,0,0,0,0.73,0.78,0,1,0,0,1,0,0
0,12.0,0,6,6,6,0,2,3,4,0,0,0,0.56,0.46,0,1,0,1,1,0,1
0,2.0,0,10,11,11,0,0,0,0,0,0,0,0.23,0.26,0,1,0,1,1,0,1
7,4.0,0,0,0,0,0,0,0,0,0,0,0,0.73,0.78,0,1,0,0,1,0,0
17,10.0,0,0,0,0,0,0,0,0,2,0,0,0.77,0.84,0,0,0,0,1,0,0
13,8.0,0,0,0,0,0,0,0,0,0,0,0,0.99,0.99,0,0,0,0,1,0,0
560,8.0,0,0,0,0,17,61,194,289,50,0,0,0.69,0.59,0,0,0,0,1,0,0
4,8.0,0,0,0,0,0,0,0,0,0,0,0,0.94,0.97,0,0,0,0,1,0,0
270,2.0,0,0,0,0,0,0,1,1,0,0,0,0.97,0.93,0,0,0,0,1,0,0
362,8.0,9,0,0,0,23,68,122,3528,31,0,0,0.92,0.9,0,0,0,0,1,0,0
2,8.0,0,3,3,3,5,14,26,45,0,0,0,0.98,0.97,0,0,0,0,1,0,1
3,4.0,0,75,100,150,33,64,86,109,25,0,0,0.82,0.87,0,0,0,0,1,0,1
12,2.0,0,0,10,10,1,4,7,11,0,0,0,0.99,0.98,0,0,0,0,1,0,0
55,8.0,0,216,360,492,30,108,275,340,51,0,0,0.0,0.0,0,0,0,1,1,0,1
370,8.0,57,132,600,1104,191,890,2074,3014,223,0,0,0.97,0.97,0,0,0,0,1,0,0
2,2.0,0,9,9,9,3,5,10,14,0,0,0,-99.0,0.0,0,0,0,0,1,0,1
2,8.0,0,15,31,39,11,18,28,41,1,0,0,0.76,0.78,0,0,0,0,1,0,1
2,8.0,0,18,30,38,7,22,35,54,26,0,0,0.95,0.95,0,0,0,0,1,0,1
0,8.0,0,27,38,49,1,13,16,27,0,0,0,1.0,0.99,0,0,0,1,1,0,1
1,2.0,0,2,3,4,0,1,2,2,0,0,0,0.08,0.3,0,0,0,0,1,0,1
3,2.0,0,5,5,5,0,0,0,0,0,0,0,0.53,0.5,0,1,0,0,1,0,0
10,8.0,3,20,44,68,3,11,23,35,7,0,0,1.0,1.0,0,0,0,0,1,0,1
29,2.0,0,0,0,0,0,0,0,0,2,0,0,0.81,0.41,0,0,0,0,1,0,1
1,8.0,0,8,12,16,5,8,14,22,0,0,0,0.56,0.46,0,0,0,0,1,0,1
235,12.0,0,100,100,200,35,103,240,377,35,0,0,0.99,0.97,0,0,0,0,1,0,0
9,8.0,0,65,85,105,7,22,40,69,99,0,0,0.43,0.63,1,0,0,0,1,0,1
88,8.0,0,0,0,0,1,12,29,43,0,0,0,0.98,0.92,0,0,0,0,1,0,0
5,8.0,0,0,0,0,0,0,0,1,0,0,0,0.83,0.86,0,0,0,0,1,0,0
3,8.0,0,1,3,4,1,3,7,9,0,0,0,0.84,0.83,0,0,0,0,1,0,1
1,12.0,0,4,5,7,0,3,4,7,1,0,0,0.99,0.54,0,0,0,0,1,0,0
923,2.0,0,0,0,0,1,6,7,7,0,0,0,-99.0,-99.0,0,0,0,1,1,0,0
10,9.0,0,0,0,0,0,0,2,2,2,0,0,0.68,0.66,0,0,0,1,1,0,0
0,8.0,0,20,36,56,9,23,50,70,2,0,0,0.73,0.73,0,0,0,0,1,0,1
71,8.0,0,0,0,0,34,69,69,69,0,0,0,0.9,0.94,0,0,0,0,1,0,1
6,2.0,0,1,1,1,2,2,2,2,0,0,0,0.95,0.97,0,1,0,0,1,0,0
1,8.0,0,8,13,21,6,12,16,22,1,0,0,0.99,0.99,0,0,0,0,1,0,1
3,2.0,0,13,25,41,10,34,70,71,0,0,0,0.78,0.86,0,0,0,0,1,0,1
19,4.0,31,27,39,39,9,31,71,87,4,0,0,0.73,0.78,0,0,0,0,1,0,0
4,8.0,0,4,8,12,4,4,8,10,0,0,0,0.93,0.96,0,0,0,0,1,0,1
201,2.0,0,120,120,240,20,84,120,141,39,0,0,0.99,0.98,0,1,0,0,1,0,0
4,2.0,0,1,1,1,0,0,0,0,0,0,0,0.94,0.97,0,1,0,0,1,0,0
10,2.0,0,0,0,0,0,0,0,1,0,0,0,0.99,0.99,0,0,0,0,1,0,0
771,8.0,0,0,0,0,24,122,242,482,62,0,0,0.98,0.97,0,0,0,0,1,0,0
2,12.0,0,3,5,5,1,4,4,4,0,0,0,0.82,0.79,0,1,0,0,1,0,1
0,8.0,0,5,8,10,1,5,6,10,0,0,0,0.42,0.36,0,0,0,0,1,0,1
8,4.0,0,120,120,120,2,3,3,3,2,0,120,0.56,0.72,0,1,0,0,1,0,1
2,12.0,0,0,0,0,0,0,0,0,0,0,0,0.82,0.79,0,0,0,0,1,0,1
0,4.0,0,7,8,8,0,0,0,0,1,0,0,0.22,0.14,0,1,0,0,1,0,0
1,9.0,0,2,4,4,3,6,11,15,0,0,0,0.99,0.98,0,0,0,0,1,0,1
41,2.0,0,47,94,141,21,54,90,139,0,0,0,0.85,0.92,0,0,0,0,1,0,0
3,8.0,0,0,0,0,0,0,0,0,0,0,0,0.5,0.4,0,1,0,0,1,0,0
2,2.0,0,8,12,20,5,10,16,21,16,0,0,0.87,0.93,0,0,0,0,1,0,1
11,12.0,0,12,27,42,5,16,31,52,1,0,0,0.76,0.73,0,0,0,0,1,0,1
2,12.0,0,0,0,0,0,0,0,0,0,0,0,0.78,0.78,0,0,0,0,1,0,0
0,4.0,0,5,5,5,0,1,1,1,0,0,0,0.79,0.66,0,1,0,0,1,0,0
28,13.0,0,0,0,0,0,0,1,5,1,0,0,0.42,0.67,0,0,0,0,1,0,0
87,2.0,0,172,268,352,112,242,406,536,91,0,0,0.59,0.59,0,1,0,0,1,0,1
1,8.0,0,35,65,95,7,30,45,67,10,0,0,1.0,1.0,0,0,0,0,1,0,1
1910,4.0,260,570,1140,1520,341,932,2284,3633,515,0,0,0.77,0.8,0,0,0,0,1,0,0
1,12.0,0,3,4,5,0,1,3,4,0,0,0,0.63,0.72,0,0,0,0,1,0,1
75,8.0,0,550,850,1150,75,282,468,807,0,0,0,0.59,0.78,0,0,0,0,1,0,1
7,16.0,0,58,82,106,8,34,63,96,10,0,0,0.62,0.62,0,0,0,0,1,0,1
133,2.0,14,200,450,740,66,254,537,715,114,0,0,1.0,0.99,0,0,0,0,1,0,0
78,12.0,8,796,1440,2068,218,750,1232,1250,121,0,40,0.57,0.7,2,0,0,0,1,0,1
0,2.0,0,2,7,7,0,0,0,0,0,0,2,0.8,0.82,0,0,0,1,1,0,1
1,3.0,0,19,55,61,19,24,58,94,0,0,0,0.29,0.34,0,0,0,0,1,0,1
100,8.0,0,0,0,0,0,0,0,0,2,0,0,0.81,0.83,0,0,0,0,1,0,0
2,8.0,0,16,16,16,1,5,11,16,2,0,0,0.05,0.41,0,0,0,0,1,0,1
5,8.0,0,0,0,0,0,0,0,0,1,0,0,0.84,0.89,0,0,0,0,1,0,0
2,8.0,0,0,0,1,0,0,7,8,1,0,0,0.54,0.72,0,0,0,0,1,0,1
0,2.0,0,10,13,13,0,0,0,0,0,0,4,0.0,0.0,0,1,0,1,1,0,0
6,8.0,0,0,5,10,1,4,7,9,5,0,0,0.97,0.98,0,0,0,0,1,0,0
8,8.0,0,0,0,0,0,0,0,0,0,0,0,0.99,0.99,0,0,0,1,1,0,0
278,8.0,0,0,0,0,17,53,122,183,5,0,0,0.11,0.08,0,0,0,0,1,0,0
21,8.0,0,0,7,14,4,7,28,41,4,0,0,0.8,0.8,0,0,0,0,1,0,0
506,8.0,55,64,288,416,51,196,474,770,55,0,0,0.95,0.95,0,0,0,0,1,0,0
42,8.0,0,180,312,396,37,110,278,342,54,0,64,0.09,0.09,1,0,0,1,1,0,1
5,2.0,0,0,1,2,0,2,4,4,0,0,0,0.66,0.69,0,0,0,0,1,0,1
0,8.0,0,204,255,255,0,0,0,0,8,0,30,0.0,0.04,23,0,0,0,1,0,1
13,8.0,0,0,0,0,0,0,0,0,1,0,0,0.81,0.82,0,0,0,1,1,0,0
8,8.0,0,288,288,288,0,131,238,373,17,0,0,0.47,0.61,0,0,0,0,1,0,1
27,2.0,0,0,0,0,0,3,3,7,4,0,0,0.57,0.61,0,1,0,0,1,0,0
0,2.0,0,3,3,3,0,0,0,0,0,0,0,0.0,0.0,0,1,0,1,1,0,1
37,8.0,4,403,675,947,83,277,526,771,90,0,68,0.44,0.62,5,0,0,0,1,0,1
1,2.0,0,0,1,2,0,0,0,0,1,0,0,0.91,0.93,0,0,0,0,1,0,1
2,2.0,0,23,43,63,7,19,34,45,0,0,0,0.96,0.97,0,0,0,0,1,0,1
19,2.0,0,0,20,20,0,2,13,18,0,0,0,1.0,0.99,0,1,0,0,1,0,1
128,8.0,0,0,0,0,1,1,1,1,2,0,0,0.87,0.9,0,0,0,0,1,0,0
10,12.0,0,0,0,0,0,0,0,0,1,0,0,0.58,0.58,0,1,0,0,1,0,0
0,8.0,0,10,10,10,0,6,7,9,0,0,10,0.17,0.33,0,0,0,0,1,0,1
5,8.0,0,0,1,3,1,1,3,9,2,0,0,0.82,0.51,0,0,0,0,1,0,0
254,8.0,0,0,0,0,5,17,39,56,0,0,0,0.91,0.94,0,0,0,1,1,0,0
8,2.0,63,602,1008,1437,325,608,987,1273,177,0,0,0.3,0.32,16,0,0,1,1,0,1
0,8.0,0,8,11,17,3,7,9,13,2,0,0,0.81,0.85,0,0,0,0,1,0,1
1702,8.0,1462,1392,4728,9648,1154,4635,9926,13170,829,0,0,0.75,0.68,0,0,0,0,1,0,0
1,8.0,0,20,47,71,5,20,34,43,1,0,0,0.84,0.77,0,0,0,1,1,0,1
36,8.0,0,185,296,412,51,162,278,412,64,0,14,0.37,0.42,0,0,0,0,1,0,1
318,9.0,0,0,0,0,0,0,0,0,2,0,0,0.99,0.99,0,0,0,0,1,0,0
50,2.0,0,0,0,0,1,2,13,13,0,0,0,0.83,0.85,0,1,0,0,1,0,0
714,8.0,0,0,0,0,15,36,67,76,14,0,0,-99.0,-99.0,0,0,0,0,1,0,0
14,8.0,0,112,112,212,45,66,112,153,21,0,0,0.0,0.0,0,0,0,0,1,0,1
1,2.0,0,6,9,15,2,5,13,18,0,0,0,0.98,0.97,0,0,0,0,1,0,1
0,8.0,0,10,10,10,0,0,0,0,1,0,10,0.0,0.0,0,0,0,0,1,0,1
0,2.0,0,6,6,7,2,2,4,5,0,0,6,0.78,0.82,0,0,0,0,1,0,1
2,8.0,0,0,0,1,2,2,3,8,1,0,0,0.72,0.72,0,0,0,0,1,0,1
4,12.0,0,1,2,3,3,3,3,3,0,0,0,0.78,0.78,0,0,0,0,1,0,1
459,8.0,0,0,0,0,8,19,49,80,0,0,0,0.91,0.91,0,0,0,0,1,0,0
2,8.0,0,25,25,25,2,5,7,8,2,0,0,0.99,0.98,0,0,0,0,1,0,1
17,8.0,0,0,0,0,0,0,0,0,1,0,0,0.54,0.65,0,0,0,1,1,0,0
10,8.0,0,0,0,0,0,0,0,0,1,0,0,1.0,0.94,0,1,0,0,1,0,0
2,8.0,0,12,12,12,1,5,13,19,0,0,0,0.17,0.33,0,0,0,0,1,0,1
-490,8.0,0,11210,11210,11210,2010,2038,2060,2104,224,0,0,1.0,0.93,490,0,0,0,1,0,1
49,8.0,0,0,0,0,0,0,0,0,2,0,0,0.99,0.99,0,0,0,0,1,0,0
-1,8.0,0,9,15,21,19,24,35,38,1,0,0,0.92,0.95,1,0,0,0,1,0,1
52,8.0,0,386,624,833,107,272,531,819,58,0,39,0.78,0.74,0,0,0,0,1,0,1
14,2.0,0,60,80,110,8,32,63,96,27,0,0,0.05,0.41,0,0,0,0,1,0,1
0,2.0,0,9,14,14,0,0,0,0,1,0,0,0.12,0.1,0,0,0,1,1,0,1
71,8.0,4,408,612,884,72,279,516,757,89,0,68,0.44,0.62,0,0,0,0,1,0,1
3,8.0,0,0,1,2,0,0,6,6,1,0,0,0.84,0.77,0,0,0,0,1,0,0
54,8.0,50,40,80,120,26,65,123,182,24,0,0,0.77,0.82,0,0,0,0,1,0,0
100,12.0,0,0,0,0,0,0,0,0,0,0,0,0.95,0.86,0,0,0,0,1,0,0
0,9.0,0,3,5,7,0,2,4,5,0,0,0,0.98,0.98,0,0,0,0,1,0,1
929,8.0,0,0,600,1200,0,0,0,0,0,0,0,0.95,0.94,0,0,0,0,1,0,0
0,2.0,0,3,3,3,0,0,0,0,0,0,0,0.92,0.93,0,1,0,1,1,0,0
1,3.0,0,3,5,9,1,3,5,8,0,0,0,0.99,0.98,0,0,0,0,1,0,1
16,8.0,0,0,0,0,0,0,0,0,0,0,0,0.56,0.46,0,0,0,0,1,0,0
9,2.0,0,0,0,0,0,0,1,1,0,0,0,0.33,0.24,0,1,0,0,1,0,0
6,2.0,0,0,0,0,0,0,0,0,0,0,0,0.9,0.95,0,1,0,0,1,0,0
3,2.0,0,20,50,80,14,35,67,87,4,0,0,0.98,0.98,0,0,0,0,1,0,1
27,8.0,0,0,0,0,0,0,0,0,1,0,0,0.67,0.69,0,0,0,0,1,0,0
7,52.0,0,0,0,0,0,0,0,0,0,0,0,1.0,0.99,0,1,0,0,0,0,0
1008,12.0,54,0,540,1080,186,618,1351,2141,213,0,0,0.93,0.48,0,0,0,0,1,0,0
253,12.0,0,0,0,0,0,0,0,0,0,0,0,0.93,0.89,0,0,0,0,1,0,0
-36,8.0,32,524,801,1106,153,323,507,666,63,0,0,0.96,0.88,36,0,0,0,1,0,1
9,0.0,0,0,0,0,0,0,0,0,1,0,0,0.0,0.0,0,0,0,0,1,0,0
0,2.0,0,36,62,88,17,36,59,83,0,0,0,0.0,0.0,0,0,0,1,1,0,1
14,8.0,0,0,3,9,4,8,15,15,0,0,0,1.0,1.0,0,0,0,0,1,0,0
39,2.0,0,0,0,0,1,1,1,1,2,0,0,0.63,0.63,0,1,0,1,1,0,0
4,8.0,0,20,40,60,8,21,33,52,5,0,0,0.79,0.66,0,0,0,0,1,0,1
3,8.0,0,15,22,29,3,12,17,32,0,0,0,0.18,0.31,0,0,0,0,1,0,1
2,8.0,0,30,30,30,0,5,13,16,4,0,0,0.77,0.87,0,0,0,0,1,0,1
3,8.0,0,3,6,9,0,3,4,6,1,0,0,0.99,0.99,0,0,0,0,1,0,1
2,8.0,0,2,4,6,1,2,7,9,0,0,0,0.78,0.74,0,0,0,0,1,0,1
15,8.0,1,944,1492,2024,141,398,600,761,165,0,0,0.1,0.1,0,1,0,1,1,0,1
0,8.0,0,3,4,6,2,3,4,4,0,0,0,0.99,0.99,0,0,0,0,1,0,1
0,2.0,0,12,12,12,0,0,0,0,1,0,0,0.0,0.0,0,1,0,0,1,0,1
3,12.0,0,0,0,0,0,0,0,0,0,0,0,0.63,0.72,0,0,0,0,1,0,0
-18,2.0,0,34,43,51,129,129,129,129,2,0,0,0.65,0.37,18,0,0,0,1,0,1
169,52.0,0,0,0,0,3,12,26,38,3,0,0,0.93,0.96,0,1,0,0,1,0,0
2,2.0,0,8,24,32,4,12,22,33,0,0,0,0.76,0.78,0,0,0,0,1,0,1
53,2.0,4,44,84,114,9,35,75,117,16,0,0,0.5,0.52,0,0,0,0,1,0,0
89,8.0,0,320,464,656,77,199,368,531,129,0,16,0.97,0.94,3,0,0,0,1,0,1
0,2.0,0,5,8,9,0,0,0,0,0,0,0,0.42,0.36,0,1,0,1,1,0,1
0,2.0,0,6,21,21,0,0,0,0,0,0,0,1.0,0.99,0,1,0,0,1,0,0
68,8.0,0,77,141,183,18,54,105,215,15,0,0,0.88,0.7,0,0,0,0,1,0,0
119,52.0,0,0,0,0,4,4,8,13,1,0,0,0.08,0.26,0,1,0,0,0,0,0
13,12.0,0,0,0,0,0,0,0,0,1,0,0,0.58,0.58,0,1,0,0,1,0,0
231,2.0,0,414,661,908,103,380,624,1025,56,0,167,0.83,0.69,0,0,0,0,1,0,0
19,8.0,0,0,7,14,3,10,19,34,3,0,0,0.95,0.97,0,0,0,0,1,0,1
3,2.0,3,6,6,6,0,0,0,0,0,0,0,1.0,0.96,0,0,0,0,1,0,0
10,8.0,0,0,0,0,0,0,0,0,0,0,0,0.87,0.9,0,0,0,0,1,0,0
1,2.0,0,6,9,12,4,6,16,19,0,0,0,0.98,0.97,0,0,0,0,1,0,1
270,2.0,20,30,80,120,27,128,218,321,0,0,0,0.99,0.99,0,0,0,0,1,0,0
2,12.0,0,69,85,133,6,44,61,94,1,0,0,0.82,0.79,0,0,0,0,1,0,1
20,8.0,0,90,126,180,58,142,273,364,30,0,0,0.42,0.46,1,0,0,1,1,0,1
6,2.0,0,0,4,6,3,3,3,3,0,0,0,0.51,0.53,0,0,0,0,1,0,1
0,8.0,0,28,46,64,6,39,55,57,4,0,0,0.88,0.81,0,0,0,0,1,0,1
1,2.0,0,4,4,4,6,9,11,11,0,0,0,0.5,0.4,0,1,0,0,1,0,1
339,8.0,0,0,0,0,2,7,10,16,3,0,0,0.97,0.95,0,0,0,1,1,0,0
1,4.0,0,0,0,0,0,0,0,0,0,0,0,0.73,0.78,0,1,0,0,1,0,0
1,12.0,0,3,4,5,0,1,4,4,0,0,1,0.63,0.72,0,0,0,0,1,0,1
5,9.0,0,0,0,0,0,0,0,0,0,0,0,0.99,0.98,0,0,0,1,1,0,0
0,8.0,0,63,123,165,0,0,0,0,11,0,0,0.68,0.38,0,1,0,1,0,0,1
103,8.0,7,49,96,143,14,82,209,282,34,0,0,0.78,0.86,0,0,0,0,1,0,0
-100,8.0,0,540,540,540,70,160,367,813,125,0,0,0.22,0.17,100,0,0,0,1,0,1
0,2.0,0,2,2,2,0,0,0,0,0,0,0,0.78,0.78,0,1,0,0,1,0,1
0,2.0,0,11,15,19,0,0,0,0,0,0,0,0.98,0.99,0,0,0,0,1,0,1
0,8.0,0,28,46,64,7,39,56,58,4,0,0,0.88,0.81,0,0,0,0,1,0,1
4,2.0,0,4,8,12,2,5,13,15,0,0,0,0.71,0.75,0,0,0,0,1,0,0
1,8.0,0,2,4,6,1,5,5,6,1,0,0,0.96,0.96,0,0,0,0,1,0,1
2,12.0,0,0,0,0,0,0,0,0,0,0,0,0.78,0.78,0,0,0,0,1,0,0
88,8.0,52,280,555,963,89,359,725,941,70,0,0,0.77,0.7,0,0,0,0,1,0,0
26,4.0,0,0,0,0,4,6,10,17,0,0,0,0.97,0.98,0,0,0,0,1,0,0
-1,12.0,0,16,24,24,1,6,12,20,0,0,8,0.44,0.38,1,0,0,0,1,0,1
27,12.0,0,0,2,10,2,7,11,18,0,0,0,0.99,0.99,0,0,0,0,1,0,0
-13,8.0,0,1385,1665,2225,101,907,916,1696,315,0,418,0.54,0.52,0,0,0,0,1,0,1
-1,8.0,0,6,10,11,1,3,8,13,1,0,0,0.95,0.96,1,0,0,0,1,0,1
1528,8.0,0,0,0,0,5,11,25,45,3,0,0,0.15,0.09,0,0,0,1,1,0,0
-1,6.0,0,57,72,87,15,44,78,125,23,0,12,0.73,0.76,1,0,0,0,1,0,1
7,3.0,0,0,0,0,0,0,0,0,1,0,0,0.94,0.94,0,1,0,0,1,0,0
3,3.0,0,16,16,16,1,3,6,7,0,0,0,0.98,0.99,0,0,0,0,1,0,1
148,52.0,0,0,0,0,0,1,6,12,0,0,0,1.0,1.0,0,0,0,0,0,0,0
0,12.0,0,10,14,18,0,5,11,14,0,0,5,0.63,0.72,0,0,0,0,1,0,1
-1,8.0,0,13,16,18,6,10,21,25,0,0,0,0.47,0.62,1,0,0,0,1,0,1
46,4.0,0,0,0,0,4,7,26,41,19,0,0,0.73,0.78,0,0,0,0,1,0,0
-9,8.0,2,149,261,341,21,142,245,321,13,0,0,0.91,0.89,11,0,0,1,1,0,1
5,16.0,0,42,62,82,7,20,38,55,5,0,0,0.61,0.62,0,0,0,0,1,0,1
5,8.0,0,10,20,25,5,12,21,30,0,0,0,0.94,0.95,0,0,0,0,1,0,1
103,9.0,0,0,0,0,0,0,19,19,0,0,0,0.85,0.83,0,1,0,0,1,0,0
4,2.0,0,0,0,2,0,1,3,4,1,0,0,0.97,0.98,0,0,0,0,1,0,1
47,8.0,0,42,84,126,5,24,68,111,23,0,0,0.99,0.98,0,0,0,0,1,0,0
27,4.0,0,0,0,0,0,0,0,0,0,0,0,0.77,0.8,0,0,0,0,1,0,0
64,8.0,51,425,641,965,92,330,560,720,75,0,0,0.79,0.66,2,0,0,0,1,0,1
0,12.0,0,783,1289,1887,0,0,0,0,172,0,0,0.82,0.79,0,0,0,0,1,0,1
30,2.0,0,0,0,0,4,12,22,22,0,0,0,0.91,0.94,0,1,0,1,1,0,0
3,2.0,0,2,2,2,1,3,3,3,0,0,0,0.94,0.97,0,1,0,0,1,0,1
8,52.0,0,0,0,0,1,1,1,1,1,0,0,0.88,0.94,0,1,0,0,0,0,0
419,4.0,163,393,783,1083,109,368,724,1101,74,0,0,0.73,0.78,0,0,0,0,1,0,0
2,4.0,4,0,0,0,0,2,2,2,1,0,0,0.24,0.14,0,1,0,0,1,0,1
41,8.0,24,8,32,56,4,26,56,91,11,0,0,0.78,0.76,0,0,0,0,1,0,0
0,2.0,3,47,72,122,0,0,0,0,0,0,22,0.85,0.74,0,0,0,0,1,0,1
5,8.0,1,30,60,90,6,28,57,69,6,0,0,0.97,0.94,0,0,0,0,1,0,1
6,8.0,0,143,208,273,16,71,156,240,19,0,19,0.5,0.52,1,0,0,0,1,0,1
17,8.0,3,55,85,115,9,39,62,94,12,0,0,0.86,0.88,0,0,0,0,1,0,1
3,8.0,0,0,0,0,2,7,13,24,0,0,0,0.89,0.88,0,0,0,0,1,0,1
13,9.0,0,0,0,0,1,3,5,6,0,0,0,0.99,0.96,0,0,0,0,1,0,0
0,9.0,0,14,14,14,1,5,11,12,0,0,0,0.99,0.98,0,0,0,0,1,0,1
0,2.0,0,5,8,8,0,0,0,0,0,0,0,0.37,0.36,0,1,0,1,1,0,1
11,9.0,0,240,370,500,70,205,325,403,32,0,0,0.94,0.9,0,0,0,0,1,0,1
3,8.0,0,8,12,16,1,3,6,10,1,0,0,1.0,0.99,0,0,0,0,1,0,0
0,2.0,0,12,21,24,0,0,0,0,0,0,0,0.85,0.84,0,1,0,1,1,0,0
9,2.0,0,14,28,56,4,7,7,7,0,0,0,0.71,0.63,0,0,0,0,1,0,0
6,3.0,0,0,0,0,0,0,0,0,0,0,0,0.99,0.99,0,1,0,0,1,0,0
2,2.0,0,0,10,10,0,1,2,2,0,0,0,0.6,0.49,0,0,0,0,1,0,1
-12,2.0,15,1050,1635,2220,256,724,1230,1774,188,0,65,0.03,0.1,19,0,0,0,1,0,1
0,2.0,0,8,16,20,0,4,7,12,0,0,2,0.37,0.36,0,0,0,0,1,0,0
216,8.0,0,272,544,680,59,220,449,755,72,0,0,0.82,0.87,0,0,0,0,1,0,0
0,2.0,6,36,60,88,11,32,100,109,0,0,0,0.39,0.17,0,0,0,0,1,0,1
-1,8.0,0,18,30,42,2,10,23,36,0,0,0,0.76,0.78,1,0,0,0,1,0,1
0,2.0,0,8,14,16,0,0,0,0,0,0,0,0.54,0.61,0,1,0,0,1,0,1
19,12.0,20,40,60,100,1,24,49,65,21,0,0,0.82,0.79,0,1,0,1,0,0,1
2,8.0,0,1,2,4,1,1,3,10,0,0,1,0.0,0.0,0,0,0,0,1,0,0
23,12.0,0,0,0,0,0,3,11,21,0,0,0,0.78,0.75,0,0,0,0,1,0,0
0,8.0,0,100,133,188,11,95,186,268,47,0,0,0.75,0.68,1,0,0,0,1,0,1
0,2.0,6,5,20,35,7,16,26,41,0,0,0,0.98,0.98,0,0,0,0,1,0,1
46,9.0,0,0,0,0,0,0,1,1,0,0,0,0.94,0.9,0,0,0,0,1,0,0
0,2.0,0,5,8,8,0,0,3,3,0,0,0,0.84,0.66,0,1,0,1,1,0,1
108,52.0,0,0,0,0,6,9,21,43,22,0,0,0.79,0.91,0,1,0,0,1,0,0
0,12.0,0,4,5,7,1,4,4,7,1,0,0,0.78,0.78,0,0,0,0,1,0,1
2,8.0,0,0,0,0,0,0,0,0,0,0,0,0.74,0.82,0,0,0,0,1,0,0
1181,3.0,0,0,0,0,0,1,4,6,1,0,0,0.61,0.73,0,0,0,0,1,0,0
27171,8.0,0,0,0,0,0,0,0,0,0,0,0,-99.0,-99.0,0,0,0,1,1,0,0
2,12.0,0,0,0,0,0,0,0,0,0,0,0,0.78,0.78,0,0,0,0,1,0,0
0,8.0,0,8,10,14,1,3,6,10,3,0,0,0.84,0.83,0,0,0,0,1,0,1
2,8.0,0,0,0,0,0,0,0,1,0,0,0,0.17,0.34,0,0,0,0,1,0,0
11,4.0,0,66,90,114,20,28,43,44,4,0,0,0.24,0.14,0,1,0,0,1,0,1
0,8.0,0,10,10,10,0,0,0,0,1,0,0,0.0,0.0,0,0,0,0,1,0,1
1,8.0,2,7,12,18,4,7,13,15,3,0,0,0.96,0.96,0,0,0,0,1,0,1
11,10.0,0,0,0,0,0,0,0,0,1,0,0,0.89,0.9,0,0,0,0,1,0,0
10,12.0,0,0,0,0,0,0,0,0,1,0,0,0.58,0.58,0,1,0,0,1,0,0
9,8.0,0,24,36,44,7,12,34,47,8,1,0,0.82,0.8,0,0,0,0,1,0,1
5,2.0,0,32,48,64,7,19,35,43,2,0,0,0.98,0.99,0,0,0,0,1,0,1
1,2.0,0,1,2,3,5,6,8,8,0,0,0,0.93,0.97,0,0,0,0,1,0,1
149,8.0,30,120,270,390,34,155,294,471,41,0,0,1.0,1.0,0,0,0,0,1,0,0
5,2.0,0,0,0,0,0,0,0,0,0,0,0,0.53,0.54,0,1,0,1,1,0,0
5,8.0,0,0,0,0,0,0,0,0,0,0,0,0.74,0.76,0,0,0,1,1,0,0
33,8.0,0,0,18,18,2,9,21,28,0,0,0,0.68,0.85,0,0,0,0,1,0,0
3,12.0,0,12,16,24,3,12,19,25,0,0,0,0.87,0.59,0,0,0,0,1,0,1
173,8.0,0,0,0,0,0,0,0,0,0,0,0,0.97,0.98,0,0,0,0,1,0,0
157,2.0,58,173,399,770,101,453,831,1132,62,0,0,0.65,0.67,0,0,0,0,1,0,0
0,8.0,0,24,42,54,5,16,21,36,2,0,0,0.78,0.74,0,0,0,0,1,0,1
0,12.0,0,1,1,1,0,0,0,0,0,0,0,0.58,0.58,0,1,0,0,1,0,0
0,8.0,0,2,3,5,0,3,3,3,2,0,0,0.68,0.58,0,0,0,1,1,0,1
3,12.0,0,0,0,0,0,0,1,1,0,0,0,0.83,0.9,0,1,0,1,1,0,0
106,8.0,0,0,0,0,0,0,0,0,0,0,0,1.0,0.99,0,0,0,0,1,0,1
149,8.0,0,0,0,0,0,0,0,9,1,0,0,0.81,0.87,0,0,0,0,1,0,0
37,8.0,1,19,36,70,5,18,59,74,17,0,0,0.91,0.89,0,0,0,0,1,0,0
12,12.0,0,13,29,45,10,26,41,60,0,0,0,0.78,0.78,0,0,0,0,1,0,1
370,8.0,0,0,0,0,2,15,44,58,3,0,0,1.0,0.95,0,1,0,1,1,0,0
31,8.0,2,0,0,0,0,1,4,20,0,0,0,0.81,0.89,0,0,0,1,1,0,0
0,4.0,6,0,1,2,2,8,17,27,1,0,0,0.73,0.78,0,0,0,1,1,0,1
4,8.0,0,0,0,1,0,1,2,4,0,0,0,0.42,0.36,0,0,0,0,1,0,0
14,8.0,0,51,77,103,14,35,60,82,0,0,0,0.98,0.99,0,0,0,0,1,0,1
5,8.0,0,0,0,0,0,0,0,0,0,0,0,0.5,0.4,0,0,0,0,1,0,0
7,2.0,0,12,29,38,4,15,24,39,0,0,0,0.85,0.89,0,0,0,1,1,0,1
20,9.0,51,326,483,579,48,128,288,351,25,0,11,0.86,0.84,0,1,0,0,1,0,0
0,2.0,0,0,0,0,0,0,0,0,0,0,0,0.56,0.72,0,0,0,0,1,0,1
0,2.0,0,26,42,62,1,2,2,2,0,0,0,0.62,0.62,4,0,0,0,1,0,1
0,2.0,96,48,192,192,0,0,0,0,0,0,0,0.96,0.96,0,0,0,0,1,0,1
0,9.0,0,5,5,5,0,0,0,0,0,0,0,0.7,0.66,0,1,0,0,1,0,0
1,4.0,0,2,3,5,1,2,4,4,0,0,0,0.79,0.66,0,0,0,0,1,0,0
6,2.0,0,0,4,8,0,3,5,8,0,0,0,0.78,0.82,0,0,0,0,1,0,0
45,2.0,0,0,0,0,0,0,0,0,1,0,0,0.98,0.93,0,1,0,0,1,0,0
4,2.0,0,0,0,0,0,0,0,0,0,0,0,0.86,0.77,0,0,0,0,1,0,0
0,8.0,3,18,33,48,13,27,55,68,4,0,0,0.57,0.44,0,0,0,0,1,0,1
1,8.0,1,1,1,1,0,2,2,4,1,0,0,0.97,0.93,0,0,0,0,1,0,1
22,12.0,0,0,0,0,0,1,1,1,0,0,0,0.93,0.89,0,0,0,0,1,0,0
7,0.0,0,0,0,0,1,4,6,11,11,0,0,0.0,0.0,0,0,0,0,0,0,0
23,9.0,0,0,0,0,0,1,1,1,0,0,0,0.91,0.77,0,1,0,0,1,0,0
51,3.0,0,0,12,30,31,98,145,148,3,0,0,0.52,0.41,0,1,0,0,1,0,0
102,8.0,7,144,240,288,40,127,235,375,30,0,0,1.0,0.99,0,0,0,0,1,0,0
1,9.0,0,2,2,3,0,1,2,3,0,0,0,0.99,0.98,0,0,0,0,1,0,0
25,8.0,0,0,0,0,0,0,0,0,0,0,0,0.91,0.94,0,0,0,0,1,0,0
-6,8.0,0,168,240,264,29,77,115,280,17,0,0,0.92,0.84,6,0,0,1,1,0,1
1,2.0,0,3,5,7,1,1,6,7,0,0,1,0.62,0.78,0,0,0,0,1,0,1
2,9.0,0,0,0,0,0,0,0,0,0,0,0,0.68,0.66,0,0,0,1,1,0,0
0,2.0,1,3,4,6,1,3,4,4,0,0,0,0.87,0.93,0,0,0,0,1,0,1
9,2.0,0,6,6,12,8,12,18,22,3,0,0,0.98,0.98,0,0,0,1,1,0,0
34,8.0,2,0,0,0,2,12,19,27,3,0,0,0.93,0.96,0,0,0,0,1,0,0
0,2.0,0,4,10,10,0,0,0,0,0,0,0,0.9,0.88,0,1,0,0,1,0,1
241,2.0,0,0,0,0,4,5,9,15,0,0,0,0.68,0.64,0,0,0,0,1,0,0
990,4.0,0,0,0,0,0,40,50,60,0,0,0,0.73,0.78,0,0,0,0,1,0,0
32,2.0,0,410,410,410,367,674,1054,1449,365,0,0,1.0,0.98,3,0,0,0,1,0,1
4,4.0,0,0,0,0,0,0,1,1,0,0,0,0.73,0.78,0,0,0,0,1,0,0
10,9.0,0,83,145,214,20,58,70,70,0,0,0,0.99,0.98,0,1,0,1,1,0,1
8,4.0,30,42,63,72,5,16,67,116,0,0,5,0.73,0.78,0,0,0,0,1,0,0
87,8.0,0,0,0,0,3,8,15,26,6,0,0,0.49,0.5,0,0,0,0,1,0,0
10,8.0,0,0,0,0,0,1,4,5,1,0,0,0.86,0.88,0,0,0,0,1,0,0
20,5.0,10,10,20,30,3,8,12,27,0,0,0,0.88,0.94,0,0,0,0,1,0,0
0,12.0,0,5,7,7,0,0,0,1,0,0,0,0.63,0.72,0,1,0,0,1,0,1
10,2.0,0,102,154,213,13,53,107,169,28,0,0,0.66,0.69,0,0,0,0,1,0,1
0,2.0,0,10,10,10,39,92,118,118,0,0,0,0.86,0.85,0,0,0,0,1,0,1
1,8.0,0,1,3,4,0,0,0,0,0,0,0,1.0,0.92,0,0,0,0,1,0,0
29,9.0,0,0,9,18,2,3,10,17,3,0,0,0.86,0.84,0,0,0,0,1,0,0
26,10.0,7,63,90,108,19,55,82,144,18,0,0,0.89,0.9,0,0,0,1,1,0,1
3,4.0,0,29,29,29,2,6,17,40,3,0,0,0.98,0.98,0,0,0,0,1,0,1
11,2.0,0,0,0,10,1,5,11,12,0,0,0,0.84,0.89,0,0,0,1,1,0,0
11,2.0,0,0,0,0,0,3,3,3,0,0,0,0.24,0.28,0,1,0,0,1,0,0
0,8.0,0,21,30,48,4,13,23,39,1,0,0,0.9,0.9,0,0,0,0,1,0,1
9,2.0,0,0,0,6,1,14,22,27,0,0,0,0.9,0.95,0,0,0,0,1,0,1
45,2.0,0,0,0,0,0,5,7,8,0,0,0,0.51,0.53,0,0,0,0,1,0,0
5,2.0,0,0,0,0,0,0,1,1,2,0,0,0.97,0.97,0,0,0,0,1,0,0
0,2.0,0,11,11,11,0,0,0,0,0,0,0,0.81,0.82,0,1,0,0,1,0,0
7,12.0,0,0,0,0,0,0,0,0,0,0,0,0.57,0.7,0,0,0,0,1,0,0
5,2.0,0,8,17,20,1,1,1,1,0,0,0,0.79,0.84,0,0,0,0,1,0,0
20,12.0,0,0,0,0,0,0,0,0,1,0,0,0.48,0.48,0,1,0,0,1,0,0
70,4.0,0,0,0,0,1,8,12,13,2,0,0,0.56,0.55,0,1,0,0,1,0,0
1,8.0,0,1,2,3,0,1,2,4,2,0,0,0.97,0.93,0,0,0,0,1,0,0
8,8.0,5,64,113,168,16,57,124,160,17,0,0,0.85,0.84,0,0,0,0,1,0,0
0,16.0,0,8,13,13,3,6,9,16,0,0,0,0.44,0.46,0,0,0,0,1,0,1
11,2.0,0,6,15,27,2,7,22,26,3,0,0,0.97,0.98,0,0,0,0,1,0,0
1,4.0,0,0,0,0,0,2,2,2,0,0,0,0.82,0.79,0,1,0,0,1,0,0
7,8.0,0,10,20,25,38,75,88,92,1,0,0,1.0,1.0,0,0,0,0,1,0,1
12,8.0,0,63,126,154,19,46,116,172,47,0,0,0.11,0.07,0,0,0,0,1,0,0
4,2.0,0,0,25,25,1,3,5,7,2,0,0,0.98,0.97,0,0,0,0,1,0,1
0,8.0,0,32,32,32,0,0,0,0,1,0,0,0.93,0.92,0,0,0,0,1,0,1
4,2.0,8,35,63,77,10,23,35,88,0,0,0,0.97,0.92,0,0,0,0,1,0,1
8,8.0,0,0,0,0,1,1,1,1,0,0,0,-99.0,-99.0,0,1,0,0,1,0,0
1,13.0,0,1,2,2,2,3,3,3,0,0,0,0.8,0.82,0,0,0,0,1,0,0
0,2.0,0,24,24,24,1,7,7,7,0,0,0,0.38,0.4,0,1,0,0,1,0,1
1,8.0,0,25,25,25,2,6,8,8,2,0,0,0.99,0.99,0,0,0,0,1,0,1
3,8.0,1,24,36,50,8,20,38,61,10,0,2,0.23,0.43,0,0,0,0,1,0,1
7555,2.0,106,0,0,0,40,147,250,350,65,0,0,0.19,0.61,0,0,0,1,1,0,0
0,12.0,0,3,5,5,1,3,10,13,0,0,1,0.73,0.76,0,0,0,0,1,0,1
7,4.0,0,0,0,0,0,0,0,0,1,0,0,0.73,0.78,0,1,0,0,1,0,0
32,8.0,0,0,0,0,3,15,31,43,3,0,0,1.0,0.99,0,1,0,0,1,0,0
0,8.0,0,5,8,14,1,6,16,24,0,0,0,0.85,0.95,0,0,0,1,1,0,1
3,8.0,0,16,16,16,1,5,10,17,2,0,0,0.06,0.5,0,0,0,0,1,0,1
0,0.0,0,25,49,63,0,0,0,0,5,0,0,0.0,0.0,0,0,0,0,0,0,1
3,8.0,0,102,102,142,10,29,62,98,20,0,0,0.0,0.5,0,0,0,1,1,0,1
32,9.0,0,0,0,6,2,4,18,28,0,0,0,0.86,0.84,0,0,0,0,1,0,0
6,2.0,0,10,10,10,0,0,0,0,1,0,0,0.27,0.35,0,1,0,0,1,0,1
0,12.0,0,8,8,8,0,8,9,11,0,0,0,0.78,0.78,0,0,0,0,1,0,1
0,12.0,0,5,5,6,0,3,5,5,0,0,0,0.76,0.78,0,0,0,0,1,0,1
35,2.0,0,0,0,0,0,1,4,4,2,0,0,0.58,0.57,0,1,0,0,1,0,0
5,8.0,0,0,16,16,0,3,5,9,0,0,0,1.0,0.94,0,0,0,0,1,0,0
310,8.0,68,1370,2098,3231,525,1814,3103,4116,322,0,112,0.72,0.72,0,0,0,0,1,0,1
0,8.0,0,2,4,4,4,6,14,20,1,0,0,0.97,0.94,0,0,0,0,1,0,1
2,8.0,0,30,30,30,7,15,22,29,6,0,0,1.0,0.41,0,0,0,1,1,0,1
0,2.0,0,5,7,7,0,0,0,0,0,0,0,0.5,0.4,0,1,0,0,1,0,0
22,8.0,0,0,0,0,8,8,51,57,0,0,0,0.91,0.63,0,0,0,0,1,0,0
10,12.0,0,0,0,0,0,0,0,0,1,0,0,0.58,0.58,0,1,0,0,1,0,0
4,8.0,0,0,0,0,0,0,0,1,0,0,0,0.61,0.65,0,1,0,1,1,0,0
1,9.0,0,13,21,23,4,7,22,36,0,0,0,0.69,0.68,0,0,0,0,1,0,1
10,2.0,0,0,7,7,1,3,13,13,0,0,0,0.95,0.97,0,0,0,0,1,0,0
0,8.0,0,6,6,6,0,0,0,0,1,0,0,0.46,0.35,0,0,0,0,1,0,1
1019,2.0,282,1701,3255,4802,600,1695,3090,4577,1054,0,0,0.93,0.94,0,0,0,0,1,0,0
-1,4.0,0,50,76,102,19,44,89,117,0,0,0,0.78,0.78,1,0,0,0,1,0,1
0,16.0,0,42,62,82,10,23,41,57,4,0,0,0.62,0.62,0,0,0,0,1,0,1
3,2.0,0,1,4,6,2,3,4,6,0,0,0,0.1,0.17,0,0,0,0,1,0,0
126,9.0,0,0,0,0,0,0,0,0,2,0,0,0.85,0.83,0,0,0,0,1,0,0
5,2.0,0,7,21,28,6,10,16,19,0,0,0,0.93,0.89,0,0,0,0,1,0,1
27,8.0,0,0,0,0,3,19,32,51,0,0,0,0.99,0.95,0,0,0,0,1,0,0
1241,8.0,0,0,0,0,1,3,4,7,1,0,0,0.98,0.97,0,0,0,0,1,0,0
0,2.0,0,17,27,32,0,0,0,0,0,0,0,0.59,0.62,0,1,0,1,1,0,1
100,8.0,0,0,0,0,0,0,0,0,1,0,0,0.9,0.94,0,1,0,0,1,0,0
4,8.0,0,9,13,17,6,17,27,37,6,0,0,0.66,0.87,0,0,0,0,1,0,1
7,2.0,0,0,5,5,0,0,5,11,0,0,0,0.98,0.99,0,0,0,0,1,0,1
30,8.0,0,100,100,100,11,31,44,64,28,0,0,-99.0,-99.0,0,0,0,0,1,0,0
175,8.0,61,242,326,410,45,109,183,304,93,0,16,0.36,0.44,0,0,0,0,1,0,0
103,8.0,0,0,0,0,0,0,2,2,1,0,0,0.82,0.92,0,0,0,0,1,0,0
66,8.0,0,368,464,656,86,215,387,550,131,0,32,0.97,0.94,3,0,0,0,1,0,1
-4,12.0,28,168,248,312,35,123,218,329,32,0,64,0.63,0.72,6,0,0,0,1,0,1
6,2.0,0,4,8,14,0,16,22,30,1,0,0,0.87,0.93,0,0,0,0,1,0,1
492,4.0,0,0,0,0,0,0,0,0,1,0,0,0.73,0.78,0,0,0,0,1,0,0
0,8.0,0,14,29,41,4,14,19,32,0,0,0,0.47,0.62,0,0,0,0,1,0,1
0,2.0,0,5,5,5,0,0,0,0,0,0,0,0.0,0.0,0,1,0,1,1,0,0
0,2.0,0,20,20,20,1,3,23,27,1,0,0,0.07,0.07,0,1,0,1,1,0,1
100,2.0,0,0,0,0,0,0,0,0,0,0,0,1.0,1.0,0,1,0,0,1,0,0
1,3.0,0,0,0,0,0,0,0,0,1,0,0,0.95,0.94,0,0,0,0,1,0,0
4,10.0,0,0,0,0,1,1,2,2,6,0,0,0.89,0.9,0,0,0,1,1,0,0
91,2.0,0,0,0,0,0,0,12,12,1,0,0,0.9,0.91,0,0,0,0,1,0,0
18,8.0,0,0,0,0,0,0,2,2,2,0,0,0.64,0.77,0,1,0,0,1,0,0
5,4.0,0,120,120,120,5,6,6,6,1,0,0,0.57,0.69,0,1,0,0,1,0,1
4,2.0,0,30,50,80,5,14,28,30,0,0,0,0.78,0.82,0,0,0,0,1,0,1
1,9.0,0,0,0,1,1,1,2,2,0,0,0,0.87,0.72,0,0,0,0,1,0,1
1557,52.0,0,0,0,0,0,0,0,0,2,0,0,-99.0,-99.0,0,1,0,0,0,0,0
0,8.0,0,2,2,3,2,2,2,2,0,0,0,0.95,0.87,0,0,0,0,1,0,1
3,9.0,0,0,0,1,2,2,2,6,0,0,0,0.68,0.66,0,0,0,1,1,0,1
2,4.0,0,4,8,12,4,6,16,17,0,0,0,0.43,0.45,0,0,0,0,1,0,1
0,2.0,0,130,130,130,0,0,1,1,0,0,0,1.0,0.87,0,1,0,0,0,0,1
260,8.0,57,480,880,1200,145,412,859,1323,139,0,40,0.82,0.82,1,0,0,0,1,0,1
1,8.0,1,104,104,104,0,6,8,18,15,0,0,0.95,0.97,0,0,0,1,1,0,1
33,8.0,20,0,20,40,7,54,69,81,2,0,0,0.98,0.99,0,0,0,0,1,0,0
8,0.0,0,99,181,265,15,57,124,180,0,0,0,0.93,0.86,0,0,0,0,0,0,1
2,9.0,0,0,0,0,0,0,0,0,0,0,0,0.68,0.66,0,1,0,0,1,0,0
0,8.0,0,20,30,40,1,9,17,30,3,0,0,0.61,0.49,0,0,0,0,1,0,0
3,8.0,0,61,61,61,0,0,1,4,0,0,0,0.5,0.52,0,1,0,0,1,0,1
-1,8.0,0,69,104,174,21,57,90,123,6,0,0,1.0,0.99,1,0,0,0,1,0,1
20,2.0,0,0,0,0,2,7,15,23,3,0,0,1.0,0.94,0,0,0,0,1,0,0
2,2.0,0,0,0,1,0,0,2,3,0,0,0,0.68,0.64,0,0,0,0,1,0,1
1,8.0,0,0,0,0,0,1,1,1,1,0,0,0.51,0.53,0,1,0,0,1,0,0
10,2.0,0,0,0,0,0,0,0,0,0,0,0,0.54,0.79,0,1,0,0,1,0,1
0,13.0,0,20,20,30,5,16,33,47,0,0,0,0.8,0.82,0,0,0,0,1,0,1
5,8.0,0,97,150,203,24,66,110,136,30,0,0,0.95,0.86,0,0,0,1,1,0,1
16,8.0,0,448,772,1150,41,243,794,1210,61,0,36,0.23,0.23,0,0,0,0,1,0,1
6,8.0,0,45,70,99,8,43,68,104,0,0,3,0.96,0.96,0,0,0,0,1,0,1
0,8.0,0,11,19,23,10,32,36,42,1,0,0,0.95,0.96,0,0,0,0,1,0,1
1,8.0,0,0,1,1,0,0,1,1,1,0,0,0.79,0.78,0,0,0,0,1,0,1
170,2.0,13,72,204,372,33,159,376,499,100,0,0,0.97,0.97,0,0,0,0,1,0,0
7,2.0,0,5,7,7,1,1,1,1,1,0,0,0.58,0.57,0,1,0,1,1,0,1
7,8.0,0,0,0,0,0,0,0,0,2,0,0,0.42,0.36,0,0,0,0,1,0,0
0,8.0,0,12,17,22,2,7,12,18,0,0,0,0.99,0.99,0,0,0,0,1,0,1
0,2.0,0,5,5,5,0,0,1,1,0,0,0,0.0,0.0,0,1,0,1,1,0,1
1627,8.0,0,0,0,0,23,62,114,329,52,0,0,0.93,0.89,0,0,0,0,1,0,0
4,2.0,0,6,6,12,4,12,24,28,0,0,0,0.92,0.95,0,0,0,0,1,0,1
12,12.0,0,44,104,146,9,37,73,112,24,0,0,1.0,0.99,0,0,0,0,1,0,1
5,2.0,0,0,3,7,0,0,0,0,0,0,0,0.89,0.9,0,0,0,0,1,0,0
6,0.0,1,50,75,125,15,46,77,113,3,0,0,0.0,0.0,0,0,0,0,0,0,1
5,2.0,0,3,9,12,6,8,12,12,0,0,0,0.65,0.67,0,1,0,0,1,0,1
2,8.0,0,0,0,0,0,0,0,0,0,0,0,0.61,0.62,0,0,0,0,1,0,0
798,8.0,489,2280,4100,5920,731,2077,3969,5904,1039,0,200,0.74,0.83,0,0,0,0,1,0,0
0,2.0,0,207,327,387,0,1,1,1,14,0,0,0.79,0.92,0,1,0,0,0,0,1
2345,2.0,898,4189,8836,13368,1235,4163,8425,13431,1272,0,242,0.99,0.99,0,0,0,0,1,0,1
61,8.0,29,48,72,96,14,47,96,159,89,0,0,0.99,0.99,0,0,0,0,1,0,0
3,2.0,0,0,0,0,0,0,0,0,0,0,0,0.42,0.36,0,1,0,0,1,0,0
4,9.0,0,0,0,0,0,0,0,0,1,0,0,0.69,0.68,0,0,0,0,1,0,0
19,2.0,0,0,0,0,0,0,0,1,0,0,0,0.99,0.99,0,0,0,0,1,0,0
2,12.0,0,0,0,0,0,0,0,0,0,0,0,0.63,0.72,0,0,0,0,1,0,0
0,2.0,8,36,52,68,16,32,32,32,0,0,0,1.0,1.0,0,0,0,0,1,0,1
30,8.0,0,0,0,0,2,3,3,3,1,0,0,0.92,0.79,0,0,0,1,1,0,0
0,2.0,0,11,11,11,0,0,0,0,0,0,0,0.1,0.17,0,1,0,0,1,0,1
8,2.0,0,2,4,4,0,0,0,0,0,0,0,0.97,0.94,0,1,0,0,1,0,0
1,2.0,0,10,10,10,1,2,6,6,0,0,0,0.95,0.97,0,0,0,0,1,0,1
0,8.0,0,20,44,56,5,19,41,59,3,0,0,0.84,0.92,0,0,0,0,1,0,1
10,9.0,0,0,0,0,0,0,0,1,0,0,0,0.85,0.83,0,0,0,0,1,0,0
10,8.0,0,143,208,274,23,74,160,243,21,0,15,0.51,0.53,0,0,0,0,1,0,1
46,8.0,2,169,169,206,23,74,149,208,19,0,21,0.65,0.67,0,1,0,0,1,0,0
0,2.0,0,18,18,27,7,10,19,28,1,0,0,0.99,0.97,0,0,0,0,1,0,1
1,8.0,0,2,3,4,0,0,3,3,0,0,0,0.94,0.97,0,0,0,0,1,0,0
12,12.0,0,0,0,0,0,0,0,0,1,0,0,0.73,0.79,0,1,0,0,1,0,0
7,8.0,0,17,26,38,5,16,30,56,0,0,0,0.79,0.87,0,0,0,0,1,0,1
69,2.0,86,125,301,433,46,125,275,439,37,0,0,1.0,0.99,0,0,0,0,1,0,0
0,2.0,0,41,61,61,0,1,2,2,13,0,0,0.0,0.0,0,0,0,0,1,0,1
7,8.0,0,52,88,136,25,49,64,64,0,0,0,0.71,0.75,0,0,0,0,1,0,1
1,3.0,0,2,3,4,0,1,2,3,0,0,0,0.98,0.98,0,0,0,0,1,0,1
0,2.0,0,144,144,276,0,0,0,0,0,0,0,0.96,0.94,0,0,0,0,1,0,1
1,8.0,0,18,27,36,14,25,41,48,0,0,0,0.98,0.99,0,0,0,0,1,0,1
1,8.0,0,50,50,50,0,8,15,28,0,0,0,0.79,0.67,0,0,0,0,1,0,1
-1,8.0,0,17,23,41,1,12,18,29,0,0,0,0.79,0.66,1,1,0,0,0,0,1
18,2.0,0,0,0,0,1,1,2,3,0,0,0,0.98,0.98,0,0,0,0,1,0,0
0,2.0,0,12,20,22,0,1,1,1,0,0,0,0.52,0.41,0,1,0,1,1,0,1
16,2.0,0,51,99,147,16,40,81,112,8,0,0,0.81,0.87,0,0,0,0,1,0,1
152,8.0,0,160,239,239,37,153,242,417,60,0,0,0.97,0.93,0,0,0,0,1,0,0
2,8.0,0,0,1,2,1,1,5,5,0,0,0,0.79,0.66,0,0,0,0,1,0,0
4,2.0,0,1,2,2,1,1,1,1,1,0,0,0.67,0.64,0,1,0,0,1,0,1
0,8.0,0,2,3,4,2,2,3,5,0,0,0,0.0,0.0,0,0,0,0,1,0,1
0,8.0,1,2,4,6,0,2,3,4,0,0,0,0.98,0.95,0,0,0,0,1,0,1
5,9.0,0,0,0,0,0,0,0,0,0,0,0,0.69,0.68,0,1,0,0,1,0,0
0,8.0,0,0,0,0,0,0,0,0,0,0,0,0.87,0.92,0,0,0,0,1,0,0
233,8.0,0,0,0,0,0,16,32,43,2,0,0,0.0,0.5,0,0,0,0,1,0,0
6,2.0,0,0,0,0,0,0,0,0,0,0,0,0.7,0.43,0,1,0,0,1,0,1
29,8.0,0,0,0,0,1,1,1,5,0,0,0,1.0,1.0,0,0,0,0,1,0,0
0,8.0,0,25,25,25,0,6,20,28,13,0,0,0.95,0.96,1,0,0,0,1,0,1
0,12.0,0,3,4,5,1,3,5,5,0,0,0,0.82,0.79,0,1,0,0,0,0,1
2,12.0,0,0,0,0,0,0,0,0,0,0,0,0.78,0.78,0,1,0,0,1,0,0
13,8.0,1,186,291,411,22,183,304,443,44,0,0,0.25,0.57,1,0,0,0,1,0,1
64,8.0,20,99,185,320,34,113,222,280,41,0,0,0.87,0.89,0,0,0,0,1,0,0
0,8.0,0,11,15,21,1,4,12,17,3,0,0,0.3,0.3,0,0,0,0,1,0,1
2,8.0,0,2,3,4,1,2,3,3,0,0,0,0.51,0.75,0,0,0,0,1,0,1
14,8.0,0,0,0,0,4,10,17,21,4,0,0,0.6,0.85,0,0,0,0,1,0,0
126,8.0,8,77,137,197,24,72,167,280,24,0,0,0.82,0.78,0,0,0,0,1,0,0
0,2.0,0,5,8,8,0,0,0,0,0,0,0,0.42,0.36,0,1,0,1,1,0,1
175,8.0,0,500,500,500,55,165,325,471,0,0,0,1.0,1.0,0,0,0,0,1,0,0
1,12.0,0,4,5,12,1,6,15,17,0,0,0,0.1,0.16,0,0,0,0,1,0,1
118,16.0,1,59,136,236,35,110,216,302,38,0,0,0.99,0.99,0,0,0,0,1,0,0
83,8.0,0,0,0,0,1,4,14,25,6,0,0,0.96,0.94,0,0,0,0,1,0,0
0,2.0,0,6,8,8,0,0,0,3,0,0,0,0.42,0.36,0,0,0,0,1,0,1
20,12.0,0,0,0,0,0,0,0,0,1,0,0,0.58,0.58,0,1,0,0,1,0,0
8,12.0,0,0,0,0,0,0,0,0,0,0,0,0.99,0.99,0,0,0,0,1,0,0
2,9.0,0,0,0,0,0,0,0,0,0,0,0,0.7,0.66,0,0,0,0,1,0,0
0,4.0,0,7,8,8,0,0,0,0,0,0,0,0.24,0.14,0,1,0,0,1,0,0
1,3.0,0,4,4,4,3,10,11,14,1,0,0,0.95,0.97,0,0,0,0,1,0,1
-1,9.0,0,9,9,9,0,1,3,4,1,0,1,0.86,0.84,1,0,0,0,1,0,1
46,2.0,0,0,0,0,0,1,4,4,0,0,0,0.44,0.41,0,0,0,0,1,0,0
1069,8.0,0,0,0,0,0,8,42,93,6,0,0,0.19,0.45,0,0,0,1,1,0,0
6,8.0,0,0,0,0,1,3,7,8,1,0,0,0.78,0.86,0,0,0,0,1,0,0
7,8.0,0,0,0,0,0,0,0,0,0,0,0,0.99,0.99,0,0,0,0,1,0,0
0,12.0,0,19,26,40,4,13,21,28,0,0,0,0.87,0.67,0,0,0,0,1,0,1
1,8.0,0,2,3,4,0,1,2,2,0,0,1,0.37,0.34,0,0,0,0,1,0,0
10,8.0,0,0,0,0,0,1,3,7,1,0,0,0.88,0.91,0,0,0,0,1,0,0
5,2.0,0,47,66,66,11,36,62,76,0,0,0,0.0,0.0,0,0,0,0,1,0,1
0,8.0,0,6,8,12,4,5,7,8,0,0,0,0.74,0.84,0,0,0,0,1,0,1
0,2.0,0,6,7,9,0,0,0,0,1,0,0,0.48,0.48,0,1,0,0,1,0,0
6,8.0,0,35,70,105,15,27,29,29,0,0,0,1.0,1.0,0,0,0,0,1,0,1
1,9.0,0,5,8,11,5,11,15,18,6,0,0,0.68,0.66,0,0,0,0,1,0,1
41,2.0,0,0,0,0,0,0,0,0,1,0,0,0.62,0.68,0,0,0,0,1,0,0
20,2.0,0,0,0,0,0,0,0,0,7,0,0,0.81,0.82,0,0,0,0,1,0,0
148,8.0,57,114,249,384,35,165,352,522,126,0,0,0.88,0.93,0,0,0,0,1,0,0
11,2.0,0,0,0,3,0,4,5,6,0,0,0,0.82,0.87,0,0,0,0,1,0,0
1,8.0,0,0,0,0,0,0,0,0,0,0,0,0.8,0.82,0,0,0,0,1,0,0
6,2.0,0,28,52,82,7,17,21,21,5,0,2,0.98,0.98,0,0,0,0,1,0,1
0,2.0,0,30,30,30,0,1,1,1,0,0,0,0.24,0.28,0,1,0,0,1,0,1
0,8.0,0,14,23,23,0,0,0,0,0,0,0,0.62,0.62,0,0,0,1,1,0,1
0,8.0,0,19,19,19,1,9,29,41,0,0,0,0.79,0.87,0,0,0,0,1,0,1
11,8.0,0,14,28,42,3,10,15,41,3,0,0,0.93,0.95,0,0,0,0,1,0,0
15,8.0,0,1,11,22,7,12,20,30,6,0,0,0.7,0.61,0,0,0,0,1,0,0
7,8.0,4,40,75,124,12,25,53,79,0,0,0,0.82,0.88,0,0,0,0,1,0,1
0,14.0,0,20,20,20,0,4,7,9,0,0,20,0.46,0.38,0,0,0,0,1,0,1
4,8.0,7,117,147,192,11,48,117,172,25,0,9,0.05,0.12,0,0,0,1,1,0,1
3,8.0,4,0,1,2,4,4,6,11,1,0,0,0.67,0.78,0,0,0,0,1,0,0
3,14.0,0,6,18,24,3,9,12,18,1,0,0,0.99,0.82,0,0,0,0,1,0,1
0,8.0,0,13,20,27,4,10,14,22,0,0,0,0.87,0.89,0,0,0,0,1,0,1
46,8.0,0,0,0,0,0,0,0,1,0,0,0,0.99,0.99,0,0,0,0,1,0,0
397,13.0,32,0,0,450,47,136,266,397,44,0,0,0.95,0.97,0,0,0,0,1,0,0
0,2.0,0,8,9,9,0,0,0,0,0,0,0,-99.0,0.14,0,1,0,0,1,0,1
5,12.0,0,0,0,0,0,0,0,0,2,0,0,0.87,0.93,0,0,0,0,1,0,0
2,2.0,0,24,48,72,4,8,14,14,0,0,0,0.69,0.71,0,1,0,0,1,0,1
47,8.0,0,0,0,0,0,0,0,0,1,0,0,0.07,0.17,0,0,0,0,1,0,0
13,8.0,0,0,0,0,0,0,0,0,0,0,0,0.99,0.99,0,0,0,0,1,0,0
180,0.0,0,0,0,0,6,14,22,31,1,0,0,0.0,0.0,0,0,0,1,1,0,0
6,2.0,0,20,20,20,0,0,0,0,0,0,0,0.79,0.73,0,1,0,0,1,0,0
57,8.0,5,792,1344,2100,271,891,1417,1806,195,0,60,0.31,0.18,0,0,0,0,1,0,1
16,2.0,0,0,0,0,0,0,0,0,1,0,0,0.93,0.94,0,0,0,0,1,0,1
4,8.0,0,4,9,9,5,9,16,21,2,0,0,0.99,0.97,0,0,0,0,1,0,1
0,8.0,0,5,6,6,0,0,0,0,0,0,0,0.46,0.35,0,1,0,0,1,0,1
0,2.0,0,1927,2467,3007,1,1,1,1,74,0,0,0.66,0.4,0,0,0,0,1,0,1
13,8.0,0,0,0,0,0,0,0,0,0,0,0,1.0,0.99,0,0,0,1,1,0,0
19,4.0,0,0,0,0,0,0,2,4,0,0,0,0.77,0.8,0,0,0,0,1,0,0
3,8.0,0,0,0,2,5,8,23,35,1,0,0,0.99,0.84,0,0,0,0,1,0,1
16,2.0,0,32,44,44,28,53,53,53,0,0,0,0.61,0.62,0,1,0,0,1,0,1
3065,8.0,17,714,2264,2849,679,2135,4817,8774,324,0,0,0.0,0.0,0,0,0,0,1,0,0
1,8.0,0,1,2,3,0,2,3,3,0,0,0,0.87,0.91,0,0,0,0,1,0,0
1,8.0,0,7,11,15,3,8,11,18,0,0,0,0.59,0.59,0,0,0,0,1,0,1
0,3.0,0,30,30,30,0,0,0,0,0,0,30,0.42,0.46,0,1,0,1,1,0,1
4,8.0,0,0,0,0,0,0,0,0,0,0,0,0.99,0.99,0,0,0,1,1,0,0
0,2.0,0,4,7,8,0,0,0,0,0,0,0,0.42,0.36,0,0,0,1,1,0,1
180,8.0,0,0,0,0,4,9,12,16,0,0,0,1.0,0.99,0,0,0,0,1,0,0
2,4.0,0,0,0,0,0,0,0,2,0,0,0,0.89,0.9,0,0,0,0,1,0,1
2294,8.0,0,0,0,0,7,23,43,60,4,0,0,0.56,0.74,0,1,0,0,1,0,0
4,4.0,1,0,2,2,0,0,0,0,0,0,0,0.57,0.7,0,1,0,0,1,0,0
648,9.0,0,0,0,0,12,44,84,116,17,0,0,0.94,0.79,0,0,0,0,1,0,0
0,2.0,0,5,7,7,0,0,0,0,0,0,0,0.69,0.68,0,1,0,0,1,0,1
46,9.0,27,3,3,3,5,14,29,51,4,0,3,0.85,0.82,0,0,0,0,1,0,0
220,2.0,49,143,311,437,57,231,2717,2883,57,0,0,0.97,0.9,0,0,0,0,1,0,0
33,8.0,0,0,0,0,0,1,1,1,0,0,0,0.99,0.99,0,1,0,0,1,0,0
30,8.0,12,14,46,66,9,28,56,86,14,0,0,0.78,0.83,0,0,0,0,1,0,0
0,8.0,0,12,21,21,0,0,0,0,0,0,0,0.83,0.86,0,1,0,1,1,0,0
22,2.0,0,0,6,9,2,6,13,27,0,0,0,0.99,0.98,0,0,0,0,1,0,0
17,2.0,0,279,460,647,58,176,289,290,52,0,0,0.93,0.96,0,0,0,0,1,0,1
3,2.0,0,24,48,60,4,8,13,13,0,0,0,0.69,0.71,0,1,0,0,1,0,1
-1,8.0,0,8,15,23,2,14,30,42,0,0,0,0.97,0.98,1,0,0,0,1,0,1
2,3.0,0,0,0,0,1,1,1,1,2,0,0,0.81,0.79,0,0,0,0,1,0,1
3,11.0,2,20,20,28,4,29,51,68,2,0,0,0.85,0.76,0,0,0,0,1,0,1
-19,5.0,27,1312,2002,2853,363,1263,2181,2870,187,0,89,0.73,0.7,35,0,0,0,1,0,1
8,2.0,0,25,25,25,3,12,28,44,2,0,0,0.81,0.83,0,0,0,0,1,0,1
7,8.0,0,100,200,200,0,0,0,0,0,0,0,0.88,0.9,0,0,0,0,1,0,0
2,9.0,0,0,0,0,0,0,0,0,0,0,0,0.69,0.68,0,0,0,0,1,0,0
8,2.0,0,0,0,0,10,19,39,75,16,0,0,0.12,0.42,0,0,0,0,1,0,1
3,2.0,1,4,8,16,1,6,13,26,1,0,0,0.98,0.96,0,0,0,0,1,0,1
3,8.0,0,0,0,0,1,18,28,41,1,0,0,0.72,0.9,0,0,0,0,1,0,1
7,2.0,0,19,31,47,13,31,50,71,6,0,0,0.99,0.97,0,0,0,0,1,0,1
50,8.0,0,0,0,0,2,2,12,19,8,0,0,0.96,0.96,0,0,0,0,1,0,0
18,2.0,0,0,0,0,0,0,0,0,0,0,0,0.78,0.76,0,1,0,1,1,0,0
1446,12.0,0,725,1875,1875,303,1143,2805,4881,181,0,0,0.98,0.96,0,0,0,0,1,0,0
0,52.0,0,25,25,25,0,0,0,0,0,0,0,0.79,0.87,0,1,0,1,0,0,1
7,8.0,0,0,0,0,1,1,2,2,2,0,0,0.98,0.97,0,0,0,0,1,0,0
2,8.0,0,17,24,38,4,16,30,42,2,0,0,0.99,0.99,0,0,0,0,1,0,1
8,8.0,0,30,30,60,2,23,39,50,4,0,0,0.97,0.97,0,0,0,0,1,0,0
0,8.0,0,19,22,29,3,13,18,27,3,0,0,-99.0,1.0,0,0,0,0,1,0,1
2,8.0,0,10,17,24,0,9,12,19,0,0,0,0.2,0.16,0,0,0,0,1,0,1
29,2.0,0,168,168,336,26,57,108,135,0,0,0,0.02,0.1,0,0,0,0,1,0,1
0,8.0,0,2,3,4,2,3,6,6,0,0,0,0.92,0.95,0,0,0,0,1,0,1
1,3.0,1,0,0,0,0,0,0,0,1,0,0,0.94,0.94,0,0,0,0,1,0,0
68,2.0,0,0,0,0,1,7,15,26,2,0,0,0.87,0.93,0,0,0,0,1,0,1
36,4.0,0,0,0,0,0,0,0,0,2,0,0,0.73,0.78,0,0,0,0,1,0,0
2,8.0,0,0,0,1,0,1,1,1,1,0,0,0.14,0.32,0,0,0,0,1,0,0
10,8.0,0,48,54,78,24,31,53,78,27,0,0,0.75,0.84,0,0,0,0,1,0,0
0,2.0,0,54,54,54,0,0,0,0,0,0,0,1.0,0.98,0,1,0,1,1,0,1
15,8.0,0,0,0,0,0,0,0,0,0,0,0,0.71,0.75,0,0,0,0,1,0,0
2,2.0,4,21,41,61,9,23,50,77,0,0,0,0.78,0.86,0,0,0,0,1,0,1
132,9.0,0,0,0,0,0,3,3,17,0,0,0,0.94,0.79,0,0,0,0,1,0,0
2,12.0,0,0,0,0,0,0,0,0,0,0,0,0.63,0.72,0,0,0,0,1,0,0
19,8.0,0,0,30,30,7,31,47,72,2,0,0,0.95,0.94,0,0,0,0,1,0,0
0,8.0,0,3,3,4,0,1,1,3,1,0,0,0.68,0.69,0,0,0,0,1,0,1
0,2.0,0,292,542,779,0,0,0,0,15,0,0,0.69,0.68,0,0,0,1,1,0,1
0,12.0,0,8,12,18,3,6,10,14,0,0,0,0.66,0.69,0,0,0,0,1,0,1
12,4.0,0,0,0,0,0,0,0,0,0,0,0,0.68,0.66,0,1,0,0,1,0,0
0,2.0,0,0,0,0,0,0,0,0,0,0,0,0.46,0.35,0,0,0,0,1,0,1
118,8.0,3,305,525,789,73,266,489,707,85,0,0,0.98,0.98,0,0,0,1,1,0,0
141,2.0,17,153,281,473,46,151,263,417,54,0,0,0.95,0.96,0,0,0,0,1,0,0
46,2.0,0,0,0,15,12,22,42,47,2,0,0,0.94,0.9,0,0,0,0,1,0,0
1884,8.0,4020,6870,10614,14982,2361,10465,17371,25100,5774,0,0,0.84,0.76,4,0,0,0,1,0,0
1,9.0,0,0,0,1,0,0,1,1,0,0,0,0.87,0.72,0,0,0,0,1,0,0
10,12.0,0,0,0,0,0,0,0,0,1,0,0,0.63,0.63,0,1,0,0,1,0,0
1060,15.0,0,500,500,1000,0,36,50,52,4,0,0,0.9,0.91,0,0,0,0,1,0,0
2,8.0,0,0,0,0,0,0,0,0,0,0,0,0.8,0.82,0,0,0,1,1,0,0
29,2.0,0,0,0,18,5,11,15,22,2,0,0,0.96,0.95,0,1,0,0,1,0,0
3384,2.0,27,0,0,0,98,327,702,1168,130,0,0,1.0,0.73,0,0,0,0,1,0,0
61,2.0,0,0,0,0,0,0,0,1,0,0,0,0.99,0.99,0,0,0,0,1,0,0
2,8.0,0,1,1,1,5,8,11,24,0,0,0,0.86,0.88,0,0,0,0,1,0,1
3,14.0,0,0,0,0,0,0,0,0,2,0,0,0.99,0.99,0,0,0,1,1,0,0
109,14.0,0,0,0,0,6,11,37,50,19,0,0,0.68,0.69,0,0,0,0,1,0,0
1,8.0,0,10,20,25,6,13,15,21,0,0,0,0.84,0.77,0,0,0,0,1,0,1
1726,8.0,0,8783,15883,20686,11,43,95,139,21,0,4808,0.26,0.34,0,0,0,1,1,0,0
32,2.0,0,20,40,40,17,29,38,69,4,0,0,1.0,0.99,0,0,0,0,1,0,0
3,9.0,3,18,26,42,4,7,14,16,2,0,0,0.99,0.98,0,0,0,0,1,0,0
12,12.0,0,28,42,70,15,34,52,72,11,0,0,0.78,0.78,0,0,0,0,1,0,1
127,2.0,96,32,112,184,24,120,192,256,0,0,32,0.38,0.47,0,0,0,0,1,0,0
94,8.0,4,370,505,595,89,200,350,572,111,0,10,0.58,0.47,0,0,0,0,1,0,1
64,8.0,0,0,0,0,0,0,1,1,0,0,0,0.97,0.95,0,0,0,1,1,0,0
17,12.0,0,0,0,0,0,0,2,3,1,0,0,0.62,0.73,0,0,0,0,1,0,0
1,2.0,8,8,32,56,5,16,30,46,1,0,0,0.69,0.69,0,0,0,0,1,0,0
10,8.0,0,11,26,39,6,16,33,54,0,0,0,0.98,0.98,0,0,0,0,1,0,0
238,2.0,0,0,0,0,1,12,42,52,0,0,0,0.88,0.9,0,0,0,0,1,0,0
0,2.0,0,0,0,0,0,0,0,0,1,0,0,0.97,0.98,0,1,0,0,1,0,0
4,8.0,2,248,385,512,37,132,295,435,37,0,14,0.73,0.73,4,0,0,1,1,0,1
20,12.0,0,0,0,0,0,0,0,0,1,0,0,0.58,0.58,0,1,0,0,1,0,0
0,8.0,0,47,73,99,3,21,33,58,6,0,1,0.02,0.12,0,0,0,1,1,0,1
1,2.0,0,19,19,29,2,9,18,24,5,0,0,0.05,0.41,0,0,0,0,1,0,1
11,0.0,0,0,0,0,0,0,1,2,2,0,0,0.0,0.0,0,0,0,0,0,0,0
0,3.0,0,280,457,470,0,0,1,1,63,0,0,0.92,0.96,0,0,0,0,1,0,1
4,8.0,0,15,30,30,5,13,25,48,4,0,0,0.0,0.2,0,0,0,0,1,0,1
43,3.0,0,0,0,0,0,0,1,2,0,0,0,0.98,0.99,0,0,0,0,1,0,0
4,8.0,0,10,22,34,8,16,36,50,2,0,0,0.82,0.87,0,0,0,0,1,0,0
2,9.0,0,0,0,0,0,0,0,0,0,0,0,0.86,0.84,0,0,0,0,1,0,0
272,8.0,292,2000,3344,4576,539,1565,3042,4577,892,0,128,0.71,0.7,29,0,0,0,1,0,1
9,8.0,0,8,20,28,9,15,25,32,0,0,0,0.92,0.88,0,0,0,0,1,0,1
4,3.0,22,155,265,373,46,122,222,242,27,0,13,0.5,0.39,1,0,0,0,1,0,1
52,8.0,6,430,670,910,98,275,542,835,137,0,12,0.61,0.57,0,0,0,1,1,0,1
6,52.0,0,0,0,0,0,0,0,0,0,0,0,1.0,0.99,0,1,0,0,0,0,0
0,2.0,0,4,4,4,6,8,10,16,0,0,0,0.5,0.25,0,1,0,0,1,0,1
-3,4.0,0,29,40,51,7,13,19,19,0,0,0,0.79,0.66,3,1,0,0,1,0,1
82,8.0,0,0,0,0,2,11,12,19,1,0,0,0.97,0.97,0,0,0,0,1,0,0
0,8.0,0,22,22,22,1,7,22,26,0,0,0,1.0,0.96,0,0,0,0,1,0,1
2,2.0,0,0,0,0,2,2,2,2,0,0,0,0.44,0.41,0,0,0,0,1,0,1
28,0.0,0,374,549,549,30,92,167,244,37,0,0,0.0,0.0,0,0,0,1,1,0,1
111,8.0,12,312,544,752,89,252,519,869,46,0,0,0.98,0.98,1,0,0,0,1,0,0
50,2.0,0,0,0,0,0,0,0,0,0,0,0,0.85,0.8,0,0,0,0,1,0,0
117,8.0,38,91,166,241,29,117,232,312,37,0,0,0.71,0.8,0,0,0,0,1,0,0
0,8.0,0,29,29,29,0,0,0,1,2,0,0,0.0,0.0,0,0,0,1,1,0,0
7,3.0,0,36,36,36,0,0,0,0,1,0,0,0.86,0.86,0,1,0,0,1,0,0
6,8.0,0,0,0,0,0,0,0,0,0,0,0,1.0,0.92,0,0,0,0,1,0,0
3,8.0,0,0,0,0,0,0,1,2,0,0,0,0.93,0.94,0,0,0,0,1,0,0
216,2.0,100,364,780,1196,74,270,483,597,0,0,0,0.66,0.6,0,0,0,0,1,0,0
6,4.0,0,1,1,1,0,0,0,0,0,0,0,-99.0,-99.0,0,1,0,1,1,0,0
0,12.0,0,2,4,5,3,4,4,7,1,0,0,0.82,0.79,0,0,0,0,1,0,1
20,12.0,0,0,0,0,0,0,1,1,0,0,0,0.08,0.12,0,0,0,0,1,0,1
1,9.0,0,13,13,13,1,19,23,23,0,0,0,0.93,0.74,0,0,0,0,1,0,0
0,2.0,0,8,8,8,0,2,4,5,0,0,0,0.51,0.47,0,0,0,0,1,0,1
5,2.0,0,33,66,101,9,31,39,39,0,0,0,0.96,0.97,0,0,0,0,1,0,1
6,2.0,0,8,24,32,1,11,20,30,0,0,0,0.74,0.76,0,0,0,0,1,0,1
6,8.0,0,20,55,90,13,37,77,101,0,0,0,0.56,0.46,0,0,0,0,1,0,1
0,2.0,0,540,540,540,0,0,0,0,8,0,0,0.96,0.96,0,0,0,1,1,0,1
604,2.0,469,948,2212,3160,3,3,3,3,536,0,0,0.97,0.92,0,1,0,0,1,0,0
0,8.0,0,0,0,0,0,0,0,0,0,0,0,0.97,0.95,0,0,0,0,1,0,0
1,2.0,0,30,60,80,17,37,61,74,0,0,0,0.99,0.98,0,0,0,0,1,0,0
7,2.0,0,0,0,0,0,0,0,1,0,0,0,0.99,0.96,0,1,0,0,1,0,0
37,15.0,0,168,322,476,23,118,264,411,37,0,0,0.06,0.09,0,0,0,0,1,0,0
15,11.0,0,0,0,0,0,0,0,0,0,0,0,0.85,0.77,0,0,0,0,1,0,0
2800,8.0,0,0,1200,2400,200,425,1626,1676,1396,0,0,0.64,0.67,0,0,0,0,1,0,0
12,2.0,0,0,0,0,0,0,0,0,0,0,0,1.0,1.0,0,0,0,0,1,0,0
0,4.0,0,50,95,132,0,0,0,0,1,0,0,1.0,0.98,0,0,0,0,1,0,1
7,12.0,0,30,47,64,4,23,30,48,0,0,0,0.78,0.78,0,0,0,0,1,0,1
3,2.0,0,0,0,0,0,0,1,1,1,0,0,0.74,0.76,0,0,0,0,1,0,1
9535,8.0,0,0,0,0,0,0,0,0,0,0,0,0.98,0.91,0,0,0,0,1,0,0
10,4.0,4,31,31,31,12,13,13,13,0,0,0,0.77,0.8,0,1,0,0,1,0,1
2,8.0,0,4,7,9,5,10,15,16,0,0,0,0.89,0.78,0,0,0,0,1,0,1
9,8.0,0,14,28,42,2,8,19,27,3,0,0,1.0,0.98,0,0,0,0,1,0,0
608,8.0,0,0,512,512,70,257,529,804,82,0,0,0.8,0.85,0,0,0,1,1,0,0
2,12.0,0,0,0,0,0,0,1,1,1,0,0,0.78,0.78,0,1,0,0,1,0,0
1,12.0,0,1,1,1,0,0,1,1,0,0,0,0.62,0.73,0,0,0,0,1,0,1
0,4.0,5,0,0,1,2,7,8,9,0,0,0,0.73,0.78,0,0,0,0,1,0,0
102,2.0,0,0,0,0,0,1,31,31,5,0,0,0.88,0.61,0,1,0,0,1,0,0
1,12.0,0,10,10,10,1,1,3,5,0,0,0,0.0,0.0,0,0,0,0,1,0,1
3,15.0,0,18,24,38,7,21,44,61,7,0,0,0.93,0.91,0,0,0,0,1,0,1
12,2.0,0,12,12,12,8,16,19,19,0,0,0,0.3,0.35,0,1,0,1,1,0,1
5,2.0,0,5,5,10,2,5,6,8,0,0,0,0.38,0.4,0,0,0,0,1,0,1
24,2.0,0,0,0,0,0,0,3,3,1,0,0,0.58,0.42,0,1,0,1,1,0,0
4,8.0,0,275,275,275,0,0,2,3,0,0,0,0.9,0.88,0,0,0,0,1,0,0
41,8.0,0,0,3,18,4,13,47,65,9,0,0,0.7,0.73,0,0,0,0,1,0,0
8,8.0,0,0,0,0,0,1,3,4,1,0,0,0.99,0.98,0,0,0,0,1,0,0
1,9.0,0,6,10,14,1,2,8,10,0,0,0,0.34,0.41,0,0,0,0,1,0,1
0,8.0,0,3,5,7,1,3,5,5,1,0,0,0.84,0.89,0,0,0,0,1,0,1
0,8.0,0,10,10,10,0,0,0,0,1,0,0,0.0,0.0,0,0,0,0,1,0,1
0,15.0,0,0,0,0,0,0,0,0,0,0,0,0.78,0.74,0,0,0,1,1,0,0
4,8.0,2,68,113,166,6,42,87,125,19,0,1,0.13,0.09,3,0,0,1,1,0,1
49,2.0,0,0,0,0,2,4,8,13,2,0,0,1.0,1.0,0,0,0,1,1,0,0
0,9.0,0,0,0,0,0,0,0,0,1,0,0,0.7,0.66,0,0,0,0,1,0,0
12,0.0,0,45,81,117,15,43,73,98,5,0,0,0.0,0.0,0,0,0,0,0,0,1
8,4.0,0,0,0,0,0,1,4,5,0,0,0,0.73,0.78,0,1,0,0,1,0,0
8,8.0,0,18,28,28,3,6,14,29,0,0,0,1.0,0.99,0,0,0,0,1,0,1
2,9.0,0,0,1,2,1,3,5,7,4,0,0,0.99,0.98,0,0,0,0,1,0,1
5,2.0,0,0,5,5,0,0,0,0,1,0,0,0.92,0.95,0,1,0,0,1,0,0
11,2.0,0,24,42,84,10,29,44,51,0,0,0,0.98,0.88,0,0,0,0,1,0,0
0,8.0,0,67,100,130,8,28,70,97,38,0,0,0.29,0.34,1,0,0,0,1,0,1
0,2.0,0,6,9,9,0,0,0,0,0,0,0,1.0,0.99,0,1,0,0,1,0,1
0,8.0,0,21,29,37,4,11,21,32,1,0,0,0.37,0.38,0,0,0,0,1,0,1
0,2.0,0,8,8,8,0,0,0,0,0,0,0,0.0,0.0,0,1,0,1,1,0,1
13,12.0,8,0,0,0,0,0,0,0,1,0,0,0.63,0.63,0,1,0,0,1,0,0
29,52.0,0,0,0,0,3,10,18,23,17,0,0,0.94,0.9,0,1,0,0,1,0,0
0,4.0,1,6,7,7,4,9,12,12,0,0,0,0.68,0.66,0,1,0,0,1,0,1
23,8.0,0,56,130,206,16,47,68,72,0,0,0,0.71,0.75,0,0,0,0,1,0,1
61,8.0,7,18,66,108,6,39,109,160,20,0,0,0.97,0.98,0,0,0,0,1,0,0
8,2.0,0,8,16,16,0,0,0,0,1,0,0,0.97,0.97,0,0,0,0,1,0,0
4,8.0,0,0,0,0,0,0,0,0,0,0,0,1.0,0.9,0,0,0,0,1,0,0
119,4.0,49,1311,2223,3135,191,784,1187,1193,137,0,0,0.63,0.72,6,0,0,0,1,0,1
171,8.0,56,1711,2807,4527,505,1733,2927,3816,501,0,0,0.92,0.93,3,0,0,0,1,0,1
5,8.0,24,0,11,22,2,14,28,37,0,0,0,0.8,0.86,0,0,0,0,1,0,0
1510,8.0,0,0,0,0,10,150,440,745,25,0,0,1.0,1.0,0,0,0,0,1,0,0
20,2.0,0,21,26,26,16,25,25,25,0,0,0,0.99,0.99,0,1,0,0,1,0,1
9,8.0,10,690,1050,1482,99,352,540,754,99,0,144,0.41,0.46,0,0,0,1,1,0,1
12,2.0,0,168,182,280,25,54,110,150,0,0,0,0.03,0.09,0,0,0,0,1,0,1
58,2.0,0,304,508,724,115,262,418,559,106,0,0,0.58,0.57,0,1,0,0,1,0,1
0,2.0,0,26,26,26,0,0,0,0,0,0,0,0.99,0.96,0,1,0,1,1,0,0
0,8.0,0,6,9,12,2,4,6,9,0,0,0,0.0,0.0,0,0,0,0,1,0,1
5,9.0,0,0,2,3,1,2,4,7,0,0,0,0.91,0.77,0,0,0,0,1,0,1
0,9.0,0,2,4,5,1,2,3,3,0,0,0,0.7,0.66,0,0,0,0,1,0,1
361,12.0,3,0,0,0,31,105,245,396,111,0,0,0.94,0.97,0,0,0,0,1,0,0
3,8.0,0,0,0,0,0,0,0,0,0,0,0,0.59,0.61,0,0,0,1,1,0,0
38,8.0,30,0,30,60,8,28,48,81,20,0,0,1.0,0.99,0,0,0,0,1,0,0
44,2.0,0,0,0,0,0,0,8,51,0,0,0,0.96,0.96,0,0,0,0,1,0,0
0,9.0,0,6,6,8,0,0,2,3,0,0,0,0.99,0.99,0,0,0,0,1,0,1
9,12.0,2,0,0,0,0,0,0,0,1,0,0,0.48,0.48,0,1,0,0,1,0,0
5,2.0,0,7,12,17,3,7,16,21,0,0,0,0.94,0.97,0,0,0,0,1,0,1
0,2.0,0,2,2,2,0,0,0,1,0,0,0,0.0,0.02,0,0,0,0,1,0,1
74,12.0,0,11,18,22,0,7,10,10,5,0,0,0.61,0.58,0,0,0,0,1,0,0
2,2.0,0,0,0,0,0,0,0,0,1,0,0,0.6,0.58,0,1,0,0,1,0,1
22,8.0,0,187,295,391,29,111,207,300,31,0,24,0.61,0.57,1,0,0,1,1,0,1
30,8.0,0,0,0,0,1,1,2,2,2,0,0,0.81,0.82,0,0,0,0,1,0,0
2,12.0,0,0,1,2,2,3,6,7,0,0,0,0.78,0.78,0,0,0,0,1,0,1
10,2.0,6,21,49,69,4,15,29,58,7,0,0,0.91,0.85,0,0,0,0,1,0,1
64,8.0,18,144,291,439,43,125,268,441,0,0,0,0.94,0.96,0,0,0,0,1,0,0
0,9.0,0,6,6,6,0,0,2,3,0,0,0,0.99,0.99,0,0,0,0,1,0,1
-1,8.0,0,30,55,85,7,30,42,57,0,0,0,0.1,0.17,1,0,0,0,1,0,1
17,9.0,0,10,10,10,1,6,19,32,0,0,0,0.99,0.98,0,0,0,0,1,0,0
57,8.0,0,0,0,0,0,0,0,0,0,0,0,0.7,0.74,0,0,0,0,1,0,0
253,8.0,0,0,0,0,27,50,76,89,2,0,0,0.93,0.97,0,0,0,0,1,0,0
18,52.0,0,0,0,0,0,0,1,1,0,0,0,0.98,0.99,0,1,0,0,1,0,0
7,4.0,1,0,0,0,0,0,0,0,0,0,0,0.73,0.78,0,1,0,0,1,0,0
12,2.0,0,0,0,0,0,0,0,0,1,0,0,0.95,0.96,0,0,0,0,1,0,0
7,2.0,0,64,114,164,2,2,2,2,7,0,0,0.79,0.77,0,0,0,0,1,0,1
3,8.0,0,14,30,38,7,24,40,59,5,0,0,0.89,0.9,0,0,0,0,1,0,1
3,12.0,0,0,0,0,0,0,0,0,0,0,0,0.63,0.72,0,0,0,0,1,0,0
0,8.0,0,11,11,11,0,2,5,5,0,0,0,0.0,0.22,0,0,0,0,1,0,1
1804,2.0,58,0,0,0,2,5,18,20,14,0,0,1.0,0.97,0,0,0,0,1,0,0
28632,8.0,180,1425,22420,39330,2947,10717,24386,43376,3854,0,0,0.98,0.99,116,0,0,0,1,0,1
0,12.0,0,6,7,9,0,3,6,6,0,0,1,0.78,0.78,0,0,0,1,1,0,1
2,12.0,0,0,0,0,0,0,0,0,0,0,0,0.78,0.78,0,0,0,0,1,0,1
0,8.0,11,85,140,200,35,86,153,223,0,0,0,1.0,1.0,0,1,0,0,1,0,1
0,8.0,0,5,8,9,2,4,8,9,0,0,0,0.94,0.93,0,0,0,0,1,0,1
3,4.0,0,0,0,0,0,0,0,1,0,0,0,0.73,0.78,0,0,0,0,1,0,0
4,8.0,0,36,60,72,7,23,56,78,4,0,12,0.55,0.37,0,0,0,0,1,0,1
12,2.0,0,0,0,0,0,0,0,0,0,0,0,0.98,0.93,0,1,0,0,1,0,0
3,8.0,0,0,0,0,0,0,0,2,0,0,0,0.48,0.53,0,0,0,0,1,0,0
28,2.0,0,13,20,20,10,17,17,17,0,0,0,0.99,0.99,0,1,0,0,1,0,1
0,9.0,0,0,0,0,0,1,1,1,0,0,0,0.68,0.66,0,1,0,0,1,0,1
10,2.0,0,0,6,12,3,6,22,28,1,0,0,0.85,0.76,0,0,0,0,1,0,1
0,12.0,3,15,24,36,1,11,22,35,0,0,0,0.82,0.79,0,0,0,1,1,0,1
3,8.0,1,29,49,69,12,30,52,69,5,0,0,0.78,0.82,0,0,0,0,1,0,1
0,12.0,0,0,0,0,0,0,0,0,1,0,0,0.78,0.78,0,1,0,0,1,0,0
360,8.0,120,120,120,120,0,0,0,0,0,0,0,0.73,0.79,0,0,0,0,1,0,0
175,8.0,0,408,840,1164,11,266,493,733,99,0,0,0.31,0.37,0,0,0,0,1,0,0
1,12.0,0,1,1,2,0,0,1,1,0,0,0,0.82,0.79,0,0,0,0,1,0,0
39,4.0,446,268,639,943,296,563,935,1245,124,0,0,0.77,0.8,4,0,0,0,1,0,0
0,4.0,0,261,446,514,1,4,10,11,18,0,145,0.79,0.66,0,0,0,1,1,0,1
82,8.0,18,27,59,99,11,49,93,140,38,0,8,0.73,0.86,0,0,0,0,1,0,0
77,8.0,67,0,60,120,13,55,144,217,23,0,0,0.99,0.99,0,0,0,0,1,0,0
3,2.0,0,2,3,3,0,0,0,0,1,0,0,0.83,0.75,0,1,0,0,1,0,0
11,8.0,0,0,0,0,1,1,7,10,0,0,0,0.79,0.87,0,0,0,0,1,0,0
2,12.0,0,0,0,0,0,0,0,0,0,0,0,0.57,0.7,0,0,0,0,1,0,0
267,8.0,72,249,303,519,63,226,408,648,84,0,0,1.0,0.96,0,0,0,0,1,0,0
0,12.0,0,7,8,9,1,4,9,12,0,0,0,0.82,0.79,0,0,0,0,1,0,1
0,12.0,0,4,6,8,0,3,4,6,1,0,0,0.82,0.79,0,0,0,1,1,0,1
-3,12.0,3,510,510,723,36,194,425,634,39,0,218,0.52,0.41,11,1,0,0,1,0,1
179,8.0,0,0,0,0,1,2,14,20,0,0,0,0.97,0.97,0,0,0,0,1,0,0
60,9.0,31,125,250,350,38,108,210,322,44,0,0,0.99,0.99,0,0,0,0,1,0,0
7,8.0,0,0,6,6,1,2,8,11,0,0,0,1.0,0.96,0,0,0,0,1,0,0
476,2.0,4,0,0,0,158,476,728,954,111,0,0,0.96,0.81,0,0,0,0,1,0,0
3,8.0,0,0,0,0,0,0,0,0,1,0,0,0.37,0.36,0,0,0,0,1,0,0
19,16.0,0,40,80,80,9,26,42,57,15,0,0,0.66,0.63,0,0,0,0,1,0,0
10,8.0,0,0,0,0,0,0,3,8,0,0,0,1.0,0.96,0,0,0,0,1,0,0
0,8.0,0,1,1,1,1,1,1,2,1,0,0,0.96,0.97,0,0,0,1,1,0,1
0,2.0,0,3,3,3,3,15,16,17,0,0,2,0.42,0.36,0,0,0,0,1,0,1
68,8.0,21,45,89,150,17,59,107,151,33,0,0,0.84,0.89,0,0,0,0,1,0,0
655,4.0,0,0,0,0,0,1,2,2,0,0,0,0.73,0.78,0,0,0,0,1,0,0
0,2.0,0,0,21,21,0,0,0,0,1,0,0,0.9,0.86,0,1,0,1,1,0,1
37,12.0,30,0,24,48,7,33,66,92,21,0,0,0.77,0.73,0,1,0,0,0,0,0
4,2.0,0,0,25,25,1,3,5,7,2,0,0,0.98,0.97,0,0,0,0,1,0,1
19,2.0,0,0,0,0,1,1,1,1,0,0,0,0.92,0.92,0,0,0,0,1,0,0
10,8.0,0,24,40,56,7,20,33,63,1,0,0,0.5,0.35,0,0,0,0,1,0,1
14,2.0,0,0,0,0,0,0,0,0,0,0,0,0.19,0.16,0,1,0,0,1,0,0
46,8.0,2,477,702,927,81,217,346,445,76,0,0,0.0,0.0,0,0,0,0,1,0,1
10,8.0,0,24,48,72,6,15,34,52,1,0,0,0.98,0.98,0,0,0,0,1,0,1
2,2.0,5,4,4,6,1,11,16,22,0,0,0,0.96,0.94,0,0,0,0,1,0,0
0,12.0,0,4,6,6,0,0,0,0,0,0,0,0.57,0.7,0,0,0,0,1,0,1
3,8.0,0,0,0,0,0,0,0,0,0,0,0,0.82,0.81,0,0,0,0,1,0,0
8,4.0,0,0,0,0,1,3,3,3,1,0,0,0.22,0.14,0,1,0,0,1,0,1
4,8.0,0,32,32,32,4,17,32,46,4,0,0,0.97,0.97,0,0,0,0,1,0,1
43,4.0,0,0,0,0,0,1,5,7,0,0,0,0.77,0.8,0,1,0,0,1,0,0
0,2.0,0,38,58,58,2,3,3,3,1,1,0,0.87,0.92,0,1,0,0,1,0,1
0,2.0,0,3,3,3,0,0,0,0,0,0,0,0.0,0.0,0,1,0,1,1,0,1
21,2.0,0,80,100,100,11,35,49,76,18,0,0,0.93,0.85,0,0,0,0,1,0,0
5,6.0,0,0,0,0,0,0,1,2,0,0,0,0.79,0.67,0,0,0,0,1,0,0
4905,52.0,0,0,0,0,0,0,11,11,0,0,0,0.94,0.87,0,1,0,0,0,0,0
0,2.0,0,85,85,85,0,0,0,1,1,0,0,0.68,0.57,0,0,0,0,1,0,1
491,12.0,0,0,0,0,3,9,9,9,1,0,0,0.58,0.58,0,1,0,0,1,0,0
0,2.0,1,4,8,11,2,4,22,23,3,0,0,0.48,0.52,0,0,0,0,1,0,0
3,8.0,0,0,0,0,0,0,0,0,1,0,0,1.0,0.98,0,0,0,1,1,0,0
5,8.0,0,6,12,24,9,20,34,44,0,0,0,0.79,0.66,0,0,0,0,1,0,1
15,2.0,0,24,36,36,29,46,70,96,0,0,0,1.0,1.0,0,0,0,0,1,0,0
20,12.0,0,0,0,0,0,0,1,1,2,0,0,-99.0,-99.0,0,0,0,0,1,0,0
0,8.0,0,0,0,0,0,0,3,3,0,0,0,0.0,0.0,0,0,0,0,1,0,1
15,8.0,0,0,15,15,3,7,15,22,0,0,0,0.97,0.98,0,0,0,0,1,0,1
3,2.0,0,8,12,20,0,5,14,27,2,0,0,0.97,0.93,0,0,0,0,1,0,1
94,8.0,18,69,159,244,31,96,195,309,54,0,0,0.97,0.95,0,0,0,0,1,0,0
0,3.0,0,0,0,0,1,1,1,1,1,0,0,0.94,0.96,0,0,0,0,1,0,1
13,12.0,0,0,0,0,0,0,0,0,1,0,0,0.58,0.58,0,1,0,0,1,0,0
2,2.0,0,5,7,8,2,3,5,13,0,0,0,0.0,0.0,0,0,0,0,1,0,1
0,2.0,0,12,22,32,0,0,0,0,0,0,0,0.96,0.9,0,1,0,0,1,0,1
0,12.0,58,42,82,102,17,51,154,211,37,0,0,0.78,0.78,0,0,0,1,1,0,1
17,8.0,0,73,97,121,7,29,64,105,42,0,0,0.91,0.95,0,0,0,0,1,0,1
38,8.0,0,0,0,0,1,2,2,2,1,0,0,0.96,0.97,0,0,0,0,1,0,0
31,8.0,0,0,0,0,0,0,0,0,0,0,0,0.99,0.98,0,0,0,0,1,0,0
1,2.0,0,1,3,4,2,2,4,6,1,0,0,0.93,0.87,0,0,0,1,1,0,1
19,2.0,0,19,38,38,24,29,57,70,0,0,0,0.51,0.3,0,0,0,0,1,0,1
0,12.0,0,9,9,9,1,2,5,5,0,0,3,0.42,0.36,0,0,0,0,1,0,1
19,52.0,0,0,0,0,0,0,1,2,0,0,0,0.99,0.99,0,1,0,0,1,0,0
0,8.0,0,20,35,35,1,4,4,8,0,0,7,0.82,0.75,0,0,0,0,1,0,1
1,12.0,0,7,7,11,0,0,6,8,0,0,1,0.82,0.79,0,0,0,1,1,0,1
5529,4.0,2302,2400,7200,12000,847,3716,8539,11116,1027,0,0,0.98,0.96,0,0,0,0,1,0,0
5,12.0,3,12,15,24,4,14,27,33,1,0,0,0.78,0.78,0,0,0,0,1,0,1
0,8.0,0,325,442,563,0,0,0,0,22,0,0,0.87,0.83,0,1,0,0,1,0,1
75,8.0,0,143,143,143,9,27,62,105,20,0,0,0.97,0.98,0,0,0,0,1,0,0
15,8.0,0,28,56,84,15,35,49,50,0,0,0,0.78,0.74,0,0,0,0,1,0,1
3,8.0,0,2,4,6,1,2,4,5,0,0,0,0.97,0.94,0,0,0,0,1,0,1
13,12.0,0,0,0,0,0,0,0,0,1,0,0,0.48,0.48,0,1,0,0,1,0,0
2,2.0,0,5,9,11,3,5,8,8,0,0,0,0.97,0.94,0,1,0,0,1,0,1
0,4.0,0,0,0,0,0,0,0,0,0,0,0,0.22,0.11,0,0,0,0,1,0,1
5,3.0,0,44,80,122,10,26,41,50,0,0,0,0.99,0.98,0,1,0,0,1,0,1
1,4.0,0,30,40,40,90,130,140,180,0,0,0,0.73,0.78,0,0,0,0,1,0,1
869,4.0,5,590,1310,1990,655,1477,3055,4564,18,0,0,0.73,0.78,0,0,0,0,1,0,0
54,2.0,0,0,0,0,0,5,14,20,5,0,0,0.98,0.98,0,0,0,1,1,0,0
49,8.0,6,40,64,88,23,63,93,149,19,0,0,0.42,0.36,0,0,0,0,1,0,1
0,2.0,0,21,21,21,2,2,2,2,1,0,0,0.52,0.41,2,1,0,0,1,0,1
23,12.0,0,0,0,0,0,1,2,3,0,0,0,0.63,0.72,0,0,0,1,1,0,0
12,8.0,0,0,0,0,0,0,0,0,1,0,0,0.42,0.36,0,0,0,0,1,0,0
2515,12.0,0,0,0,0,77,277,560,858,153,0,0,0.22,0.26,0,0,0,0,1,0,0
5,8.0,0,0,60,60,1,1,4,7,0,0,0,0.77,0.81,0,0,0,0,1,0,0
5,8.0,0,92,137,197,14,58,112,170,20,0,15,0.34,0.53,0,0,0,1,1,0,1
17482,12.0,183,6426,10332,13608,1208,3425,20009,26507,1067,0,0,0.96,0.98,0,0,0,0,1,0,0
7,2.0,0,0,0,0,0,0,0,2,0,0,0,0.97,0.92,0,0,0,0,1,0,0
1,8.0,0,1,3,4,0,1,2,3,0,0,1,0.42,0.36,0,0,0,0,1,0,1
0,2.0,0,10,11,11,0,0,0,0,0,0,0,0.23,0.26,0,1,0,1,1,0,1
0,4.0,0,10,10,10,0,0,0,0,0,0,0,0.62,0.73,0,1,0,0,1,0,0
2,2.0,0,2,5,7,0,1,5,9,0,0,0,0.91,0.94,0,0,0,0,1,0,1
8,2.0,0,0,3,8,5,8,19,29,1,0,0,0.83,0.86,0,0,0,0,1,0,0
0,2.0,0,78,137,190,0,0,0,0,17,0,36,0.99,0.95,0,0,0,0,1,0,1
0,9.0,0,0,0,0,0,2,2,2,0,0,0,0.85,0.83,0,0,0,0,1,0,1
0,2.0,0,0,0,0,0,0,0,0,0,0,0,0.86,0.77,0,0,0,0,1,0,0
44,8.0,1,0,0,0,9,20,48,77,29,0,0,0.05,0.12,0,0,0,1,1,0,0
2490,2.0,0,0,0,0,0,0,0,7,0,0,0,0.59,0.78,0,0,0,1,1,0,0
0,9.0,0,2,3,4,2,3,3,4,0,0,0,0.99,0.98,0,0,0,0,1,0,1
11,4.0,0,0,0,0,7,12,44,44,0,0,0,0.79,0.66,0,1,0,1,1,0,1
0,9.0,0,41,81,113,13,32,55,95,0,0,0,0.34,0.41,0,0,0,0,1,0,1
8,12.0,0,0,0,0,0,1,1,3,0,0,0,0.82,0.79,0,0,0,1,1,0,0
0,8.0,0,0,0,0,0,0,0,0,0,0,0,0.88,0.92,0,0,0,0,1,0,0
1,8.0,0,13,22,31,2,10,13,20,0,0,0,1.0,0.99,0,0,0,0,1,0,1
1,4.0,0,0,0,0,0,1,1,1,0,0,0,0.73,0.78,0,0,0,0,1,0,1
6104,8.0,0,0,0,478,408,822,2651,4903,362,0,0,0.98,0.99,0,0,0,0,1,0,0
2,13.0,0,1,2,3,1,1,2,5,0,0,0,0.78,0.82,0,0,0,0,1,0,0
3,9.0,0,0,0,0,0,0,0,2,1,0,0,0.68,0.66,0,0,0,0,1,0,0
109,16.0,43,0,20,60,4,37,73,115,23,0,0,0.99,0.99,0,0,0,0,1,0,0
1,8.0,0,10,16,22,2,8,10,14,3,0,0,0.86,0.88,0,0,0,0,1,0,1
51,9.0,0,0,0,0,0,0,0,0,1,0,0,0.99,0.98,0,0,0,0,1,0,0
1,8.0,0,0,0,1,1,1,1,2,0,0,0,0.79,0.78,0,0,0,0,1,0,1
0,2.0,2,11,11,11,0,0,0,0,0,0,2,0.27,0.13,0,1,0,0,1,0,0
0,2.0,0,5,7,11,2,6,10,11,0,0,0,0.78,0.86,0,0,0,0,1,0,1
155,8.0,51,102,198,294,40,100,248,380,49,0,0,0.65,0.67,0,0,0,1,1,0,0
142,2.0,11,232,393,561,81,257,397,588,53,0,0,0.95,0.95,0,0,0,0,1,0,0
0,12.0,0,1,1,1,0,0,0,0,0,0,0,0.96,0.97,0,0,0,1,1,0,1
-8,12.0,0,195,273,351,23,75,158,205,17,0,0,0.44,0.46,8,0,0,0,1,0,1
0,12.0,0,4,6,7,1,3,5,6,0,0,0,0.74,0.72,0,0,0,0,1,0,1
-82,8.0,90,1305,2105,2705,319,895,1566,1856,137,0,36,0.73,0.69,121,0,0,0,1,0,1
2,4.0,0,0,0,0,0,0,0,0,0,0,0,0.73,0.78,0,0,0,0,1,0,0
191,8.0,188,358,646,910,156,419,797,1208,96,0,0,0.99,0.99,0,0,0,1,1,0,0
5,12.0,0,0,0,0,0,0,0,0,0,0,0,0.74,0.74,0,0,0,0,1,0,0
100,8.0,0,0,0,0,0,2,2,3,0,0,0,0.99,0.99,0,0,0,1,1,0,0
25,4.0,0,43,43,86,8,29,51,91,23,0,0,0.46,0.49,0,0,0,0,1,0,1
203,4.0,166,280,504,616,35,344,580,812,0,0,0,0.73,0.78,0,0,0,0,1,0,0
44,12.0,0,0,0,0,0,2,3,5,7,0,0,0.68,0.57,0,0,0,1,1,0,0
11,2.0,0,25,25,25,6,8,10,17,0,0,0,0.0,0.0,0,0,0,0,1,0,1
5,2.0,8,48,88,132,22,69,93,156,7,0,0,0.45,0.57,0,0,0,0,1,0,1
317,8.0,0,0,0,0,5,17,35,53,27,0,0,1.0,1.0,0,0,0,0,1,0,0
2,12.0,0,32,46,46,4,23,37,64,0,0,4,0.82,0.79,0,0,0,1,1,0,1
532,2.0,0,0,0,0,0,0,0,0,1,0,0,0.0,0.0,0,0,0,0,1,0,0
0,8.0,0,11,11,11,0,0,1,1,1,0,0,0.37,0.36,0,0,0,0,1,0,1
37,8.0,0,230,460,690,72,168,320,456,94,0,0,1.0,0.95,0,0,0,1,1,0,1
16,2.0,0,0,0,0,4,6,6,10,0,0,0,0.62,0.62,0,0,0,0,1,0,0
11,2.0,0,0,0,0,0,0,0,0,1,0,0,0.0,0.0,0,0,0,0,1,0,0
0,2.0,0,14,14,14,0,0,1,1,0,0,0,0.83,0.86,0,1,0,0,0,0,1
0,8.0,0,17,17,22,0,3,8,16,0,0,0,0.46,0.45,0,0,0,0,1,0,1
144,8.0,44,239,522,770,80,290,589,937,70,0,51,0.75,0.86,0,0,0,0,1,0,0
10,12.0,0,0,0,0,0,0,0,0,0,0,0,0.78,0.78,0,1,0,0,1,0,0
17,8.0,0,5,15,33,15,35,62,92,13,0,0,0.92,0.95,0,0,0,0,1,0,1
7,2.0,4,56,64,88,26,68,104,106,15,0,0,0.78,0.74,0,0,0,1,1,0,1
21,8.0,11,117,201,254,44,119,222,334,82,0,5,0.86,0.88,1,0,0,0,1,0,1
-21,8.0,0,36,36,36,0,0,0,16,0,0,0,0.84,0.89,21,0,0,1,1,0,1
-3,2.0,0,13,13,13,18,27,31,31,0,0,0,0.22,0.27,2,1,0,0,1,0,1
63,2.0,1,42,84,168,25,69,126,188,32,0,0,1.0,0.97,0,0,0,0,1,0,0
40,8.0,0,0,0,0,0,0,1,1,2,0,0,0.96,0.96,0,0,0,0,1,0,0
38,12.0,20,436,676,956,118,347,577,869,56,0,16,0.66,0.67,0,0,0,0,1,0,1
5,2.0,0,0,1,2,0,2,4,4,0,0,0,0.66,0.69,0,0,0,0,1,0,1
3,4.0,0,6,12,17,1,2,2,2,1,0,0,0.75,0.81,0,1,0,0,1,0,1
499,12.0,0,0,0,0,0,1,1,1,1,0,0,0.48,0.48,0,1,0,0,1,0,0
0,8.0,0,4,7,9,2,5,5,7,0,0,0,0.85,0.93,0,0,0,0,1,0,1
118,8.0,0,0,0,0,0,0,1,1,0,0,0,-99.0,-99.0,0,0,0,0,1,0,0
100,8.0,0,875,1000,1500,50,377,917,1213,0,0,0,1.0,0.93,0,0,0,0,1,0,1
15,12.0,6,471,770,1095,73,256,541,870,94,0,29,0.82,0.79,4,0,0,0,1,0,1
0,8.0,0,2,2,3,1,2,2,2,1,0,0,0.89,0.9,0,0,0,0,1,0,1
7,8.0,0,0,0,0,1,1,2,3,0,0,0,1.0,0.98,0,0,0,0,1,0,1
128,2.0,0,0,0,0,1,2,2,4,0,0,0,1.0,1.0,0,0,0,0,1,0,0
0,9.0,0,13,16,25,2,9,14,30,1,0,0,0.99,0.98,0,0,0,0,1,0,1
9,8.0,0,0,0,0,0,1,6,8,0,0,0,0.71,0.75,0,0,0,0,1,0,0
0,2.0,0,0,0,0,0,0,0,0,0,0,0,0.51,0.47,0,0,0,0,1,0,1
1,8.0,0,3,4,6,1,2,3,5,0,0,0,0.78,0.74,0,0,0,0,1,0,0
7,8.0,0,16,16,25,4,13,23,32,0,0,0,0.91,0.95,0,0,0,0,1,0,1
19,2.0,0,0,60,60,3,8,23,36,0,0,0,0.97,0.98,0,0,0,1,1,0,1
1,8.0,0,1,3,4,0,1,2,3,0,0,0,0.42,0.36,0,0,0,0,1,0,1
8,8.0,0,5,10,15,4,13,26,34,6,0,0,0.5,0.87,0,0,0,0,1,0,1
7,4.0,0,0,0,0,20,54,110,154,0,0,0,0.77,0.8,0,0,0,0,1,0,1
0,8.0,0,0,0,0,0,0,0,0,0,0,0,0.91,0.63,0,0,0,1,0,0,0
8,2.0,0,0,0,0,0,0,0,0,0,0,0,0.78,0.82,0,0,0,0,1,0,0
14,8.0,0,0,0,0,0,0,1,1,1,0,0,-99.0,-99.0,0,0,0,0,1,0,0
3,2.0,0,2,3,3,0,0,0,0,0,0,0,0.23,0.26,0,1,0,1,1,0,1
1,9.0,0,28,40,52,5,14,22,36,0,0,0,0.7,0.66,0,0,0,0,1,0,1
0,2.0,0,38,58,58,1,2,2,2,1,0,0,0.88,0.92,0,1,0,0,1,0,1
1,8.0,0,35,70,70,8,27,43,69,4,0,0,0.76,0.88,0,0,0,0,1,0,1
1,2.0,0,2,6,12,3,6,18,22,2,0,0,0.75,0.74,0,0,0,0,1,0,1
2,2.0,0,0,1,1,1,1,2,2,0,0,0,0.8,0.82,0,1,0,0,1,0,1
5,2.0,0,0,0,0,3,6,11,11,0,0,0,0.66,0.72,0,1,0,0,1,0,1
486,2.0,0,0,0,0,26,53,85,130,28,0,0,0.88,0.78,0,0,0,0,1,0,0
579,8.0,29,1016,1446,2567,568,1970,3304,4359,317,0,0,0.72,0.72,0,0,0,0,1,0,1
0,8.0,0,2,4,4,1,6,12,18,1,0,0,0.97,0.95,0,0,0,0,1,0,1
17,8.0,0,0,0,0,0,1,3,5,8,0,0,0.99,0.99,0,0,0,0,1,0,0
11,4.0,0,0,50,50,9,19,44,50,0,0,0,1.0,0.99,0,0,0,0,1,0,1
44,8.0,0,0,0,0,0,0,0,0,4,0,0,-99.0,1.0,0,0,0,0,1,0,0
41,9.0,0,240,330,510,140,180,295,373,74,0,0,0.94,0.9,0,0,0,0,1,0,1
0,2.0,0,6,6,6,0,1,1,1,0,0,0,0.9,0.86,0,1,0,0,1,0,1
4,8.0,0,0,0,0,4,6,6,6,0,0,0,0.71,0.75,0,0,0,0,1,0,1
87,9.0,0,34,79,133,18,46,103,148,12,0,0,0.86,0.84,1,0,0,0,1,0,1
-2,8.0,0,12,12,12,0,0,0,2,2,0,0,0.05,0.12,2,0,0,1,1,0,1
8,8.0,4,1,8,15,2,4,14,16,0,0,0,0.66,0.78,0,0,0,0,1,0,0
0,2.0,0,13,13,15,1,2,9,15,0,0,0,0.0,0.0,0,0,0,0,1,0,1
0,8.0,0,2,3,4,1,2,3,3,0,0,0,0.96,0.97,0,0,0,0,1,0,1
14,12.0,0,0,0,0,6,12,25,35,0,0,0,0.78,0.78,0,0,0,0,1,0,0
59,8.0,0,0,0,0,2,9,19,29,2,0,0,0.97,0.96,0,0,0,0,1,0,0
473,2.0,0,0,43,129,41,131,270,402,71,0,0,1.0,0.97,0,0,0,0,1,0,0
1,6.0,0,2,2,2,2,5,11,35,0,0,0,0.78,0.78,0,0,0,0,1,0,1
0,2.0,0,36,72,108,10,25,59,83,0,0,0,0.94,0.9,0,0,0,0,1,0,1
192,8.0,399,1888,3232,4464,551,1544,3007,4583,888,0,168,0.71,0.7,20,0,0,0,1,0,1
0,2.0,0,26,26,26,1,1,1,1,2,0,0,-99.0,0.0,0,1,0,0,1,0,1
9,2.0,3,6,6,6,4,6,6,6,2,0,0,0.59,0.59,0,1,0,0,1,0,1
0,8.0,0,3,4,6,1,2,4,4,0,0,0,0.23,0.23,0,0,0,0,1,0,1
0,2.0,0,27,32,32,0,0,0,0,0,0,0,0.85,0.51,0,1,0,1,1,0,1
5,2.0,0,2,4,5,8,8,8,8,0,0,0,0.73,0.77,0,1,0,0,1,0,0
0,2.0,0,6,6,6,0,0,0,0,1,0,0,0.84,0.66,0,1,0,0,1,0,1
2,12.0,0,0,0,0,0,0,0,0,0,0,0,0.63,0.72,0,0,0,0,1,0,0
0,2.0,0,3,6,9,0,0,0,0,0,0,0,0.78,0.78,0,0,0,0,1,0,0
-1,8.0,3,300,300,300,10,35,79,115,20,0,0,0.97,0.96,1,0,0,0,1,0,1
132,8.0,0,72,165,227,24,83,166,306,45,0,0,1.0,0.99,0,0,0,0,1,0,0
8,8.0,1,36,66,102,9,24,53,77,7,0,0,0.89,0.91,0,0,0,0,1,0,0
0,8.0,0,18,18,18,0,0,0,0,0,0,0,0.82,0.83,0,1,0,0,0,0,1
1,8.0,2,4,7,11,0,3,6,8,0,0,0,0.75,0.74,0,0,0,0,1,0,1
1,8.0,0,42,78,96,14,31,53,90,9,0,19,0.17,0.33,0,0,0,0,1,0,1
0,2.0,1,17,33,55,4,5,9,15,0,0,0,1.0,0.99,0,0,0,0,1,0,0
1,8.0,4,14,19,24,8,15,27,45,0,0,0,0.72,0.72,0,0,0,0,1,0,1
28,3.0,36,756,1206,1710,162,517,911,1242,146,0,36,0.41,0.46,2,0,0,1,1,0,1
30,4.0,0,32,86,150,6,6,6,6,0,0,0,0.96,0.83,0,0,0,0,1,0,0
5,12.0,0,0,3,4,2,2,2,2,0,0,0,0.82,0.79,0,0,0,0,1,0,1
0,8.0,0,18,18,18,0,0,0,0,0,0,0,0.68,0.78,0,1,0,0,0,0,1
0,2.0,0,169,169,169,0,0,0,0,0,0,80,0.07,0.27,0,0,0,0,1,0,1
15,4.0,0,0,0,0,0,0,0,1,0,0,0,0.79,0.66,0,1,0,0,1,0,0
1,8.0,0,1,2,3,1,1,2,2,0,0,0,0.96,0.97,0,0,0,0,1,0,1
6,8.0,0,6,14,30,2,9,16,29,0,0,0,0.96,0.97,0,0,0,0,1,0,1
0,8.0,7,12,12,12,0,0,0,0,0,0,0,0.95,0.96,0,1,0,0,1,0,1
2,12.0,0,10,10,10,0,0,2,5,0,0,0,0.63,0.72,0,0,0,1,1,0,0
0,8.0,0,3,3,4,2,7,8,12,0,0,0,0.78,0.82,0,0,0,0,1,0,1
3,12.0,0,0,0,0,0,0,0,1,0,0,0,0.73,0.76,0,0,0,0,1,0,0
2,12.0,0,0,0,0,0,0,0,0,0,0,0,0.63,0.72,0,0,0,0,1,0,0
37,8.0,0,0,0,0,1,3,9,14,0,0,0,0.98,0.95,0,0,0,0,1,0,0
0,8.0,0,15,22,29,2,15,27,37,0,0,0,0.53,0.54,0,0,0,0,1,0,1
0,2.0,0,20,29,29,0,0,0,0,0,0,0,0.69,0.68,0,1,0,0,1,0,1
9,2.0,4,12,27,42,3,30,48,67,4,0,0,0.99,0.97,0,0,0,0,1,0,1
34,2.0,0,0,0,0,0,1,4,10,1,0,0,1.0,1.0,0,0,0,0,1,0,0
0,2.0,0,40,60,60,0,0,0,0,0,0,0,0.26,0.32,0,0,0,0,1,0,1
0,2.0,0,120000,144444,179999,0,0,0,0,0,1,0,1.0,1.0,0,0,0,0,1,0,1
1,9.0,0,9,16,25,4,12,18,24,1,0,0,0.69,0.68,0,0,0,0,1,0,1
184,52.0,0,0,0,0,0,5,12,18,1,0,0,1.0,0.99,0,1,0,0,1,0,0
9,12.0,0,0,0,0,0,0,1,1,0,0,0,0.82,0.79,0,1,0,0,1,0,0
3,2.0,0,0,8,8,0,1,2,3,0,0,0,0.99,0.98,0,0,0,0,1,0,1
7,8.0,0,0,0,0,0,0,0,0,0,0,0,0.71,0.75,0,0,0,0,1,0,0
243,8.0,0,0,0,0,0,0,0,0,0,0,0,0.88,0.92,0,0,0,0,1,0,0
39487,2.0,0,0,0,0,146,731,1221,1742,356,0,0,1.0,0.93,0,0,0,0,1,0,0
0,8.0,0,0,0,0,0,0,0,0,0,0,0,0.37,0.36,0,0,0,0,1,0,0
1173,8.0,432,63,593,1024,156,401,842,1087,84,0,0,0.61,0.59,0,0,0,0,1,0,0
13,8.0,0,0,0,0,1,2,3,4,0,0,0,0.81,0.83,0,0,0,0,1,0,0
0,8.0,0,1,2,2,2,2,3,3,0,0,0,0.99,0.99,0,0,0,0,1,0,1
14,8.0,0,0,0,0,3,6,15,21,1,0,0,0.99,0.97,0,0,0,1,1,0,0
10,8.0,0,0,0,0,1,2,9,13,2,0,0,0.99,0.99,0,0,0,0,1,0,0
21,2.0,0,0,60,60,2,10,24,35,0,0,0,0.97,0.97,0,0,0,1,1,0,1
2,2.0,0,10,20,20,7,10,15,23,0,0,0,0.99,0.98,0,0,0,0,1,0,0
253,8.0,4,120,240,480,42,160,309,498,70,0,0,0.99,0.99,0,0,0,0,1,0,0
57,8.0,0,0,0,0,0,9,19,24,29,0,0,1.0,0.99,0,0,0,0,1,0,0
-8,0.0,0,893,1391,1905,224,644,1198,1781,228,0,0,0.0,0.0,20,0,0,0,0,0,1
0,12.0,0,4,4,4,0,0,0,0,0,0,0,0.62,0.73,0,0,0,0,1,0,1
2,8.0,0,0,0,0,1,6,14,24,0,0,0,0.87,0.88,0,0,0,0,1,0,1
0,12.0,0,7,10,14,0,3,8,9,0,0,0,0.98,0.98,0,0,0,0,1,0,1
351,2.0,315,552,1024,1528,169,538,3451,3451,297,0,0,0.85,0.84,0,0,0,0,1,0,0
5,8.0,0,2,2,2,0,0,0,2,2,0,0,0.99,0.99,0,1,0,1,0,0,0
19,8.0,0,0,0,0,0,0,0,0,2,0,0,0.97,0.96,0,0,0,0,1,0,0
3,8.0,0,0,0,0,0,0,0,0,3,0,0,0.93,0.95,0,1,0,0,1,0,0
46,16.0,18,299,767,1181,134,346,606,753,0,0,0,0.96,0.96,0,0,0,0,1,0,1
15,2.0,1,15,36,54,12,27,51,77,0,0,0,0.96,0.98,0,0,0,0,1,0,0
11,8.0,0,2,9,16,1,3,20,30,0,0,0,0.13,0.09,0,0,0,0,1,0,0
4,2.0,0,9,18,27,2,10,16,29,0,0,0,0.99,0.99,0,0,0,0,1,0,1
11,8.0,0,0,0,0,0,0,0,0,0,0,0,0.32,0.27,0,0,0,0,1,0,0
0,3.0,0,0,0,0,1,1,1,1,1,0,0,0.94,0.97,0,0,0,0,1,0,1
0,12.0,0,7,10,14,0,3,8,9,0,1,0,0.98,0.98,0,0,0,0,1,0,1
3,2.0,0,30,30,60,3,10,18,24,0,0,0,0.98,0.99,0,0,0,0,1,0,1
25,2.0,0,0,0,0,0,0,2,6,0,0,0,0.17,0.07,0,1,0,0,1,0,0
1,8.0,0,0,0,0,0,0,0,0,1,0,0,0.96,0.74,0,0,0,0,1,0,0
1,2.0,2,2,5,9,0,2,3,3,0,0,0,0.99,0.99,0,0,0,0,1,0,1
0,8.0,0,10,14,14,0,3,8,10,0,0,0,0.81,0.89,0,0,0,1,1,0,1
421,12.0,0,0,0,0,17,49,115,196,35,0,0,0.92,0.89,0,0,0,0,1,0,0
3,8.0,1,7,14,28,2,8,11,14,2,0,1,0.85,0.92,0,0,0,0,1,0,0
6,8.0,0,10,15,25,6,12,23,31,0,0,0,0.96,0.96,0,0,0,0,1,0,1
0,8.0,0,11,16,26,4,7,19,27,0,0,0,0.79,0.66,0,0,0,0,1,0,1
0,8.0,0,4,5,7,1,6,6,8,3,0,0,0.94,0.96,0,0,0,0,1,0,1
0,2.0,0,19,37,55,6,21,46,66,2,0,0,0.32,0.27,0,0,0,0,1,0,1
72,12.0,0,0,0,0,0,0,0,0,0,0,0,0.74,0.74,0,0,0,0,1,0,0
9,8.0,0,0,3,12,2,5,24,26,2,0,0,0.97,0.96,0,0,0,1,1,0,0
185,2.0,91,275,575,875,115,320,597,878,108,0,0,1.0,0.99,0,0,0,0,1,0,0
0,2.0,0,4,4,4,0,0,0,0,0,0,0,0.8,0.66,0,1,0,0,1,0,1
7,8.0,0,15,39,39,7,17,46,61,2,0,0,0.44,0.63,0,0,0,0,1,0,1
29,8.0,16,176,336,480,100,306,553,638,58,0,0,0.97,0.98,3,0,0,0,1,0,1
0,52.0,0,0,0,0,0,0,0,0,2,0,0,0.97,0.98,0,1,0,0,0,0,1
2,8.0,0,0,0,0,0,0,0,0,0,0,0,0.86,0.88,0,0,0,0,1,0,0
3,8.0,0,0,2,4,0,1,3,5,0,0,0,0.7,0.74,0,0,0,0,1,0,0
4,8.0,0,0,0,0,0,0,0,0,0,0,0,0.8,0.82,0,0,0,0,1,0,0
1,12.0,0,5,8,11,4,5,9,14,0,0,0,0.82,0.79,0,0,0,1,1,0,1
1,0.0,1,22,49,79,3,28,62,94,5,0,0,0.0,0.0,0,0,0,0,0,0,1
1,8.0,0,0,0,0,0,0,0,0,1,0,0,0.48,0.53,0,0,0,0,1,0,0
45,12.0,12,56,116,168,15,55,101,148,13,0,0,0.62,0.73,0,0,0,0,1,0,0
2,8.0,0,519,693,871,32,231,576,828,139,0,0,0.45,0.45,4,1,0,0,1,0,1
2,12.0,0,0,0,0,0,0,0,0,1,0,0,0.74,0.74,0,0,0,1,1,0,0
101,9.0,0,0,0,0,8,20,36,64,0,0,0,0.85,0.83,0,0,0,0,1,0,0
401,52.0,0,0,0,0,0,0,0,0,0,0,0,0.89,0.9,0,0,0,0,1,0,0
94,2.0,11,0,30,60,16,41,42,42,24,0,0,0.98,0.98,0,0,0,0,1,0,0
3419,8.0,904,8568,16920,21240,2235,5957,13779,22417,1811,0,0,0.88,0.74,0,0,0,0,1,0,0
9,8.0,0,22,22,37,6,16,25,37,1,0,22,0.84,0.71,0,0,0,0,1,0,1
76,16.0,0,0,0,0,1,9,23,33,5,0,0,0.88,0.87,0,0,0,0,1,0,0
85,4.0,0,0,0,0,5,14,23,27,0,0,0,0.73,0.78,0,0,0,0,1,0,0
8,8.0,0,0,0,0,1,2,2,3,0,0,0,0.99,0.99,0,0,0,0,1,0,0
24,8.0,0,181,300,445,40,139,272,414,41,0,22,0.79,0.66,2,0,0,0,1,0,1
17,2.0,0,20,40,60,3,17,29,46,0,0,0,0.85,0.59,0,0,0,0,1,0,1
0,2.0,0,17,21,21,0,4,4,4,0,0,0,0.33,0.59,4,0,0,0,1,0,1
3,4.0,0,0,0,0,0,0,0,0,0,0,0,0.77,0.8,0,0,0,0,1,0,0
5,8.0,0,24,40,56,9,23,37,47,0,0,0,0.99,0.99,0,0,0,0,1,0,1
0,8.0,0,41,54,67,28,39,54,55,6,0,0,0.86,0.81,0,0,0,0,1,0,1
102,8.0,0,0,0,0,0,0,0,0,0,0,0,0.75,0.74,0,0,0,0,1,0,0
6,2.0,0,12,24,24,1,6,10,10,1,0,0,0.1,0.17,0,0,0,0,1,0,0
62,2.0,0,0,0,0,0,0,2,8,0,0,0,0.95,0.96,0,1,0,0,1,0,0
2,16.0,0,0,0,0,0,0,0,0,1,0,0,0.38,0.44,0,0,0,1,1,0,0
0,8.0,0,22,30,42,10,18,27,32,0,0,0,0.84,0.89,0,0,0,0,1,0,1
171,8.0,76,156,312,468,60,183,368,619,116,0,0,0.67,0.61,6,0,0,1,1,0,0
0,2.0,0,12,12,12,0,0,0,0,1,0,0,0.9,0.85,0,0,0,1,1,0,1
0,12.0,0,13,21,27,1,7,15,19,0,0,0,0.63,0.72,0,0,0,0,1,0,1
0,8.0,0,10,14,20,5,9,12,22,1,0,0,0.84,0.82,0,0,0,0,1,0,1
0,2.0,0,3,3,3,0,0,0,0,0,0,0,1.0,0.99,0,1,0,1,1,0,0
-51,16.0,0,1174,1220,1220,21,339,456,565,80,0,0,0.91,0.93,51,0,0,0,1,0,1
4,9.0,0,5,10,15,6,11,17,21,2,0,0,0.68,0.66,0,0,0,0,1,0,1
0,2.0,0,10,10,10,0,4,5,5,0,0,0,0.51,0.47,0,0,0,0,1,0,1
14,2.0,0,35,70,110,12,32,35,37,0,0,0,0.77,0.49,0,0,0,0,1,0,1
0,12.0,0,18,30,40,3,11,21,34,0,0,0,0.73,0.76,0,0,0,1,1,0,1
-20,12.0,84,384,624,864,91,446,667,926,63,0,0,0.98,0.97,10,0,0,0,1,0,1
0,2.0,0,0,0,0,2,3,3,3,0,0,0,0.89,0.84,0,0,0,0,1,0,1
15,2.0,0,56,84,112,24,57,96,110,0,0,0,0.65,0.67,0,1,0,0,1,0,1
8,12.0,0,6,6,12,4,5,14,17,1,0,0,0.9,0.95,0,0,0,0,1,0,1
0,12.0,0,61,80,107,13,50,87,110,13,0,7,0.78,0.78,0,0,0,0,1,0,1
15,12.0,0,0,0,0,0,0,0,0,1,0,0,0.58,0.58,0,1,0,0,1,0,0
24,9.0,0,0,0,0,0,0,0,0,0,0,0,0.97,0.98,0,0,0,0,1,0,0
0,8.0,0,0,0,0,0,0,0,0,0,0,0,0.95,0.97,0,0,0,0,1,0,0
13,2.0,0,0,0,0,3,8,16,19,2,0,0,0.89,0.95,0,0,0,0,1,0,1
213,9.0,11,158,299,393,81,225,367,510,82,0,0,0.68,0.66,0,0,0,0,1,0,0
4,0.0,0,50,50,100,5,15,25,29,2,0,0,0.0,0.0,0,0,0,0,0,0,1
0,8.0,0,47,47,47,1,3,8,16,2,0,0,0.97,0.95,0,0,0,0,1,0,1
0,12.0,0,4,5,7,1,4,4,5,1,0,0,0.78,0.78,0,0,0,0,1,0,1
2,8.0,0,9,19,26,1,7,15,20,2,0,0,0.99,0.98,0,0,0,0,1,0,1
8,2.0,6,0,0,0,6,8,10,10,2,0,0,0.99,0.98,0,1,0,0,1,0,0
37,8.0,1,0,0,30,7,21,40,54,15,0,0,0.48,0.57,0,0,0,1,1,0,1
0,9.0,2,17,22,27,6,12,16,23,0,0,0,0.85,0.82,0,0,0,0,1,0,1
1,8.0,0,15,35,45,1,7,17,30,8,0,0,0.7,0.73,0,0,0,0,1,0,1
2,8.0,0,0,0,0,4,7,10,14,0,0,0,0.91,0.89,0,0,0,0,1,0,1
0,12.0,0,8,12,16,3,5,8,14,0,0,0,0.57,0.7,0,0,0,1,1,0,1
23,2.0,33,34,68,102,16,31,66,112,0,0,0,0.01,0.44,0,0,0,0,1,0,0
-1,2.0,2,293,427,517,53,185,303,510,58,0,0,0.05,0.41,6,0,0,0,1,0,1
2,2.0,0,0,0,1,2,4,6,12,0,0,0,0.68,0.64,0,0,0,0,1,0,1
2991,8.0,2330,6800,11900,15300,1530,4323,9067,16567,1472,0,0,1.0,0.99,0,0,0,0,1,0,0
0,2.0,0,40,40,60,0,0,0,0,0,0,0,0.22,0.27,0,0,0,0,1,0,1
10,8.0,0,0,8,12,1,22,27,34,1,0,0,0.95,0.97,0,0,0,0,1,0,1
116,4.0,4,2,2,2,0,0,0,0,0,0,0,0.73,0.78,0,0,0,0,1,0,0
0,8.0,40,329,329,329,0,0,0,0,0,0,0,0.47,0.31,0,0,0,0,1,0,1
8,2.0,0,252,252,252,5,19,31,31,0,0,0,0.44,0.44,0,1,0,0,1,0,1
24,2.0,0,42,84,168,9,38,84,126,0,0,0,1.0,0.99,0,0,0,0,1,0,0
2,8.0,0,1,2,3,1,2,3,4,0,0,0,0.0,0.0,0,0,0,1,1,0,0
8,8.0,0,0,0,7,0,3,9,12,0,0,0,1.0,1.0,0,0,0,0,1,0,1
19,2.0,0,0,0,0,0,0,1,1,0,0,0,0.83,0.83,0,1,0,0,1,0,0
2,2.0,4,5,10,15,0,4,9,17,0,0,0,0.96,0.91,0,0,0,0,1,0,1
0,8.0,0,10,15,15,1,5,6,6,2,0,0,0.46,0.61,0,0,0,0,1,0,1
411,11.0,252,780,1620,2550,279,937,1816,2772,246,0,0,0.85,0.76,0,0,0,0,1,0,0
0,10.0,0,2,3,3,1,3,3,3,0,0,0,0.84,0.86,0,0,0,0,1,0,1
0,12.0,0,2,4,5,0,1,2,3,0,0,0,0.63,0.72,0,0,0,1,1,0,1
90,8.0,0,0,0,0,0,0,0,0,1,0,0,0.87,0.92,0,0,0,0,1,0,0
31,8.0,0,0,10,20,8,18,42,61,40,0,0,0.97,0.95,0,0,0,0,1,0,0
18,9.0,0,0,1,5,4,11,21,30,2,0,0,0.85,0.83,0,0,0,0,1,0,0
158,8.0,0,3000,3000,3000,174,802,1333,1960,150,0,0,0.0,0.0,4,0,0,0,1,0,1
16,9.0,0,0,0,0,0,0,0,0,1,0,0,0.99,0.98,0,0,0,1,1,0,0
148,16.0,0,0,0,0,8,42,62,126,12,0,0,0.93,0.88,0,0,0,0,1,0,0
143,8.0,42,48,168,264,42,139,292,422,31,0,0,0.97,0.97,0,0,0,0,1,0,0
0,9.0,0,3,4,6,2,2,3,4,8,0,0,0.96,0.98,0,0,0,0,0,0,1
197,2.0,12,199,374,499,45,108,150,171,7,0,43,0.97,0.9,0,1,0,1,1,0,0
3,2.0,0,8,12,20,0,6,14,29,2,0,0,0.97,0.93,0,0,0,0,1,0,1
9,8.0,0,0,3,6,2,5,10,17,1,0,0,0.99,0.99,0,0,0,0,1,0,0
9,3.0,0,0,0,0,0,0,1,1,0,0,0,0.98,0.98,0,0,0,0,1,0,0
4,9.0,1,0,0,0,0,0,0,0,0,0,0,0.67,0.8,0,0,0,1,1,0,0
4,12.0,0,0,0,0,0,0,2,3,0,0,0,0.78,0.78,0,0,0,1,1,0,0
512,2.0,19,0,0,260,43,144,263,419,57,0,0,0.97,0.95,0,0,0,0,1,0,0
0,4.0,0,125,203,204,0,0,0,0,22,0,0,1.0,0.98,0,0,0,0,1,0,1
78,12.0,0,300,500,700,160,304,573,865,0,0,0,0.96,0.86,0,0,0,0,1,0,1
63,8.0,0,0,0,0,0,0,0,0,0,0,0,0.97,0.98,0,0,0,0,1,0,0
0,8.0,0,12,24,36,3,9,20,24,3,0,0,0.84,0.71,0,0,0,0,1,0,1
0,2.0,0,3,3,3,0,0,0,0,0,0,0,0.37,0.36,0,1,0,1,1,0,1
5,12.0,0,500,700,900,164,349,577,938,0,0,0,0.95,0.86,0,0,0,0,1,0,1
2,12.0,0,0,0,0,0,0,0,0,0,0,0,0.62,0.73,0,0,0,0,1,0,0
192,8.0,2,0,32,72,8,35,90,213,13,0,0,0.68,0.69,0,0,0,0,1,0,0
29,8.0,0,150,250,350,33,94,189,304,30,0,50,0.61,0.57,0,0,0,1,1,0,1
7,8.0,0,5,10,15,2,4,10,18,0,0,0,0.91,0.95,0,0,0,0,1,0,0
8,2.0,0,0,0,0,0,1,4,7,0,0,0,0.99,0.99,0,0,0,1,1,0,0
8,12.0,0,0,6,15,5,13,22,40,0,0,0,0.98,0.98,0,0,0,0,1,0,1
10026,2.0,656,0,0,0,159,520,996,1581,179,0,0,1.0,0.99,0,0,0,0,1,0,0
1,0.0,1,21,50,77,7,30,63,97,4,0,0,0.0,0.0,0,0,0,0,0,0,1
3,12.0,0,0,0,0,0,0,0,0,0,0,0,0.82,0.79,0,0,0,0,1,0,0
7,2.0,0,22,49,67,7,20,33,59,0,0,0,0.99,0.97,0,0,0,0,1,0,1
5,8.0,0,51,91,136,23,49,66,66,0,0,0,0.71,0.75,0,0,0,0,1,0,1
0,12.0,0,10,12,12,3,8,16,19,0,0,0,0.78,0.78,0,0,0,0,1,0,1
4,12.0,0,27,57,87,10,36,69,100,0,0,0,0.73,0.76,0,0,0,0,1,0,1
0,8.0,0,123,123,123,0,34,147,221,0,0,9,0.76,0.78,0,0,0,0,1,0,1
3,16.0,0,58,82,130,12,37,63,98,8,0,0,0.66,0.63,0,0,0,0,1,0,1
4,9.0,0,0,0,0,0,0,0,0,2,0,0,0.99,0.98,0,0,0,0,1,0,0
4,8.0,0,0,0,0,1,2,2,3,0,0,0,0.8,0.82,0,1,0,0,1,0,0
0,12.0,0,3,3,4,0,2,2,3,0,0,0,0.82,0.79,0,0,0,0,1,0,1
1,9.0,0,8,8,8,1,1,6,14,0,0,2,0.68,0.66,0,0,0,0,1,0,1
4,8.0,0,0,0,0,0,0,0,1,1,0,0,1.0,0.99,0,1,0,0,1,0,0
0,12.0,0,2,2,3,1,1,2,3,0,0,0,0.82,0.79,0,0,0,1,1,0,1
11,2.0,0,0,0,0,0,0,0,0,0,0,0,0.96,0.9,0,1,0,0,1,0,0
142,9.0,0,0,0,0,1,5,14,19,1,0,0,0.85,0.82,0,0,0,1,1,0,0
-112,12.0,3,457,628,801,92,219,403,625,104,1,14,0.23,0.43,115,0,0,1,1,0,1
79,8.0,67,111,201,282,65,168,255,374,54,0,0,0.97,0.97,0,0,0,0,1,0,1
1222,14.0,397,2088,4428,6768,557,2087,4536,7277,449,0,0,0.89,0.93,0,0,0,0,1,0,0
15,12.0,0,9,9,9,0,4,13,20,1,0,0,0.59,0.58,0,0,0,0,1,0,0
1,12.0,0,0,0,0,0,0,0,0,0,0,0,0.82,0.79,0,0,0,0,1,0,0
2,8.0,0,0,0,0,0,0,0,0,0,0,0,0.99,0.99,0,0,0,1,1,0,0
164,9.0,502,1032,1729,2313,206,822,1493,2211,158,0,0,0.85,0.82,0,0,0,0,1,0,0
5,2.0,0,0,24,24,2,4,7,15,0,0,0,0.99,0.98,0,0,0,0,1,0,1
30,4.0,0,2992,3696,4624,0,0,0,0,0,0,816,0.99,0.99,0,0,0,0,1,0,1
9,2.0,0,0,0,0,0,2,2,2,0,0,0,0.84,0.83,0,1,0,0,1,0,0
40,2.0,8,20,60,80,14,33,47,79,17,0,0,1.0,0.99,0,0,0,0,1,0,0
38,8.0,0,0,20,40,7,20,34,58,2,0,0,0.98,0.79,0,0,0,0,1,0,1
0,2.0,0,1,1,1,0,0,0,0,0,0,0,0.76,0.77,0,1,0,1,1,0,1
4,2.0,0,0,0,0,2,2,3,4,0,0,0,0.92,0.93,0,0,0,0,1,0,0
8,9.0,0,0,0,0,0,1,1,1,1,0,0,0.93,0.74,0,0,0,0,1,0,0
0,8.0,0,2,4,4,1,6,13,18,1,0,0,0.97,0.94,0,0,0,0,1,0,1
5,8.0,0,22,37,37,5,17,26,40,1,0,0,0.84,0.77,0,0,0,0,1,0,1
2,9.0,0,0,0,0,0,0,1,1,0,0,0,0.86,0.69,0,0,0,0,1,0,1
9,8.0,0,0,0,0,0,0,1,1,0,0,0,1.0,1.0,0,1,0,0,1,0,0
19,8.0,0,0,0,0,1,3,3,3,0,0,0,0.62,0.62,0,0,0,0,1,0,0
-8,8.0,0,9,9,9,20,20,20,20,1,0,0,0.37,0.36,8,0,0,0,1,0,1
2,8.0,0,0,0,0,0,0,0,0,0,0,0,0.8,0.83,0,0,0,0,1,0,0
1,8.0,1,29,53,74,7,15,37,48,0,0,0,0.97,0.98,0,0,0,0,1,0,1
3,2.0,0,0,0,0,0,2,3,5,0,0,0,0.9,0.92,0,1,0,0,1,0,0
1579,8.0,0,0,0,0,0,1,1,2,0,0,0,0.6,0.57,0,0,0,0,1,0,0
9,2.0,0,0,0,0,1,1,1,1,0,0,0,0.99,0.93,0,1,0,0,1,0,0
8,8.0,0,26,58,82,10,27,45,78,0,0,0,0.93,0.92,0,0,0,0,1,0,0
10,4.0,0,0,0,0,0,0,0,0,0,0,0,0.73,0.78,0,0,0,0,1,0,0
1,8.0,0,15,24,34,7,13,22,28,0,0,0,0.89,0.88,0,0,0,0,1,0,1
10,8.0,0,0,0,0,0,0,0,0,0,0,0,0.98,0.96,0,0,0,0,1,0,0
-2999,9.0,0,5809,5809,6175,3,9,9,21,0,0,0,0.91,0.77,2999,1,0,0,1,0,1
96,8.0,0,311,544,823,90,315,616,902,95,0,18,0.82,0.75,0,0,0,0,1,0,1
91,2.0,27,122,263,415,35,137,278,390,48,0,0,0.38,0.41,0,0,0,0,1,0,0
0,8.0,0,26,36,56,3,19,46,60,8,0,0,0.97,0.97,0,0,0,0,1,0,1
7,8.0,0,0,0,0,0,0,0,0,0,0,0,0.78,0.82,0,0,0,0,1,0,0
3,8.0,0,18,28,40,8,16,24,29,0,0,0,0.84,0.89,0,0,0,0,1,0,1
8,8.0,0,7,21,35,2,15,28,47,0,0,0,0.91,0.95,0,0,0,0,1,0,1
38,2.0,59,140,360,600,14,14,14,14,1,0,0,0.16,0.5,0,1,0,0,1,0,1
7,8.0,0,0,10,18,12,24,44,64,17,0,0,0.45,0.57,0,0,0,0,1,0,1
-216,12.0,1433,2986,4676,5176,212,2198,4775,6503,877,0,0,0.98,0.95,396,0,0,0,1,0,0
0,8.0,0,15,15,19,3,11,17,23,2,0,0,1.0,1.0,0,0,0,0,1,0,1
116,8.0,17,194,398,594,43,129,253,402,35,0,24,0.57,0.44,0,0,0,0,1,0,0
345,2.0,0,0,0,0,0,0,0,0,0,0,0,0.47,0.72,0,0,0,0,1,0,0
13,12.0,0,0,0,0,0,0,0,0,1,0,0,0.63,0.63,0,1,0,0,1,0,0
1,3.0,0,1,1,2,2,2,3,4,0,0,0,0.99,0.92,0,1,0,0,1,0,1
0,2.0,0,89,89,89,0,0,0,0,0,0,0,0.07,0.24,0,0,0,0,1,0,1
0,2.0,0,540,540,540,0,0,0,0,8,0,0,0.96,0.96,0,0,0,1,1,0,1
5,2.0,0,0,1,2,0,1,4,4,0,0,0,0.66,0.69,0,0,0,0,1,0,1
1,8.0,0,0,0,10,1,4,16,22,4,0,0,0.98,0.99,0,0,0,0,1,0,1
0,8.0,0,20,27,34,2,8,15,28,0,0,0,0.78,0.82,0,0,0,0,1,0,1
109,2.0,44,121,265,373,58,170,318,431,47,0,0,0.91,0.85,0,0,0,0,1,0,0
0,2.0,0,10,10,10,0,0,0,0,0,0,10,0.51,0.53,0,0,0,1,1,0,1
1,9.0,0,1,2,2,1,1,2,2,0,0,0,0.69,0.68,0,0,0,0,1,0,1
4,8.0,0,10,22,34,5,16,21,39,0,0,0,0.64,0.64,0,0,0,0,1,0,1
0,2.0,0,137,209,263,0,0,0,0,15,0,0,0.96,0.85,0,0,0,0,1,0,1
4,8.0,0,60,60,60,9,15,24,44,0,0,0,0.97,0.95,0,0,0,0,1,0,1
20,2.0,0,10,20,40,9,41,57,57,0,0,0,0.51,0.47,0,0,0,0,1,0,1
0,4.0,0,1,1,2,1,2,2,2,0,0,0,0.96,0.91,0,0,0,0,1,0,1
33,8.0,0,0,0,0,2,11,23,35,26,0,0,0.97,0.95,0,0,0,1,1,0,0
1,8.0,0,0,0,0,1,1,1,1,1,0,0,0.89,0.9,0,0,0,0,1,0,1
15,2.0,0,0,7,21,9,18,34,47,0,0,0,0.58,0.56,0,0,0,0,1,0,1
57,12.0,28,380,616,864,104,321,547,856,57,0,16,0.66,0.69,0,0,0,0,1,0,1
10,10.0,12,0,0,0,1,4,9,12,0,0,0,0.89,0.9,0,0,0,0,1,0,0
90,8.0,105,308,478,546,4,11,20,32,32,0,0,0.59,0.77,0,0,0,0,1,0,0
2,8.0,0,10,10,15,4,10,15,16,0,0,0,0.48,0.57,0,0,0,0,1,0,1
0,3.0,0,12,12,12,2,7,9,13,2,0,0,0.42,0.46,0,1,0,0,1,0,1
0,4.0,0,0,8470,15950,0,8,8,8,16,0,0,1.0,0.99,0,0,0,0,1,0,1
12,8.0,10,20,50,80,7,30,57,69,7,0,0,0.7,0.84,0,0,0,0,1,0,1
6,2.0,0,0,0,0,0,0,0,0,0,0,0,0.68,0.64,0,0,0,0,1,0,0
61,8.0,0,0,0,0,0,0,4,8,0,0,0,0.81,0.82,0,0,0,0,1,0,0
9,2.0,0,0,0,0,0,0,0,0,0,0,0,0.94,0.97,0,0,0,0,1,0,0
852,8.0,0,0,0,0,0,0,2,152,17,0,0,1.0,0.95,0,0,0,1,1,0,0
0,2.0,0,2,2,3,1,2,2,3,0,0,0,0.98,0.95,0,0,0,0,1,0,1
3,8.0,0,0,0,0,0,0,0,0,1,0,0,0.92,0.96,0,0,0,0,1,0,0
0,2.0,0,0,0,0,0,0,0,0,0,0,0,0.42,0.36,0,0,0,0,1,0,1
10,4.0,0,0,0,0,0,2,3,4,7,0,0,0.73,0.78,0,0,0,0,1,0,0
8,8.0,0,0,0,0,1,1,1,1,0,0,0,0.96,0.85,0,1,0,0,1,0,1
7,9.0,0,0,0,0,1,1,4,5,1,0,0,0.99,0.99,0,0,0,0,1,0,0
0,2.0,0,10,10,10,1,1,1,1,0,0,0,0.54,0.61,0,1,0,0,1,0,1
-1,8.0,0,9,9,10,0,0,3,10,2,0,0,0.84,0.83,1,0,0,0,1,0,1
3,12.0,0,0,0,0,0,0,0,0,0,0,0,0.73,0.76,0,1,0,1,1,0,0
12,13.0,0,0,0,0,0,0,0,0,2,0,0,0.43,0.46,0,0,0,0,1,0,0
0,8.0,0,0,0,0,0,0,0,0,0,0,0,0.88,0.92,0,0,0,1,1,0,0
5,8.0,0,3,3,9,1,7,10,13,2,0,0,0.34,0.53,0,0,0,1,1,0,1
3,4.0,21,18,42,66,4,17,26,43,0,0,6,0.73,0.78,0,0,0,0,1,0,0
1,8.0,0,0,1,1,0,0,1,1,1,0,0,0.79,0.78,0,0,0,0,1,0,1
2,2.0,4,21,41,55,9,24,34,61,0,0,0,0.97,0.96,0,0,0,0,1,0,1
14,6.0,0,38,48,48,20,32,75,128,23,0,0,0.82,0.79,0,0,0,0,1,0,1
0,8.0,0,15,28,39,3,13,17,31,0,0,0,0.37,0.54,0,0,0,0,1,0,1
0,2.0,0,5,5,5,0,0,0,0,1,0,0,0.58,0.76,0,1,0,1,1,0,0
4,8.0,0,0,0,0,0,0,1,1,2,0,0,0.84,0.77,0,0,0,0,1,0,1
0,2.0,12,7,9,13,0,0,0,0,0,0,0,0.98,0.98,0,0,0,0,1,0,0
70,8.0,13,52,97,157,7,37,94,148,27,0,0,0.76,0.78,0,0,0,0,1,0,0
5,2.0,0,0,144,144,0,0,0,2,0,0,0,0.85,0.74,0,0,0,0,1,0,1
2,10.0,0,0,0,0,0,0,0,0,1,0,0,0.89,0.9,0,0,0,1,1,0,0
48,8.0,0,54,79,79,33,58,82,107,0,0,0,0.98,0.95,0,0,0,0,1,0,1
1,8.0,0,40,60,80,9,47,72,98,0,0,40,0.53,0.54,0,0,0,0,1,0,1
42,8.0,0,0,0,0,0,4,14,34,0,0,0,0.97,0.89,0,0,0,1,1,0,0
9,2.0,0,13,23,24,6,7,7,7,2,0,0,0.94,0.92,0,0,0,1,1,0,0
7,2.0,0,0,5,5,0,0,5,11,0,0,0,0.98,0.99,0,0,0,0,1,0,1
1190,8.0,0,0,0,0,0,15,15,20,1,0,0,1.0,0.99,0,1,0,1,1,0,0
5,8.0,0,0,0,0,1,1,1,1,0,0,0,0.82,0.81,0,0,0,0,1,0,0
1,8.0,0,0,0,1,1,1,1,3,0,0,0,0.78,0.74,0,0,0,0,1,0,0
4,9.0,0,0,0,1,0,1,1,2,2,0,0,0.85,0.82,0,0,0,0,1,0,0
3,8.0,0,4,10,13,2,5,9,11,0,0,0,0.93,0.96,0,0,0,0,1,0,1
0,2.0,0,0,0,0,0,0,0,0,0,0,0,0.96,0.96,0,0,0,0,1,0,1
4,8.0,0,0,0,0,3,9,30,46,1,0,0,0.88,0.92,0,0,0,0,0,0,1
18,3.0,0,0,11,33,1,9,16,22,0,0,0,0.89,0.9,0,0,0,0,1,0,0
27,4.0,0,0,0,0,0,0,0,0,0,0,0,0.73,0.78,0,0,0,0,1,0,0
416,2.0,367,1304,2552,3896,441,1648,2979,4397,392,0,0,1.0,0.87,0,0,0,0,1,0,0
5,8.0,0,0,1,2,0,1,1,3,1,0,0,0.84,0.48,0,0,0,0,1,0,0
5,9.0,0,0,0,0,0,0,2,2,0,0,0,0.69,0.68,0,0,0,0,1,0,0
1,8.0,0,0,1,1,0,1,1,1,0,0,0,0.8,0.82,0,0,0,0,1,0,1
19,8.0,0,20,20,40,4,21,39,58,8,0,0,0.99,0.98,0,0,0,0,1,0,0
21,8.0,0,200,350,589,50,192,394,526,41,0,34,0.11,0.21,0,0,0,0,1,0,1
6,2.0,2,12,27,41,3,14,34,46,3,0,0,0.95,0.96,0,0,0,0,1,0,1
57,2.0,0,0,0,0,0,0,0,0,4,0,0,0.96,0.98,0,1,0,0,1,0,0
0,8.0,0,2,3,5,1,2,2,2,0,0,0,0.8,0.82,0,0,0,0,1,0,1
298,8.0,24,177,202,227,106,114,142,174,17,0,10,0.0,0.04,0,0,0,0,1,0,1
0,2.0,0,3,3,3,0,0,0,0,1,0,0,-99.0,-99.0,0,1,0,1,1,0,0
32,2.0,0,402,402,402,44,109,142,214,25,0,0,0.72,0.72,0,0,0,0,1,0,1
22,2.0,0,0,60,60,2,12,24,38,0,0,0,0.97,0.97,0,0,0,1,1,0,1
12,2.0,0,100,100,200,14,61,93,109,0,0,0,0.67,0.79,0,0,0,0,1,0,1
15,8.0,0,0,0,0,0,0,0,0,0,0,0,0.96,0.91,0,0,0,0,1,0,0
0,9.0,0,9,9,12,1,3,6,10,0,0,0,0.68,0.66,0,0,0,0,1,0,1
127,12.0,341,256,519,779,117,304,861,1490,59,0,0,0.73,0.76,0,0,0,0,1,0,0
2,2.0,0,1,3,4,1,2,2,3,0,0,0,0.99,0.99,0,0,0,1,1,0,1
0,2.0,0,28,49,52,0,0,0,0,1,0,0,0.89,0.78,0,1,0,0,1,0,1
0,12.0,0,27,42,54,5,17,31,48,11,0,4,0.62,0.73,0,0,0,1,1,0,1
10,8.0,0,0,0,0,0,2,3,3,0,0,0,0.95,0.95,0,0,0,0,1,0,0
0,2.0,0,51,51,51,0,0,0,0,0,0,11,0.41,0.59,0,1,0,0,1,0,0
5,8.0,0,0,0,0,0,0,0,0,1,0,0,0.95,0.89,0,0,0,0,1,0,0
-2,12.0,7,42,70,91,8,24,44,56,10,0,0,0.78,0.78,0,0,0,1,1,0,1
4,2.0,0,0,0,0,0,0,0,1,0,0,0,0.9,0.88,0,0,0,0,1,0,0
30,8.0,0,0,0,0,1,4,5,13,0,0,0,0.67,0.61,0,0,0,0,1,0,0
3,9.0,0,0,2,4,0,1,2,6,1,0,0,0.96,0.92,0,0,0,1,1,0,0
60,2.0,0,0,0,0,0,5,10,17,2,0,0,0.79,0.83,0,0,0,0,1,0,0
3,2.0,0,28,42,56,13,17,17,17,0,0,28,0.91,0.89,0,1,0,1,1,0,1
0,4.0,0,8,12,16,3,6,18,22,0,0,0,0.93,0.85,0,0,0,1,1,0,1
8,12.0,0,5,5,5,0,0,0,0,1,0,5,0.63,0.63,0,1,0,0,1,0,0
69,15.0,12,10,20,45,6,22,55,86,21,0,0,0.9,0.91,0,0,0,0,1,0,0
6,8.0,0,30,40,40,2,6,13,28,0,0,2,0.46,0.35,0,0,0,0,1,0,1
0,8.0,0,22,30,48,7,24,34,48,0,0,0,0.62,0.6,0,0,0,0,1,0,1
6,2.0,0,14,21,28,10,36,53,65,3,0,0,0.99,0.99,0,0,0,0,1,0,1
-6,8.0,0,32,50,68,5,20,33,50,5,0,0,0.0,0.05,6,0,0,0,1,0,1
-42,8.0,0,814,1325,1743,328,553,978,1582,334,0,0,0.53,0.65,84,0,0,1,1,0,1
0,2.0,0,4,7,8,0,0,0,0,0,0,0,0.99,0.96,0,1,0,0,1,0,1
0,2.0,0,5,8,9,0,0,0,0,0,0,3,0.42,0.36,0,1,0,1,1,0,1
3,2.0,0,9,9,9,0,0,0,0,1,0,0,0.75,0.72,0,1,0,0,1,0,0
0,8.0,0,30,45,60,2,13,29,43,0,0,0,0.29,0.26,0,0,0,1,1,0,1
1,9.0,0,3,3,4,17,18,19,19,0,0,0,0.86,0.84,0,0,0,0,1,0,1
10,8.0,1,12,24,40,9,24,52,75,0,0,0,0.17,0.33,0,0,0,0,1,0,1
4,8.0,0,0,0,0,0,1,5,5,0,0,0,1.0,1.0,0,1,0,0,1,0,0
1,8.0,1,3,4,5,2,6,9,9,0,0,3,0.8,0.82,0,0,0,0,1,0,1
1,2.0,0,0,0,0,0,0,0,0,0,0,0,0.94,0.97,0,1,0,0,1,0,1
54,8.0,7,288,396,516,122,315,418,736,70,0,0,0.94,0.86,0,0,0,0,1,0,1
0,8.0,0,9,9,13,2,5,21,24,0,0,0,0.98,0.99,0,0,0,0,1,0,1
10,12.0,0,0,0,0,0,1,4,4,0,0,0,0.46,0.38,0,0,0,0,1,0,0
6,4.0,0,120,120,120,4,5,5,5,1,0,0,0.57,0.69,0,1,0,0,1,0,1
86,8.0,3,87,159,219,25,67,147,272,31,0,0,0.97,0.87,0,0,0,0,1,0,0
200,8.0,12,126,252,420,55,173,372,559,86,0,0,0.98,0.98,0,0,0,0,1,0,0
2,10.0,0,7,15,23,2,7,17,23,2,0,0,0.84,0.86,0,0,0,0,1,0,1
7,4.0,0,0,0,0,0,0,4,4,1,0,0,0.73,0.78,0,0,0,0,1,0,0
0,2.0,0,50,50,50,0,0,0,0,0,0,0,0.97,0.97,0,1,0,1,1,0,1
0,8.0,0,15,25,45,4,11,23,33,0,0,0,0.79,0.66,0,0,0,0,1,0,1
0,8.0,0,4,4,4,0,4,4,4,0,0,2,0.0,0.22,0,0,0,0,1,0,1
7,8.0,0,0,0,0,0,0,0,0,0,0,0,0.78,0.82,0,0,0,1,1,0,0
-10,8.0,0,21,21,21,0,13,19,22,16,0,0,0.77,0.74,10,0,0,0,1,0,1
301,8.0,41,244,534,734,109,312,580,985,77,0,0,0.79,0.87,0,0,0,0,1,0,0
0,8.0,0,0,0,0,0,0,0,0,0,0,0,0.98,0.95,0,0,0,1,1,0,0
2663,8.0,177,2775,2775,5550,617,1922,3810,5917,511,0,0,0.94,0.95,0,0,0,0,1,0,0
6942,17.0,0,0,0,0,6,13,26,48,22,0,0,0.66,0.77,0,1,0,0,0,0,0
4,8.0,0,0,5,5,1,2,6,7,0,0,0,0.99,0.99,0,0,0,0,1,0,1
7,8.0,0,16,24,32,2,7,18,35,0,0,0,0.82,0.87,0,0,0,0,1,0,1
0,12.0,0,8,12,16,1,6,9,11,0,0,0,0.73,0.76,0,0,0,0,1,0,1
525,12.0,0,0,0,0,0,0,0,0,0,0,0,0.95,0.86,0,0,0,0,1,0,0
2,8.0,0,0,1,2,1,2,3,3,0,0,0,0.43,0.46,0,0,0,0,1,0,0
35,8.0,8,88,192,292,20,90,186,269,2,0,0,0.99,0.99,0,0,0,0,1,0,0
-323,8.0,231,1465,2312,3236,266,899,1764,2825,197,0,154,0.14,0.14,352,0,0,1,1,0,1
3,2.0,2,15,31,47,3,13,28,38,0,0,0,0.91,0.89,0,0,0,0,1,0,1
470,2.0,0,0,0,0,28,64,107,177,17,0,0,0.98,0.94,0,0,0,0,1,0,1
214,8.0,0,288,666,1098,0,0,0,0,0,0,0,0.97,0.97,0,0,0,1,0,0,0
0,9.0,0,2,3,4,0,2,2,3,1,0,0,0.7,0.66,0,0,0,0,1,0,1
10,12.0,0,0,0,0,0,0,0,0,1,0,0,0.63,0.63,0,1,0,0,1,0,0
64,8.0,33,32,82,132,13,42,104,175,29,0,2,0.8,0.82,0,0,0,0,1,0,0
2,9.0,0,4,4,5,1,4,6,9,0,0,0,0.96,0.96,0,0,0,0,1,0,0
10,4.0,0,29,50,66,7,30,54,82,8,0,2,0.79,0.66,1,0,0,0,1,0,1
0,2.0,0,30,30,30,0,1,1,1,0,0,0,0.22,0.27,0,1,0,0,1,0,1
0,12.0,0,20,20,20,0,0,0,0,4,0,0,0.63,0.72,0,0,0,1,1,0,0
4,2.0,0,14,14,14,10,17,23,23,0,0,10,0.26,0.32,0,1,0,0,1,0,1
47,8.0,0,0,0,0,0,0,0,0,0,0,0,0.75,0.74,0,0,0,0,1,0,0
0,2.0,0,10,18,24,2,6,19,25,1,0,3,1.0,1.0,0,0,0,0,1,0,0
58,52.0,0,0,0,0,0,0,0,0,0,0,0,-99.0,-99.0,0,1,0,1,1,0,0
138,8.0,0,0,0,0,4,16,42,63,15,0,0,0.97,0.98,0,0,0,0,1,0,0
0,2.0,0,4,7,8,0,0,0,0,0,0,0,0.85,0.88,0,0,0,0,1,0,1
0,5.0,0,19,31,33,0,0,0,0,0,0,0,0.65,0.69,0,1,0,1,1,0,1
11,2.0,0,0,0,0,0,3,5,7,0,0,0,0.91,0.93,0,0,0,0,1,0,0
-3,8.0,0,182,271,323,43,144,208,271,13,0,0,-99.0,-99.0,3,0,0,0,1,0,1
92,8.0,0,0,0,0,1,2,11,15,4,0,0,0.93,0.95,0,0,0,0,1,0,0
0,8.0,0,4,5,6,3,4,5,5,1,0,0,0.99,0.98,0,0,0,0,1,0,1
1,8.0,0,2,3,4,1,1,2,4,0,0,1,0.0,0.0,0,0,0,0,1,0,1
13,12.0,0,0,0,0,0,0,0,0,1,0,0,0.58,0.58,0,1,0,0,1,0,0
1,8.0,0,6,6,6,1,2,3,3,0,0,0,0.99,0.98,0,0,0,0,1,0,1
35,8.0,0,0,0,0,0,0,1,2,1,0,0,1.0,0.99,0,0,0,0,1,0,0
24,4.0,0,40,80,120,8,41,100,149,3,0,0,0.88,0.78,0,0,0,0,1,0,0
25,8.0,0,0,0,0,0,0,2,2,1,0,0,0.98,0.98,0,0,0,0,1,0,0
0,2.0,0,4,7,7,0,0,1,1,0,0,3,0.82,0.79,0,1,0,0,1,0,1
101,4.0,0,0,0,0,16,18,34,49,0,0,0,0.98,0.96,0,1,0,0,1,0,0
18,2.0,0,0,0,0,0,0,0,1,0,0,0,0.79,0.84,0,0,0,0,1,0,0
4,12.0,0,0,0,0,0,0,0,0,0,0,0,0.62,0.73,0,0,0,0,1,0,0
3,8.0,0,20,35,55,3,19,38,54,3,0,0,0.69,0.71,0,0,0,0,1,0,1
66,2.0,3,58,122,194,22,61,124,219,28,0,7,0.0,0.0,0,0,0,0,1,0,1
31,8.0,3,305,496,686,36,176,366,593,33,0,15,0.5,0.52,0,0,0,1,1,0,1
0,8.0,0,14,23,23,0,0,0,0,0,0,8,0.62,0.62,0,0,0,1,1,0,1
899,12.0,210,1327,2517,3707,531,1590,3040,4595,422,0,42,0.56,0.56,1,0,0,0,1,0,0
6,4.0,0,0,0,0,0,0,0,0,0,0,0,0.73,0.78,0,0,0,0,1,0,0
7,8.0,0,24,40,56,7,23,46,61,10,0,0,0.57,0.48,0,0,0,0,1,0,1
61,2.0,0,0,0,0,2,8,20,22,13,0,0,0.87,0.89,0,0,0,0,1,0,0
0,8.0,0,3,4,5,0,1,3,4,0,0,0,0.18,0.31,0,0,0,0,1,0,1
11,2.0,9,7,19,25,3,11,20,33,4,0,0,0.88,0.61,0,0,0,0,1,0,0
6,8.0,0,30,46,58,5,14,27,54,0,0,0,0.82,0.88,0,0,0,0,1,0,1
18,4.0,0,1,1,1,0,0,0,0,0,0,0,0.57,0.6,0,1,0,1,1,0,0
0,2.0,0,5,5,5,0,1,2,2,1,0,0,0.42,0.36,0,1,0,0,1,0,1
0,2.0,0,32,48,80,9,22,40,48,2,0,0,0.99,0.99,0,0,0,0,1,0,1
3815,8.0,217,941,941,2117,394,1351,2921,4621,391,0,0,0.39,0.73,0,1,0,0,0,0,0
3,8.0,0,0,3,3,3,3,3,8,0,0,0,0.84,0.9,0,0,0,0,1,0,1
13534,8.0,0,0,0,0,0,0,0,0,0,0,0,0.97,0.99,0,0,0,0,1,0,0
3,12.0,0,0,0,0,0,0,0,0,0,0,0,0.57,0.7,0,0,0,0,1,0,0
18,8.0,0,0,0,0,0,0,0,0,0,0,0,0.79,0.66,0,0,0,0,1,0,0
1,8.0,0,7,17,22,4,9,14,19,0,0,0,0.88,0.95,0,0,0,0,1,0,1
3,10.0,0,0,0,0,0,0,0,0,1,0,0,0.89,0.9,0,0,0,1,1,0,0
2,8.0,0,0,0,1,0,0,1,1,0,0,0,0.97,0.98,0,0,0,0,1,0,0
14,8.0,0,20,36,54,9,21,36,61,3,0,0,0.99,0.97,0,0,0,0,1,0,1
5,12.0,0,0,0,0,0,0,0,0,0,0,0,0.57,0.68,0,0,0,0,1,0,0
3,8.0,0,40,60,80,14,49,74,109,0,0,0,0.61,0.57,0,0,0,0,1,0,1
1287,2.0,0,1092,1992,2892,304,949,1744,2377,231,0,0,0.79,0.63,0,0,0,1,1,0,0
0,8.0,0,4,5,7,3,3,3,5,0,0,0,0.8,0.82,0,0,0,0,1,0,1
19,4.0,0,0,0,0,0,3,10,10,0,0,0,0.79,0.67,0,1,0,0,1,0,0
381,8.0,0,0,0,0,0,0,0,0,0,0,0,0.78,0.82,0,0,0,0,1,0,0
0,2.0,0,1,1,1,0,0,0,0,0,0,0,0.76,0.77,0,1,0,1,1,0,1
9,4.0,0,0,0,0,0,0,0,0,0,0,0,0.73,0.78,0,0,0,0,1,0,0
-1,9.0,0,9,9,9,1,6,6,7,0,0,0,0.7,0.78,1,0,0,0,1,0,1
3,12.0,0,0,0,0,0,0,0,0,0,0,0,0.63,0.72,0,0,0,0,1,0,0
0,2.0,0,19,19,19,0,0,0,0,1,0,0,0.81,0.87,0,1,0,0,1,0,1
3,8.0,0,0,1,1,1,2,2,2,0,0,0,0.51,0.75,0,0,0,0,1,0,1
10,8.0,0,16,32,48,6,28,64,75,2,0,0,0.58,0.57,0,0,0,0,1,0,1
172,52.0,0,0,0,0,2,5,9,22,14,0,0,1.0,0.97,0,1,0,1,1,0,0
0,8.0,0,918,1607,2024,1,1,1,1,144,0,0,0.69,0.69,1,0,0,1,1,0,1
4,2.0,0,5,5,10,0,0,0,0,0,0,0,0.78,0.82,0,0,0,0,1,0,0
4,12.0,0,24,40,57,10,20,34,56,1,0,0,0.76,0.73,0,0,0,0,1,0,1
15,6.0,0,0,0,5,2,5,12,14,5,0,0,0.78,0.78,0,0,0,0,1,0,0
1,8.0,0,1,2,3,2,2,4,4,0,0,0,0.42,0.36,0,0,0,0,1,0,1
20,8.0,0,0,0,0,0,0,0,0,0,0,0,0.9,0.94,0,0,0,0,1,0,0
59,8.0,0,0,0,0,0,0,1,2,2,0,0,0.56,0.69,0,0,0,0,1,0,0
7,4.0,0,0,0,0,0,0,0,0,0,0,0,0.73,0.78,0,1,0,0,1,0,0
7,8.0,0,15,39,39,5,16,43,61,2,0,0,0.44,0.63,0,0,0,0,1,0,1
7,2.0,0,0,0,0,0,0,4,4,1,0,0,0.82,0.74,0,0,0,0,1,0,0
25,4.0,0,0,0,0,1,3,3,4,2,0,0,0.73,0.78,0,0,0,0,1,0,0
8,8.0,0,0,0,0,1,1,3,3,0,0,0,0.97,0.98,0,0,0,1,1,0,0
0,2.0,0,14,14,14,0,0,1,1,0,0,0,0.85,0.87,0,1,0,0,0,0,1
2,8.0,0,12,12,17,0,2,11,16,14,0,0,0.97,0.93,0,1,0,0,1,0,1
190,9.0,0,240,240,360,75,169,326,525,43,0,0,0.91,0.77,0,0,0,0,1,0,1
5,4.0,0,0,0,0,0,0,0,0,0,0,0,0.77,0.8,0,0,0,0,1,0,0
0,4.0,0,6,9,10,0,0,0,0,0,0,3,0.89,0.9,0,1,0,0,1,0,1
2,2.0,0,4,4,4,2,6,9,9,0,0,0,-99.0,-99.0,0,1,0,0,1,0,1
18,8.0,0,0,0,0,0,0,0,0,0,0,0,0.68,0.49,0,0,0,0,1,0,0
204,12.0,3,504,504,504,66,232,469,682,82,0,0,0.82,0.89,0,0,0,0,1,0,0
10,8.0,0,7,7,14,3,8,18,28,0,0,0,1.0,0.99,0,0,0,0,1,0,0
0,2.0,0,6,12,18,0,0,0,0,0,0,0,0.73,0.76,0,1,0,0,1,0,1
5,8.0,0,22,54,81,15,30,52,74,0,0,0,0.97,0.94,0,0,0,0,1,0,1
4,4.0,0,2,6,12,3,6,15,18,1,0,0,0.91,0.9,0,0,0,0,1,0,1
-2,8.0,0,8,8,8,0,1,5,10,2,0,0,0.26,0.34,2,0,0,0,1,0,1
220,2.0,0,160,320,640,41,135,269,402,0,0,0,0.83,0.66,0,0,0,0,1,0,1
1,8.0,0,2,3,5,1,2,5,7,0,0,0,0.8,0.82,0,0,0,0,1,0,0
20,12.0,0,0,0,0,0,0,0,0,1,0,0,0.58,0.58,0,1,0,0,1,0,0
490,8.0,0,0,0,0,0,0,0,0,0,0,0,0.79,0.66,0,0,0,0,1,0,0
0,2.0,0,0,103,135,0,0,0,0,13,0,0,0.95,0.98,0,0,0,0,1,0,1
8,8.0,0,200,300,400,29,93,206,350,79,0,0,0.67,0.61,2,0,0,1,1,0,1
109,8.0,0,0,0,0,1,7,12,15,1,0,0,0.73,0.6,0,0,0,0,1,0,0
114,8.0,0,0,0,0,3,12,24,38,1,0,0,0.61,0.57,0,0,0,1,1,0,0
151,2.0,0,0,0,0,10,54,105,159,28,0,0,-99.0,0.92,0,0,0,0,1,0,0
2,8.0,1,10,15,20,3,9,20,27,0,0,0,0.82,0.78,0,0,0,0,1,0,1
4,8.0,0,0,0,0,0,0,0,0,1,0,0,0.92,0.94,0,0,0,0,1,0,0
22,3.0,0,0,0,0,0,14,25,33,0,0,0,0.42,0.46,0,1,0,0,1,0,0
25,8.0,0,0,20,40,2,12,48,69,1,0,0,0.86,0.88,0,0,0,0,1,0,0
-30,2.0,92,522,879,1283,324,615,1004,1300,114,0,109,0.29,0.34,39,0,0,1,1,0,1
6,4.0,0,0,5,10,1,7,15,20,0,0,0,0.43,0.45,0,0,0,0,1,0,1
10,8.0,0,0,0,0,0,0,0,0,0,0,0,0.89,0.93,0,0,0,0,1,0,0
3,2.0,0,0,0,0,0,0,0,0,0,0,0,0.99,0.96,0,1,0,0,1,0,0
8,8.0,0,288,288,288,0,131,238,373,17,0,0,0.47,0.61,0,0,0,0,1,0,1
9,8.0,0,60,60,60,5,12,19,43,0,0,0,0.97,0.95,0,0,0,0,1,0,1
3,12.0,0,0,0,0,0,0,0,0,0,0,0,0.73,0.76,0,0,0,0,1,0,0
103,2.0,0,0,0,0,1,3,24,24,13,0,0,0.53,0.54,0,1,0,1,1,0,0
91,8.0,24,0,0,52,11,24,42,72,20,0,0,0.8,0.85,0,0,0,0,1,0,0
38,8.0,0,0,0,0,0,2,3,4,0,0,0,0.99,0.98,0,0,0,0,1,0,0
3,2.0,0,0,0,0,6,15,24,35,0,0,0,1.0,0.99,0,0,0,0,1,0,1
9,8.0,0,0,0,0,0,0,0,0,0,0,0,0.96,0.83,0,1,0,0,1,0,1
0,2.0,0,4,4,4,0,0,0,0,1,0,0,0.83,0.86,0,0,0,0,1,0,1
4,8.0,0,12,36,48,5,17,36,52,7,0,0,0.99,0.98,0,0,0,0,1,0,1
0,2.0,0,500,500,500,0,0,0,0,0,0,0,0.64,0.8,0,0,0,1,1,0,1
1150,8.0,16,0,0,0,36,133,260,412,52,0,0,0.87,0.88,0,0,0,1,1,0,0
0,8.0,0,3,5,6,1,1,3,3,1,0,0,0.1,0.13,0,0,0,0,1,0,1
0,8.0,0,0,0,0,0,0,0,0,0,0,0,0.82,0.91,0,0,0,0,1,0,0
4,8.0,0,10,10,20,0,10,16,26,4,0,0,0.99,0.98,0,0,0,0,1,0,0
2,12.0,0,29,46,66,0,5,10,10,0,0,0,0.78,0.78,0,1,0,0,1,0,1
4,2.0,0,0,0,1,3,9,10,11,0,0,0,0.91,0.94,0,0,0,0,1,0,1
24,8.0,0,50,150,250,16,66,89,167,0,0,0,1.0,0.99,0,0,0,0,1,0,1
0,2.0,0,5,7,7,0,0,0,0,0,0,0,0.56,0.56,0,1,0,0,1,0,1
26,4.0,5,0,0,0,1,8,11,11,3,0,0,0.22,0.11,0,1,0,0,1,0,0
54,8.0,0,0,0,0,1,1,1,2,2,0,0,0.13,0.09,0,1,0,1,1,0,0
11,12.0,0,0,0,0,3,9,9,9,1,0,0,0.58,0.58,0,1,0,0,1,0,1
10,12.0,0,0,0,0,0,0,0,0,1,0,0,0.58,0.58,0,1,0,0,1,0,0
4,8.0,0,20,20,30,4,6,12,28,1,0,0,1.0,0.92,0,0,0,0,1,0,1
19,8.0,0,13,26,26,2,6,20,36,6,0,13,0.97,0.46,0,0,0,0,1,0,0
0,2.0,0,2,3,4,4,4,4,9,0,0,0,0.9,0.91,0,0,0,0,1,0,1
2,9.0,1,0,0,1,0,0,1,4,0,0,0,0.99,0.99,0,0,0,0,1,0,0
1,8.0,0,24,48,72,7,21,55,66,0,0,0,0.77,0.87,0,0,0,0,1,0,1
3,4.0,0,0,0,0,0,0,0,0,0,0,0,0.78,0.78,0,0,0,0,1,0,0
8,2.0,0,95,137,161,21,59,83,91,0,0,0,0.49,0.45,0,0,0,0,1,0,1
1015,8.0,0,1800,1800,2400,268,755,1585,2467,441,0,0,1.0,0.99,0,0,0,0,1,0,0
4,8.0,0,264,264,264,0,3,11,17,0,0,0,0.51,0.53,0,1,0,0,1,0,1
50,2.0,0,24,48,72,9,29,62,92,15,0,0,0.99,0.99,0,0,0,0,1,0,0
0,2.0,0,6,6,12,2,4,5,6,1,0,0,1.0,0.99,0,0,0,0,1,0,1
0,2.0,0,4,7,8,0,0,0,0,0,0,0,0.46,0.35,0,0,0,1,1,0,1
0,2.0,0,27,47,67,0,0,0,0,0,0,0,0.8,0.82,0,0,0,1,1,0,1
29,8.0,0,0,0,0,0,5,9,15,0,0,0,0.93,0.96,0,0,0,0,1,0,0
13,12.0,0,0,0,4,1,2,9,17,0,0,0,0.63,0.72,0,0,0,0,1,0,0
2,4.0,0,15,15,30,3,8,11,15,0,0,0,0.91,0.93,0,0,0,0,1,0,1
10,4.0,0,0,0,0,0,0,0,0,0,0,0,0.66,0.83,0,0,0,0,1,0,0
0,2.0,0,3454,4388,4388,1,1,1,1,257,0,0,0.79,0.85,1,1,0,0,1,0,1
3,8.0,0,6,18,27,4,8,15,23,2,0,0,0.76,0.81,0,0,0,0,1,0,1
3,2.0,0,10,15,20,10,14,22,29,1,0,0,0.99,0.99,0,0,0,0,1,0,1
50,8.0,1,250,425,625,93,243,422,626,68,0,25,0.47,0.47,0,0,0,0,1,0,1
46,8.0,0,0,0,0,0,1,1,2,3,0,0,0.83,0.91,0,1,0,0,1,0,0
29,8.0,0,0,0,0,0,0,0,0,2,0,0,0.7,0.86,0,1,0,1,1,0,0
10,4.0,0,0,0,0,0,0,0,0,0,0,0,0.73,0.78,0,0,0,0,1,0,0
103,12.0,72,100,200,200,54,109,163,215,21,0,0,0.94,0.87,0,0,0,0,1,0,0
3,8.0,4,0,3,9,0,2,7,10,1,0,0,0.96,0.97,0,0,0,0,1,0,0
1,4.0,0,16,23,30,21,30,30,39,5,0,0,0.79,0.67,0,0,0,0,1,0,1
4,12.0,0,0,0,0,0,0,0,0,0,0,0,0.57,0.7,0,0,0,0,1,0,0
13,52.0,0,0,0,0,0,0,0,0,0,0,0,0.46,0.38,0,1,0,1,0,0,0
9,8.0,0,30,30,30,3,8,15,25,6,0,0,1.0,0.41,0,0,0,1,1,0,1
788,8.0,126,550,1650,2410,849,2753,4836,7938,590,0,0,0.98,0.96,0,0,0,0,1,0,0
-154,8.0,46,1439,2400,3390,453,1175,2441,3572,395,0,70,0.9,0.82,175,0,0,0,1,0,1
2,9.0,0,0,0,0,0,0,0,0,0,0,0,0.68,0.66,0,0,0,0,1,0,0
4,8.0,0,0,0,0,0,0,2,2,0,0,0,0.79,0.89,0,0,0,0,1,0,0
0,2.0,0,5,6,6,0,0,0,0,1,0,0,0.63,0.45,0,0,0,1,1,0,1
11,8.0,0,0,0,0,0,0,0,0,0,0,0,0.99,0.97,0,0,0,0,1,0,0
7,9.0,0,0,0,0,0,1,4,4,0,0,0,1.0,1.0,0,0,0,0,1,0,0
9,8.0,4,0,0,1,0,1,7,9,2,0,0,0.85,0.72,0,0,0,0,1,0,1
2,9.0,0,0,0,0,0,0,0,1,2,0,0,0.68,0.66,0,1,0,0,1,0,0
3,4.0,0,2,5,8,2,5,9,11,1,0,0,0.89,0.9,0,0,0,0,1,0,1
1,8.0,0,30,30,30,1,12,33,41,7,0,0,0.48,0.39,0,0,0,1,1,0,1
0,8.0,0,18,18,36,5,10,15,17,1,0,0,0.0,0.0,0,0,0,0,1,0,1
1,4.0,1,2,4,4,0,1,2,4,0,0,1,0.77,0.8,0,0,0,0,1,0,0
0,8.0,0,9,12,12,0,2,6,14,0,0,0,0.31,0.54,0,0,0,0,1,0,1
5,8.0,0,0,0,0,0,1,2,2,0,0,0,0.51,0.47,0,0,0,1,1,0,0
20,2.0,0,0,0,0,1,2,4,9,1,0,0,-99.0,-99.0,0,1,0,0,1,0,1
1,8.0,6,4,8,16,0,7,11,18,1,0,0,0.99,0.99,0,0,0,0,1,0,1
0,9.0,0,1,1,1,0,0,0,0,0,0,0,0.85,0.82,0,0,0,0,1,0,1
-17,2.0,30,13,39,65,28,51,73,93,0,0,0,1.0,1.0,17,0,0,0,1,0,0
7,8.0,0,30,30,45,4,17,23,24,0,0,0,1.0,1.0,0,0,0,0,1,0,0
2,9.0,0,3,3,3,0,0,0,0,0,0,0,0.69,0.68,0,1,0,0,1,0,0
1,2.0,0,4,6,10,2,3,7,11,0,0,0,0.78,0.86,0,0,0,0,1,0,0
0,8.0,0,6,7,8,1,3,8,10,0,0,0,0.99,0.99,0,0,0,0,1,0,1
469,2.0,171,400,800,1200,106,412,744,1111,143,0,0,0.97,0.99,0,0,0,0,1,0,0
10,8.0,3,57,92,122,12,41,63,96,12,0,0,0.76,0.84,0,0,0,0,1,0,1
118,8.0,9,207,351,495,30,134,268,434,53,0,27,0.71,0.63,0,0,0,0,1,0,0
0,2.0,0,8,16,20,6,11,17,23,16,0,0,0.87,0.93,0,0,0,0,1,0,1
0,2.0,0,144,144,144,0,3,3,3,12,0,112,0.88,0.63,0,0,0,1,1,0,1
3,9.0,0,0,0,0,0,0,0,0,0,0,0,0.7,0.66,0,0,0,0,1,0,0
0,8.0,1,3,5,6,0,6,7,7,0,0,0,0.78,0.82,0,0,0,0,1,0,1
0,2.0,0,98,159,209,0,0,0,0,17,1,0,0.99,0.95,0,0,0,0,1,0,1
152,8.0,0,14,134,270,12,85,182,236,41,0,0,1.0,1.0,0,0,0,0,1,0,0
254,8.0,11,920,1400,1640,218,597,1097,1869,546,0,0,0.09,0.09,0,0,0,1,1,0,1
4,2.0,0,16,32,48,9,20,42,61,1,0,0,0.99,0.99,0,0,0,0,1,0,1
7,2.0,0,5,11,18,3,12,25,25,1,0,0,0.27,0.38,0,1,0,0,1,0,1
2518,2.0,0,0,0,0,8,20,52,78,7,0,0,0.81,0.83,0,0,0,0,1,0,0
4,12.0,0,0,0,0,0,0,0,0,0,0,0,0.74,0.71,0,1,0,0,1,0,0
0,8.0,0,7,11,15,4,6,10,16,1,0,0,0.89,0.9,0,0,0,0,1,0,1
2,8.0,0,10,18,28,3,9,17,25,2,0,0,0.66,0.43,0,0,0,0,1,0,1
3,9.0,0,2,12,15,2,4,14,16,3,0,2,0.68,0.66,0,0,0,0,1,0,1
12,4.0,0,0,0,0,0,0,0,0,0,0,0,0.63,0.72,0,0,0,0,1,0,0
1,10.0,0,8,12,24,2,7,13,16,0,0,0,0.89,0.9,0,0,0,0,1,0,1
3,8.0,0,40,60,60,10,23,46,67,2,0,0,0.62,0.62,0,0,0,1,1,0,1
37,8.0,0,0,0,0,1,6,15,25,1,0,0,0.97,0.94,0,0,0,0,1,0,0
0,8.0,0,0,0,0,0,0,0,0,0,0,0,0.97,0.91,0,0,0,0,1,0,0
525,12.0,14,16,16,16,16,48,89,139,64,0,0,0.61,0.58,0,0,0,0,1,0,0
546,8.0,43,256,640,800,123,382,776,1265,389,0,0,0.88,0.94,0,0,0,0,1,0,0
1,2.0,0,0,1,1,0,0,1,2,0,0,0,0.99,0.98,0,0,0,0,1,0,0
10,8.0,0,0,16,16,1,6,12,14,6,0,0,0.93,0.87,0,0,0,0,1,0,1
0,4.0,0,5,11,15,4,8,17,21,1,0,0,1.0,0.91,0,0,0,0,1,0,1
0,9.0,0,14,22,30,2,7,11,18,2,0,0,0.68,0.66,0,0,0,0,1,0,1
7,8.0,0,53,74,102,9,28,67,97,15,0,0,0.98,0.97,2,1,0,0,0,0,1
223,8.0,9,0,0,0,11,45,112,159,7,0,0,0.55,0.37,0,0,0,0,1,0,0
0,2.0,0,2,2,2,0,0,0,0,0,0,0,0.94,0.91,0,0,0,0,1,0,0
-23,8.0,0,506,668,938,102,414,560,783,51,0,9,0.97,0.94,26,0,0,0,1,0,1
0,4.0,7,92,169,259,0,5,5,5,18,0,8,0.73,0.78,0,0,0,0,1,0,0
14,2.0,7,22,52,67,5,17,30,59,7,0,0,0.91,0.85,0,0,0,0,1,0,1
1,8.0,0,3,6,8,0,2,3,5,0,0,0,0.84,0.48,0,0,0,0,1,0,1
102,52.0,0,0,0,0,0,0,0,1,2,0,0,0.71,0.69,0,1,0,0,0,0,0
8,12.0,0,30,47,64,4,23,30,47,0,0,0,0.78,0.78,0,0,0,0,1,0,1
20,8.0,0,0,0,0,0,0,0,0,0,0,0,0.98,0.96,0,0,0,0,1,0,0
10,2.0,1,7,17,27,1,9,26,28,2,0,0,0.97,0.94,0,1,0,0,1,0,0
3,2.0,0,0,0,1,1,2,2,3,0,0,0,0.96,0.96,0,0,0,0,1,0,1
7,8.0,0,0,2,6,0,1,4,9,1,0,0,1.0,0.99,0,0,0,0,1,0,0
40,2.0,0,0,0,0,0,0,0,0,0,0,0,1.0,0.98,0,1,0,0,1,0,0
82,8.0,0,0,0,0,4,18,36,47,3,0,0,0.0,0.44,0,0,0,1,1,0,0
1,8.0,0,18,24,33,12,26,27,43,8,0,0,0.99,0.99,0,0,0,0,1,0,1
337,8.0,135,460,580,845,196,455,575,757,238,0,0,0.91,0.93,0,0,0,1,1,0,1
4,2.0,0,10,20,30,5,8,32,44,4,0,0,0.79,0.83,0,0,0,0,1,0,1
0,2.0,0,16,30,43,6,13,18,18,0,0,0,0.91,0.95,0,0,0,0,1,0,1
190,8.0,0,0,0,0,3,3,3,3,0,0,0,-99.0,0.25,0,0,0,0,1,0,0
0,5.0,0,16,16,16,0,0,0,0,0,0,0,0.68,0.69,0,1,0,1,1,0,1
0,2.0,0,24,24,24,0,0,0,0,0,0,0,0.78,0.69,0,1,0,0,1,0,1
0,8.0,0,11,11,11,0,1,5,5,0,0,0,0.0,0.2,0,0,0,0,1,0,1
57,8.0,32,92,148,266,34,169,256,319,64,0,0,0.99,0.99,0,0,0,0,1,0,0
0,4.0,0,24,36,36,1,3,3,3,0,0,13,0.57,0.7,3,1,0,1,1,0,1
323,2.0,0,0,0,0,0,6,12,31,0,0,0,1.0,1.0,0,0,0,0,1,0,0
20,4.0,0,10,10,20,3,13,13,29,0,0,0,0.73,0.78,0,0,0,0,1,0,1
86,8.0,1,71,156,252,22,103,190,299,32,0,0,0.98,0.98,0,0,0,1,1,0,0
2,8.0,0,0,0,0,2,7,10,11,0,0,0,0.9,0.88,0,0,0,0,1,0,1
3,8.0,1,35,53,89,4,20,36,54,5,0,0,0.14,0.32,0,0,0,0,1,0,1
-9,6.0,3,7,7,8,7,13,17,17,1,0,0,0.78,0.78,7,0,0,0,1,0,1
126,52.0,0,0,0,0,2,3,10,10,0,0,0,0.98,0.94,0,1,0,0,1,0,0
0,8.0,0,19,37,46,7,17,31,46,3,0,0,0.99,0.99,0,0,0,0,1,0,1
1,8.0,0,6,10,14,0,5,7,9,0,0,0,0.81,0.77,0,0,0,0,1,0,0
5,2.0,0,0,0,0,0,0,0,0,0,0,0,0.69,0.64,0,1,0,0,1,0,0
2,2.0,0,13,23,23,3,7,10,21,3,0,0,0.05,0.41,0,0,0,1,1,0,1
0,8.0,0,18,28,40,5,15,28,41,2,0,0,0.18,0.31,0,0,0,0,1,0,1
4,2.0,0,0,0,0,0,0,1,1,0,0,0,0.76,0.78,0,1,0,0,1,0,1
629,8.0,12,24,456,900,125,475,1191,1937,117,0,0,0.79,0.77,0,0,0,0,1,0,0
6,8.0,0,0,0,0,0,0,0,0,0,0,0,0.83,0.86,0,1,0,0,1,0,0
5,2.0,0,18,36,42,7,11,13,27,0,0,12,0.94,0.9,0,0,0,0,1,0,1
6,4.0,0,52,78,130,19,39,87,133,10,0,0,0.97,0.96,0,0,0,0,1,0,1
-4,8.0,0,416,608,800,77,232,401,563,133,0,48,0.86,0.89,9,0,0,0,1,0,1
31,52.0,0,0,0,0,0,0,0,0,0,0,0,-99.0,-99.0,0,1,0,0,0,0,0
0,9.0,0,5,7,7,0,0,0,0,0,0,1,0.68,0.66,0,1,0,0,1,0,0
1,12.0,0,0,0,0,0,0,0,0,0,0,0,0.63,0.72,0,0,0,0,1,0,0
5,11.0,0,30,46,62,10,23,33,45,3,0,0,0.85,0.76,0,0,0,0,1,0,1
499,12.0,158,430,930,1380,191,554,1094,1647,247,0,0,0.87,0.88,0,0,0,1,1,0,0
3,2.0,0,2,5,5,0,0,0,0,0,0,0,0.74,0.76,0,1,0,0,1,0,0
1504,8.0,392,1750,4088,6454,466,1749,4189,6797,425,1,0,0.94,0.89,0,0,0,0,1,0,0
988,8.0,144,0,0,1000,82,277,600,857,136,0,0,0.79,0.84,0,0,0,0,1,0,0
0,15.0,0,448,948,948,0,0,0,0,0,0,0,0.93,0.92,0,0,0,0,1,0,0
3,12.0,0,0,0,0,0,0,0,0,0,0,0,0.78,0.78,0,0,0,0,1,0,0
6,2.0,0,30,30,30,0,0,0,0,0,0,0,0.16,0.5,0,1,0,0,1,0,0
483,12.0,0,0,0,0,0,17,17,17,1,0,0,0.58,0.58,0,1,0,0,1,0,0
2,9.0,0,20,40,60,3,13,23,25,3,0,0,0.96,0.92,0,0,0,1,1,0,1
0,8.0,0,11,11,11,0,1,1,1,1,0,0,0.46,0.35,0,0,0,0,1,0,1
0,8.0,0,3,4,6,1,2,3,3,0,0,0,0.84,0.87,0,0,0,0,1,0,1
2,12.0,0,0,0,0,0,0,0,0,0,0,0,0.63,0.72,0,1,0,0,1,0,0
0,8.0,0,6,10,14,1,3,9,10,0,0,0,0.57,0.44,0,0,0,0,1,0,1
0,8.0,0,3,4,5,0,0,1,4,0,0,0,0.96,0.85,0,0,0,0,1,0,1
13,12.0,0,0,0,0,0,0,0,0,1,0,0,0.58,0.58,0,1,0,0,1,0,0
0,2.0,0,8,14,16,0,0,0,0,0,0,0,0.7,0.74,0,1,0,0,1,0,0
352,8.0,0,0,0,0,8,65,137,236,48,0,0,0.83,0.91,0,0,0,0,1,0,0
-6,12.0,0,184,279,393,84,135,216,289,73,0,7,0.69,0.68,8,0,0,0,1,0,1
22,9.0,0,0,0,0,0,0,0,0,0,0,0,0.91,0.77,0,1,0,0,1,0,0
221,2.0,0,17137,27331,38065,2599,7652,15147,15153,2411,0,564,0.54,0.65,367,1,0,1,1,0,1
6401,5.0,17,0,0,0,30,246,366,611,77,0,0,0.97,0.91,0,0,0,0,1,0,0
6,2.0,0,10,20,30,3,10,19,21,0,0,0,1.0,0.98,0,0,0,0,1,0,1
19,8.0,0,310,454,574,66,160,367,585,84,0,24,0.7,0.73,4,0,0,0,1,0,1
0,8.0,0,4,6,9,0,3,5,7,1,0,0,1.0,0.99,0,0,0,0,1,0,1
10,2.0,0,0,0,0,0,0,0,4,0,0,0,1.0,0.99,0,1,0,0,1,0,0
16,14.0,0,0,0,0,1,2,8,10,0,0,0,0.38,0.44,0,1,0,0,1,0,0
17,2.0,0,50,50,50,3,13,28,40,0,0,0,0.94,0.97,0,0,0,0,1,0,0
0,8.0,0,0,0,0,0,0,0,0,0,0,0,1.0,1.0,0,0,0,1,1,0,0
63,12.0,1,11,27,45,6,18,42,57,0,0,0,0.82,0.79,0,0,0,1,1,0,0
0,2.0,0,2,2,2,0,0,0,0,0,0,0,0.76,0.77,0,1,0,0,1,0,1
6,2.0,0,166,280,413,65,153,297,388,7,0,38,0.0,0.0,5,0,0,1,1,0,1
57,8.0,0,0,24,72,11,53,110,183,6,0,0,0.95,0.94,0,0,0,1,1,0,0
3,0.0,0,22,33,44,2,11,22,34,1,0,0,0.0,0.0,0,0,0,0,0,0,1
335,52.0,0,0,0,0,8,18,69,101,2,0,0,0.82,0.89,0,1,0,1,0,0,0
0,12.0,0,5,8,10,0,0,0,0,0,0,0,0.78,0.78,0,0,0,0,1,0,0
0,8.0,0,3,3,4,0,1,1,3,1,0,0,0.68,0.69,0,0,0,0,1,0,1
0,8.0,0,27,38,49,6,12,30,49,2,0,0,0.43,0.46,0,0,0,0,1,0,1
7,2.0,0,9,27,36,8,21,35,49,0,0,0,0.74,0.76,0,0,0,0,1,0,1
104,52.0,0,0,0,0,0,1,1,4,0,0,0,0.94,0.96,0,1,0,0,1,0,0
0,8.0,0,0,0,0,0,0,0,0,0,0,0,-99.0,-99.0,0,0,0,1,1,0,0
8,8.0,0,306,306,450,18,596,884,1067,104,0,0,0.99,0.95,23,0,0,0,1,0,1
127,8.0,0,0,0,0,3,10,17,31,2,0,0,0.85,0.89,0,0,0,0,1,0,0
61,8.0,0,0,0,0,0,0,1,1,0,0,0,0.89,0.93,0,0,0,0,1,0,0
10,8.0,0,15,17,27,2,11,26,29,1,0,0,0.62,0.68,0,0,0,0,1,0,0
147,8.0,0,0,0,0,0,0,4,7,1,0,0,0.85,0.87,0,0,0,0,1,0,0
-269,8.0,0,1542,2466,3467,262,907,1752,2836,198,0,154,0.14,0.14,316,0,0,1,1,0,1
53,8.0,0,0,0,0,0,0,2,2,0,0,0,0.9,0.92,0,0,0,0,1,0,0
0,2.0,0,11,11,11,0,0,0,0,0,0,0,0.8,0.82,0,1,0,1,1,0,0
6,2.0,0,0,0,5,0,2,8,15,0,0,0,0.97,0.97,0,1,0,0,1,0,1
16,2.0,0,0,0,0,9,11,13,13,0,0,0,0.26,0.32,0,1,0,0,1,0,1
110,8.0,0,25,50,75,14,36,78,116,34,0,0,0.98,0.94,0,0,0,0,1,0,0
13,9.0,0,0,0,0,0,0,0,0,0,0,0,0.68,0.66,0,0,0,0,1,0,0
0,8.0,0,115,194,194,0,0,0,0,20,0,0,0.98,0.98,0,1,0,0,1,0,1
23,8.0,0,0,0,0,2,7,16,26,2,0,0,0.0,0.0,0,0,0,1,1,0,0
60,2.0,0,0,0,0,1,1,3,3,1,0,0,-99.0,-99.0,0,0,0,0,1,0,0
8,4.0,0,0,0,0,0,0,0,0,0,0,0,0.73,0.78,0,0,0,0,1,0,0
0,8.0,0,4,5,7,1,2,4,6,0,0,0,0.79,0.66,0,0,0,0,1,0,1
420,52.0,0,0,0,0,6,18,40,56,5,0,0,0.0,0.0,0,1,0,0,1,0,0
149,8.0,0,0,0,0,0,0,3,6,3,0,0,0.79,0.78,0,0,0,0,1,0,0
9,12.0,0,30,62,86,13,31,50,75,0,0,0,0.96,0.91,0,0,0,0,1,0,1
400,2.0,0,0,0,0,10,25,40,53,4,0,0,0.79,0.83,0,1,0,0,1,0,0
2,8.0,0,74,103,132,13,31,65,106,19,0,0,0.95,0.96,0,0,0,1,1,0,1
1,8.0,0,2,4,5,0,1,3,7,0,0,0,0.97,0.98,0,0,0,1,1,0,1
152,8.0,2,0,0,0,8,31,66,114,60,0,0,0.97,0.9,0,0,0,0,1,0,0
840,8.0,15,800,1600,2000,28,806,1824,2544,192,0,0,0.8,0.92,0,0,0,0,1,0,0
65,8.0,45,414,663,834,159,256,410,754,133,0,0,0.55,0.55,0,0,0,0,1,0,1
12,6.0,0,84,117,150,15,45,90,124,17,0,0,0.65,0.69,0,0,0,0,1,0,1
1,12.0,0,1,2,3,0,1,1,2,0,0,0,0.82,0.79,0,0,0,0,1,0,0
54,8.0,9,37,76,115,6,27,64,114,14,0,1,0.64,0.67,0,0,0,0,1,0,0
72,12.0,0,68,297,435,0,0,0,0,0,0,0,0.93,0.89,0,0,0,0,1,0,1
0,8.0,0,11,19,29,1,11,16,30,6,0,0,0.82,0.75,0,0,0,0,1,0,1
8,8.0,0,24,24,48,4,15,26,38,3,0,0,0.93,0.96,0,0,0,0,1,0,1
0,2.0,0,11,17,19,0,0,0,0,0,0,1,0.5,0.32,0,0,0,0,1,0,1
25,8.0,20,172,277,347,75,242,278,363,61,0,2,0.91,0.93,10,0,0,1,1,0,1
-1,12.0,0,22,37,57,8,23,41,55,0,0,4,0.73,0.79,1,0,0,1,1,0,1
2,8.0,0,3,4,6,2,4,7,13,2,0,0,0.99,0.97,0,0,0,0,1,0,1
5,8.0,1,7,16,22,9,14,22,22,0,0,0,0.7,0.75,0,0,0,0,1,0,1
0,4.0,0,9,9,9,0,0,0,0,0,0,0,0.22,0.14,0,1,0,0,1,0,1
3,8.0,0,5,10,15,2,5,8,11,0,0,0,0.8,0.82,0,0,0,0,1,0,1
6,8.0,0,0,0,0,0,0,1,1,0,0,0,0.99,0.98,0,0,0,0,1,0,0
0,15.0,0,3,3,3,1,4,5,12,10,0,0,1.0,0.96,0,0,0,0,0,0,1
10,8.0,0,0,0,0,2,6,11,26,3,0,0,0.67,0.68,0,0,0,0,1,0,1
1,9.0,2,15,21,25,2,8,15,20,0,0,5,0.86,0.84,0,0,0,0,1,0,0
-1,12.0,0,4,4,4,3,9,12,15,0,0,1,0.78,0.78,1,0,0,0,1,0,1
12,8.0,0,0,0,0,0,0,3,4,1,0,0,0.0,0.0,0,0,0,0,1,0,0
28,3.0,0,100,200,200,24,92,134,175,8,0,0,0.5,0.39,0,0,0,0,1,0,1
2,2.0,0,1,3,5,0,0,3,4,0,0,0,1.0,1.0,0,0,0,0,1,0,1
7,2.0,6,24,52,76,11,27,59,90,0,0,0,0.99,0.99,0,0,0,0,1,0,1
1,8.0,0,2,3,5,1,2,4,4,1,0,0,0.84,0.9,0,0,0,0,1,0,1
13,8.0,0,12,36,54,5,16,50,71,12,0,0,0.6,0.6,0,0,0,0,1,0,1
1,8.0,0,21,36,51,11,20,32,46,5,0,0,0.99,0.98,0,0,0,0,1,0,1
0,8.0,0,7,10,12,0,0,2,16,2,0,0,0.66,0.69,0,0,0,1,1,0,1
6,8.0,0,1,7,7,0,5,8,10,0,0,0,0.95,0.79,0,0,0,0,1,0,1
10,8.0,0,0,0,0,0,0,0,0,0,0,0,0.8,0.82,0,0,0,0,1,0,0
2,12.0,0,5,7,9,0,3,5,8,0,0,0,0.73,0.76,0,0,0,1,1,0,1
5,52.0,0,0,0,0,0,0,0,0,0,0,0,-99.0,-99.0,0,1,0,0,0,0,0
0,2.0,0,65,65,65,0,0,0,0,0,0,0,0.98,0.94,0,1,0,0,1,0,1
0,8.0,0,47,75,103,9,21,42,59,3,0,0,0.05,0.12,0,0,0,1,1,0,1
6,8.0,0,0,0,0,0,0,0,0,0,0,0,0.32,0.27,0,0,0,0,1,0,0
200,2.0,7,0,0,0,8,37,88,133,19,0,0,1.0,1.0,0,0,0,0,1,0,0
0,4.0,0,0,0,0,0,0,0,0,0,0,0,0.77,0.8,0,0,0,0,1,0,0
157,8.0,0,0,0,0,0,0,12,30,1,0,0,0.48,0.53,0,0,0,0,1,0,0
1,8.0,0,25,25,25,1,5,8,8,2,0,0,0.98,0.98,0,0,0,0,1,0,1
1353,2.0,294,2142,4326,6720,680,2315,4585,6804,729,0,0,1.0,0.99,0,0,0,0,1,0,0
102,2.0,32,215,323,431,61,147,262,397,47,0,0,1.0,0.99,0,0,0,0,1,0,0
13,2.0,0,0,0,0,0,0,0,0,0,0,0,0.83,0.66,0,0,0,0,1,0,0
35889,12.0,9915,67767,97135,156546,4583,50028,112214,176941,17037,0,0,0.96,0.88,17,0,0,0,1,0,0
-4,8.0,0,37,52,67,9,22,39,48,4,0,0,0.64,0.77,4,0,0,0,1,0,1
-31,8.0,0,158,225,301,15,106,197,295,20,1,13,0.18,0.41,33,0,0,1,1,0,1
12,8.0,456,3408,6621,8862,0,0,0,0,0,0,0,0.98,0.99,0,0,0,0,1,0,0
3,2.0,0,2,3,3,0,0,0,0,0,0,0,0.8,0.83,0,1,0,0,1,0,0
-1,8.0,0,126,126,252,329,349,384,408,20,0,0,0.84,0.71,1,0,0,0,1,0,1
12,8.0,0,39,79,111,5,21,48,101,0,0,0,0.82,0.88,0,0,0,0,1,0,0
0,8.0,0,6,6,6,0,2,2,4,1,0,0,0.31,0.33,0,0,0,0,1,0,1
0,2.0,0,85,85,85,0,0,1,1,1,0,80,0.68,0.57,0,0,0,0,1,0,1
-1,2.0,0,110,130,130,103,157,157,157,0,0,0,0.11,0.07,1,1,0,0,1,0,1
8,8.0,0,30,60,90,6,13,23,29,0,0,0,0.98,0.96,0,0,0,0,1,0,1
0,2.0,0,3,3,4,0,0,0,0,0,0,0,0.84,0.88,0,1,0,1,1,0,0
35,2.0,0,25,50,75,2,22,45,69,2,0,0,0.85,0.76,0,0,0,0,1,0,1
20,2.0,0,0,0,0,0,0,0,0,1,0,0,0.96,0.86,0,1,0,0,1,0,0
7,12.0,5,0,4,10,2,5,9,20,0,0,0,0.63,0.72,0,0,0,0,1,0,0
-341,12.0,150,1104,1480,1715,154,459,951,1331,0,0,0,0.0,0.02,185,0,0,0,1,0,1
0,8.0,0,2,3,4,1,2,2,4,0,0,0,0.8,0.82,0,0,0,0,1,0,1
1,8.0,0,3,6,6,2,2,3,3,1,0,0,0.84,0.87,0,0,0,1,1,0,1
48,8.0,0,52,84,84,2,16,32,69,10,0,0,0.58,0.57,0,0,0,0,1,0,0
-3,2.0,0,230,302,374,71,182,318,444,54,0,1,0.14,0.14,3,0,0,1,1,0,1
10,8.0,0,27,48,69,13,29,50,80,0,0,0,0.85,0.78,0,0,0,0,1,0,1
0,9.0,0,4,6,8,2,3,4,5,0,0,0,0.99,0.98,0,0,0,0,1,0,0
33,8.0,0,0,0,0,1,7,7,8,0,0,0,0.77,0.65,0,0,0,1,1,0,0
-14,52.0,0,0,0,0,10,23,37,51,1,0,0,0.87,0.88,14,1,0,1,0,0,1
0,4.0,0,0,0,0,0,0,0,0,0,0,0,0.73,0.78,0,0,0,0,1,0,0
-2,8.0,0,12,24,24,4,8,8,12,3,0,0,0.92,0.91,2,0,0,0,1,0,1
5,8.0,0,5,8,14,6,10,16,25,0,0,0,0.9,0.88,0,0,0,0,1,0,1
2,9.0,0,1,3,5,0,2,2,5,0,0,0,0.34,0.41,0,0,0,0,1,0,1
0,8.0,0,12,31,46,4,15,25,38,0,0,0,0.79,0.66,0,0,0,0,1,0,1
1,8.0,0,0,0,0,0,1,2,3,0,0,0,0.98,0.99,0,1,0,0,1,0,0
3,8.0,0,12,24,30,3,5,15,27,0,0,0,0.99,0.97,0,0,0,0,1,0,1
106,8.0,59,66,123,180,24,88,164,210,32,0,0,1.0,0.98,0,0,0,0,1,0,0
0,2.0,0,47,85,129,0,0,0,0,0,0,0,0.6,0.54,0,0,0,0,1,0,1
137,2.0,36,0,0,0,27,58,84,95,46,0,0,0.91,0.94,0,0,0,0,1,0,0
222,8.0,0,0,0,28,15,85,142,194,40,0,0,0.97,0.98,0,0,0,0,1,0,0
0,2.0,0,10,10,10,0,0,0,0,0,0,0,0.92,0.93,0,1,0,0,1,0,0
14,8.0,0,466,706,946,93,285,544,829,135,0,36,0.61,0.57,4,0,0,1,1,0,1
9,8.0,0,20,20,40,5,11,16,25,0,0,0,1.0,0.92,0,0,0,0,1,0,1
14,2.0,0,0,0,0,6,7,21,23,0,0,0,0.98,0.98,0,1,0,1,1,0,0
1,8.0,0,0,0,0,0,0,0,0,0,0,0,1.0,0.97,0,0,0,0,1,0,0
2,2.0,0,28,28,28,0,0,0,0,0,0,0,0.99,0.98,0,1,0,0,1,0,0
260,2.0,0,0,0,0,53,57,65,70,0,0,0,0.98,0.99,0,0,0,0,1,0,0
0,8.0,0,4,4,4,1,2,2,2,1,0,0,0.78,0.78,0,0,0,0,1,0,0
13,12.0,11,0,0,0,0,0,0,0,1,0,0,0.58,0.58,0,1,0,0,1,0,0
32,15.0,3,95,172,244,27,70,139,222,45,0,0,0.93,0.91,0,0,0,0,1,0,0
0,8.0,0,2,3,5,3,4,5,5,0,0,0,0.71,0.75,0,0,0,0,1,0,1
3,12.0,0,0,0,0,0,0,0,0,0,0,0,0.63,0.72,0,0,0,0,1,0,0
0,2.0,0,21,49,61,8,38,54,82,2,0,0,0.94,0.96,0,0,0,0,1,0,1
1,8.0,0,42,76,93,12,30,52,89,9,0,0,0.17,0.33,0,0,0,0,1,0,1
6,8.0,0,0,0,0,0,0,4,5,0,0,0,0.78,0.75,0,0,0,0,1,0,0
19,12.0,18,0,0,6,3,5,21,24,0,0,0,0.72,0.79,0,0,0,0,1,0,0
6,2.0,0,0,0,0,2,2,3,3,0,0,0,1.0,0.99,0,1,0,0,1,0,0
103,8.0,60,91,215,277,33,114,232,349,29,0,0,0.98,0.93,0,0,0,0,1,0,0
20,8.0,0,0,50,50,7,16,26,31,1,0,0,0.99,0.98,0,0,0,0,1,0,1
9,9.0,0,0,0,0,0,0,0,0,0,0,0,0.68,0.66,0,0,0,0,1,0,0
43,8.0,1,231,399,504,43,216,335,501,33,0,0,0.79,0.67,0,0,0,0,1,0,1
1,9.0,0,0,0,0,0,0,0,0,0,0,0,0.98,0.98,0,0,0,0,1,0,0
211,13.0,0,0,0,0,1,4,10,15,5,0,0,0.81,0.83,0,1,0,0,1,0,0
1,4.0,8,0,0,0,0,0,0,0,0,0,0,0.22,0.11,0,1,0,0,1,0,0
0,16.0,0,26,52,65,6,28,40,51,4,0,13,0.38,0.44,0,0,0,0,1,0,1
6,2.0,0,0,3,9,0,5,8,13,0,0,0,0.86,0.78,0,0,0,0,1,0,1
3,8.0,0,10,20,20,1,6,9,16,2,0,0,1.0,0.89,0,0,0,1,1,0,1
55,8.0,0,0,0,0,0,2,6,6,0,0,0,0.91,0.84,0,0,0,0,1,0,0
3,8.0,0,4,12,16,1,6,12,21,1,0,0,1.0,0.99,0,0,0,0,1,0,1
55,8.0,0,0,0,0,0,0,2,6,7,0,0,1.0,0.97,0,1,0,0,1,0,0
0,2.0,3,7,11,13,2,5,11,17,0,0,0,0.83,0.66,0,0,0,0,1,0,0
1,2.0,0,2,5,7,5,9,13,20,2,0,0,1.0,0.98,0,0,0,0,1,0,1
313,8.0,9,0,0,0,13,41,80,115,21,0,0,0.98,0.91,0,0,0,0,1,0,0
10,2.0,0,0,0,0,0,0,0,0,0,0,0,0.17,0.33,0,1,0,1,1,0,1
38,2.0,0,0,100,100,16,39,74,137,66,0,0,0.98,0.97,0,0,0,0,1,0,1
53,2.0,40,18,54,108,0,0,0,0,17,0,0,0.85,0.77,0,1,0,0,1,0,1
0,8.0,0,3,4,6,1,2,3,4,0,0,0,0.99,0.98,0,0,0,0,1,0,1
385,52.0,0,0,0,0,0,0,0,0,0,0,0,0.59,0.78,0,1,0,0,0,0,0
2,9.0,0,0,0,0,0,0,0,0,0,0,0,0.68,0.66,0,0,0,0,1,0,0
1,8.0,0,0,0,0,0,0,0,0,0,0,0,0.89,0.88,0,0,0,0,1,0,0
3,3.0,0,0,0,0,0,0,1,1,0,0,0,0.93,0.9,0,1,0,0,1,0,0
65,8.0,0,49,83,134,25,67,134,195,30,0,0,0.97,0.98,0,0,0,0,1,0,0
831,8.0,0,0,0,0,0,5,16,22,0,0,0,1.0,0.9,0,0,0,1,1,0,0
15,2.0,0,28,28,28,0,2,2,2,2,0,0,0.98,0.99,0,0,0,0,1,0,1
3,8.0,0,0,0,0,0,0,0,0,0,0,0,0.99,0.98,0,0,0,0,1,0,0
0,2.0,0,6,12,15,2,9,13,18,0,0,0,0.98,0.95,0,0,0,0,1,0,1
1,4.0,4,3,6,9,0,3,7,10,0,0,0,0.68,0.66,0,0,0,0,1,0,1
122,16.0,6,220,220,220,24,65,125,195,57,0,0,0.61,0.62,0,0,0,1,1,0,0
5,2.0,0,1,5,8,3,4,4,4,0,0,0,0.51,0.53,0,0,0,0,1,0,1
0,12.0,0,4,5,7,3,4,5,8,0,0,0,0.73,0.68,0,0,0,0,1,0,1
2,8.0,0,30,60,90,11,35,59,78,8,0,0,0.76,0.85,0,0,0,0,1,0,1
3,4.0,0,20,20,40,4,13,30,42,0,0,0,0.91,0.93,0,0,0,0,1,0,1
2,8.0,0,0,0,0,0,0,0,0,0,0,0,0.99,0.99,0,0,0,0,1,0,0
2,8.0,0,10,16,22,1,6,8,22,10,0,0,0.73,0.73,0,0,0,0,1,0,1
3730,8.0,100,0,2500,5000,923,3119,5476,8300,1095,0,0,0.98,0.91,0,0,0,0,1,0,0
973,12.0,0,0,0,0,4,4,7,7,0,0,0,0.69,0.68,0,0,0,0,1,0,0
8,2.0,0,5,15,25,8,22,32,33,2,0,0,0.84,0.84,0,0,0,0,1,0,1
-2,8.0,0,21,33,45,3,11,23,35,0,0,0,0.73,0.77,2,0,0,0,1,0,1
3,4.0,0,4,8,16,2,6,17,19,0,0,0,0.96,0.83,0,0,0,1,1,0,1
2,9.0,0,0,0,1,0,0,1,1,0,0,0,0.99,0.98,0,0,0,0,1,0,0
2,8.0,0,0,0,0,0,0,0,0,1,0,0,0.99,0.98,0,0,0,0,1,0,0
74,8.0,15,75,135,195,25,74,141,230,24,0,0,0.73,0.69,0,0,0,0,1,0,0
0,8.0,0,25,25,37,40,45,50,84,0,0,0,0.92,0.96,0,0,0,0,1,0,1
-20,6.0,22,66,132,176,21,72,142,214,22,0,0,0.78,0.78,20,0,0,0,1,0,1
152,8.0,0,0,0,0,8,24,83,96,0,0,0,1.0,1.0,0,0,0,0,1,0,1
327,12.0,0,186,186,186,27,145,283,449,0,0,0,0.72,0.79,0,0,0,0,1,0,0
1,9.0,0,1,3,4,0,1,2,2,0,0,0,0.99,0.98,0,0,0,0,1,0,1
2,8.0,0,6,9,12,17,24,36,59,10,0,0,1.0,0.98,0,0,0,0,1,0,1
11,4.0,0,0,0,0,0,0,0,0,0,0,0,0.73,0.78,0,0,0,0,1,0,0
0,8.0,0,24,48,64,12,26,47,67,0,0,0,1.0,0.93,0,0,0,0,1,0,1
0,12.0,0,1,1,1,0,0,0,0,0,0,0,0.78,0.78,0,1,0,1,1,0,1
2,8.0,0,24,36,48,16,37,49,87,4,0,0,0.55,0.37,0,0,0,0,1,0,1
11,12.0,0,0,0,0,0,0,0,0,1,0,0,0.58,0.58,0,1,0,0,1,0,0
0,8.0,0,8,10,14,2,3,7,10,3,0,0,0.81,0.82,0,0,0,0,1,0,1
11,2.0,0,24,44,64,21,63,86,132,3,0,0,0.27,0.39,0,0,1,0,1,0,1
4,8.0,0,22,22,22,0,1,1,2,1,0,0,0.51,0.53,0,1,0,0,1,0,0
0,2.0,0,19,19,19,0,0,0,0,1,0,4,0.79,0.86,0,0,0,0,1,0,1
4,4.0,0,0,2,3,2,3,4,6,0,0,0,0.68,0.66,0,1,0,0,1,0,1
6,4.0,0,0,0,0,1,1,1,1,5,0,0,0.22,0.11,0,1,0,0,1,0,0
0,12.0,0,10,16,22,0,8,9,10,1,0,0,0.81,0.83,0,0,0,0,1,0,0
1,8.0,0,4,6,8,2,5,6,7,0,0,0,0.68,0.49,0,0,0,1,1,0,1
18,8.0,0,112,208,288,0,0,0,0,0,0,0,0.97,0.97,0,0,0,0,1,0,1
8,4.0,0,0,0,0,0,2,3,3,0,0,0,0.73,0.78,0,0,0,0,1,0,0
14,2.0,0,0,0,0,0,0,4,5,0,0,0,0.99,0.98,0,1,0,0,1,0,1
8,3.0,0,72,126,180,40,91,134,182,0,0,0,0.94,0.9,0,0,0,0,1,0,1
73,8.0,0,84,168,224,26,78,166,246,36,0,0,0.95,0.87,0,0,0,0,1,0,0
0,8.0,0,47,47,47,1,3,8,16,2,0,0,0.97,0.95,0,0,0,0,1,0,1
729,8.0,7,0,0,200,73,210,384,513,194,0,0,-99.0,0.76,0,0,0,0,1,0,0
0,2.0,3,6,6,6,0,0,0,0,0,0,0,1.0,0.96,0,1,0,0,1,0,1
425,9.0,0,0,0,0,4,95,326,555,0,0,0,0.69,0.68,0,0,0,0,1,0,0
9,2.0,0,0,0,0,3,8,15,15,0,0,0,0.97,0.94,0,1,0,0,1,0,1
21,2.0,0,0,22,44,6,14,26,37,0,0,0,0.78,0.83,0,0,0,0,1,0,1
3,12.0,0,0,0,0,0,0,0,0,1,0,0,0.77,0.73,0,0,0,1,1,0,0
2,8.0,0,0,0,0,0,0,0,0,0,0,0,0.99,0.94,0,0,0,0,1,0,0
268,8.0,0,0,0,0,1,3,5,7,3,0,0,-99.0,-99.0,0,0,0,0,1,0,0
0,8.0,0,15,21,27,1,6,13,23,0,0,0,0.94,0.93,0,0,0,0,1,0,1
0,12.0,0,12,12,12,0,0,0,0,0,0,0,0.82,0.79,0,1,0,0,1,0,1
17,2.0,0,0,0,0,7,15,24,36,0,0,0,0.97,0.98,0,0,0,0,1,0,1
0,12.0,0,7,9,12,0,2,5,11,5,0,0,0.82,0.79,0,0,0,1,1,0,1
0,5.0,0,19,31,35,0,0,0,0,0,0,0,0.68,0.69,0,1,0,1,1,0,1
126,2.0,545,1293,2656,4093,347,1294,2569,3895,264,0,40,0.7,0.7,18,0,0,0,1,0,0
4,8.0,0,4,8,8,2,4,8,18,0,0,0,0.38,0.28,0,0,0,0,1,0,1
0,2.0,0,11,11,11,0,0,0,0,1,0,0,0.86,0.93,0,1,0,0,1,0,1
13,8.0,5,0,3,9,1,8,19,33,1,0,0,0.84,0.89,0,0,0,0,1,0,0
0,8.0,0,10,14,14,0,10,14,20,1,0,0,0.97,0.84,0,0,0,0,1,0,1
8,8.0,0,0,0,0,5,10,13,22,0,0,0,0.94,0.93,0,0,0,0,1,0,0
0,9.0,0,383,481,481,0,0,0,0,28,0,0,0.91,0.77,0,0,0,1,1,0,1
78,8.0,0,0,0,0,3,4,5,11,0,0,0,0.33,0.19,0,0,0,0,1,0,0
13,4.0,0,0,0,0,2,4,4,4,0,0,0,0.79,0.66,0,0,0,0,1,0,0
0,12.0,3,2,2,2,0,0,0,0,0,0,0,0.63,0.72,0,1,0,0,1,0,0
10,2.0,0,0,0,0,0,0,4,4,1,0,0,1.0,1.0,0,1,0,0,1,0,0
15,2.0,0,0,0,0,3,7,7,7,1,0,0,0.99,0.98,0,1,0,1,1,0,1
0,8.0,0,7,12,17,5,5,9,10,8,0,0,0.99,0.99,0,0,0,1,1,0,1
27,8.0,0,0,0,0,0,4,10,15,0,0,0,-99.0,-99.0,0,0,0,1,1,0,0
-39,12.0,24,185,356,386,12,144,357,651,40,0,0,0.22,0.26,30,0,0,0,1,0,0
3,9.0,0,0,0,0,0,0,0,0,0,0,0,0.91,0.77,0,0,0,0,1,0,0
187,8.0,0,0,0,0,5,19,57,98,9,0,0,0.8,0.85,0,0,0,0,1,0,0
0,4.0,0,0,0,0,0,0,0,0,0,0,0,0.22,0.14,0,0,0,0,1,0,1
7,4.0,0,0,0,0,0,0,0,0,0,0,0,0.77,0.8,0,1,0,0,1,0,0
34,8.0,1,442,694,934,95,280,545,833,137,0,36,0.61,0.57,1,0,0,1,1,0,1
2,8.0,0,3,5,8,1,3,6,7,0,0,0,0.8,0.82,0,0,0,0,1,0,1
26,2.0,0,6,13,13,0,0,0,0,0,0,0,0.75,0.74,0,1,0,1,1,0,0
0,8.0,0,13,21,28,0,0,0,0,0,0,6,0.85,0.78,0,0,0,0,1,0,1
13,8.0,6,8,28,44,3,14,23,55,0,0,0,0.71,0.72,0,0,0,0,1,0,0
0,8.0,0,68,68,68,4,32,58,74,5,0,34,1.0,0.2,0,0,0,0,1,0,1
11,9.0,0,27,51,83,5,29,53,86,1,0,0,0.68,0.66,0,0,0,0,1,0,1
143,8.0,0,1016,1448,1772,235,648,1127,1844,557,0,200,0.1,0.1,2,0,0,1,1,0,1
22,2.0,0,0,0,0,1,1,1,1,0,0,0,0.61,0.62,0,0,0,0,1,0,0
-2,2.0,0,12,12,18,4,4,4,4,0,0,0,1.0,1.0,2,0,0,0,1,0,1
13,2.0,0,15,15,15,15,18,18,18,0,0,0,0.9,0.89,0,1,0,0,1,0,1
3,4.0,0,0,0,0,0,0,0,0,0,0,0,0.43,0.45,0,1,0,0,1,0,0
0,2.0,0,11,11,11,0,0,0,0,0,0,0,-99.0,-99.0,0,1,0,0,1,0,0
6,8.0,0,20,20,40,2,7,15,20,2,0,0,0.98,0.99,0,0,0,0,1,0,1
-2,8.0,0,47,77,113,1,18,34,67,0,0,0,0.66,0.78,2,0,0,0,1,0,1
188,2.0,80,210,480,780,90,231,384,429,43,1,0,0.88,0.92,0,1,0,1,1,0,0
12,3.0,0,7,13,20,7,7,23,27,0,0,0,0.58,0.44,0,1,0,0,1,0,0
390,2.0,0,1500,1500,2100,1215,1256,1270,13298,204,0,0,0.64,0.68,0,0,0,1,1,0,1
6,2.0,0,0,0,0,0,0,0,0,0,0,0,0.76,0.78,0,1,0,0,1,0,0
42,8.0,2,292,493,699,90,272,503,750,59,0,18,0.79,0.66,2,0,0,0,1,0,1
9,8.0,0,40,60,100,18,36,58,102,8,0,0,0.98,0.97,0,0,0,0,1,0,1
1,8.0,0,1,1,1,0,0,1,1,0,0,0,0.0,0.0,0,0,0,0,1,0,0
2,2.0,0,1,3,4,1,3,6,8,0,0,0,0.9,0.94,0,0,0,0,1,0,1
13,2.0,10,38,87,143,15,43,87,117,8,0,0,0.81,0.87,0,0,0,0,1,0,1
55,8.0,0,0,0,0,1,7,23,64,1,0,0,0.83,0.85,0,0,0,0,1,0,0
81,2.0,11,70,162,275,37,108,223,300,38,0,0,0.85,0.76,0,0,0,0,1,0,0
7,9.0,0,0,0,0,0,0,1,1,0,0,0,0.98,0.98,0,0,0,0,1,0,0
2,8.0,0,9,14,19,5,9,19,27,0,0,0,0.81,0.77,0,0,0,0,1,0,1
15,2.0,0,195,309,347,62,163,308,435,54,0,35,0.14,0.14,0,0,0,1,1,0,1
98,8.0,0,32,100,148,14,55,123,213,27,0,0,0.98,0.99,0,0,0,1,1,0,0
7,9.0,0,4,14,24,1,6,15,26,0,0,0,1.0,0.99,0,0,0,0,1,0,0
0,8.0,0,19,28,31,7,10,17,36,0,0,0,0.0,0.0,0,0,0,0,1,0,1
24,8.0,0,32,32,61,3,3,21,37,18,0,0,0.78,0.72,0,0,0,0,1,0,0
58,2.0,105,72,168,264,26,80,166,251,64,0,0,0.95,0.96,0,0,0,0,1,0,0
1,12.0,0,17,30,43,5,17,28,39,0,0,0,0.86,0.86,0,0,0,0,1,0,1
3,12.0,0,12,18,24,2,12,15,22,5,0,0,0.78,0.78,0,0,0,0,1,0,1
35,8.0,0,0,0,8,5,9,12,24,3,0,0,0.46,0.18,0,0,0,0,0,0,1
133,2.0,116,216,432,540,54,196,414,555,67,0,0,0.98,0.98,0,0,0,0,1,0,0
22,8.0,0,0,0,0,3,7,17,18,1,0,0,1.0,0.9,0,0,0,1,1,0,0
1312,12.0,481,160,960,1760,3,5,7,9,238,0,0,0.98,0.98,0,0,0,1,1,0,0
21,8.0,8,471,798,1123,102,308,610,965,101,0,32,0.62,0.62,6,1,0,0,1,0,1
8,8.0,0,519,701,883,40,249,586,844,140,0,0,0.45,0.45,5,1,0,0,1,0,1
55,2.0,0,0,0,0,0,25,25,25,0,0,0,0.98,0.99,0,0,0,0,1,0,0
-194,15.0,12,1224,2016,2664,249,655,1385,2159,180,0,84,0.06,0.09,204,0,0,0,1,0,1
4,8.0,0,0,0,4,1,4,4,4,0,0,0,0.89,0.78,0,0,0,0,1,0,1
1,15.0,0,10,21,27,7,11,16,20,0,0,0,0.93,0.92,0,0,0,0,1,0,1
19,8.0,0,0,0,0,0,0,0,0,2,0,0,0.42,0.36,0,0,0,0,1,0,0
0,8.0,0,0,0,0,0,4,19,36,1,0,0,0.93,0.91,0,1,0,0,1,0,0
32,8.0,4,220,339,447,78,167,299,445,51,0,34,0.81,0.87,15,0,0,0,1,0,1
8,2.0,0,30,60,60,9,26,71,89,14,0,0,0.77,0.82,0,0,0,0,1,0,1
1,4.0,0,15,22,27,12,30,60,89,7,0,0,0.79,0.66,1,0,0,0,1,0,1
12,4.0,0,0,0,0,0,0,1,3,0,0,0,0.79,0.66,0,0,0,0,1,0,0
345,8.0,0,380,380,380,0,0,0,0,0,0,0,0.96,0.96,0,0,0,0,1,0,0
0,8.0,0,0,434,712,1,1,1,1,20,0,0,0.69,0.69,0,1,0,0,0,0,1
13,12.0,0,0,0,0,0,0,0,0,1,0,0,0.48,0.48,0,1,0,0,1,0,0
0,8.0,0,6,7,8,6,8,9,13,0,0,0,0.96,0.96,0,0,0,0,1,0,1
1539,2.0,0,0,0,0,27,49,116,181,12,0,0,1.0,1.0,0,0,0,0,1,0,0
0,8.0,0,18,29,42,11,17,28,40,17,0,0,0.46,0.35,0,0,0,0,1,0,1
20,8.0,0,0,0,0,0,0,0,0,0,0,0,0.9,0.88,0,0,0,0,1,0,0
1,9.0,0,3,12,15,2,5,12,18,3,0,0,0.7,0.66,0,0,0,0,1,0,1
258,8.0,109,2088,3464,4712,506,1478,2937,4582,891,0,128,0.84,0.71,0,0,0,0,1,0,1
8,2.0,0,0,0,0,0,0,0,0,0,0,0,1.0,0.99,0,1,0,0,1,0,0
102,2.0,0,0,0,0,0,0,0,0,0,0,0,0.5,0.6,0,1,0,0,1,0,0
671,2.0,79,600,1500,2100,207,704,1362,2152,223,0,0,0.97,0.93,0,0,0,0,1,0,0
0,9.0,0,0,0,0,0,0,0,0,0,0,0,0.86,0.84,0,0,0,0,1,0,1
6,9.0,0,0,0,0,0,0,0,0,0,0,0,0.91,0.77,0,0,0,0,1,0,0
2,8.0,0,4,8,10,6,9,16,21,0,0,0,0.88,0.7,0,0,0,1,1,0,1
4,8.0,0,34,68,68,22,35,57,72,7,0,0,0.5,0.16,0,0,0,0,1,0,1
1,2.0,0,2,3,4,0,1,2,2,0,0,0,0.14,0.32,0,0,0,0,1,0,1
56,8.0,13,0,30,60,9,32,59,84,12,0,0,0.99,0.99,0,0,0,0,1,0,0
126,2.0,46,40,120,200,39,247,469,597,48,0,0,0.82,0.68,0,0,0,0,1,0,0
2,8.0,0,0,0,0,0,0,0,0,1,0,0,0.9,0.9,0,0,0,0,1,0,0
1,2.0,0,16,37,45,7,13,19,19,2,0,0,0.99,0.93,0,0,0,1,1,0,1
0,12.0,0,1040,1280,1640,111,443,1035,1717,150,0,0,0.77,0.78,20,0,0,0,1,0,1
0,8.0,0,5,5,5,2,3,11,26,8,0,0,0.97,0.98,0,0,0,1,1,0,1
3,3.0,0,5,5,5,5,13,16,16,0,0,0,0.58,0.44,0,1,0,0,1,0,1
4,8.0,0,0,0,0,0,0,0,0,0,0,0,0.91,0.83,0,0,0,1,1,0,0
2,2.0,0,0,0,0,2,2,2,2,0,0,0,0.44,0.41,0,0,0,0,1,0,1
0,8.0,0,35,70,107,0,0,0,0,0,0,0,0.97,0.9,0,1,0,1,1,0,1
24,8.0,0,5,35,65,5,26,64,84,0,0,0,1.0,0.92,0,0,0,0,1,0,0
10,12.0,0,0,0,0,0,3,6,10,0,0,0,0.92,0.84,0,1,0,0,1,0,0
40,2.0,0,0,0,0,0,0,0,0,0,0,0,1.0,1.0,0,1,0,0,1,0,0
2,8.0,0,60,73,93,13,47,109,122,20,0,0,0.62,0.62,0,1,0,0,1,0,1
-1,8.0,0,11,17,20,5,14,20,26,1,0,0,0.42,0.36,1,0,0,0,1,0,1
112,4.0,0,0,0,0,0,2,20,25,0,0,0,0.73,0.78,0,1,0,0,1,0,0
92,9.0,10,80,184,262,21,86,174,254,22,0,0,0.68,0.66,0,0,0,0,1,0,0
0,8.0,0,4,7,9,0,2,3,4,0,0,0,0.37,0.36,0,1,0,0,1,0,1
0,2.0,0,5,7,7,1,1,1,1,0,0,0,0.53,0.54,0,1,0,0,1,0,1
3,9.0,0,0,0,0,0,0,0,0,0,0,0,0.86,0.69,0,0,0,0,1,0,0
-1,8.0,1,7,7,7,1,5,9,12,0,0,1,0.92,0.89,1,0,0,0,1,0,1
7,8.0,0,10,20,30,4,9,25,32,6,0,0,0.99,0.99,0,0,0,0,1,0,1
0,4.0,0,9,10,10,0,0,0,0,0,0,0,0.73,0.78,0,1,0,0,1,0,0
0,2.0,2,8,13,18,8,18,23,23,1,0,0,0.75,0.64,1,1,0,0,1,0,1
0,8.0,0,28,48,60,0,12,15,24,0,0,0,1.0,0.99,0,0,0,1,1,0,1
3337,8.0,0,0,0,0,0,15,19,19,0,0,0,1.0,1.0,0,0,0,0,1,0,0
643,2.0,345,501,1154,1655,345,796,1328,1901,263,0,0,0.99,0.99,0,0,0,0,1,0,0
56,8.0,6,225,384,510,95,207,330,533,32,0,0,0.79,0.66,0,0,0,0,1,0,1
16,9.0,0,0,0,0,0,0,1,1,0,0,0,0.99,0.98,0,0,0,0,1,0,0
0,12.0,0,3,4,5,0,1,4,5,0,0,0,0.82,0.79,0,0,0,0,1,0,1
406,8.0,0,0,0,0,11,25,63,128,17,0,0,0.83,0.83,0,0,0,0,1,0,0
0,2.0,0,4,4,4,6,8,10,16,0,0,0,0.33,0.2,0,1,0,0,1,0,1
-1,8.0,0,23,38,50,0,3,22,30,0,0,2,0.51,0.53,1,0,0,0,1,0,1
0,8.0,16,120,156,176,34,56,94,136,0,0,0,0.98,0.98,16,0,0,0,1,0,1
62,8.0,0,0,0,0,0,0,0,0,1,0,0,0.96,0.96,0,1,0,0,1,0,0
0,4.0,0,0,0,0,0,0,0,0,0,0,0,0.24,0.14,0,0,0,0,1,0,1
0,2.0,96,48,192,192,0,0,0,0,0,0,0,0.96,0.96,0,0,0,0,1,0,1
53,8.0,0,0,0,0,0,0,0,0,1,0,0,0.81,0.82,0,0,0,1,1,0,0
5,12.0,0,0,0,0,0,1,1,2,0,0,0,0.78,0.78,0,0,0,0,1,0,0
3,3.0,0,6,6,6,5,14,15,15,0,0,0,0.52,0.41,0,1,0,0,1,0,1
2,8.0,0,0,0,1,0,1,1,2,0,0,0,0.42,0.36,0,0,0,0,1,0,0
21,8.0,14,46,94,131,8,50,90,125,20,0,4,0.37,0.4,1,0,0,0,1,0,0
125,8.0,12,84,216,344,36,138,271,443,16,0,0,0.64,0.69,0,0,0,0,1,0,0
10,8.0,2,50,85,120,6,25,49,58,6,0,1,0.41,0.46,0,1,0,0,1,0,1
3,8.0,0,12,12,12,0,3,5,5,0,0,0,1.0,0.94,0,0,0,0,1,0,1
2,3.0,0,1,2,4,0,2,3,3,0,0,0,0.98,0.98,0,0,0,0,1,0,0
39,4.0,0,232,356,480,29,158,266,380,34,0,4,0.79,0.66,0,0,0,0,1,0,1
0,2.0,0,32,32,32,0,0,0,0,1,0,0,0.07,0.07,0,1,0,1,1,0,1
1800,8.0,0,0,570,1425,190,1195,2110,4420,142,0,0,0.99,0.99,0,0,0,1,1,0,0
7,12.0,0,0,0,0,0,0,0,0,0,0,0,0.73,0.69,0,0,0,1,1,0,0
3,12.0,0,0,0,0,0,0,0,0,0,0,0,0.82,0.79,0,0,0,1,1,0,0
37,2.0,0,20,40,60,10,32,59,99,3,0,0,0.6,0.49,0,0,0,1,1,0,0
6,8.0,0,0,0,0,0,0,1,2,1,0,0,0.96,0.97,0,0,0,0,1,0,0
192,2.0,0,0,0,0,0,0,3,5,1,0,0,1.0,0.96,0,0,0,0,1,0,0
10,8.0,0,64,64,64,6,14,36,45,0,0,0,0.0,0.0,0,0,0,0,1,0,1
0,8.0,0,60,60,90,17,33,53,55,10,0,0,0.45,0.38,0,1,0,0,1,0,1
6,8.0,0,0,1,2,1,5,6,12,0,0,0,0.53,0.74,0,0,0,0,1,0,0
94,2.0,0,0,0,0,0,0,0,0,0,0,0,0.99,0.97,0,0,0,0,1,0,0
9,8.0,0,0,50,50,0,2,6,10,0,0,0,0.83,0.91,0,0,0,0,1,0,0
3,8.0,0,40,70,120,3,19,34,44,0,0,0,1.0,1.0,0,0,0,0,1,0,1
0,8.0,0,4,4,8,0,2,3,5,0,0,0,0.76,0.77,0,0,0,1,1,0,1
4,8.0,0,75,115,145,8,44,92,152,21,0,12,0.0,0.17,0,0,0,0,1,0,1
10,14.0,0,0,0,0,0,1,3,4,1,0,0,0.99,0.99,0,0,0,0,1,0,0
-6,8.0,0,33,33,33,4,9,17,43,11,0,0,0.79,0.66,6,0,0,0,1,0,1
1,2.0,0,72,144,228,6,12,13,13,0,0,8,0.87,0.68,0,1,0,0,1,0,1
0,8.0,0,94,154,214,23,69,111,155,0,0,20,0.6,0.66,0,0,0,0,1,0,1
8,8.0,0,20,40,60,4,12,22,39,5,0,10,0.93,0.94,0,0,0,0,1,0,1
2,8.0,0,12,18,24,6,12,18,32,0,0,0,0.99,0.99,0,0,0,0,1,0,1
23,8.0,0,93,135,192,37,108,166,209,23,0,29,0.79,0.66,0,0,0,0,1,0,1
245,8.0,0,0,0,0,0,1,8,19,7,0,0,0.94,0.96,0,0,0,0,1,0,0
6,2.0,0,0,0,0,0,0,0,0,0,0,0,0.94,0.97,0,0,0,0,1,0,0
7,8.0,0,15,15,30,3,12,20,25,1,0,0,0.92,0.93,0,0,0,0,1,0,1
0,5.0,0,14,23,24,0,0,0,0,0,0,0,0.65,0.69,0,1,0,1,1,0,1
-10,8.0,1,162,260,358,46,111,203,282,30,0,0,0.82,0.75,13,0,0,0,1,0,1
0,4.0,0,3,3,3,0,0,0,0,0,0,0,0.69,0.68,0,0,0,0,1,0,0
68,2.0,0,0,0,0,1,3,3,4,0,0,0,0.99,0.95,0,0,0,1,1,0,0
70,8.0,0,0,0,0,3,9,20,22,1,0,0,0.91,0.95,0,1,0,0,1,0,0
2,8.0,0,0,0,1,0,0,1,2,4,0,0,0.97,0.98,0,0,0,0,1,0,0
0,2.0,0,4,4,4,0,0,0,0,0,0,0,0.84,0.66,0,1,0,0,1,0,1
9,8.0,0,7,25,46,0,4,4,4,0,0,0,1.0,0.99,0,0,0,1,1,0,1
5,8.0,0,0,0,0,0,0,0,0,1,0,0,0.84,0.89,0,0,0,0,1,0,0
2,8.0,0,8,8,8,3,6,13,23,2,0,0,0.5,0.75,0,0,0,0,1,0,1
56,12.0,0,3,3,9,2,8,8,10,1,0,0,0.61,0.58,0,0,0,0,1,0,0
0,8.0,0,8,8,8,5,7,15,25,2,0,0,0.49,0.76,0,0,0,0,1,0,1
0,4.0,0,0,0,0,0,0,0,0,0,0,0,0.73,0.78,0,0,0,0,1,0,0
6,2.0,0,0,0,0,2,5,10,10,0,0,0,0.54,0.56,0,1,0,0,1,0,1
5,8.0,0,0,0,0,2,3,3,5,0,0,0,0.9,0.88,0,1,0,0,1,0,0
592,8.0,0,0,0,0,0,0,0,0,0,0,0,-99.0,-99.0,0,1,0,0,1,0,0
6,8.0,0,0,0,0,0,0,0,0,0,0,0,0.62,0.62,0,0,0,1,1,0,0
3,12.0,0,0,0,0,0,0,0,1,0,0,0,0.62,0.73,0,0,0,0,1,0,0
21,8.0,0,0,0,0,1,2,3,4,0,0,0,0.99,0.99,0,0,0,0,1,0,0
12,9.0,0,0,0,0,0,0,0,0,0,0,0,0.91,0.77,0,1,0,0,1,0,0
5,8.0,0,0,10,10,3,6,6,13,0,0,0,0.82,0.89,0,0,0,0,1,0,0
49,8.0,0,0,0,0,0,0,0,1,0,0,0,0.28,0.12,0,0,0,0,1,0,0
1,8.0,0,9,14,20,4,9,15,17,4,0,0,0.96,0.96,0,0,0,0,1,0,1
3,8.0,0,9,13,13,2,3,5,6,5,0,0,0.85,0.78,0,0,0,0,1,0,0
135,52.0,0,0,0,0,1,2,4,7,0,0,0,-99.0,-99.0,0,1,0,1,0,0,0
26,8.0,0,0,0,0,4,17,42,69,75,0,0,0.84,0.86,0,1,0,0,1,0,0
6,8.0,0,19,19,30,4,15,32,61,0,0,18,0.18,0.31,0,0,0,0,1,0,1
2,8.0,0,0,0,0,0,0,1,2,0,0,0,0.11,0.08,0,0,0,0,1,0,0
4,8.0,0,89,188,269,16,70,123,186,0,0,16,0.7,0.74,0,0,0,1,1,0,1
9,2.0,0,7,13,13,5,8,8,8,0,0,0,1.0,1.0,0,0,0,0,1,0,1
1,9.0,0,1,3,4,1,1,2,2,0,0,0,0.68,0.66,0,0,0,0,1,0,1
149,8.0,0,0,0,0,4,17,42,57,7,0,0,0.99,0.93,0,0,0,0,1,0,0
3,16.0,0,0,0,0,1,1,1,1,1,0,0,0.38,0.44,0,0,0,0,1,0,0
2,8.0,0,0,0,1,0,7,9,14,1,0,0,0.97,0.98,0,0,0,0,1,0,1
12,2.0,0,0,0,0,0,0,0,0,0,0,0,0.33,0.24,0,1,0,0,1,0,0
6,2.0,0,9,18,30,8,26,38,52,0,0,0,0.79,0.87,0,0,0,0,1,0,1
3,8.0,0,100,100,100,6,20,42,63,0,0,0,-99.0,-99.0,0,0,0,0,1,0,1
2,8.0,2,11,21,33,3,13,21,26,0,0,0,0.81,0.82,0,0,0,0,1,0,1
5,8.0,0,5,5,9,1,3,5,8,0,0,0,0.99,0.99,0,0,0,0,1,0,1
0,8.0,0,3,5,7,3,4,4,8,1,0,0,0.82,0.75,0,0,0,0,1,0,1
0,2.0,1,2,3,4,2,3,6,7,0,0,0,0.76,0.72,0,0,0,0,1,0,1
328,12.0,0,0,0,0,5,12,37,51,2,0,0,0.0,0.0,0,0,0,0,1,0,0
2,9.0,0,0,0,0,0,0,0,0,0,0,0,0.93,0.74,0,0,0,0,1,0,0
38,8.0,0,2,40,72,12,33,96,124,15,0,0,0.86,0.91,0,0,0,0,1,0,0
-1,8.0,0,66,66,77,10,35,65,90,13,0,0,0.19,0.5,2,0,0,0,1,0,1
41,8.0,3,35,67,99,8,43,79,110,19,0,0,0.91,0.95,0,0,0,1,1,0,0
1386,8.0,253,0,1008,2016,252,752,1388,2054,368,0,0,1.0,0.98,0,0,0,0,1,0,0
30,12.0,0,205,294,383,84,175,389,736,23,0,0,0.7,0.77,0,0,0,0,1,0,1
31,8.0,5,45,75,125,8,42,74,109,51,0,0,0.86,0.68,0,0,0,0,1,0,0
6,4.0,0,0,0,0,0,1,1,1,3,0,0,0.24,0.14,0,1,0,0,1,0,0
4,8.0,0,0,0,0,0,0,0,1,2,0,0,0.9,0.88,0,1,0,0,1,0,0
-2,8.0,0,9,9,12,0,0,3,10,2,0,0,0.81,0.82,2,0,0,0,1,0,1
0,2.0,0,3,3,3,0,0,0,0,0,0,0,0.0,0.0,0,1,0,1,1,0,1
2,8.0,0,0,1,2,1,2,2,3,0,0,0,0.82,0.78,0,0,0,0,1,0,0
8,12.0,20,76,132,172,60,140,170,233,0,0,0,0.63,0.72,0,0,0,0,1,0,1
0,12.0,0,1,1,1,0,0,0,0,0,0,0,0.82,0.79,0,1,0,1,1,0,1
10,9.0,0,0,2,8,0,5,9,12,1,0,0,0.99,0.98,0,0,0,0,1,0,0
19,2.0,0,0,0,10,8,15,19,20,0,0,0,0.45,0.45,0,1,0,1,1,0,1
13,8.0,8,491,807,1133,73,291,599,948,102,0,12,0.62,0.62,10,1,0,0,1,0,1
22,8.0,0,0,0,0,0,0,0,0,2,0,0,0.42,0.36,0,0,0,0,1,0,0
24,2.0,0,0,0,0,1,1,1,8,1,0,0,0.78,0.81,0,1,0,0,1,0,0
0,8.0,0,9,14,19,0,5,11,15,0,0,0,0.51,0.53,0,1,0,0,1,0,1
8,8.0,0,0,0,0,1,2,2,4,0,0,0,0.8,0.82,0,0,0,1,1,0,0
1,8.0,0,0,0,0,0,0,1,151,29,0,0,0.84,0.86,0,1,0,0,1,0,0
3,8.0,0,18,27,45,6,17,30,43,0,0,0,0.99,0.99,0,0,0,1,1,0,1
4,8.0,0,0,0,0,0,0,0,1,1,0,0,0.99,0.99,0,0,0,0,1,0,0
5,4.0,0,7,9,12,5,16,25,27,1,0,0,0.22,0.11,0,1,0,0,1,0,1
-1,12.0,0,16,24,32,1,7,12,21,0,0,0,0.47,0.39,1,0,0,0,1,0,1
0,8.0,0,4,6,8,0,4,6,8,0,0,0,0.46,0.35,0,0,0,0,1,0,1
0,2.0,0,30,30,30,1,1,1,1,0,0,0,0.24,0.28,0,1,0,0,1,0,1
22,8.0,0,0,0,0,2,2,2,3,0,0,0,0.96,0.96,0,0,0,0,1,0,0
14,12.0,0,0,0,0,0,0,0,0,0,0,0,0.62,0.69,0,0,0,1,1,0,0
9,9.0,0,0,0,0,0,1,1,1,0,0,0,0.86,0.84,0,1,0,1,1,0,0
94,12.0,0,8,72,128,0,18,64,154,7,0,0,0.37,0.5,0,0,0,0,1,0,0
42,2.0,1,475,884,1370,124,207,246,292,44,0,46,0.69,0.69,0,0,0,0,1,0,1
0,8.0,0,8,13,18,0,3,6,11,1,0,0,0.59,0.59,0,0,0,0,1,0,1
23,8.0,25,0,25,50,3,23,51,81,15,0,0,0.98,0.93,0,0,0,0,1,0,0
0,2.0,0,10,10,10,0,0,0,0,0,0,0,0.9,0.94,0,1,0,0,1,0,1
0,8.0,0,6,6,6,0,0,0,0,1,0,0,0.42,0.36,0,0,0,0,1,0,1
1,12.0,0,52,80,108,18,45,86,136,15,0,4,0.87,0.78,0,0,0,0,1,0,1
67,12.0,0,0,0,0,0,2,2,2,0,0,0,0.93,0.95,0,1,0,0,1,0,0
3,8.0,0,0,0,0,0,0,0,0,1,0,0,0.88,0.92,0,0,0,0,0,0,0
3,2.0,0,3,9,12,1,4,12,17,0,0,0,0.98,0.97,0,0,0,0,1,0,1
10,8.0,10,0,5,5,1,8,16,17,0,0,0,0.8,0.82,0,0,0,0,1,0,0
202,4.0,109,137,221,305,52,178,351,578,28,0,0,0.77,0.8,0,0,0,0,1,0,0
0,2.0,0,11,20,21,0,0,0,0,0,0,0,0.8,0.82,0,0,0,1,1,0,1
4,2.0,0,3,4,5,3,5,5,5,1,0,0,0.95,0.96,0,0,0,0,1,0,1
6,2.0,0,0,0,0,0,0,0,0,0,0,0,1.0,1.0,0,0,0,0,1,0,0
6,8.0,0,8,24,32,9,14,24,39,1,0,0,0.76,0.78,0,0,0,0,1,0,1
1,2.0,0,3,5,6,1,2,4,6,0,0,0,0.99,0.98,0,1,0,0,1,0,1
0,2.0,0,5,7,11,2,4,7,10,1,0,0,0.97,0.97,0,0,0,0,1,0,1
283,8.0,2,0,0,0,14,45,82,133,21,0,0,1.0,1.0,0,0,0,0,1,0,0
72,4.0,0,0,0,0,3,22,43,65,0,0,0,0.73,0.78,0,0,0,0,1,0,0
6,8.0,0,23,35,59,15,38,60,76,6,0,0,0.97,0.97,0,0,0,0,1,0,1
2,9.0,0,4,6,7,3,6,6,6,0,0,0,0.85,0.83,0,0,0,0,1,0,1
13,9.0,0,0,0,0,0,0,0,0,0,0,0,0.7,0.66,0,0,0,0,1,0,0
5,8.0,0,0,0,0,0,0,0,0,0,0,0,0.98,0.98,0,1,0,0,1,0,0
0,4.0,0,0,0,0,1,2,2,3,0,0,0,0.82,0.79,0,0,0,0,1,0,1
11,2.0,0,0,0,0,0,0,0,0,1,0,0,0.95,0.96,0,0,0,1,1,0,1
5,8.0,0,24,40,56,5,19,33,62,2,0,8,0.55,0.4,0,0,0,0,1,0,1
1,8.0,0,12,12,18,5,8,10,19,0,0,0,1.0,1.0,0,0,0,0,1,0,1
1,2.0,0,3,3,3,4,5,5,5,0,0,0,0.87,0.93,0,1,0,1,1,0,1
3,2.0,0,10,10,10,0,0,0,0,0,0,0,1.0,0.97,0,1,0,0,1,0,0
4,10.0,0,0,0,0,0,0,0,0,0,0,0,0.89,0.9,0,0,0,0,1,0,0
9,2.0,0,0,0,0,0,1,5,6,0,0,0,0.85,0.76,0,0,0,1,1,0,1
116,8.0,39,414,738,1026,106,391,652,878,117,0,54,0.43,0.46,0,0,0,1,1,0,1
0,12.0,0,4,8,10,0,0,0,0,0,0,0,0.22,0.26,0,0,0,0,1,0,0
118,2.0,60,125,281,401,57,182,369,497,54,0,0,0.94,0.89,0,0,0,0,1,0,0
0,12.0,1,5,9,12,3,7,11,16,0,0,0,0.78,0.78,0,0,0,1,1,0,1
0,9.0,0,5,7,9,0,2,4,7,0,0,0,0.91,0.77,0,1,0,0,1,0,1
9,12.0,0,0,0,0,0,0,0,0,0,0,0,0.9,0.95,0,0,0,0,1,0,0
-1,8.0,0,14,19,24,43,47,58,74,2,0,0,0.95,0.96,1,0,0,0,1,0,1
8,8.0,0,0,0,1,1,5,5,5,0,0,0,0.96,0.9,0,0,0,0,1,0,0
143,2.0,0,0,0,0,5,14,20,29,0,0,0,0.93,0.95,0,0,0,0,1,0,0
-2,8.0,0,12,12,12,0,0,0,2,2,0,0,0.06,0.13,2,0,0,1,1,0,1
158,8.0,1,0,0,0,0,7,21,33,3,0,0,0.52,0.52,0,0,0,0,1,0,0
33,8.0,0,0,0,0,1,7,37,43,11,0,0,0.87,0.9,0,0,0,0,1,0,0
7,8.0,0,7,13,20,1,5,14,19,0,0,0,0.95,0.79,0,0,0,0,1,0,0
-1,8.0,0,14,17,21,44,46,58,74,2,0,0,0.95,0.96,1,0,0,0,1,0,1
95,2.0,0,0,0,0,3,21,47,82,11,0,0,0.97,0.98,0,0,0,0,0,0,0
11,2.0,0,15,36,63,3,10,22,43,0,0,0,0.82,0.89,0,0,0,1,1,0,1
0,8.0,0,0,0,0,0,0,0,0,0,0,0,0.99,0.97,0,0,0,0,1,0,0
1,8.0,0,0,1,1,0,0,1,1,1,0,0,0.79,0.79,0,0,0,0,1,0,1
6,4.0,0,0,0,0,2,3,6,9,1,0,0,0.73,0.78,0,0,0,0,1,0,0
159,2.0,0,0,0,0,10,16,25,35,1,0,0,0.84,0.9,0,0,0,0,1,0,0
3,8.0,0,9,17,27,3,10,18,29,2,0,1,0.43,0.46,0,0,0,0,1,0,1
33,8.0,0,0,0,0,0,0,0,0,0,0,0,0.82,0.92,0,0,0,0,1,0,0
-7,8.0,0,37,41,49,3,22,39,49,2,0,0,0.57,0.74,7,0,0,0,1,0,1
3000,8.0,0,0,0,0,0,1,7,13,2,0,0,0.98,0.99,0,0,0,0,1,0,0
1,2.0,0,24,44,72,9,21,63,85,0,0,0,1.0,0.99,0,0,0,0,1,0,1
10,2.0,0,10,15,15,4,13,30,49,4,0,0,0.81,0.83,0,0,0,0,1,0,1
0,2.0,0,1,1,1,0,0,0,0,0,0,0,0.31,0.34,0,1,0,0,1,0,1
0,2.0,1,3,3,5,2,5,8,12,0,0,0,0.94,0.81,0,0,0,0,1,0,1
0,2.0,0,4,7,7,0,0,0,0,0,0,0,0.37,0.36,0,1,0,0,1,0,1
18,8.0,0,18,36,54,4,15,42,67,7,0,0,1.0,0.99,0,0,0,1,1,0,0
58,12.0,0,0,0,0,3,15,20,33,0,0,0,0.98,0.97,0,0,0,0,1,0,0
15,2.0,0,0,0,0,0,0,1,1,0,0,0,-99.0,0.5,0,1,0,0,1,0,0
45,8.0,0,0,0,0,3,12,21,35,0,0,0,0.48,0.53,0,0,0,0,1,0,1
2,8.0,0,12,12,12,1,4,6,6,0,0,0,0.99,0.94,0,0,0,0,1,0,1
2,2.0,0,0,17,17,0,1,1,4,1,0,0,0.91,0.89,0,0,0,0,1,0,0
198,8.0,3,1040,1412,1772,218,620,1102,1858,551,0,0,0.09,0.09,0,0,0,1,1,0,1
1062,9.0,7,418,828,1140,343,663,1228,1537,355,0,0,0.86,0.84,0,0,0,0,1,0,0
11,2.0,0,0,0,0,0,0,0,0,0,0,0,0.0,0.5,0,1,0,0,1,0,1
1,8.0,0,0,0,0,1,1,1,1,1,0,0,0.98,0.93,0,0,0,0,1,0,0
9,2.0,0,0,0,0,0,1,5,6,0,0,0,0.85,0.76,0,0,0,1,1,0,1
100,8.0,0,500,750,750,175,302,497,832,0,0,0,0.64,0.8,0,0,0,0,1,0,1
-1,9.0,0,11,11,15,2,22,25,32,3,0,0,0.52,0.41,1,0,0,0,1,0,1
1,9.0,0,15,29,43,1,3,5,10,0,0,0,0.87,0.72,0,0,0,0,1,0,1
16,8.0,0,0,0,0,0,0,0,0,0,0,0,0.83,0.92,0,0,0,0,1,0,0
2,2.0,0,300,300,300,9,13,20,28,0,0,0,0.64,0.63,0,0,0,0,1,0,1
0,8.0,0,5,6,8,2,6,9,15,2,0,0,0.95,0.96,0,0,0,0,1,0,1
7,8.0,0,0,0,0,0,0,0,0,2,0,0,1.0,0.99,0,0,0,0,1,0,0
0,10.0,0,21,33,47,5,12,21,33,8,0,0,0.89,0.9,0,0,0,0,1,0,1
0,3.0,0,5,8,10,1,3,7,7,0,0,0,0.89,0.9,0,0,0,0,1,0,1
48,8.0,0,0,0,0,1,1,1,1,2,0,0,0.99,0.98,0,0,0,0,1,0,0
7,2.0,0,0,0,0,1,4,4,4,0,0,0,0.99,0.99,0,1,0,0,1,0,0
7,8.0,0,0,0,0,0,0,0,0,0,0,0,0.5,0.4,0,0,0,0,1,0,0
1,3.0,0,155,249,340,36,130,229,270,23,0,25,0.52,0.41,2,0,0,0,1,0,1
104,9.0,16,165,255,363,33,148,249,383,25,0,0,0.87,0.82,0,0,0,0,1,0,0
63,4.0,0,0,0,0,2,3,4,4,2,0,0,0.73,0.78,0,0,0,0,1,0,0
0,2.0,0,16,24,32,6,11,24,34,0,0,0,0.76,0.78,0,0,0,0,1,0,1
40,52.0,0,0,0,0,9,24,43,57,4,0,0,0.84,0.89,0,1,0,1,1,0,0
4,8.0,0,0,0,0,0,0,0,2,0,0,0,0.98,0.97,0,0,0,0,1,0,0
20922,8.0,0,0,0,0,41,107,209,494,65,0,0,0.91,0.93,0,0,0,0,1,0,0
3,2.0,0,196,316,436,43,121,193,249,48,0,46,0.12,0.06,0,0,0,1,1,0,1
-152,12.0,0,615,861,984,133,299,513,692,0,0,0,0.0,0.01,69,0,0,0,1,0,1
14,12.0,46,124,249,362,58,134,249,353,52,0,0,0.43,0.45,0,0,0,0,1,0,1
25,12.0,3,1320,1680,2160,200,559,960,1471,328,0,120,0.78,0.78,20,0,0,0,1,0,1
3,0.0,0,12,26,38,5,16,29,42,1,0,0,0.0,0.0,0,0,0,1,0,0,1
108,8.0,0,0,0,0,0,0,8,12,0,0,0,0.92,0.66,0,0,0,0,1,0,0
84,9.0,0,46,96,136,17,44,101,145,12,0,0,0.85,0.82,0,0,0,0,1,0,1
1020,12.0,32,553,853,1605,232,1132,2963,4398,97,0,0,0.76,0.78,0,0,0,1,1,0,0
0,8.0,0,10,20,20,2,7,11,15,1,0,0,0.25,0.36,0,1,0,0,0,0,1
50,2.0,0,0,0,0,1,2,13,13,0,0,0,0.83,0.86,0,1,0,0,1,0,0
0,2.0,0,87,87,87,0,0,0,0,1,0,0,-99.0,-99.0,0,1,0,0,1,0,0
2,8.0,0,4,5,9,3,8,17,34,1,0,0,0.99,0.86,0,0,0,0,1,0,1
2,2.0,0,6,6,12,5,6,6,6,0,0,0,0.38,0.4,0,1,0,0,1,0,1
18,2.0,0,100,100,100,16,38,70,136,66,0,0,0.98,0.97,0,0,0,0,1,0,1
9,8.0,0,0,0,4,0,0,3,8,2,0,0,0.96,0.88,0,0,0,0,1,0,0
4,2.0,0,5,10,15,5,14,18,18,1,0,0,0.67,0.62,0,1,0,0,1,0,1
1,2.0,0,132,228,336,14,46,62,65,0,0,36,0.9,0.91,0,1,0,0,1,0,1
5,8.0,0,0,0,5,2,4,7,15,1,0,0,0.96,0.92,0,0,0,0,1,0,1
0,8.0,0,9,14,24,3,8,16,21,0,0,0,0.17,0.33,0,0,0,0,1,0,1
3,12.0,0,0,0,0,0,0,0,0,0,0,0,0.73,0.76,0,1,0,0,1,0,0
628,8.0,24,48,456,900,100,442,1166,1896,113,0,0,0.79,0.77,0,0,0,0,1,0,0
3,12.0,0,0,0,0,0,0,0,0,0,0,0,0.74,0.74,0,0,0,0,1,0,0
50,8.0,0,0,0,0,6,16,31,51,1,0,0,0.66,0.81,0,1,0,0,1,0,0
175,2.0,478,444,924,1212,173,540,889,1245,124,0,24,0.76,0.82,0,0,0,0,1,0,0
0,8.0,0,3,5,7,3,4,4,8,1,0,0,0.82,0.75,0,0,0,0,1,0,1
1,8.0,1,2,5,8,1,3,5,11,2,0,0,0.68,0.81,0,0,0,1,1,0,1
1,12.0,0,3,5,7,0,2,4,4,0,0,0,0.7,0.77,0,0,0,0,1,0,1
10,2.0,0,15,15,15,0,0,0,0,0,0,0,0.96,0.93,0,1,0,0,1,0,0
1,8.0,0,0,0,0,0,0,1,2,1,0,0,0.75,0.74,0,1,0,0,1,0,0
347,8.0,0,0,0,0,0,0,0,0,0,0,0,-99.0,-99.0,0,0,0,0,1,0,0
3,12.0,0,0,0,0,0,0,2,7,0,0,0,0.74,0.74,0,1,0,0,1,0,0
3,4.0,0,2,4,4,0,0,0,0,1,0,0,0.89,0.9,0,1,0,0,1,0,0
0,12.0,0,11,11,11,0,0,0,0,1,0,2,0.58,0.58,0,1,0,0,1,0,0
0,8.0,0,24,39,57,11,25,48,66,0,0,0,0.99,0.99,0,0,0,0,1,0,1
423,8.0,0,0,0,0,1,4,8,9,18,0,0,0.74,0.84,0,1,0,0,1,0,0
0,4.0,0,7,11,15,5,8,17,19,0,0,0,0.43,0.45,0,0,0,0,1,0,1
49,8.0,0,0,0,0,0,1,1,1,1,0,0,0.96,0.96,0,1,0,0,1,0,0
0,8.0,0,52,80,80,0,0,0,0,15,0,0,0.7,0.39,0,1,0,1,0,0,1
647,8.0,23,0,500,500,75,264,512,989,114,0,0,0.44,0.62,5,0,0,1,1,0,0
209,2.0,0,0,0,0,0,0,0,20,1,0,0,-99.0,0.0,0,1,0,0,1,0,0
0,2.0,4,3,5,5,1,4,6,7,0,0,0,0.3,0.16,0,1,0,1,0,0,1
7,9.0,0,0,0,0,0,0,0,0,0,0,0,0.43,0.45,0,0,0,0,1,0,0
75,8.0,1,363,597,879,108,300,524,717,65,0,0,0.68,0.69,2,0,0,1,1,0,1
743,52.0,0,0,0,0,10,65,133,179,22,0,0,1.0,0.86,0,1,0,0,0,0,0
6,8.0,0,350,550,550,40,151,306,477,69,0,0,0.15,0.24,4,0,0,0,1,0,1
0,2.0,0,1017,1647,1815,0,0,0,0,85,0,0,0.79,0.66,0,1,0,0,1,0,1
5,2.0,0,0,0,0,0,0,0,0,0,0,0,0.68,0.64,0,0,0,0,1,0,0
0,12.0,0,9,9,9,1,2,5,5,0,0,1,0.42,0.36,0,0,0,0,1,0,1
5,4.0,0,0,15,15,3,5,8,12,0,0,0,0.95,0.94,0,0,0,0,1,0,1
4995,52.0,0,0,0,0,0,0,0,0,0,0,0,0.64,0.8,0,1,0,0,0,0,0
0,2.0,0,4,7,8,0,0,0,0,0,0,2,0.42,0.36,0,0,0,1,1,0,1
0,12.0,0,5,12,17,3,6,13,19,0,0,0,0.62,0.73,0,0,0,0,1,0,1
5,2.0,0,0,0,1,0,0,5,5,0,0,0,0.93,0.93,0,1,0,0,1,0,0
58,4.0,13,0,0,0,3,3,3,3,3,0,0,0.22,0.14,0,1,0,0,1,0,0
5,8.0,0,0,0,0,0,0,0,0,1,0,0,1.0,0.94,0,0,0,0,1,0,0
0,4.0,0,0,0,0,0,0,0,0,0,0,0,0.24,0.14,0,0,0,0,1,0,1
1,12.0,0,50,80,100,10,33,53,92,2,0,0,0.86,0.74,1,0,0,0,1,0,1
0,8.0,3,0,0,0,4,7,8,10,0,0,0,0.71,0.75,0,0,0,0,1,0,1
20,2.0,3,432,648,864,88,237,447,687,119,0,72,0.61,0.57,0,0,0,1,1,0,1
11,12.0,0,0,0,0,3,9,9,9,1,0,0,0.48,0.48,0,1,0,0,1,0,1
249,12.0,0,0,0,0,3,8,18,32,0,0,0,0.93,0.89,0,0,0,0,1,0,0
0,8.0,1,6,7,11,3,8,13,18,1,0,0,0.74,0.69,0,0,0,0,1,0,1
101,2.0,26,70,194,298,26,108,294,509,53,0,0,1.0,0.98,0,0,0,0,1,0,0
2,12.0,0,10,10,10,2,12,17,25,0,0,0,0.78,0.78,0,0,0,1,1,0,1
22,8.0,0,0,0,0,0,0,0,2,2,0,0,1.0,0.99,0,1,0,0,1,0,0
6,4.0,0,0,0,0,0,1,1,1,3,0,0,0.24,0.14,0,1,0,0,1,0,0
0,2.0,0,5,5,5,0,0,0,0,0,0,0,0.0,0.0,0,1,0,1,1,0,1
3,12.0,0,15,18,27,9,19,31,38,1,0,3,0.73,0.76,0,0,0,0,1,0,1
385,12.0,0,0,0,0,21,31,54,60,0,0,0,0.96,0.86,0,0,0,0,1,0,1
99,2.0,0,0,0,0,13,526,526,526,0,0,0,0.69,0.72,0,1,0,0,1,0,1
6,9.0,0,12,12,24,4,8,15,19,1,0,0,0.99,0.99,0,0,0,0,1,0,0
2,8.0,0,112,112,212,12,75,103,146,19,0,0,0.0,0.0,10,0,0,0,1,0,1
0,8.0,0,3,6,9,2,4,6,8,1,0,0,0.82,0.89,0,0,0,0,1,0,1
3,8.0,3,14,38,62,4,17,29,40,1,0,0,0.84,0.78,0,0,0,1,1,0,1
5,8.0,0,25,40,55,10,25,41,72,0,0,0,0.8,0.82,0,0,0,0,1,0,1
0,8.0,0,40,60,100,4,17,34,46,0,0,0,1.0,1.0,0,0,0,0,1,0,1
5,2.0,0,7,18,27,5,5,5,5,0,0,0,0.97,0.92,0,0,0,0,1,0,1
7,4.0,0,0,0,0,0,0,0,0,0,0,0,0.22,0.14,0,1,0,0,1,0,0
3,8.0,0,2,2,6,2,6,9,12,0,0,0,0.85,0.89,0,0,0,1,1,0,1
26,8.0,0,0,0,0,0,0,0,0,0,0,0,0.42,0.36,0,0,0,0,1,0,0
9,8.0,0,29,55,100,13,39,82,105,14,0,0,0.37,0.4,0,0,0,0,1,0,1
11,2.0,3,432,648,936,71,238,449,680,122,0,0,0.61,0.57,0,0,0,1,1,0,1
10,8.0,0,0,0,0,0,0,0,0,0,0,0,0.93,0.96,0,0,0,0,1,0,0
0,12.0,0,1,1,1,0,0,1,1,0,0,1,0.63,0.72,0,0,0,1,1,0,1
13,12.0,5,0,0,0,0,0,0,0,1,0,0,0.48,0.48,0,1,0,0,1,0,0
46,2.0,8,79,146,216,33,72,137,234,27,0,7,0.0,0.0,0,0,0,0,1,0,1
9,8.0,0,0,8,8,3,5,11,21,2,0,0,0.71,0.71,0,0,0,0,1,0,0
15,8.0,0,120,240,360,39,99,206,282,18,0,0,0.92,0.79,0,0,0,1,1,0,1
19,8.0,0,0,0,0,0,0,0,0,0,0,0,0.61,0.62,0,0,0,0,1,0,0
9,8.0,0,0,0,0,0,0,3,3,1,0,0,0.94,0.98,0,0,0,0,1,0,0
1,3.0,4,4,9,15,2,4,11,14,1,0,0,0.94,0.97,0,0,0,0,1,0,1
626,8.0,24,1152,2464,3936,425,1404,2809,4296,177,0,112,0.99,0.98,0,0,0,0,1,0,0
109,8.0,2,0,0,70,10,33,64,103,17,0,0,0.97,0.95,0,0,0,0,1,0,0
0,4.0,3,1,3,5,0,0,0,0,0,0,0,0.69,0.68,0,1,0,0,1,0,1
13,4.0,0,27,49,71,6,28,51,84,8,0,1,0.79,0.66,1,0,0,0,1,0,1
57,2.0,0,3,43,87,13,33,53,73,1,0,0,1.0,1.0,0,1,0,0,1,0,1
371,8.0,0,400,400,400,1,9,14,83,50,0,0,-99.0,1.0,0,0,0,0,1,0,0
39,8.0,2,50,100,100,14,41,70,107,32,0,0,0.88,0.87,0,0,0,0,1,0,0
20,2.0,0,0,0,0,0,0,0,0,0,0,0,0.98,0.98,0,0,0,1,1,0,0
13,12.0,0,0,0,0,0,0,0,0,1,0,0,0.58,0.58,0,1,0,0,1,0,0
8,12.0,0,0,0,1,0,3,11,13,4,0,0,0.73,0.76,0,0,0,0,1,0,0
25,12.0,1,744,1228,1780,181,571,1099,1580,10,0,28,0.57,0.68,1,0,0,0,1,0,1
19,2.0,0,0,0,0,0,0,0,0,0,0,0,0.98,0.96,0,1,0,0,1,0,0
5380,8.0,0,0,0,0,1,4,23,28,3,0,0,1.0,0.7,0,0,0,0,1,0,0
4,2.0,0,4,8,12,2,7,11,12,0,0,0,0.94,0.95,0,0,0,0,1,0,1
1,8.0,0,1,2,3,0,1,1,2,0,0,0,0.8,0.82,0,0,0,0,1,0,0
118,2.0,13,210,390,560,75,242,473,731,126,0,0,0.98,0.94,0,0,0,0,1,0,0
16,8.0,0,0,0,0,1,6,13,15,0,0,0,0.99,0.94,0,1,0,0,1,0,0
0,8.0,0,3171,5114,5773,0,1,3,7,183,0,0,0.76,0.8,0,0,0,0,1,0,1
7,12.0,0,0,0,0,0,0,0,0,0,0,0,0.78,0.78,0,0,0,0,1,0,0
8,2.0,6,37,55,79,5,18,23,29,0,0,0,0.0,0.02,0,1,0,0,1,0,1
14,8.0,0,0,0,0,2,5,7,8,2,0,0,0.35,0.54,0,0,0,1,1,0,1
0,2.0,0,9,15,16,0,0,0,0,0,0,0,0.26,0.32,0,1,0,0,1,0,1
0,8.0,0,4,8,8,4,8,11,17,0,0,0,0.66,0.69,0,0,0,0,1,0,1
-7,8.0,12,844,1344,1864,174,618,1056,1416,186,0,0,0.95,0.97,13,0,0,0,1,0,1
8,2.0,0,0,0,0,0,0,0,0,0,0,0,0.97,0.93,0,1,0,0,1,0,0
35,9.0,4,6,30,48,4,14,27,50,0,0,0,0.86,0.84,0,0,0,0,1,0,0
7,2.0,0,0,4,4,0,1,2,3,0,0,0,0.9,0.9,0,0,0,0,1,0,0
137,12.0,0,0,0,43,26,58,120,193,20,0,0,0.46,0.35,0,0,0,0,1,0,0
1,10.0,0,1,3,4,1,2,3,3,0,0,0,0.89,0.9,0,0,0,0,1,0,1
6,2.0,0,19,45,72,9,23,46,58,0,0,0,1.0,0.99,0,0,0,0,1,0,1
0,8.0,0,16,24,33,3,11,15,20,0,0,0,0.86,0.88,0,0,0,0,1,0,1
8,2.0,0,0,0,0,0,0,0,0,1,0,0,0.98,0.97,0,0,0,0,1,0,0
36,12.0,0,9,9,9,1,4,20,34,1,0,0,0.93,0.94,0,0,0,0,1,0,0
2,9.0,2,14,19,24,7,8,12,19,0,0,0,0.86,0.84,0,0,0,0,1,0,1
0,8.0,0,8,11,14,6,8,11,14,0,0,0,1.0,0.92,0,0,0,0,1,0,1
0,8.0,0,4,6,8,0,1,4,6,0,0,0,0.85,0.56,0,0,0,1,1,0,1
22,8.0,0,0,0,0,1,1,2,5,0,0,0,0.99,0.95,0,0,0,0,1,0,0
1,14.0,0,8,8,8,0,0,3,8,0,0,0,0.89,0.9,0,0,0,0,1,0,1
26,8.0,0,0,4,10,3,9,17,39,0,0,0,0.61,0.62,0,0,0,0,1,0,0
1051,8.0,0,0,0,0,0,0,0,0,0,0,0,0.9,0.92,0,0,0,0,1,0,0
2,8.0,0,13,20,27,4,8,16,23,0,0,0,0.42,0.36,0,0,0,0,1,0,1
15,2.0,0,0,0,0,0,26,36,43,0,0,0,1.0,0.96,0,0,0,0,1,0,1
0,12.0,0,205,205,205,0,0,3,4,0,0,0,0.96,0.86,0,1,0,0,1,0,1
11,4.0,0,0,0,0,0,0,0,0,0,0,0,0.77,0.8,0,1,0,0,1,0,0
10,8.0,0,92,137,182,13,53,109,167,18,0,0,0.48,0.57,0,0,0,1,1,0,1
12,8.0,0,0,4,6,0,2,6,9,0,0,0,0.97,0.98,0,0,0,0,1,0,0
7,8.0,0,8,20,27,6,14,27,51,4,0,1,0.96,0.96,0,0,0,0,1,0,1
3359,2.0,14,0,0,0,20,94,198,310,45,0,0,0.62,0.65,0,0,0,0,1,0,0
42,2.0,0,44,132,220,7,47,112,180,5,0,0,0.96,0.92,0,0,0,0,1,0,1
114,4.0,104,17,119,170,10,74,185,252,0,0,0,0.73,0.78,0,0,0,0,1,0,0
2,8.0,0,0,0,0,0,0,0,0,0,0,0,0.89,0.88,0,0,0,0,1,0,0
3,8.0,0,19,29,39,3,8,20,29,0,0,0,0.98,0.97,0,0,0,0,1,0,1
0,2.0,0,16,16,16,0,0,0,0,0,0,0,0.78,0.76,0,1,0,0,1,0,1
6,4.0,0,0,0,0,0,0,0,0,0,0,0,0.93,0.85,0,1,0,0,1,0,0
14,8.0,0,0,0,0,0,0,5,10,2,0,0,0.42,0.36,0,0,0,0,1,0,1
64,9.0,0,0,0,0,0,2,2,4,0,0,0,0.85,0.82,0,0,0,0,1,0,0
0,2.0,1,3,3,3,4,5,5,5,0,0,0,0.93,0.96,0,1,0,1,1,0,1
8,2.0,0,0,0,0,0,1,1,2,0,0,0,0.98,0.98,0,0,0,0,1,0,0
46,8.0,20,1904,2907,4126,701,1670,2925,3604,564,0,234,0.65,0.67,26,0,0,1,1,0,1
4,8.0,0,0,0,1,2,4,6,13,2,0,0,0.73,0.77,0,0,0,0,1,0,0
0,2.0,0,111,111,111,1,4,7,15,21,0,0,0.1,0.04,0,1,0,1,1,0,1
5,8.0,0,0,0,0,0,0,3,5,0,0,0,0.85,0.78,0,0,0,0,1,0,0
68,4.0,100,0,0,0,0,31,33,65,0,0,0,0.73,0.78,0,0,0,0,1,0,0
0,2.0,0,538,826,826,0,3,4,4,33,0,0,0.0,0.14,0,0,0,0,1,0,1
0,8.0,0,1,1,1,0,1,1,2,1,0,0,0.97,0.97,0,0,0,1,1,0,1
47,8.0,25,139,241,380,51,145,237,335,57,0,0,0.84,0.89,0,0,0,0,1,0,0
12,2.0,0,0,0,0,0,0,0,0,0,0,0,0.67,0.62,0,0,0,0,1,0,0
-18,8.0,1,502,799,1070,151,345,823,1146,57,0,0,0.77,0.74,27,0,0,0,1,0,1
4,8.0,0,0,4,4,1,4,4,4,0,0,0,0.92,0.75,0,0,0,0,1,0,1
21,8.0,0,48,96,96,10,38,61,93,1,0,0,0.0,0.33,0,0,0,0,1,0,1
106,8.0,34,1100,1650,2200,180,587,1232,1951,211,0,0,0.21,0.37,0,0,0,0,1,0,1
5,8.0,0,0,0,0,0,0,0,0,0,0,0,1.0,0.99,0,0,0,1,1,0,0
0,8.0,0,5,10,11,3,5,8,13,3,0,0,0.14,0.32,0,0,0,0,1,0,1
1,8.0,0,10,10,20,6,13,18,23,0,0,0,0.0,0.0,0,0,0,0,1,0,1
-2,8.0,3,15,21,30,19,25,28,43,8,0,0,0.99,0.99,2,0,0,0,1,0,1
5,2.0,0,0,0,0,4,12,16,16,0,0,0,0.99,0.99,0,1,0,0,1,0,1
0,9.0,0,3,4,6,0,1,2,3,0,0,0,0.94,0.91,0,0,0,0,1,0,1
2,14.0,0,20,35,45,6,23,32,50,15,0,0,0.3,0.38,0,0,0,0,1,0,1
4,9.0,0,1,3,3,0,0,0,0,0,0,0,0.68,0.66,0,1,0,0,1,0,0
3,2.0,0,80,120,160,23,45,76,96,0,0,0,0.99,0.99,0,0,0,0,1,0,1
267,8.0,20,435,645,870,230,489,647,804,229,0,0,0.91,0.93,0,0,0,1,1,0,1
91,9.0,0,160,280,400,28,123,235,332,38,0,0,0.95,0.89,0,0,0,0,1,0,0
0,8.0,0,5,10,10,3,6,8,18,1,0,0,0.96,0.92,0,0,0,0,1,0,1
0,12.0,0,7,12,13,4,7,16,22,0,0,0,0.66,0.69,0,0,0,0,1,0,1
0,2.0,0,0,0,0,0,0,0,0,0,0,0,0.37,0.36,0,0,0,0,1,0,1
516,8.0,0,0,0,0,70,183,430,615,42,0,0,0.69,0.59,0,0,0,0,1,0,0
14,2.0,0,21,63,63,4,21,39,71,2,0,0,0.85,0.93,0,0,0,0,1,0,0
21,8.0,0,18,36,36,3,14,29,50,16,0,0,0.41,0.46,0,0,0,1,1,0,0
3,8.0,0,5,5,10,4,5,8,16,1,0,0,0.98,0.92,0,0,0,0,1,0,1
0,2.0,0,5,7,7,0,0,0,0,0,0,0,0.69,0.68,0,1,0,0,1,0,0
2,8.0,5,110,167,234,13,39,91,140,16,0,0,0.45,0.69,2,0,0,0,1,0,1
88,8.0,0,1385,1385,1723,21,806,1021,1645,323,0,209,0.49,0.5,0,0,0,0,1,0,1
0,9.0,0,3,4,6,2,3,6,9,4,0,0,0.99,0.98,0,0,0,0,1,0,1
35,8.0,0,0,8,24,3,10,23,31,9,0,0,0.83,0.92,0,0,0,0,1,0,0
55,14.0,0,0,0,0,1,4,7,14,0,0,0,0.32,0.41,0,0,0,0,1,0,0
17,4.0,0,0,0,0,0,0,0,0,0,0,0,0.73,0.78,0,0,0,0,1,0,0
24,8.0,0,0,0,0,0,4,6,7,0,0,0,0.5,0.6,0,0,0,0,1,0,0
1,8.0,0,2,2,3,0,0,0,0,0,0,1,0.0,0.0,0,1,0,0,1,0,1
3,8.0,0,6,8,10,1,3,4,5,0,0,0,0.8,0.82,0,1,0,0,1,0,1
3,8.0,0,0,0,0,0,0,0,2,0,0,0,0.84,0.71,0,0,0,0,1,0,1
-23,8.0,0,173,341,552,53,192,406,548,38,0,0,0.09,0.17,23,0,0,0,1,0,1
10,8.0,0,58,73,85,4,11,29,71,0,0,0,0.37,0.54,0,0,0,0,1,0,1
1,12.0,0,0,0,0,0,0,1,1,0,0,0,0.78,0.78,0,0,0,0,1,0,0
70,52.0,0,0,0,0,1,4,7,12,0,0,0,0.52,0.7,0,1,0,0,1,0,0
0,9.0,0,9,9,9,0,1,3,4,1,0,3,0.85,0.82,0,0,0,0,1,0,1
11,9.0,0,0,3,3,0,2,5,7,1,0,0,0.99,0.98,0,0,0,0,1,0,0
2,8.0,0,0,0,0,0,0,0,0,0,0,0,0.89,0.88,0,0,0,0,1,0,0
3,8.0,0,89,173,271,11,41,68,101,14,0,0,0.89,0.94,0,0,0,0,1,0,1
144,8.0,0,0,112,168,18,47,142,212,44,0,0,1.0,0.99,0,0,0,0,1,0,0
7,2.0,0,15,15,15,2,9,13,13,1,0,0,0.97,0.98,0,1,0,0,1,0,0
0,2.0,0,6,30,30,0,2,2,2,1,0,0,0.98,0.98,0,0,0,0,1,0,1
6,2.0,0,3,9,12,6,13,29,44,3,0,0,0.84,0.9,0,0,0,0,1,0,1
3944,4.0,1310,7210,12660,19710,2405,7244,13507,22042,1523,0,0,0.87,0.92,0,0,0,0,1,0,0
128,2.0,0,0,0,0,0,0,1,1,0,0,0,0.99,0.97,0,0,0,0,1,0,0
9,9.0,9,6,6,8,4,16,18,22,1,0,0,0.85,0.82,0,1,0,1,1,0,0
12,2.0,12,0,0,0,0,0,0,0,0,0,0,0.41,0.18,0,1,0,0,1,0,0
4,8.0,0,9,17,25,6,10,13,20,2,0,0,1.0,0.98,0,0,0,0,1,0,1
17,4.0,37,31,62,93,26,50,80,124,0,0,0,0.73,0.78,0,0,0,0,1,0,0
0,8.0,0,12,30,48,5,16,25,38,0,0,0,0.79,0.66,0,0,0,0,1,0,1
0,2.0,0,40,60,60,0,0,0,0,0,0,0,0.24,0.28,0,0,0,0,1,0,1
0,12.0,0,16,29,39,4,12,23,37,0,0,0,0.78,0.78,0,0,0,1,1,0,1
163,2.0,21,126,342,558,37,114,192,233,43,0,0,0.83,0.52,0,0,0,0,1,0,0
388,2.0,230,480,960,1500,162,562,1040,1534,153,0,0,0.98,0.98,0,0,0,0,1,0,0
81,8.0,0,132,132,132,0,0,0,0,0,0,0,0.96,0.97,0,0,0,0,1,0,0
128,8.0,0,0,0,0,7,7,13,19,0,0,0,1.0,1.0,0,0,0,0,1,0,0
1,12.0,0,69,85,133,4,38,58,90,1,0,0,0.78,0.78,0,0,0,0,1,0,1
0,8.0,0,0,0,0,0,0,0,0,0,0,0,0.37,0.36,0,0,0,0,1,0,0
92,8.0,0,26,26,26,5,25,53,85,3,0,0,0.87,0.92,0,0,0,0,1,0,0
1,2.0,2,2,5,9,1,2,3,3,0,0,0,0.99,0.99,0,0,0,0,1,0,1
2402,16.0,1,0,0,0,8,44,81,131,18,0,0,0.79,0.62,0,0,0,0,1,0,0
81,8.0,0,0,26,36,30,31,130,206,90,0,0,0.88,0.88,0,0,0,0,1,0,0
98,12.0,193,212,660,1047,111,419,923,1413,126,0,0,0.78,0.78,0,0,0,0,1,0,0
3,8.0,0,46,81,121,19,45,89,122,0,0,5,0.8,0.82,0,0,0,0,1,0,1
48,12.0,36,14,74,122,7,68,194,311,0,0,0,0.88,0.93,0,0,0,0,1,0,0
16,2.0,0,0,0,12,5,13,16,19,0,0,0,0.95,0.95,0,0,0,0,1,0,0
1,8.0,0,12,20,28,3,8,10,12,0,0,0,0.61,0.62,0,0,0,0,1,0,1
10,2.0,0,0,6,12,1,6,20,27,1,0,0,0.85,0.77,0,0,0,0,1,0,1
3,8.0,0,0,0,0,0,0,0,0,1,0,0,0.98,0.96,0,0,0,0,1,0,1
31,8.0,11,8,58,98,4,25,65,104,0,0,0,1.0,1.0,0,0,0,1,1,0,1
48,8.0,0,0,0,0,0,0,0,0,2,0,0,0.79,0.79,0,0,0,0,1,0,0
9,8.0,2,8,14,20,4,11,22,39,0,0,0,0.99,0.99,0,0,0,1,1,0,0
53,2.0,0,60,120,180,6,28,35,38,0,0,0,0.95,0.96,0,1,0,0,1,0,0
0,8.0,0,3,4,6,0,2,3,3,0,0,0,0.8,0.83,0,0,0,0,1,0,1
36,0.0,0,655,1120,1589,139,447,862,1191,135,0,0,-99.0,-99.0,6,0,0,1,0,0,1
17,2.0,0,36,48,60,11,17,25,36,0,0,0,1.0,1.0,0,0,0,0,1,0,1
13,8.0,0,0,0,0,0,1,2,2,3,0,0,0.96,0.97,0,0,0,0,1,0,0
140,8.0,69,17,102,170,15,70,169,254,21,0,0,0.99,0.99,0,0,0,0,1,0,0
3,2.0,0,0,0,0,0,0,0,0,0,0,0,0.8,0.83,0,0,0,0,1,0,0
0,2.0,0,233,313,313,0,0,0,0,16,0,0,0.44,0.62,0,0,0,0,1,0,1
51,8.0,0,0,0,0,4,13,34,52,0,0,0,0.98,0.98,0,0,0,0,1,0,0
0,8.0,0,1,1,1,2,5,7,10,0,0,0,0.82,0.89,0,0,0,1,1,0,1
61,8.0,0,0,0,0,2,13,32,50,2,0,0,0.97,0.98,0,0,0,0,1,0,0
58,8.0,20,60,100,180,15,44,115,186,23,0,0,0.9,0.86,0,0,0,0,1,0,0
320,3.0,132,570,1200,1710,191,624,1126,1630,158,0,0,0.98,0.99,0,0,0,0,1,0,0
1,8.0,0,1,2,2,1,1,4,4,0,0,0,0.85,0.56,0,0,0,0,1,0,1
11,8.0,0,0,16,16,0,5,11,13,5,0,0,0.95,0.87,0,0,0,0,1,0,1
318,8.0,95,263,543,739,112,316,641,1035,226,0,0,0.99,0.99,0,0,0,0,1,0,0
19,8.0,0,1,13,25,1,4,22,40,4,0,0,0.91,0.96,0,0,0,0,1,0,0
159,9.0,0,3,63,93,16,85,145,213,0,0,0,0.86,0.84,0,0,0,1,1,0,0
7,8.0,0,0,0,0,0,0,0,0,0,0,0,0.78,0.82,0,0,0,0,1,0,0
225,8.0,0,0,0,0,0,0,0,0,0,0,0,0.99,0.98,0,1,0,1,1,0,1
3,2.0,0,1,4,6,0,3,4,4,0,0,0,0.9,0.94,0,1,0,0,1,0,1
79,2.0,16,58,100,156,25,66,113,166,23,0,0,0.95,0.89,0,0,0,0,1,0,0
1260,9.0,0,0,0,0,0,0,0,0,0,0,0,0.91,0.77,0,0,0,1,1,0,0
7,12.0,0,30,40,60,5,16,27,50,0,0,0,0.78,0.78,0,0,0,1,1,0,1
2,2.0,0,0,0,10,1,2,2,2,0,0,0,0.54,0.45,0,0,0,0,1,0,1
660,8.0,5,320,640,960,157,431,774,1086,153,0,0,0.98,0.98,1,0,0,0,1,0,0
29,2.0,0,0,0,0,0,0,1,1,0,0,0,0.66,0.6,0,0,0,0,1,0,0
51,8.0,0,0,0,0,0,0,0,0,0,0,0,0.31,0.11,0,0,0,0,1,0,0
138,8.0,87,524,886,1060,92,209,484,930,124,0,15,0.22,0.22,0,0,0,0,1,0,0
63,8.0,0,0,0,0,0,0,0,0,0,0,0,0.51,0.47,0,0,0,0,1,0,0
11,2.0,0,0,0,0,0,0,1,1,0,0,0,0.11,0.21,0,0,0,0,1,0,0
6,8.0,0,0,0,0,0,0,0,0,0,0,0,0.95,0.94,0,0,0,0,1,0,0
0,2.0,0,200,200,200,6,6,6,6,67,0,0,0.97,0.97,0,0,0,1,1,0,1
246,8.0,0,0,0,0,0,0,0,0,1,0,0,0.99,0.91,0,0,0,0,1,0,0
0,14.0,0,12,12,12,0,0,1,3,0,0,0,0.44,0.38,0,0,0,0,1,0,1
0,2.0,0,40,75,108,0,0,0,4,1,0,0,0.78,0.89,0,1,0,0,1,0,1
0,8.0,0,11,19,28,1,11,17,31,5,0,0,0.82,0.75,0,0,0,0,1,0,1
1,8.0,0,1,3,4,2,3,5,5,1,0,0,1.0,0.99,0,0,0,0,1,0,1
2,9.0,0,1,2,3,0,1,1,4,0,0,0,0.99,0.99,0,0,0,0,1,0,0
0,2.0,0,65,65,65,0,0,0,0,0,0,0,0.98,0.94,0,1,0,0,1,0,1
69,0.0,0,0,0,0,0,0,2,6,1,0,0,0.0,0.0,0,0,0,0,0,0,0
41,8.0,0,0,0,0,0,0,0,0,2,0,0,-99.0,-99.0,0,0,0,0,1,0,0
2,12.0,0,0,0,0,0,0,0,0,0,0,0,0.63,0.72,0,0,0,0,1,0,0
26,8.0,0,0,0,0,0,0,0,2,0,0,0,0.67,0.62,0,0,0,0,1,0,0
0,8.0,0,5404,7804,10804,0,0,0,0,0,0,0,0.95,0.96,0,0,0,0,1,0,1
18,12.0,142,0,0,40,9,47,114,159,22,0,0,0.78,0.78,0,0,0,0,1,0,0
1,9.0,0,3,3,4,17,18,19,19,0,0,0,0.86,0.84,0,0,0,0,1,0,1
-2,8.0,0,8,8,8,0,1,5,10,2,0,0,0.26,0.34,2,0,0,0,1,0,1
14,8.0,0,0,0,0,0,0,0,0,0,0,0,0.87,0.93,0,0,0,0,1,0,0
819,12.0,0,0,0,0,0,0,0,0,0,0,0,0.74,0.71,0,0,0,1,1,0,0
1,4.0,0,30,30,30,2,6,16,35,3,0,0,0.99,0.98,0,0,0,0,1,0,1
2,3.0,0,0,0,0,0,0,0,0,2,0,0,0.79,0.8,0,0,0,0,1,0,1
6,8.0,0,18,30,42,0,7,14,25,0,0,0,0.97,0.97,0,0,0,0,1,0,1
2,8.0,0,99,99,99,0,10,18,25,0,0,0,0.0,0.16,0,0,0,0,1,0,1
0,8.0,0,2,2,2,0,1,1,1,0,0,0,0.0,0.0,0,0,0,0,1,0,0
0,8.0,0,21,21,21,0,0,0,0,0,0,0,0.87,0.92,0,0,0,0,1,0,0
1,3.0,0,2,3,4,0,1,2,3,0,0,0,0.98,0.98,0,0,0,0,1,0,1
0,8.0,0,30,57,81,3,16,35,48,9,0,0,0.62,0.62,0,0,0,0,1,0,1
0,8.0,0,41,76,111,4,22,33,48,0,0,0,0.88,0.93,0,0,0,0,1,0,1
11,6.0,0,84,84,84,25,35,56,91,11,0,0,0.78,0.78,0,0,0,0,1,0,1
1,4.0,0,8,14,20,2,9,18,24,0,0,0,0.78,0.78,0,0,0,1,1,0,1
19,8.0,0,0,0,0,0,0,1,1,0,0,0,0.97,0.94,0,1,0,1,1,0,0
454,2.0,97,540,1170,1624,201,894,1529,2510,159,0,0,0.9,0.9,0,0,0,0,1,0,0
5,8.0,0,81,119,134,18,46,90,132,11,0,0,-99.0,-99.0,0,0,0,0,1,0,1
2,2.0,0,10,10,10,2,4,4,4,0,0,0,0.99,0.98,0,0,0,0,1,0,1
49,8.0,0,0,0,0,1,4,5,6,0,0,0,0.79,0.87,0,0,0,0,1,0,0
25,2.0,0,778,1300,1938,122,153,153,153,80,0,80,0.54,0.65,5,0,0,0,1,0,1
421,2.0,104,470,1100,1760,161,527,1096,1579,185,0,0,0.96,0.95,0,0,0,0,1,0,0
1,8.0,0,0,0,1,1,1,1,3,0,0,0,0.78,0.82,0,0,0,0,1,0,1
805,2.0,174,720,1290,2025,422,809,1332,1877,226,0,0,1.0,0.94,0,0,0,0,1,0,0
3,8.0,0,0,0,0,0,1,1,1,0,0,0,0.98,0.97,0,0,0,0,1,0,0
3,0.0,5,216,360,480,48,138,245,369,22,0,0,0.0,0.0,10,0,0,1,0,0,1
35,2.0,0,0,0,0,3,6,14,14,1,0,0,0.97,0.97,0,1,0,0,1,0,0
0,9.0,0,4,5,7,3,3,6,7,0,0,0,0.68,0.66,0,0,0,0,1,0,1
1099,8.0,0,0,0,0,0,0,36,85,4,0,0,0.57,0.64,0,0,0,0,1,0,0
299,2.0,13,628,628,628,63,83,84,84,68,0,0,0.98,0.99,0,0,0,0,1,0,1
7,8.0,0,0,0,0,0,0,0,0,0,0,0,0.82,0.81,0,1,0,0,1,0,0
77,4.0,24,1359,2319,3135,178,787,1221,1236,137,0,72,0.57,0.7,2,0,0,0,1,0,1
10,12.0,0,0,0,0,0,0,0,0,1,0,0,0.63,0.63,0,1,0,0,1,0,0
1,8.0,0,1,2,4,2,2,4,6,0,0,0,0.99,0.99,0,0,0,0,1,0,1
3,8.0,0,0,0,1,0,0,2,2,0,0,0,0.46,0.35,0,0,0,0,1,0,0
4,8.0,0,0,2,4,0,1,2,4,0,0,0,0.66,0.42,0,1,0,0,1,0,0
0,8.0,0,8,16,16,1,6,12,15,9,0,0,0.96,0.91,0,0,0,0,1,0,1
0,4.0,0,1519,1791,1791,0,0,0,0,82,0,0,0.77,0.8,0,0,0,0,1,0,1
10,8.0,3,6,17,27,8,20,54,67,0,0,0,0.7,0.74,0,0,0,0,1,0,1
1,8.0,1,57,57,57,2,2,7,7,2,0,0,0.51,0.53,0,1,0,0,1,0,1
0,12.0,0,204,204,204,0,0,0,0,0,0,0,0.94,0.87,0,1,0,1,1,0,1
2,8.0,0,20,40,60,2,10,20,36,3,0,0,0.97,0.96,0,0,0,0,1,0,1
9,8.0,0,0,0,0,0,1,1,1,0,0,0,0.18,0.31,0,0,0,0,1,0,0
11,0.0,0,6,12,18,3,11,28,30,0,0,0,0.91,0.82,0,0,0,0,0,0,1
-40,8.0,0,720,1205,1685,0,23,322,371,100,0,0,0.33,0.25,40,0,0,0,1,0,0
8,2.0,0,0,0,0,3,4,8,8,0,0,0,0.56,0.56,0,1,0,0,1,0,1
-11,12.0,0,33,36,40,0,5,15,22,9,0,0,0.22,0.26,11,0,0,0,1,0,1
5,2.0,0,0,0,0,2,2,3,3,0,0,0,0.17,0.33,0,1,0,1,1,0,0
2,9.0,0,0,0,0,0,0,0,0,0,0,0,0.69,0.68,0,0,0,1,1,0,0
0,12.0,0,30,30,30,0,0,1,3,3,0,0,0.0,0.0,0,0,0,0,1,0,1
3,12.0,0,0,0,0,0,0,0,0,0,0,0,0.82,0.79,0,0,0,0,1,0,0
151,2.0,0,0,92,92,17,66,139,172,26,0,0,0.98,0.98,0,0,0,1,1,0,0
13,2.0,0,20,40,68,6,26,52,65,0,0,0,1.0,1.0,0,0,0,0,1,0,0
7,8.0,0,10,20,30,4,9,24,32,6,0,0,0.99,0.99,0,0,0,0,1,0,1
1,12.0,0,4,7,9,0,2,4,6,4,0,1,0.69,0.69,0,0,0,0,1,0,1
29,8.0,0,0,0,0,2,2,3,3,0,0,0,0.98,0.98,0,1,0,0,1,0,0
3,8.0,0,0,0,0,0,0,0,0,1,0,0,0.79,0.78,0,0,0,0,1,0,0
0,2.0,0,12,21,29,7,12,24,50,0,0,0,1.0,1.0,0,0,0,0,1,0,1
211,2.0,0,0,0,0,6,16,38,52,5,0,0,0.97,0.98,0,0,0,0,1,0,0
123,2.0,0,0,30,60,20,58,124,170,33,0,0,0.96,0.96,0,0,0,0,1,0,0
1,8.0,0,9,9,18,5,12,22,27,5,0,0,0.88,0.92,0,0,0,0,1,0,1
11,12.0,0,42,70,102,8,31,60,82,0,0,0,0.99,0.99,0,0,0,0,1,0,0
3,4.0,0,0,0,0,3,6,8,8,0,0,0,0.73,0.78,0,1,0,0,1,0,1
150,8.0,0,0,0,0,7,24,55,95,0,0,0,1.0,1.0,0,0,0,0,1,0,1
1071,2.0,253,1260,2628,4032,387,993,1740,2251,459,0,0,0.99,0.98,0,1,0,0,1,0,0
1,8.0,0,0,0,1,0,0,0,1,0,0,0,0.99,0.94,0,0,0,0,1,0,0
-19,12.0,5,191,303,432,25,152,427,508,36,0,0,0.24,0.47,22,0,0,1,1,0,1
0,2.0,0,5,5,5,0,0,0,0,0,0,0,0.0,0.0,0,1,0,1,1,0,1
24,8.0,2,32,54,79,11,28,51,89,13,0,0,0.82,0.87,0,0,0,0,1,0,0
4,8.0,0,0,5,10,0,0,0,0,0,0,0,0.92,0.94,0,0,0,0,1,0,0
2,2.0,0,50,74,98,6,22,38,67,24,0,7,0.07,0.33,0,0,0,0,1,0,1
0,2.0,20,10,10,10,0,0,0,0,0,0,0,0.81,0.78,0,0,0,0,1,0,1
13,2.0,0,0,0,0,3,13,25,33,0,0,0,0.94,0.97,0,0,0,0,1,0,1
5,8.0,0,19,31,39,0,3,20,31,4,0,2,0.05,0.15,0,0,0,0,1,0,1
8,6.0,0,75,111,183,36,78,119,177,32,0,0,0.78,0.78,0,0,0,1,1,0,0
2076,8.0,102,0,0,618,516,1516,2696,4058,362,0,0,0.29,0.34,0,0,1,0,1,0,0
12,2.0,0,24,72,96,6,22,39,55,4,0,0,0.46,0.35,0,0,0,0,1,0,1
8,9.0,0,0,0,0,2,3,4,6,0,0,0,0.86,0.84,0,0,0,0,1,0,0
64,8.0,0,22,30,54,21,42,62,108,15,0,0,0.85,0.76,0,0,0,0,1,0,0
2,8.0,0,1,2,3,1,2,4,6,0,0,0,0.8,0.82,0,0,0,0,1,0,1
10,8.0,0,0,0,0,0,0,0,1,1,0,0,0.8,0.86,0,0,0,0,1,0,0
18,8.0,1,12,28,44,6,13,34,51,3,0,0,0.02,0.01,0,0,0,0,1,0,0
0,8.0,0,20,20,20,1,2,2,3,1,0,0,0.6,0.47,0,0,0,1,1,0,0
1,8.0,0,3,5,8,2,5,6,6,0,0,0,0.97,0.97,0,0,0,0,1,0,1
1,12.0,0,0,0,0,0,0,0,0,0,0,0,0.57,0.7,0,0,0,0,1,0,0
1482,8.0,721,815,860,1165,407,1570,3360,4820,236,0,0,-99.0,-99.0,0,0,0,0,1,0,0
2840,8.0,507,1042,2802,4082,546,1558,3350,6282,417,0,82,0.35,0.52,0,0,0,0,1,0,0
0,2.0,0,0,0,0,0,0,0,0,0,0,0,0.49,0.45,0,0,0,0,1,0,1
191,8.0,0,0,0,0,0,0,2,4,0,0,0,0.99,0.99,0,0,0,0,1,0,0
0,2.0,0,2,2,2,0,0,0,0,1,0,0,0.1,0.13,0,0,0,1,1,0,1
0,52.0,0,25,25,25,0,0,0,0,0,0,0,0.82,0.88,0,1,0,1,0,0,1
0,8.0,0,24,28,36,2,6,15,25,0,0,0,0.75,0.74,0,0,0,0,1,0,1
25,4.0,0,0,0,5,3,7,13,16,0,0,0,0.77,0.85,0,1,0,0,1,0,0
113,8.0,0,0,0,0,0,0,0,0,0,0,0,-99.0,0.5,0,0,0,0,1,0,0
18,8.0,0,45,90,126,12,38,97,143,14,0,0,0.99,0.99,0,0,0,0,1,0,0
0,2.0,0,188,337,394,0,0,0,0,0,1,5,0.91,0.86,0,1,0,1,1,0,0
0,12.0,0,6,9,12,2,5,9,11,1,0,0,0.87,0.93,0,0,0,0,1,0,1
0,8.0,0,2,3,5,2,3,4,4,0,0,0,0.71,0.75,0,0,0,0,1,0,1
4,8.0,0,0,0,0,1,1,5,6,0,0,0,0.79,0.66,0,0,0,0,1,0,0
3,8.0,0,11,17,21,5,10,18,23,1,0,0,0.46,0.35,0,0,0,0,1,0,1
11,6.0,0,19,19,38,2,10,24,38,2,0,0,0.82,0.79,0,0,0,0,1,0,1
-2,2.0,0,39,39,39,0,41,59,74,0,0,0,0.5,0.53,2,0,0,0,1,0,0
301,8.0,15,60,270,495,60,212,447,679,69,0,0,0.95,0.95,0,0,0,0,1,0,0
97,8.0,0,0,0,0,0,7,11,24,4,0,0,0.97,0.95,0,0,0,0,1,0,0
108,4.0,0,0,0,0,8,68,100,139,0,0,0,0.73,0.78,0,0,0,0,1,0,0
8,8.0,0,0,0,0,0,0,1,1,0,0,0,0.51,0.47,0,0,0,1,1,0,0
0,2.0,0,0,0,0,0,0,0,0,0,0,0,0.63,0.72,0,0,0,0,1,0,1
107,2.0,42,84,210,378,16,72,132,165,50,0,0,0.66,0.67,0,1,0,0,1,0,1
142,8.0,0,70,175,245,30,95,237,429,46,0,0,1.0,1.0,0,0,0,0,1,0,0
0,4.0,0,6,10,14,5,7,17,19,0,0,0,0.54,0.47,0,0,0,0,1,0,1
4,8.0,0,0,36,36,0,2,3,8,2,0,0,0.96,0.81,0,0,0,0,1,0,1
32,2.0,0,32,64,128,7,23,44,60,5,0,0,0.63,0.63,0,1,0,0,1,0,0
23,8.0,0,0,30,60,6,18,51,75,0,0,0,0.92,0.9,0,0,0,0,1,0,0
1,8.0,0,2,4,5,1,3,4,4,0,0,0,0.98,0.97,0,0,0,0,1,0,1
20107,8.0,0,4861,20429,30159,0,0,2,3,0,0,0,0.0,0.01,0,0,0,0,0,0,0
0,8.0,0,1,1,1,16,16,16,16,0,0,0,0.79,0.66,0,0,0,0,1,0,1
555,2.0,229,1183,2556,3869,201,695,1285,1769,437,0,0,0.79,0.87,0,0,0,0,1,0,0
23,8.0,0,0,0,0,0,3,5,11,1,0,0,0.84,0.77,0,0,0,0,1,0,0
8,2.0,0,2,6,8,0,5,6,12,3,0,0,0.99,0.92,0,0,0,0,1,0,1
1,8.0,0,8,8,8,0,0,5,9,0,0,0,0.0,0.0,0,0,0,0,1,0,1
-372,5.0,5,2416,3766,4866,545,1302,2190,3447,250,0,100,0.69,0.68,412,0,0,0,1,0,1
-1,8.0,26,521,767,965,101,310,464,687,98,0,0,0.66,0.66,3,0,0,0,1,0,1
5,8.0,0,25,39,53,6,15,31,48,3,0,0,0.99,0.99,0,0,0,0,1,0,1
0,3.0,0,10,15,20,10,15,25,33,0,0,0,1.0,0.99,0,0,0,0,1,0,1
30,8.0,0,0,0,0,22,52,65,73,2,0,0,1.0,1.0,0,0,0,0,1,0,1
0,2.0,0,0,0,0,0,0,0,0,0,0,0,0.73,0.78,0,0,0,0,1,0,1
7,8.0,1,16,26,32,10,25,38,43,7,0,0,0.87,0.55,2,0,0,0,1,0,1
785,2.0,477,1872,3832,5912,629,2138,3893,5467,382,0,0,0.73,0.77,0,0,0,0,1,0,0
2,9.0,0,0,0,0,0,0,0,0,1,0,0,0.99,0.98,0,0,0,0,1,0,0
4,2.0,0,2,6,10,2,11,21,23,1,0,0,0.89,0.82,0,0,0,0,1,0,1
0,2.0,0,368,592,592,0,0,0,0,55,0,0,0.76,0.72,0,0,0,0,1,0,1
1,3.0,0,9,13,17,1,4,6,8,1,0,0,0.98,0.98,0,0,0,0,1,0,1
0,4.0,0,4,4,6,0,0,0,3,1,0,0,0.68,0.66,0,0,0,1,1,0,1
10,8.0,0,0,0,0,0,1,1,1,0,0,0,0.44,0.69,0,1,0,0,1,0,0
-5,2.0,0,25,37,37,19,21,21,21,6,0,0,0.96,0.96,5,1,0,0,1,0,1
584,8.0,0,0,0,0,0,0,1,1,0,0,0,-99.0,-99.0,0,0,0,0,1,0,0
5,12.0,0,118,118,118,0,5,5,5,6,0,0,0.48,0.48,0,1,0,0,1,0,0
1,8.0,0,3,5,8,3,4,5,11,0,0,0,0.99,0.99,0,0,0,0,1,0,1
0,8.0,0,0,0,0,0,4,4,4,1,0,0,0.96,0.97,0,0,0,0,1,0,1
2,8.0,0,14,17,20,1,3,9,14,0,0,0,0.42,0.36,0,0,0,0,1,0,1
18,12.0,0,0,0,0,0,0,1,1,0,0,0,0.63,0.72,0,0,0,0,1,0,0
1,8.0,0,2,3,4,0,1,2,3,0,0,0,0.96,0.91,0,0,0,0,1,0,0
4,4.0,0,0,0,0,0,0,0,0,0,0,0,0.73,0.78,0,0,0,0,1,0,0
6,2.0,0,0,0,0,0,0,0,0,0,0,0,0.97,0.91,0,1,0,0,1,0,0
15,2.0,0,0,0,0,3,7,7,7,1,0,0,0.98,0.98,0,1,0,1,1,0,1
214,8.0,46,384,752,1212,0,0,0,0,0,0,0,1.0,1.0,0,0,0,0,1,0,0
0,2.0,0,22,34,56,1,7,21,38,0,1,1,0.84,0.88,0,0,0,1,1,0,1
3,16.0,0,0,0,0,0,0,0,0,0,0,0,0.31,0.42,0,0,0,0,1,0,0
20,8.0,0,0,0,0,0,0,4,4,6,0,0,1.0,1.0,0,1,0,0,1,0,0
3,8.0,0,0,0,0,0,0,0,0,1,0,0,0.99,0.98,0,0,0,0,1,0,0
2,12.0,0,0,0,0,0,0,0,1,0,0,0,0.73,0.69,0,0,0,0,1,0,0
0,2.0,0,18,18,18,0,0,0,0,1,0,0,0.86,0.9,0,1,0,0,1,0,1
3,4.0,0,12,15,18,4,8,13,21,2,0,0,0.86,0.91,0,0,0,0,1,0,1
0,12.0,0,5,6,9,1,5,6,6,0,0,0,0.82,0.79,0,0,0,1,1,0,1
3,8.0,0,24,40,64,12,23,44,67,0,0,0,1.0,0.92,0,0,0,0,1,0,1
0,8.0,0,10,10,10,1,2,5,8,0,0,0,0.17,0.33,0,0,0,0,1,0,1
3,3.0,0,0,0,0,1,1,1,2,0,0,0,0.98,0.99,0,0,0,0,1,0,0
20,0.0,0,0,0,25,2,10,25,36,2,0,0,0.0,0.0,0,0,0,0,0,0,0
18,2.0,0,0,0,0,1,2,11,17,0,0,0,0.99,0.98,0,1,0,0,1,0,1
-13,2.0,0,108,168,198,49,81,185,274,36,0,0,0.73,0.73,13,0,0,0,1,0,1
206,8.0,0,0,0,0,0,0,0,0,2,0,0,0.99,0.98,0,0,0,0,1,0,0
0,2.0,0,0,0,0,0,0,0,0,0,0,0,0.71,0.75,0,0,0,1,1,0,0
0,2.0,0,18,18,18,0,0,0,0,1,0,0,0.86,0.9,0,1,0,0,1,0,1
1,2.0,0,8,8,8,1,4,6,9,0,0,0,0.99,0.98,0,0,0,0,1,0,1
4,8.0,0,0,0,4,1,4,4,4,0,0,0,0.89,0.78,0,0,0,0,1,0,1
8223,4.0,0,0,0,0,29,118,220,313,21,0,0,0.77,0.8,0,0,0,0,1,0,0
1126,8.0,0,0,0,0,22,64,118,181,27,0,0,0.9,0.84,0,0,0,0,1,0,0
15,8.0,0,0,0,0,9,25,41,62,17,0,0,0.5,0.63,0,0,0,0,1,0,1
11,8.0,0,0,0,21,1,4,9,13,0,0,0,0.92,0.92,0,1,0,0,1,0,0
21,8.0,0,0,0,0,0,0,0,0,0,0,0,0.48,0.57,0,0,0,0,1,0,0
32,12.0,0,0,12,24,5,15,41,62,8,0,0,0.93,0.95,0,0,0,0,1,0,0
4,8.0,0,0,0,0,0,0,2,2,0,0,0,0.92,0.93,0,0,0,0,1,0,0
0,8.0,0,34,45,67,0,19,315,340,0,0,0,0.91,0.93,0,0,0,0,1,0,1
13,8.0,0,0,0,0,0,0,0,0,0,0,0,0.99,0.98,0,0,0,0,1,0,0
3,9.0,0,2,4,5,2,5,5,7,0,0,0,0.86,0.84,0,0,0,0,1,0,0
1,8.0,0,0,0,0,0,0,0,0,0,0,0,0.97,0.97,0,0,0,0,1,0,0
0,4.0,0,0,9680,17050,0,8,8,8,16,0,0,1.0,1.0,0,0,0,0,1,0,1
0,8.0,0,7,9,12,3,7,13,21,0,0,0,0.65,0.74,0,0,0,0,1,0,1
0,8.0,0,3,4,5,6,8,11,12,1,0,0,0.95,0.97,0,0,0,0,1,0,1
4,2.0,0,2,2,2,0,0,0,0,1,0,0,0.91,0.86,0,1,0,1,1,0,0
6,4.0,0,0,0,0,5,18,31,53,0,0,0,0.77,0.8,0,0,0,0,1,0,0
2,8.0,0,32,48,64,12,23,42,60,0,0,0,0.87,0.89,0,0,0,0,1,0,1
2,12.0,0,0,1,2,1,3,5,7,0,0,0,0.73,0.76,0,0,0,0,1,0,1
3,8.0,0,14,22,22,4,8,16,27,0,0,0,0.82,0.87,0,0,0,0,1,0,1
2,2.0,0,10,10,10,1,1,2,2,0,0,0,0.99,0.99,0,1,0,0,1,0,1
40,2.0,0,0,0,0,0,1,1,3,0,0,0,0.93,0.94,0,0,0,0,1,0,0
0,8.0,0,1,1,1,1,1,1,1,0,0,0,0.7,0.74,0,0,0,0,1,0,1
0,2.0,0,56,56,56,0,0,0,0,0,0,0,0.93,0.91,0,0,0,0,1,0,1
5,2.0,0,8,15,21,4,13,26,27,1,0,0,0.22,0.34,0,1,0,0,1,0,1
11,8.0,0,12,12,12,2,9,22,32,7,0,0,1.0,1.0,0,0,0,0,1,0,1
1204,8.0,160,3059,6739,9679,0,0,0,0,0,0,0,0.85,0.78,0,0,0,0,1,0,0
0,2.0,0,4,6,9,0,0,0,0,1,0,0,0.58,0.58,0,1,0,0,1,0,0
31,3.0,0,0,0,0,2,10,11,11,0,0,0,0.99,0.98,0,1,0,0,1,0,0
1,8.0,0,0,0,0,0,0,0,0,0,0,0,0.81,0.85,0,0,0,0,1,0,0
11,8.0,0,7,14,21,3,13,24,37,0,0,0,0.8,0.83,0,0,0,0,1,0,1
0,2.0,0,0,0,0,1,3,3,5,0,0,0,0.89,0.9,0,0,0,0,1,0,1
0,2.0,0,0,0,0,0,0,0,0,0,0,0,0.42,0.36,0,0,0,0,1,0,1
7682,2.0,5859,576,5504,8128,1069,4277,8717,11541,1366,0,0,0.92,0.86,0,0,0,0,1,0,0
0,8.0,0,7,10,10,3,5,7,10,0,0,0,0.74,0.76,0,0,0,0,1,0,1
0,12.0,0,17,24,38,2,15,18,21,0,0,0,0.62,0.73,0,0,0,0,1,0,1
12,9.0,0,0,0,0,0,0,0,0,0,0,0,0.99,0.96,0,0,0,0,1,0,0
266,2.0,0,0,0,0,2,22,38,94,0,0,0,0.86,0.85,0,0,0,0,1,0,0
0,12.0,0,5,5,6,0,3,5,5,0,0,0,0.7,0.77,0,0,0,0,1,0,1
0,12.0,0,6,6,10,0,2,3,6,0,0,0,0.48,0.39,0,1,0,1,1,0,1
3,9.0,0,43,63,83,2,15,38,54,4,0,0,0.43,0.45,0,0,0,0,1,0,1
22,2.0,0,0,0,0,0,0,0,0,1,0,0,0.96,0.93,0,0,0,0,1,0,0
0,12.0,0,0,0,0,0,1,1,1,0,0,0,0.77,0.78,0,0,0,0,1,0,0
2,2.0,0,1,2,3,1,2,2,4,0,0,0,0.91,0.82,0,0,0,0,1,0,0
5,8.0,0,12,24,36,5,23,39,59,5,0,0,0.89,0.9,0,0,0,0,1,0,1
17,14.0,0,10,20,30,9,22,41,57,14,0,0,0.99,0.99,0,0,0,0,1,0,0
22,8.0,65,855,1100,1575,355,715,859,1011,253,0,0,0.87,0.92,50,0,0,1,1,0,1
331,12.0,0,8,8,16,1,10,19,40,1,0,0,0.93,0.93,0,0,0,0,1,0,0
16,12.0,0,20,40,60,1,19,30,41,1,0,0,0.46,0.38,0,0,0,0,1,0,0
1,2.0,0,3,6,8,3,4,8,11,0,0,0,0.99,0.97,0,0,0,0,1,0,1
2,12.0,0,0,0,0,0,0,0,0,0,0,0,0.73,0.76,0,0,0,1,1,0,0
1,9.0,0,5,8,11,1,11,15,18,6,0,0,0.7,0.66,0,0,0,0,1,0,1
0,2.0,0,11,20,20,0,0,0,0,0,0,0,0.82,0.81,0,0,0,1,1,0,1
4,8.0,0,12,36,48,7,18,36,54,7,0,0,0.99,0.98,0,0,0,0,1,0,1
7,8.0,1,6,16,26,2,13,19,24,0,0,0,0.15,0.34,0,0,0,0,1,0,0
12,2.0,0,0,0,0,2,6,8,10,0,0,0,0.8,0.75,0,0,0,0,1,0,0
225,8.0,350,0,250,750,75,330,796,1378,0,0,0,0.59,0.78,0,0,0,0,1,0,0
2,12.0,0,0,0,0,0,0,0,1,0,0,0,0.73,0.76,0,0,0,0,1,0,0
0,2.0,0,7,10,10,0,0,0,0,1,0,0,0.86,0.56,0,1,0,1,1,0,0
23,8.0,0,0,0,0,0,0,0,0,0,0,0,0.99,0.99,0,0,0,0,1,0,0
3,8.0,0,0,0,0,0,0,0,0,1,0,0,1.0,0.91,0,0,0,0,1,0,0
64,8.0,9,197,360,515,43,163,302,489,62,0,12,0.82,0.91,0,0,0,0,1,0,0
4,2.0,0,0,0,0,1,1,2,3,0,0,0,0.59,0.56,0,0,0,0,1,0,0
33,4.0,0,10,60,100,12,39,90,130,19,0,0,1.0,0.97,0,0,0,0,1,0,1
27,4.0,0,0,0,0,13,32,58,90,0,0,0,0.73,0.78,0,0,0,0,1,0,0
1,4.0,5,5,9,13,0,6,14,26,0,0,0,0.73,0.78,0,0,0,0,1,0,0
1,8.0,0,3,5,6,1,4,5,6,0,0,0,0.17,0.33,0,0,0,0,1,0,1
4954,52.0,0,0,0,0,0,10,21,21,0,0,0,0.59,0.78,0,1,0,0,0,0,0
13,8.0,0,20,37,54,6,20,37,56,3,0,0,0.99,0.97,0,0,0,0,1,0,1
77,8.0,1,60,120,180,22,68,138,213,64,0,0,0.99,0.97,0,0,0,0,1,0,0
1,2.0,0,12,20,28,3,4,7,8,0,0,0,0.83,0.71,0,0,0,1,1,0,1
10,4.0,0,0,0,0,0,0,0,0,0,0,0,0.73,0.78,0,1,0,0,1,0,0
0,9.0,5,10,24,38,2,11,24,38,0,0,2,0.87,0.72,0,0,0,0,1,0,1
1,12.0,0,1,1,1,0,0,1,1,0,0,0,0.74,0.74,0,0,0,0,1,0,0
11,12.0,5,0,20,20,17,25,39,49,0,0,0,0.47,0.39,0,0,0,0,1,0,0
2,9.0,0,0,0,0,0,0,0,0,2,0,0,0.68,0.66,0,0,0,1,1,0,0
18,8.0,0,18,36,36,5,13,24,34,2,0,0,0.59,0.39,0,0,0,0,1,0,1
18,8.0,0,220,314,427,40,154,208,209,52,0,0,0.37,0.42,1,0,0,0,1,0,1
5,12.0,0,30,50,60,6,18,28,52,0,0,10,0.73,0.76,0,0,0,1,1,0,1
2,12.0,2,1,5,6,1,2,8,14,3,0,0,0.98,0.99,0,0,0,1,1,0,1
34,8.0,0,0,0,0,0,0,0,2,1,0,0,0.93,0.95,0,1,0,0,1,0,0
-105,8.0,0,306,360,387,327,357,372,405,89,0,0,0.94,0.96,105,0,0,0,1,0,1
7,8.0,0,0,0,0,0,0,1,1,0,0,0,0.78,0.74,0,1,0,1,1,0,0
114,8.0,415,1330,1775,2585,506,1109,1441,1973,433,0,0,0.91,0.93,40,0,0,0,1,0,1
1,2.0,0,1,2,3,0,2,2,3,0,0,0,0.46,0.35,0,0,0,0,1,0,1
1,8.0,0,0,1,1,0,0,1,1,0,0,0,0.82,0.81,0,0,0,0,1,0,1
3,8.0,0,0,0,0,0,0,0,1,0,0,0,0.8,0.82,0,0,0,0,1,0,0
31,8.0,0,0,0,10,1,2,16,36,5,0,0,0.0,0.0,0,0,0,0,1,0,0
2,4.0,0,15,15,30,4,8,11,15,0,0,0,0.91,0.93,0,0,0,0,1,0,1
9,8.0,0,0,0,0,0,0,2,2,1,0,0,0.78,0.74,0,0,0,0,1,0,0
1,6.0,0,4,6,8,1,3,7,10,0,0,0,0.73,0.76,0,0,0,0,1,0,1
1,8.0,0,13,19,25,3,9,11,15,2,0,0,0.92,0.95,0,0,0,0,1,0,1
0,2.0,0,0,0,0,0,0,0,0,0,0,0,-99.0,-99.0,0,0,0,1,1,0,0
11,2.0,0,0,0,0,0,0,0,0,0,0,0,0.99,0.94,0,1,0,0,1,0,0
0,12.0,0,2,4,5,0,1,2,3,0,0,0,0.57,0.7,0,0,0,1,1,0,1
2,2.0,0,64,96,128,14,32,64,80,0,0,0,0.99,0.98,0,0,0,0,1,0,1
7,12.0,7,166,271,347,82,243,340,497,32,0,7,0.77,0.78,0,0,0,1,1,0,1
7,8.0,0,0,0,0,0,0,0,0,0,0,0,0.89,0.88,0,0,0,0,1,0,0
1,8.0,0,12,26,33,2,10,16,21,0,0,0,0.98,0.99,0,0,0,0,1,0,0
23,16.0,0,12,24,36,7,25,39,48,0,0,0,0.95,0.77,0,0,0,0,1,0,1
12,8.0,0,200,250,350,25,96,187,296,28,0,0,0.53,0.54,1,0,0,1,1,0,1
4,12.0,0,0,0,0,0,0,0,0,0,0,0,0.99,0.99,0,0,0,0,1,0,0
816,4.0,887,831,1819,2494,379,1307,2617,3798,78,0,5,0.73,0.78,0,0,0,0,1,0,0
4,8.0,0,18,36,54,7,14,31,54,9,0,18,0.97,0.94,0,0,0,0,1,0,1
35,8.0,0,0,0,0,6,6,6,8,0,0,0,0.79,0.87,0,0,0,0,1,0,0
3,8.0,0,5,5,10,1,2,6,7,0,0,0,0.98,0.99,0,0,0,0,1,0,1
-4,8.0,0,565,871,979,26,124,301,457,0,0,30,0.97,0.94,4,0,0,0,1,0,1
1,8.0,0,11,20,29,4,11,19,25,3,0,0,0.93,0.89,0,0,0,0,1,0,1
41,8.0,0,0,0,0,5,15,37,55,5,0,0,1.0,1.0,0,0,0,0,1,0,0
1,8.0,0,8,12,16,2,6,8,12,2,0,0,0.81,0.85,0,0,0,0,1,0,1
0,0.0,0,14,14,14,0,1,5,7,1,0,0,0.0,0.0,0,0,0,1,0,0,1
0,12.0,0,9,18,27,1,9,16,21,2,0,0,0.82,0.79,0,0,0,0,1,0,1
1,8.0,0,7,14,21,9,12,22,23,2,0,0,0.74,0.82,0,0,0,0,1,0,1
4,2.0,0,4,8,12,2,5,11,17,0,0,0,0.97,0.92,0,0,0,0,1,0,1
12,8.0,0,404,404,760,93,227,343,502,22,0,50,0.83,0.85,0,0,0,0,1,0,1
10,8.0,0,0,0,0,0,0,0,0,0,0,0,0.91,0.86,0,1,0,0,1,0,0
5,2.0,0,9,35,42,7,38,59,81,2,0,0,0.94,0.97,0,0,0,0,1,0,1
2,14.0,0,2,6,10,2,6,7,11,1,0,0,0.85,0.76,0,0,0,0,1,0,1
5,8.0,1,3,7,9,6,10,16,25,2,0,0,0.92,0.93,0,0,0,0,1,0,1
4,8.0,0,51,74,97,6,22,45,82,19,0,0,0.98,0.99,0,0,0,0,1,0,1
0,8.0,0,9,13,17,9,13,18,27,0,0,0,0.56,0.46,0,0,0,0,1,0,1
6,12.0,0,46,69,115,11,31,51,69,6,0,0,0.82,0.79,0,0,0,1,1,0,1
15,4.0,0,0,0,0,0,0,0,0,2,0,0,0.68,0.57,0,0,0,0,1,0,0
0,12.0,0,6,8,11,1,3,5,8,0,0,0,0.73,0.76,0,0,0,0,1,0,1
7,8.0,0,7,7,9,2,3,4,14,0,0,0,0.02,0.13,0,0,0,0,1,0,0
0,2.0,0,1,1,1,0,0,0,0,0,0,0,0.31,0.34,0,1,0,0,1,0,1
0,2.0,0,46,84,127,0,0,0,0,0,0,17,0.62,0.6,0,0,0,0,1,0,1
4,8.0,0,0,0,0,0,0,1,1,2,0,0,0.84,0.77,0,0,0,0,1,0,1
2,2.0,0,4,4,4,5,11,11,11,0,0,0,0.62,0.62,0,1,0,0,1,0,1
1,2.0,0,18,27,45,5,10,18,24,2,0,0,0.85,0.76,0,0,0,0,1,0,1
64,8.0,0,0,0,0,0,1,3,3,2,0,0,0.58,0.75,0,0,0,0,1,0,0
6,2.0,0,0,0,0,0,0,0,0,0,0,0,0.99,0.98,0,1,0,0,1,0,0
59,2.0,11,50,70,90,1,1,3,3,21,0,0,0.14,0.08,0,0,0,0,1,0,0
5,2.0,0,18,18,18,5,5,5,5,0,0,9,0.75,0.89,0,1,0,0,1,0,0
8,2.0,0,16,48,64,3,15,38,61,1,0,0,0.95,0.97,0,0,0,0,1,0,1
1854,8.0,0,0,0,0,11,19,36,61,29,0,0,0.64,0.52,0,0,0,0,0,0,0
12,2.0,0,0,0,0,0,0,0,1,0,0,0,0.93,0.93,0,1,0,0,1,0,0
46,4.0,0,0,0,0,2,5,17,32,1,0,0,0.73,0.78,0,0,0,1,1,0,0
0,4.0,5,2,2,2,0,0,0,0,0,0,0,0.77,0.8,0,1,0,0,1,0,0
1,9.0,1,4,6,7,3,7,7,14,1,0,0,0.91,0.74,0,0,0,0,1,0,1
34,8.0,2,0,0,0,2,6,8,19,1,0,0,0.95,0.87,0,0,0,0,1,0,0
42,2.0,0,0,56,84,0,8,28,52,0,0,0,0.68,0.64,0,0,0,0,1,0,0
29,12.0,0,0,0,0,0,0,0,0,2,0,0,0.76,0.78,0,0,0,0,1,0,0
15,2.0,0,20,40,60,13,27,33,35,0,0,0,0.92,0.85,0,0,0,0,1,0,1
0,2.0,0,168,248,266,0,0,0,0,0,0,0,0.24,0.31,0,1,0,1,1,0,1
0,9.0,0,8,8,8,0,1,5,5,0,0,0,0.99,0.98,0,0,0,0,1,0,1
10,10.0,0,0,0,0,0,0,0,2,0,0,0,0.89,0.9,0,0,0,0,1,0,0
237,8.0,0,390,390,780,0,0,0,0,0,0,0,0.97,0.98,0,0,0,0,1,0,0
0,2.0,0,5,5,5,0,0,0,0,0,0,0,0.0,0.0,0,1,0,1,1,0,1
3,3.0,0,1,3,5,0,1,4,7,1,0,0,0.89,0.9,0,0,0,0,1,0,1
1,8.0,0,3,7,9,0,4,6,9,8,0,0,0.99,0.99,0,0,0,0,1,0,1
6,12.0,0,11,11,17,0,10,13,30,0,0,0,0.08,0.12,0,0,0,0,1,0,1
14,8.0,0,14,28,42,3,13,22,36,2,0,0,0.97,0.97,0,0,0,0,1,0,1
21,8.0,0,0,0,0,0,0,0,1,0,0,0,0.85,0.89,0,0,0,1,1,0,0
9,4.0,0,16,32,48,9,26,40,53,3,0,0,0.86,0.91,0,0,0,0,1,0,1
17,12.0,0,19,31,47,5,25,52,78,0,0,0,0.78,0.78,0,0,0,0,1,0,0
2,8.0,0,3,6,9,0,3,4,7,0,0,0,0.7,0.73,0,0,0,0,1,0,1
17,2.0,0,0,0,0,0,0,0,0,0,0,0,0.8,0.79,0,0,0,0,1,0,0
4,12.0,0,0,0,0,0,0,0,0,0,0,0,0.78,0.78,0,0,0,0,1,0,0
8,2.0,0,0,0,0,1,1,1,1,215,0,0,0.96,0.93,0,0,0,1,1,0,1
11,8.0,0,0,0,0,0,0,0,0,1,0,0,0.98,0.93,0,0,0,1,1,0,0
0,8.0,0,7,7,7,1,2,4,5,0,0,0,0.5,0.37,0,0,0,0,1,0,1
14,2.0,0,0,20,30,0,6,14,14,1,0,0,1.0,0.99,0,1,0,0,1,0,0
-2,12.0,0,30,40,50,7,17,36,53,0,0,0,0.07,0.24,2,0,0,0,1,0,1
87,9.0,0,0,0,0,0,0,0,0,0,0,0,0.86,0.84,0,0,0,0,1,0,0
1,12.0,0,2,3,4,1,2,4,4,0,0,0,0.78,0.78,0,0,0,0,1,0,0
12,9.0,0,0,0,0,0,0,0,0,0,0,0,0.69,0.68,0,0,0,0,1,0,0
164,8.0,52,85,213,373,29,109,256,404,51,0,0,0.85,0.78,0,0,0,0,1,0,0
2,8.0,0,0,0,10,2,10,15,25,4,0,0,0.98,0.99,0,0,0,0,1,0,1
22,4.0,11,59,124,180,16,61,124,174,13,0,0,0.79,0.87,0,0,0,1,1,0,0
8,2.0,0,0,0,28,1,2,2,3,0,0,0,0.74,0.76,0,1,0,0,1,0,0
46,9.0,0,0,0,0,0,0,1,2,0,0,0,0.86,0.84,0,0,0,0,1,0,0
366,8.0,128,400,600,1400,209,728,1396,1769,281,0,0,0.99,0.99,0,0,0,0,1,0,0
8,2.0,0,109,109,140,13,37,83,128,24,0,0,0.69,0.69,0,0,0,0,1,0,1
2,8.0,0,10,15,20,4,6,10,16,0,0,0,0.99,0.99,0,0,0,0,1,0,1
556,35.0,10,0,0,0,14,30,52,96,14,0,0,0.71,0.71,0,1,0,0,1,0,0
0,8.0,0,25,33,39,6,16,30,44,0,0,0,0.98,0.95,0,0,0,0,1,0,1
5,8.0,0,8,18,28,2,7,11,16,1,0,0,1.0,0.98,0,0,0,0,1,0,0
42,52.0,0,0,0,0,0,0,5,6,0,0,0,0.75,0.64,0,1,0,1,0,0,0
141,2.0,0,0,0,0,8,17,43,59,11,0,0,0.92,0.96,0,0,0,0,1,0,0
0,4.0,0,10,10,10,0,0,0,0,0,0,0,0.79,0.66,0,1,0,1,1,0,0
-30,8.0,0,290,424,527,41,147,298,489,39,0,48,0.61,0.61,41,0,0,0,1,0,1
10,9.0,0,42,42,45,9,17,31,55,3,0,1,0.35,0.47,0,0,0,0,1,0,1
17,8.0,0,0,0,0,0,0,0,0,0,0,0,0.95,0.96,0,0,0,0,1,0,0
1,2.0,0,0,0,0,0,0,0,0,0,0,0,0.78,0.86,0,0,0,0,1,0,0
8,2.0,0,0,0,0,0,1,1,2,0,0,0,0.83,0.86,0,0,0,0,1,0,0
918,8.0,616,1224,2664,4224,546,1761,3193,4673,410,0,0,0.41,0.46,0,0,0,0,1,0,0
0,2.0,0,30,70,70,4,9,16,30,4,0,0,-99.0,-99.0,0,0,0,0,1,0,1
6,9.0,0,0,0,0,0,0,0,0,0,0,0,0.86,0.84,0,0,0,0,1,0,0
0,8.0,0,3,5,7,0,2,4,5,1,0,0,0.84,0.78,0,0,0,1,1,0,1
7,2.0,0,50,50,50,0,0,0,0,0,0,0,0.73,0.77,0,0,0,0,1,0,0
50,12.0,0,0,0,0,1,6,10,20,1,0,0,0.93,0.96,0,1,0,0,1,0,0
0,8.0,0,1000,1000,1000,0,0,0,0,0,0,0,-99.0,-99.0,0,0,0,0,1,0,1
6,8.0,0,0,0,0,0,0,0,0,0,0,0,0.98,0.96,0,0,0,0,1,0,0
3,12.0,0,4,8,12,4,5,10,11,0,0,0,0.82,0.79,0,1,0,0,1,0,1
280,8.0,0,0,0,0,0,8,16,20,1,0,0,0.94,0.86,0,0,0,0,1,0,0
0,0.0,0,510,630,630,13,117,238,342,24,0,0,0.0,0.0,0,0,0,0,1,0,1
9,2.0,0,12,24,48,7,19,29,35,0,0,0,0.99,0.98,0,0,0,0,1,0,1
4,8.0,0,10,20,30,4,16,28,49,0,0,0,0.82,0.81,0,0,0,0,1,0,1
8,9.0,15,21,41,56,2,18,32,46,0,0,0,0.86,0.84,0,0,0,0,1,0,0
1,8.0,0,2,3,3,0,1,1,1,0,0,1,0.08,0.03,0,0,0,0,1,0,1
6,12.0,0,20,20,20,2,6,17,20,0,0,0,0.82,0.79,0,0,0,0,1,0,1
21,52.0,0,0,0,0,0,0,0,0,1,0,0,0.93,0.95,0,1,0,0,1,0,0
8,4.0,0,0,0,0,0,0,0,0,0,0,0,0.73,0.78,0,0,0,0,1,0,0
25,12.0,0,0,0,0,0,0,0,0,1,0,0,0.58,0.58,0,1,0,0,1,0,0
0,8.0,0,55,90,125,12,29,55,68,5,0,30,0.41,0.46,0,0,0,0,1,0,1
4,8.0,2,105,140,210,10,43,101,153,39,0,0,0.82,0.82,2,0,0,0,1,0,1
4,12.0,0,0,0,0,0,0,0,0,0,0,0,0.57,0.7,0,0,0,0,1,0,0
4,8.0,0,2,6,9,1,3,7,12,5,0,0,0.98,0.99,0,0,0,0,1,0,0
7,3.0,2,164,248,346,40,128,233,265,22,0,24,0.52,0.41,2,0,0,0,1,0,1
2,8.0,0,6,14,18,5,9,11,21,0,0,0,1.0,0.99,0,0,0,0,1,0,1
57,9.0,0,0,0,0,0,0,0,2,0,0,0,0.85,0.82,0,0,0,0,1,0,0
8,12.0,0,96,112,176,5,27,99,139,12,0,0,0.78,0.78,0,0,0,0,1,0,1
107,8.0,1,0,0,0,3,20,47,64,15,0,0,1.0,0.99,0,0,0,0,1,0,0
0,3.0,0,5,6,9,0,0,0,0,0,0,0,0.58,0.44,0,0,0,0,1,0,1
23,12.0,0,0,0,0,1,1,2,2,0,0,0,0.87,0.59,0,0,0,0,1,0,0
6,8.0,0,0,0,0,0,0,0,0,0,0,0,0.77,0.78,0,0,0,0,1,0,0
309,52.0,0,0,0,0,0,0,2,7,0,0,0,0.93,0.92,0,1,0,0,1,0,0
9,9.0,0,0,0,0,0,0,1,1,0,0,0,0.94,0.9,0,0,0,0,1,0,0
-1,8.0,0,42,65,88,1,24,47,77,7,0,23,0.18,0.33,1,0,0,0,1,0,1
8,52.0,0,0,0,0,0,0,1,3,2,0,0,0.98,0.98,0,1,0,0,0,0,0
0,12.0,0,0,0,0,0,0,0,0,0,0,0,0.89,0.78,0,0,0,1,0,1,0
1,9.0,0,42,66,98,11,30,57,91,1,0,3,0.7,0.66,0,0,0,0,1,0,1
2,8.0,0,34,68,68,11,34,58,73,6,0,0,0.5,0.2,0,0,0,0,1,0,1
2,8.0,0,0,0,0,0,0,0,0,0,0,0,0.91,0.9,0,0,0,0,1,0,0
17,6.0,0,86,119,154,12,43,88,125,17,0,0,0.68,0.69,0,0,0,0,1,0,1
3,8.0,0,30,40,60,9,24,40,73,0,0,0,0.8,0.82,0,0,0,0,1,0,1
4,8.0,0,35,70,105,8,29,31,31,0,0,0,1.0,1.0,0,0,0,0,1,0,1
0,12.0,0,14,28,42,0,6,7,13,0,0,0,0.62,0.65,0,0,0,1,1,0,1
7,2.0,0,25,25,25,8,12,14,19,0,0,0,0.0,0.0,0,0,0,0,1,0,1
50,8.0,0,20,20,20,2,2,3,4,0,0,0,0.51,0.53,0,1,0,0,1,0,0
2,8.0,0,2,3,4,1,2,3,3,0,0,0,0.51,0.75,0,0,0,0,1,0,1
146,8.0,27,248,406,406,26,77,162,365,59,0,0,0.96,0.89,0,0,0,0,1,0,0
0,8.0,0,94,94,94,0,2,4,7,0,0,1,0.51,0.53,0,1,0,0,1,0,1
5,8.0,0,18,27,36,1,7,14,21,0,0,0,0.37,0.33,0,0,0,1,1,0,0
6,8.0,0,0,0,0,0,0,0,0,0,0,0,-99.0,-99.0,0,1,0,1,1,0,0
9,2.0,0,0,36,36,0,14,19,19,2,0,0,0.86,0.89,0,0,0,1,1,0,0
11,2.0,0,0,0,0,0,0,0,0,0,0,0,0.0,0.0,0,0,0,0,1,0,0
79,2.0,0,0,0,0,0,0,1,2,2,0,0,0.0,0.09,0,0,0,0,1,0,0
6,8.0,4,8,20,28,4,8,18,28,4,0,0,0.99,0.97,0,0,0,0,1,0,1
3,2.0,0,0,0,0,0,0,0,0,0,0,0,0.92,0.94,0,0,0,0,1,0,0
54,8.0,0,0,0,0,1,2,2,2,2,0,0,0.72,0.81,0,0,0,0,1,0,0
108,8.0,18,24,24,72,14,47,104,163,28,0,0,0.99,0.97,0,0,0,0,1,0,0
2,9.0,1,1,2,3,2,5,11,17,0,0,0,0.99,0.98,0,0,0,0,1,0,1
1,8.0,0,50,50,50,1,8,16,30,0,0,0,0.79,0.66,0,0,0,0,1,0,1
0,2.0,0,5,7,7,0,0,0,0,0,0,0,0.56,0.56,0,1,0,0,1,0,1
2,17.0,0,1,1,1,0,0,0,0,0,0,0,0.7,0.75,0,0,0,0,1,0,0
7,9.0,0,0,0,0,0,1,4,6,0,0,0,1.0,0.99,0,1,0,0,1,0,0
0,4.0,0,11,11,11,0,0,0,0,0,0,0,0.57,0.7,0,1,0,0,1,0,1
10,8.0,0,24,48,60,8,15,35,53,0,0,0,0.91,0.96,0,0,0,0,1,0,1
6,9.0,0,0,0,0,0,0,0,0,0,0,0,0.69,0.68,0,0,0,0,1,0,0
69,2.0,4,438,855,1335,110,179,216,262,41,0,23,0.69,0.69,0,0,0,0,1,0,1
0,12.0,0,190,376,518,0,0,0,0,0,0,0,0.92,0.89,0,0,0,0,1,0,1
0,9.0,0,1,1,1,0,0,0,3,1,0,0,0.54,0.47,0,1,0,1,0,0,1
7,8.0,0,43,43,67,9,25,56,84,6,0,15,0.17,0.33,0,0,0,0,1,0,1
7,2.0,0,0,0,0,0,0,0,0,0,0,0,0.99,0.99,0,1,0,0,1,0,0
0,8.0,450,150,150,150,0,0,0,0,28,0,0,0.41,0.47,0,1,0,0,1,0,1
24,8.0,0,35,35,53,7,22,50,79,6,0,0,0.99,0.91,0,0,0,0,1,0,0
4,3.0,0,3,6,12,3,6,14,22,2,0,0,0.88,0.91,0,0,0,0,1,0,1
-1,8.0,1,7,7,7,1,4,9,12,0,0,0,0.92,0.89,1,0,0,0,1,0,1
7,8.0,0,192,348,420,52,114,307,367,59,0,12,0.1,0.1,3,0,0,1,1,0,1
7,8.0,0,25,61,96,10,27,68,95,0,0,3,0.96,0.96,0,0,0,0,1,0,1
10,8.0,0,0,0,0,0,0,0,0,0,0,0,0.46,0.35,0,0,0,0,1,0,0
1,9.0,0,1,3,4,0,1,2,3,0,0,0,0.99,0.98,0,0,0,0,1,0,1
14,2.0,0,16,36,56,4,30,46,64,1,0,0,0.99,0.93,0,0,0,0,1,0,1
2,8.0,0,0,0,0,0,0,2,2,0,0,0,0.8,0.82,0,0,0,1,1,0,1
2,8.0,0,0,0,0,0,0,0,0,0,0,0,0.82,0.68,0,1,0,1,1,0,0
7,8.0,0,0,0,0,0,0,0,0,2,0,0,0.76,0.77,0,0,0,0,1,0,0
2,8.0,0,1,2,4,2,2,2,2,0,0,0,0.85,0.89,0,0,0,0,1,0,0
76,8.0,0,0,0,0,0,0,0,0,0,0,0,0.98,0.99,0,0,0,0,1,0,0
9,2.0,0,40,60,80,17,30,39,41,0,0,0,0.9,0.83,0,0,0,0,1,0,1
1,8.0,0,12,24,36,5,11,18,24,0,0,0,0.99,0.99,0,0,0,1,1,0,1
3,2.0,0,16,32,48,4,12,25,46,0,0,0,0.77,0.81,0,0,0,0,1,0,1
7,8.0,0,13,21,29,6,12,25,41,16,0,0,0.69,0.71,0,0,0,0,1,0,1
31,2.0,0,0,0,0,0,0,0,0,0,0,0,0.46,0.64,0,1,0,0,1,0,0
-1,0.0,0,26,36,51,8,18,42,52,1,0,0,0.0,0.0,1,0,0,0,0,0,1
5,8.0,0,15,30,44,6,15,47,61,4,0,0,0.5,0.63,0,1,0,0,1,0,1
3,2.0,0,19,19,19,3,9,18,26,5,0,0,0.06,0.5,0,0,0,0,1,0,1
-7,17.0,0,27,27,27,0,14,39,41,3,0,0,0.82,0.83,8,0,0,0,1,0,1
13,12.0,0,16,28,40,8,25,25,33,0,0,0,0.37,0.5,0,0,0,0,0,0,1
0,2.0,0,16,36,36,0,0,0,0,0,0,0,0.95,0.97,0,1,0,0,1,0,0
129,8.0,0,0,62,124,7,45,117,188,39,0,0,0.82,0.68,0,0,0,0,1,0,0
6,8.0,0,10,20,25,7,13,24,33,0,0,0,0.96,0.96,0,0,0,0,1,0,1
165,8.0,6,250,250,250,23,83,180,290,57,0,0,0.91,0.94,0,0,0,0,1,0,0
0,8.0,0,10,20,25,10,15,15,15,1,0,0,1.0,0.94,0,0,0,0,1,0,1
13,8.0,0,0,9,9,3,5,10,18,0,0,0,0.25,0.26,0,0,0,0,1,0,0
0,2.0,0,2,3,4,2,2,4,6,0,0,0,0.99,0.97,0,0,0,0,1,0,1
6,2.0,0,16,16,16,12,22,26,26,0,0,0,0.24,0.31,0,1,0,1,1,0,1
113,8.0,174,498,835,1190,0,0,0,0,0,0,0,0.96,0.96,0,0,0,0,1,0,0
1,8.0,0,2,3,4,2,5,7,9,3,0,0,0.95,0.97,0,0,0,0,1,0,1
6,8.0,0,12,18,36,12,22,41,60,5,0,0,0.89,0.9,0,0,0,0,1,0,1
4,2.0,0,0,0,0,1,1,1,1,0,0,0,0.94,0.88,0,0,0,0,1,0,0
0,8.0,0,15,15,15,1,4,14,20,0,0,2,0.0,0.0,0,0,0,0,1,0,1
510,8.0,0,0,0,0,30,72,114,164,11,0,0,0.97,0.99,0,0,0,0,1,0,0
24,2.0,0,0,10,20,1,15,23,29,5,0,0,0.93,0.94,0,0,0,0,1,0,0
2,8.0,0,8,20,24,7,15,26,41,0,0,0,0.67,0.61,0,0,0,0,1,0,1
201,2.0,0,0,0,0,2,14,26,45,0,0,0,0.96,0.9,0,0,0,0,1,0,0
7,8.0,6,25,55,75,13,25,49,64,0,0,0,0.85,0.88,0,0,0,0,1,0,0
1,14.0,0,27,27,32,2,11,19,27,2,0,0,0.41,0.45,0,0,0,0,1,0,1
2,2.0,0,2,2,2,3,6,7,7,1,0,0,0.68,0.66,0,0,0,0,1,0,1
20,12.0,0,0,0,0,0,0,0,0,1,0,0,0.58,0.58,0,1,0,0,1,0,0
3,8.0,0,28,32,54,2,22,35,50,0,0,0,0.15,0.34,0,0,0,0,1,0,1
1012,8.0,0,0,0,0,0,0,0,0,0,0,0,0.72,0.74,0,0,0,0,1,0,0
16,8.0,0,0,0,0,0,2,3,3,1,0,0,0.0,0.16,0,0,0,0,1,0,0
58,8.0,0,120,120,120,9,41,83,140,6,0,0,0.73,0.69,0,0,0,0,1,0,0
86,2.0,0,180,300,480,31,79,93,93,50,0,0,1.0,0.99,0,1,0,0,1,0,0
0,8.0,0,24,48,60,1,13,25,40,10,0,0,0.99,0.98,0,0,0,0,1,0,1
3,8.0,0,26,30,40,3,7,23,42,2,0,0,0.18,0.1,0,0,0,0,1,0,1
211,0.0,0,0,0,0,0,0,0,0,0,0,0,0.0,0.0,0,0,0,0,1,0,0
24,8.0,0,0,0,0,0,0,7,21,1,0,0,0.99,0.99,0,0,0,0,1,0,0
6,9.0,0,0,0,0,0,0,0,0,0,0,0,0.99,0.98,0,0,0,0,1,0,0
0,2.0,0,11,11,11,0,0,0,0,0,0,0,0.0,0.0,0,1,0,0,1,0,0
0,2.0,0,0,0,0,0,0,0,13,0,0,0,1.0,0.93,0,0,0,1,1,0,1
0,8.0,0,50,50,50,0,8,21,32,0,0,0,0.83,0.88,0,0,0,0,1,0,1
9,2.0,0,0,0,0,0,0,0,2,0,0,0,0.98,0.92,0,1,0,0,1,0,0
15,0.0,0,434,549,549,17,79,163,235,36,0,0,0.0,0.0,2,0,0,1,1,0,1
-1,8.0,0,17,27,32,7,12,26,32,2,0,0,0.96,0.96,1,0,0,0,1,0,1
-4,8.0,0,23,40,48,1,6,17,32,5,0,1,0.73,0.73,4,0,0,0,1,0,1
3,12.0,0,0,0,0,0,0,0,0,0,0,0,0.63,0.72,0,0,0,0,1,0,0
22,9.0,0,195,285,345,26,76,145,294,54,0,0,0.69,0.68,0,0,0,0,1,0,1
-75,8.0,35,380,570,700,219,386,528,625,92,0,0,0.91,0.93,75,0,0,1,1,0,1
0,2.0,0,1,6,6,0,0,0,0,0,0,1,0.8,0.82,0,0,0,1,1,0,1
3,10.0,0,0,1,2,0,1,1,1,0,0,0,0.89,0.9,0,0,0,0,1,0,1
93,8.0,6,304,504,704,104,290,574,842,87,0,0,0.7,0.73,0,0,0,0,1,0,1
9,8.0,0,0,0,0,0,0,0,0,0,0,0,0.92,0.92,0,0,0,0,1,0,0
-5,8.0,0,87,146,174,39,129,396,433,0,0,0,0.46,0.33,5,0,0,0,1,0,1
0,2.0,0,13,13,13,0,4,4,4,17,0,13,0.58,0.44,0,1,0,0,1,0,1
1,12.0,0,10,10,10,3,13,18,26,0,0,0,0.78,0.78,0,0,0,1,1,0,1
0,2.0,0,3,3,3,0,0,0,0,0,0,0,0.0,0.0,0,1,0,1,1,0,1
0,8.0,0,236,336,436,60,155,305,471,43,0,0,0.51,0.53,5,0,0,0,1,0,1
12,12.0,0,0,0,0,0,0,0,0,1,0,0,0.96,0.86,0,0,0,0,1,0,0
2,2.0,0,7,7,7,2,5,9,9,0,0,0,0.95,0.97,0,0,0,0,1,0,1
7,4.0,0,0,0,0,1,3,3,3,2,0,0,0.77,0.8,0,0,0,0,1,0,0
0,2.0,0,2,3,4,2,2,4,6,0,0,0,0.99,0.97,0,0,0,0,1,0,1
8,12.0,7,0,0,0,0,0,0,0,1,0,0,0.48,0.48,0,1,0,0,1,0,0
54,4.0,0,76,113,150,19,38,73,91,0,0,0,0.77,0.8,0,0,0,0,1,0,0
76,12.0,0,8,35,62,6,21,50,85,11,0,0,0.63,0.72,0,0,0,0,1,0,0
15,9.0,0,0,10,10,2,7,12,23,0,0,0,0.99,0.98,0,0,0,0,1,0,0
21,8.0,0,0,0,0,0,2,4,7,0,0,0,0.93,0.85,0,0,0,0,1,0,0
2330,8.0,0,0,0,0,4,18,39,83,0,0,0,0.97,0.96,0,0,0,1,1,0,0
-16,8.0,0,793,1278,1768,152,504,1037,1547,167,0,44,0.57,0.74,26,0,0,1,1,0,1
10,4.0,0,0,0,0,0,0,0,0,0,0,0,0.73,0.78,0,0,0,0,1,0,0
110,0.0,0,545,869,1157,121,329,664,1037,259,0,0,0.0,0.0,0,0,0,0,0,0,1
-1,8.0,0,25,33,41,9,9,29,36,3,0,0,0.84,0.77,1,0,0,0,1,0,1
0,9.0,0,2,4,5,1,2,3,3,0,0,0,0.68,0.66,0,0,0,0,1,0,1
295,9.0,0,0,0,0,11,30,55,79,0,0,0,0.94,0.79,0,0,0,0,1,0,0
0,9.0,0,41,68,104,12,30,58,89,1,0,4,0.7,0.66,0,0,0,0,1,0,1
0,10.0,0,1540,1980,2640,0,0,0,0,0,0,0,0.85,0.88,0,0,0,0,1,0,1
0,2.0,0,5,7,8,0,0,0,4,1,0,0,0.95,0.97,0,1,0,0,1,0,1
3,8.0,0,0,0,0,1,1,1,1,0,0,0,0.94,0.97,0,0,0,0,1,0,0
107,8.0,3,0,0,0,6,22,38,74,47,0,0,0.97,0.95,0,0,0,0,1,0,0
21,2.0,0,32,96,128,31,68,109,172,9,0,0,0.77,0.85,0,0,0,0,1,0,1
470,8.0,580,380,1255,1780,204,622,1028,1659,280,0,0,0.9,0.94,0,0,0,0,1,0,0
2,8.0,0,1,3,5,0,1,3,4,0,0,0,0.82,0.78,0,0,0,0,1,0,0
0,5.0,0,12,12,12,0,0,0,0,0,0,0,0.68,0.69,0,1,0,1,1,0,1
3,8.0,0,0,1,2,0,0,2,3,0,0,0,1.0,0.99,0,0,0,0,1,0,1
5,8.0,0,51,100,100,7,23,45,82,20,0,1,1.0,1.0,0,0,0,0,1,0,1
43,8.0,0,0,0,0,4,11,14,54,1,0,0,0.77,0.8,0,0,0,0,1,0,0
13,2.0,0,0,0,0,2,9,13,13,3,0,0,0.78,0.82,0,1,0,1,1,0,0
1730,8.0,1,0,0,0,60,197,386,759,164,0,0,0.83,0.93,0,0,0,0,1,0,0
36,2.0,1,632,1168,1752,93,260,421,424,0,0,64,0.82,0.83,0,1,0,0,1,0,1
2,8.0,0,5,7,11,0,2,4,6,0,0,0,0.99,0.97,0,0,0,0,1,0,1
84,12.0,0,72,72,72,8,27,46,54,1,0,0,0.74,0.58,0,0,0,0,1,0,0
14,9.0,0,0,0,0,0,0,0,0,0,0,0,1.0,0.99,0,0,0,0,1,0,0
470,8.0,76,491,1031,1531,167,561,1148,1777,637,0,0,0.84,0.87,0,0,0,0,1,0,0
230,2.0,5,89,178,267,45,126,224,337,35,0,0,0.98,0.97,0,0,0,1,1,0,0
84,4.0,15,42,84,126,64,189,353,543,15,0,0,0.77,0.8,0,0,0,0,1,0,0
1,12.0,0,8,8,8,0,3,7,11,0,0,0,0.78,0.78,0,0,0,0,1,0,1
4,8.0,0,0,3,4,0,0,2,5,1,0,0,0.96,0.97,0,0,0,0,1,0,0
60,14.0,0,0,0,0,0,0,0,0,2,0,0,0.99,0.99,0,0,0,0,1,0,0
1112,2.0,246,0,600,600,262,754,1268,1941,230,0,0,1.0,0.99,0,0,0,0,1,0,0
25,2.0,0,0,0,0,0,0,0,0,0,0,0,0.99,0.99,0,1,0,0,1,0,0
15,2.0,0,0,0,0,2,4,6,8,0,0,0,0.68,0.64,0,0,0,0,1,0,0
45,8.0,51,371,578,825,89,321,561,727,64,0,108,0.79,0.66,4,0,0,0,1,0,1
90,8.0,38,0,0,38,6,58,130,140,35,0,0,1.0,1.0,0,1,0,0,1,0,0
42,12.0,0,36,72,72,49,55,57,109,0,0,0,0.63,0.72,0,0,0,0,1,0,1
4,2.0,0,2,6,10,2,12,20,23,1,0,0,0.88,0.81,0,0,0,0,1,0,1
0,2.0,0,5,11,11,0,0,0,0,0,0,5,0.53,0.53,0,1,0,1,1,0,1
594,8.0,0,324,984,1776,175,665,1386,2029,147,0,0,1.0,0.99,0,0,0,0,1,0,0
3,2.0,0,0,0,0,3,3,3,3,1,0,0,1.0,1.0,0,1,0,0,1,0,1
0,2.0,0,9,15,18,20,59,82,84,0,0,0,1.0,1.0,0,0,0,0,1,0,1
6,8.0,0,0,0,0,0,0,0,0,0,0,0,0.94,0.97,0,0,0,0,1,0,0
0,2.0,0,15,21,24,0,0,0,0,0,0,0,0.8,0.77,0,0,0,0,1,0,1
6,2.0,0,0,1,1,0,4,8,8,0,0,0,0.98,0.97,0,1,0,0,1,0,0
12,8.0,0,0,0,0,0,1,1,2,0,0,0,0.0,0.0,0,0,0,0,1,0,1
148,12.0,0,0,0,0,0,0,0,0,0,0,0,0.92,0.89,0,0,0,1,1,0,0
83,8.0,2,0,30,60,11,32,71,88,31,0,0,1.0,1.0,0,0,0,0,1,0,0
144,2.0,112,144,360,594,0,1,1,1,59,0,0,0.96,0.96,0,0,0,0,1,0,1
6,12.0,0,0,0,0,0,0,1,1,0,0,0,0.62,0.73,0,0,0,0,1,0,0
2,8.0,4,20,44,56,5,16,37,57,7,0,0,0.88,0.95,0,0,0,0,1,0,1
138,52.0,0,0,0,0,1,4,7,7,0,0,0,0.5,0.52,0,1,0,0,1,0,0
0,12.0,0,22,34,50,4,9,24,34,0,0,1,0.78,0.78,0,0,0,0,1,0,1
0,12.0,0,6,6,6,0,2,3,5,0,0,0,0.82,0.79,0,0,0,0,1,0,1
3,8.0,0,0,0,0,0,0,0,0,1,0,0,0.97,0.97,0,0,0,0,1,0,0
0,9.0,0,2,3,4,1,2,2,3,1,0,0,0.68,0.66,0,0,0,0,1,0,1
3,8.0,0,0,0,0,0,0,0,0,0,0,0,0.79,0.67,0,1,0,0,1,0,0
3,12.0,0,0,0,0,0,0,0,0,0,0,0,0.62,0.73,0,0,0,0,1,0,0
32,10.0,0,0,0,33,6,19,33,51,2,0,0,0.99,0.98,0,0,0,0,1,0,0
1,8.0,0,9,18,18,7,11,20,26,4,0,0,0.83,0.83,0,0,0,0,1,0,1
2,2.0,0,12,24,30,3,12,16,27,1,0,0,0.94,0.97,0,0,0,0,1,0,1
7,4.0,0,0,0,0,0,0,0,0,0,0,0,0.73,0.78,0,1,0,0,1,0,0
10,4.0,0,0,0,0,0,0,0,1,1,0,0,0.78,0.78,0,1,0,0,1,0,0
2269,2.0,44,12283,20947,29983,2445,7370,13042,13048,2482,0,0,0.54,0.69,0,1,0,1,1,0,1
2,8.0,0,0,1,2,0,0,3,3,0,0,0,0.8,0.82,0,0,0,0,1,0,0
5,2.0,25,25,50,75,7,29,56,88,0,0,0,0.69,0.69,0,0,0,0,1,0,0
721,9.0,0,0,0,0,1,3,3,6,33,0,0,0.94,0.79,0,0,0,0,1,0,0
22,8.0,17,1443,2073,2838,305,774,1380,2054,208,0,90,0.86,0.89,7,0,0,0,1,0,1
10,12.0,0,0,0,0,0,0,0,0,0,0,0,0.78,0.78,0,1,0,1,1,0,0
12,2.0,0,12,33,51,6,17,39,46,3,0,0,0.93,0.93,0,0,0,0,1,0,1
2,9.0,0,0,0,0,0,0,0,0,0,0,0,0.68,0.66,0,0,0,0,1,0,0
57,4.0,0,0,0,0,10,24,39,62,1,0,0,0.73,0.78,0,0,0,0,1,0,0
10,2.0,0,16,32,64,8,20,32,42,2,0,0,0.98,0.99,0,0,0,0,1,0,1
2370,2.0,135,1500,3500,4500,488,1496,2866,4759,554,0,0,0.99,0.99,0,0,0,0,1,0,0
0,2.0,0,13,13,13,0,0,0,0,0,0,0,0.66,0.63,0,0,0,0,1,0,1
5,8.0,5,71,111,131,7,42,79,125,31,0,0,0.58,0.57,0,0,0,0,1,0,1
3,2.0,1,4,10,15,1,6,9,15,1,0,0,0.1,0.17,0,0,0,0,1,0,1
-64,8.0,0,120,120,120,2,106,122,133,23,0,0,0.61,0.71,100,0,0,0,1,0,1
5,8.0,0,0,20,20,4,9,21,35,0,0,0,0.93,0.95,0,0,0,0,1,0,0
6,8.0,0,0,0,0,0,0,0,0,0,0,0,0.28,0.12,0,0,0,0,1,0,0
2,12.0,0,20,40,40,4,10,20,23,0,0,0,0.78,0.78,0,0,0,0,1,0,1
2,0.0,0,3,7,12,2,6,9,13,2,0,0,0.0,0.0,0,0,0,1,0,0,1
4,8.0,0,9,18,27,5,7,21,27,1,0,0,0.73,0.77,0,0,0,0,1,0,1
519,8.0,163,300,490,680,71,330,565,990,115,0,0,0.9,0.92,0,0,0,0,1,0,0
9,2.0,0,48,84,120,18,91,132,139,6,0,0,0.89,0.85,0,0,0,0,1,0,1
65,2.0,0,0,0,0,0,1,4,10,0,0,0,0.07,0.07,0,0,0,1,1,0,0
1,8.0,0,24,37,50,7,16,22,31,1,0,0,0.76,0.78,0,0,0,0,1,0,1
10,8.0,4,42,78,110,8,27,51,104,0,0,0,0.79,0.87,0,0,0,0,1,0,0
1,9.0,0,10,10,10,3,11,17,19,0,0,0,0.68,0.66,0,0,0,0,1,0,1
1,8.0,0,4,8,8,0,2,5,5,0,0,0,0.76,0.77,0,0,0,0,1,0,1
1525,8.0,594,4090,7106,9970,932,2972,5414,8419,831,0,0,0.75,0.89,0,0,0,0,1,0,0
2,8.0,0,5,9,13,3,4,9,13,0,0,0,1.0,0.95,0,0,0,0,1,0,1
0,8.0,0,2,3,4,1,2,2,4,1,0,0,0.83,0.81,0,0,0,0,1,0,1
0,4.0,0,0,0,0,0,0,0,0,0,0,0,0.24,0.14,0,0,0,0,1,0,1
35,0.0,0,0,0,0,0,2,3,4,1,0,0,0.0,0.0,0,0,0,0,0,0,0
35,8.0,6,91,155,219,32,81,149,232,26,0,0,0.87,0.9,0,0,0,0,1,0,1
0,12.0,0,3,3,3,0,0,2,3,0,0,1,0.78,0.78,0,0,0,0,1,0,1
18,12.0,29,452,792,1156,125,379,638,891,35,0,20,0.66,0.67,2,0,0,0,1,0,1
9,8.0,0,0,0,0,0,0,2,4,1,0,0,0.0,0.0,0,1,0,0,1,0,0
6,2.0,0,20,47,74,8,21,43,58,0,0,0,0.99,0.99,0,0,0,0,1,0,1
4986,2.0,0,0,0,0,0,0,0,0,0,0,0,1.0,1.0,0,0,0,0,1,0,0
10,2.0,0,0,0,0,0,1,4,4,0,0,0,0.99,0.99,0,1,0,0,1,0,0
0,2.0,0,0,0,0,0,0,0,0,0,0,0,0.97,0.9,0,0,0,0,1,0,1
79,2.0,0,0,0,0,4,14,18,22,0,0,0,0.85,0.8,0,1,0,0,1,0,1
0,2.0,0,6,12,15,4,6,12,17,3,0,0,1.0,0.99,0,0,0,0,1,0,1
1,2.0,0,2,4,6,1,2,3,5,0,0,0,0.91,0.82,0,0,0,0,1,0,1
214,2.0,0,0,0,0,23,50,81,121,0,0,0,0.99,0.99,0,0,0,0,1,0,0
176,3.0,0,0,26,127,0,0,0,0,0,0,0,-99.0,-99.0,0,0,0,0,1,0,0
558,8.0,0,0,0,0,0,6,14,32,0,0,0,0.94,0.95,0,0,0,0,1,0,0
1480,4.0,797,1745,3025,4111,593,1924,3808,6290,276,0,2,0.73,0.78,0,0,0,0,1,0,0
2,8.0,0,0,0,0,0,0,0,0,0,0,0,0.8,0.83,0,0,0,0,1,0,0
121,8.0,0,200,200,200,0,0,0,0,0,0,0,1.0,0.99,0,0,0,0,1,0,0
0,2.0,0,6,6,12,2,4,5,6,1,0,0,0.98,0.99,0,0,0,0,1,0,1
-3,12.0,0,179,309,448,36,96,145,200,49,0,4,0.21,0.26,3,0,0,0,1,0,1
19,2.0,0,15,45,75,1,6,22,24,4,0,0,0.97,0.98,0,1,0,0,1,0,0
0,9.0,0,9,9,12,0,3,6,10,0,0,0,0.68,0.66,0,0,0,0,1,0,1
0,8.0,0,60,60,80,0,1,67,69,0,0,0,0.0,0.0,0,1,1,0,1,0,1
25,8.0,0,0,0,0,0,0,1,1,2,0,0,0.97,0.9,0,0,0,0,1,0,0
13,2.0,0,0,0,0,0,0,0,0,0,0,0,0.17,0.33,0,1,0,0,1,0,0
10,4.0,0,0,0,0,0,0,0,0,0,0,0,0.77,0.8,0,0,0,0,1,0,0
0,12.0,0,0,0,0,0,0,0,0,0,0,0,0.73,0.76,0,0,0,0,1,0,1
24,2.0,0,45,90,135,6,27,69,107,1,0,0,0.46,0.61,0,0,0,0,1,0,0
0,2.0,0,6,8,10,3,10,14,17,0,0,0,0.78,0.82,0,0,0,0,1,0,1
36,8.0,0,0,0,0,0,0,0,0,0,0,0,0.18,0.31,0,0,0,0,1,0,0
0,2.0,0,44,44,68,0,0,0,0,1,0,0,1.0,1.0,0,0,0,0,1,0,1
9,2.0,0,0,0,0,0,0,4,4,1,0,0,0.73,0.69,0,0,0,1,1,0,0
11,2.0,0,0,0,0,0,0,0,0,0,0,0,0.5,0.52,0,1,0,0,1,0,0
93,4.0,64,0,0,9,5,13,13,13,2,0,0,0.22,0.11,0,1,0,0,1,0,1
3,4.0,0,0,0,0,0,0,0,0,1,0,0,0.24,0.14,0,1,0,0,1,0,1
4,2.0,0,2,5,8,1,2,4,8,0,0,0,0.91,0.82,0,0,0,0,1,0,0
200,9.0,0,0,0,0,0,0,0,0,0,0,0,1.0,0.98,0,0,0,0,1,0,0
0,12.0,0,6,6,6,0,1,1,1,0,0,3,0.57,0.7,0,1,0,0,1,0,1
19,2.0,0,32,80,128,11,36,64,73,0,0,0,0.87,0.68,0,0,0,0,1,0,1
2,8.0,0,2,4,6,0,2,2,6,2,0,0,0.99,0.98,0,0,0,0,1,0,0
0,2.0,0,5,8,8,0,0,0,0,0,0,0,0.42,0.36,0,1,0,1,1,0,1
11,9.0,0,0,0,0,0,2,2,2,2,0,0,0.69,0.68,0,0,0,0,1,0,0
2,2.0,0,2,3,3,0,2,2,2,1,0,0,1.0,1.0,0,0,0,0,1,0,1
9,12.0,0,0,0,0,0,0,2,2,0,0,0,0.73,0.69,0,0,0,0,1,0,0
0,4.0,0,12,12,12,2,4,4,4,10,0,0,0.77,0.8,0,1,0,0,1,0,1
5,8.0,0,21,21,21,1,2,7,10,0,0,0,0.51,0.53,0,1,0,0,1,0,0
628,8.0,305,0,0,0,4,7,13,20,1,0,0,0.95,0.98,0,0,0,0,1,0,0
1,12.0,0,0,0,0,0,2,2,2,0,0,0,0.73,0.69,0,1,0,0,1,0,0
8,4.0,0,0,0,0,0,0,0,0,1,0,0,0.66,0.62,0,0,0,1,1,0,0
1,8.0,0,18,28,37,3,9,18,29,0,0,0,0.96,0.96,0,0,0,0,1,0,1
2,2.0,6,6,6,6,2,4,4,4,0,0,1,0.93,0.93,0,1,0,0,1,0,1
1,2.0,0,3,5,8,2,2,9,13,0,0,0,0.33,0.42,0,0,0,0,1,0,1
21,0.0,0,24,69,114,0,0,0,0,0,0,0,0.0,0.0,0,0,0,0,1,0,0
3,2.0,4,28,52,72,20,64,91,134,4,0,0,0.19,0.39,0,0,1,0,1,0,1
19,8.0,0,4,24,52,8,22,54,83,3,0,0,0.07,0.07,0,0,0,0,1,0,0
3,8.0,0,16,28,40,5,15,24,32,0,0,4,0.66,0.67,0,0,0,0,1,0,0
206,8.0,12,528,888,1188,216,661,1179,2503,120,0,0,0.98,0.96,0,0,0,0,1,0,0
14,8.0,0,32,32,32,2,13,22,40,0,0,0,0.84,0.77,0,0,0,0,1,0,0
11,3.0,43,57,142,209,36,115,209,344,39,0,0,0.88,0.91,0,0,0,0,1,0,1
2,8.0,0,12,19,26,0,3,11,17,15,0,0,0.96,0.93,0,1,0,0,1,0,1
2,8.0,0,25,39,53,4,21,47,76,6,0,0,0.99,0.96,0,0,0,0,1,0,1
110,4.0,0,0,0,0,0,0,0,0,0,0,0,0.73,0.78,0,0,0,0,1,0,0
7,12.0,0,0,0,0,0,0,0,0,0,0,0,0.63,0.72,0,0,0,0,1,0,0
6,8.0,0,4,11,19,0,4,8,11,0,0,0,0.0,0.0,0,0,0,0,1,0,0
0,2.0,0,10,12,12,0,0,0,0,0,0,0,0.23,0.26,0,1,0,1,1,0,1
0,8.0,0,10,10,11,6,7,7,9,0,0,0,0.15,0.34,0,0,0,0,1,0,1
10,17.0,0,6,18,27,3,7,28,35,5,0,0,1.0,1.0,0,0,0,1,1,0,0
2,8.0,0,1,3,4,0,1,2,3,0,0,0,0.97,0.97,0,0,0,0,1,0,1
1,8.0,0,0,0,0,0,0,0,0,0,0,0,0.0,0.52,0,0,0,1,1,0,0
228,12.0,28,100,200,300,56,164,312,476,68,0,0,0.94,0.87,1,0,0,0,1,0,0
0,12.0,0,5,7,10,3,5,8,11,1,0,0,0.84,0.87,0,0,0,0,1,0,1
50,8.0,0,500,500,500,94,145,229,364,18,0,0,0.97,0.95,0,0,0,0,1,0,1
5,8.0,0,0,0,0,0,1,2,4,0,0,0,0.71,0.75,0,0,0,0,1,0,0
-11,2.0,8,16,16,16,11,42,47,47,0,0,0,0.66,0.63,11,0,0,0,1,0,1
2,12.0,0,0,0,0,0,0,0,0,0,0,0,0.78,0.78,0,0,0,0,1,0,0
12,8.0,0,12,12,12,1,12,23,31,7,0,0,1.0,1.0,0,0,0,0,1,0,1
0,0.0,0,26,39,39,6,8,14,32,4,0,0,0.0,0.0,0,0,0,0,0,0,1
1,8.0,0,24,37,50,5,12,20,27,0,0,0,1.0,0.97,0,0,0,0,1,0,1
-2,8.0,5,15,15,20,0,10,16,20,3,0,0,0.92,0.92,2,0,0,0,1,0,0
11,8.0,0,0,60,60,0,3,6,9,1,0,0,1.0,0.98,0,0,0,1,1,0,0
3,2.0,0,0,6,6,0,2,6,7,0,0,0,0.99,0.95,0,0,0,0,1,0,1
11,8.0,0,730,1030,1330,86,314,710,1202,275,0,0,0.86,0.91,7,0,0,0,1,0,1
51,8.0,24,160,304,448,103,295,548,607,58,0,0,0.97,0.97,0,0,0,0,1,0,1
117,2.0,0,288,504,648,96,257,475,712,124,0,0,0.61,0.57,0,0,0,1,1,0,1
0,8.0,0,1,1,1,1,1,1,1,0,0,0,0.87,0.88,0,0,0,0,1,0,1
0,8.0,3,6,8,9,2,3,4,5,0,0,0,0.78,0.82,0,1,0,0,1,0,1
0,2.0,0,14,20,20,0,0,0,0,0,0,0,0.61,0.62,0,0,0,0,1,0,1
424,8.0,34,138,330,522,56,214,461,726,172,0,0,0.99,0.98,0,0,0,0,1,0,0
0,2.0,0,4,7,8,0,0,0,0,0,0,2,0.42,0.36,0,0,0,1,1,0,1
1,9.0,0,1,1,2,0,1,1,2,0,0,0,1.0,0.99,0,0,0,0,1,0,1
23,2.0,0,0,0,0,0,0,1,4,0,0,0,0.98,0.98,0,1,0,0,1,0,0
3,8.0,0,22,30,41,8,25,43,61,2,0,0,0.79,0.42,1,0,0,0,1,0,1
1,12.0,0,61,86,122,20,51,89,111,18,0,0,0.82,0.79,0,0,0,0,1,0,1
6,12.0,0,11,11,16,0,6,13,24,0,0,0,0.11,0.13,0,0,0,0,1,0,1
1,8.0,0,6,6,12,2,4,5,6,0,0,0,0.91,0.89,0,0,0,0,1,0,1
5,8.0,0,3,3,6,0,7,9,21,0,0,0,0.96,0.96,0,0,0,0,1,0,1
2,8.0,0,30,30,30,0,5,13,16,4,0,0,0.33,0.32,0,0,0,0,1,0,1
-1,9.0,0,9,11,13,1,9,11,12,0,0,0,0.85,0.83,1,1,0,0,0,0,1
3,8.0,0,0,0,0,0,1,3,4,1,0,0,0.99,0.99,0,0,0,0,1,0,1
92,9.0,0,0,0,0,5,9,22,34,7,0,0,0.98,0.98,0,0,0,0,1,0,0
2,10.0,0,0,1,3,1,2,2,2,0,0,0,0.89,0.9,0,0,0,0,1,0,1
0,8.0,0,4,4,6,1,2,4,4,0,0,0,0.81,0.82,0,0,0,0,1,0,1
5,8.0,0,0,0,0,0,0,5,7,0,0,0,0.88,0.89,0,0,0,1,1,0,0
206,2.0,4,0,0,0,12,43,92,145,23,0,0,1.0,1.0,0,0,0,0,1,0,0
148,8.0,0,0,0,0,7,27,39,55,17,0,0,0.95,0.93,0,0,0,0,1,0,0
74,2.0,17,32,88,144,11,47,100,141,44,0,0,1.0,0.99,0,0,0,0,1,0,0
43,8.0,0,0,0,0,0,0,0,0,0,0,0,0.9,0.93,0,0,0,0,1,0,0
5,2.0,0,0,0,0,0,0,0,0,1,0,0,0.91,0.94,0,1,0,0,1,0,0
1,2.0,0,18,18,18,11,11,17,17,2,0,0,1.0,0.99,0,0,0,0,1,0,1
0,8.0,0,7,13,17,2,9,12,18,0,0,0,0.69,0.69,0,0,0,0,1,0,1
13,8.0,0,0,0,2,4,8,16,33,17,0,0,1.0,0.98,0,0,0,0,1,0,0
1,6.0,0,2,2,2,4,5,11,35,0,0,0,0.82,0.79,0,0,0,0,1,0,1
95,8.0,0,0,0,0,5,19,42,64,2,0,0,0.32,0.27,0,0,0,0,1,0,0
0,8.0,0,1,1,1,2,2,2,2,0,0,0,0.97,0.87,0,0,0,0,1,0,1
73,8.0,0,0,0,0,0,0,1,4,2,0,0,1.0,0.99,0,0,0,0,1,0,0
6,8.0,0,0,0,0,0,0,0,0,1,0,0,0.6,0.47,0,0,0,1,1,0,0
113,8.0,6,304,504,604,101,295,572,822,84,0,0,0.7,0.73,1,0,0,0,1,0,1
0,2.0,0,11,11,11,0,0,0,0,0,0,0,0.24,0.28,0,1,0,0,1,0,0
0,2.0,0,0,0,0,1,3,3,5,0,0,0,0.89,0.89,0,0,0,0,1,0,1
0,8.0,0,6,6,6,0,0,0,0,1,0,0,0.42,0.36,0,0,0,0,1,0,1
35,4.0,0,70,150,240,13,49,88,121,5,0,0,0.88,0.78,0,0,0,0,1,0,0
-1,8.0,0,40,64,88,12,35,60,92,12,0,0,0.73,0.73,1,0,0,0,1,0,1
5,9.0,0,4,13,27,2,13,22,28,0,0,0,0.68,0.66,0,0,0,0,1,0,0
583,17.0,0,0,0,0,0,0,0,0,0,0,0,1.0,0.95,0,0,0,0,1,0,0
2,4.0,0,17,26,35,0,1,7,11,0,0,7,0.63,0.72,0,0,0,0,1,0,1
14,8.0,33,117,180,228,170,211,413,440,32,0,0,0.88,0.61,30,0,0,0,1,0,0
21,2.0,0,0,0,0,0,0,0,0,0,0,0,0.98,0.97,0,1,0,0,1,0,0
29,2.0,0,0,18,18,5,18,21,27,3,0,0,0.98,0.98,0,1,0,0,1,0,0
5,9.0,0,0,0,0,0,0,0,0,0,0,0,0.68,0.66,0,0,0,0,1,0,0
1,8.0,0,4,6,9,3,7,10,16,0,0,0,0.78,0.74,0,0,0,0,1,0,1
32,2.0,0,0,0,0,1,1,1,1,0,0,0,0.78,0.69,0,1,0,0,1,0,0
-28,8.0,0,88,133,142,13,30,129,185,20,0,0,0.33,0.64,28,0,0,0,1,0,1
40,2.0,70,194,304,469,71,160,260,376,76,0,0,0.98,0.99,0,0,0,0,1,0,0
4575,8.0,1374,5792,9120,12864,1637,4852,8972,14496,2872,0,0,1.0,0.99,0,0,0,0,1,0,0
55,8.0,0,197,197,297,48,128,178,235,44,0,0,0.2,0.15,1,0,0,0,1,0,0
46,2.0,0,0,0,0,0,1,4,4,0,0,0,0.5,0.49,0,0,0,0,1,0,0
1,2.0,0,1,2,3,0,2,2,3,2,0,0,0.98,0.98,0,0,0,1,1,0,0
5,8.0,0,0,0,0,0,1,1,3,0,0,0,0.99,0.99,0,0,0,0,1,0,0
8,4.0,3,5,13,21,1,4,10,15,0,0,0,0.77,0.8,0,0,0,0,1,0,0
0,2.0,2,9,9,9,5,10,10,10,0,0,0,0.69,0.69,0,1,0,0,1,0,1
1,2.0,0,252,252,252,8,21,39,39,0,0,0,0.34,0.34,0,1,0,0,1,0,1
10,2.0,0,0,0,0,0,1,1,2,0,0,0,0.68,0.78,0,1,0,0,1,0,0
1,8.0,0,0,0,0,0,0,0,0,1,0,0,0.99,0.98,0,0,0,0,1,0,0
4,8.0,0,200,320,440,15,70,213,341,63,0,0,0.0,0.0,1,0,0,0,0,0,1
17424,8.0,0,0,0,0,11,28,54,75,2,0,0,0.98,0.99,0,0,0,0,1,0,0
0,8.0,0,0,0,0,0,8,17,23,0,0,0,0.99,0.99,0,1,0,0,1,0,0
7,8.0,0,453,748,1042,71,303,645,964,67,0,0,0.73,0.68,9,0,0,0,1,0,1
1,8.0,0,16,36,46,5,14,19,20,0,0,0,0.51,0.53,0,0,0,0,1,0,1
10,4.0,0,0,0,0,0,0,0,0,0,0,0,0.73,0.78,0,0,0,0,1,0,0
3,8.0,0,30,60,90,2,16,33,44,0,0,10,1.0,1.0,0,0,0,0,1,0,1
0,8.0,0,13,22,31,7,12,21,26,2,0,0,0.99,0.99,0,0,0,0,1,0,1
9,2.0,0,21,39,60,17,44,59,77,1,0,0,0.99,0.93,0,0,0,0,1,0,1
16,8.0,10,241,241,241,0,3,8,17,0,0,0,0.98,0.99,0,1,0,0,1,0,0
0,12.0,0,30,40,45,5,15,36,54,0,0,0,0.07,0.24,0,0,0,0,1,0,1
1,12.0,0,21,21,21,0,3,10,15,3,0,0,0.59,0.63,0,0,0,1,1,0,1
11,8.0,1,0,12,12,5,13,26,37,12,0,0,0.86,0.81,0,0,0,0,1,0,1
19,12.0,0,12,24,24,4,10,24,37,0,0,0,0.73,0.76,0,0,0,0,1,0,0
5,2.0,0,0,0,0,0,0,2,3,1,0,0,0.82,0.9,0,1,0,0,1,0,0
2,8.0,0,6,7,10,4,5,8,9,0,0,0,0.82,0.88,0,0,0,0,1,0,1
5,8.0,0,0,0,0,0,0,0,0,0,0,0,0.84,0.83,0,0,0,1,1,0,0
2,8.0,0,5,25,45,0,9,35,43,0,0,0,0.48,0.57,0,0,0,0,1,0,1
0,8.0,0,9,12,20,2,3,20,23,0,0,0,0.97,0.98,0,0,0,0,1,0,1
0,2.0,0,5,8,8,0,0,0,0,1,0,0,0.96,0.96,0,0,0,0,1,0,1
12,8.0,0,35,35,70,14,22,23,23,0,0,0,1.0,1.0,0,0,0,0,1,0,1
161,9.0,2,71,148,148,13,47,296,358,47,0,0,0.68,0.66,0,0,0,0,1,0,0
10,4.0,0,0,0,0,0,0,1,1,0,0,0,0.77,0.8,0,1,0,0,1,0,0
204,8.0,0,0,0,0,2,12,38,67,14,0,0,1.0,1.0,0,0,0,0,1,0,0
11,10.0,0,0,40,40,1,6,15,20,3,0,0,0.77,0.85,0,0,0,0,1,0,0
154,8.0,0,0,0,0,9,23,81,93,0,0,0,1.0,1.0,0,0,0,0,1,0,1
44,8.0,0,60,120,150,13,62,118,193,39,0,0,0.98,0.98,0,0,0,0,1,0,0
19,8.0,0,0,0,0,0,0,0,0,0,0,0,0.93,0.95,0,0,0,1,1,0,0
90,4.0,0,0,0,0,6,16,16,16,1,0,0,0.24,0.14,0,1,0,0,1,0,1
2,9.0,0,0,1,2,0,1,1,3,0,0,0,0.99,0.98,0,0,0,0,1,0,0
208,12.0,6,0,0,0,13,54,148,266,37,0,0,0.73,0.69,0,0,0,0,1,0,0
1,2.0,0,4,8,12,1,10,15,20,0,0,0,0.97,0.92,0,0,0,0,1,0,1
2,2.0,0,14,28,44,4,13,24,24,0,0,0,0.97,0.98,0,0,0,0,1,0,1
2,12.0,0,0,0,0,0,0,0,0,0,0,0,0.73,0.76,0,0,0,0,1,0,0
2,8.0,0,2,4,6,0,4,4,8,1,0,0,0.98,0.94,0,0,0,0,1,0,1
0,12.0,0,46,69,115,13,28,56,74,6,0,23,0.78,0.78,0,0,0,1,1,0,1
0,8.0,0,1,1,1,2,2,2,3,0,0,0,0.78,0.82,0,0,0,0,1,0,1
1,3.0,0,2,2,3,2,2,3,4,0,0,0,1.0,0.93,0,1,0,0,1,0,1
3,2.0,0,11,11,11,6,7,7,7,0,0,0,0.69,0.68,0,1,0,0,1,0,1
11,2.0,0,0,0,0,0,0,0,0,0,0,0,0.93,0.85,0,1,0,0,1,0,0
7,2.0,0,0,6,6,4,9,14,14,0,0,0,0.93,0.92,0,1,0,0,1,0,1
0,2.0,0,20,22,22,0,0,0,0,0,0,0,0.78,0.74,0,1,0,0,1,0,1
1274,8.0,708,1700,1800,3500,282,1401,3383,5162,374,0,0,0.65,0.67,0,1,0,0,1,0,0
1,8.0,0,10,10,10,3,7,9,9,1,0,0,0.99,0.94,0,0,0,0,1,0,1
62,2.0,80,188,385,575,92,276,442,561,67,0,0,0.98,0.98,1,0,0,0,1,0,0
2,12.0,0,0,0,0,0,0,0,0,0,0,0,0.63,0.72,0,0,0,0,1,0,0
3,8.0,0,0,0,1,1,6,8,11,0,0,0,0.82,0.89,0,0,0,1,1,0,1
0,8.0,0,1656,2872,3591,0,0,0,0,0,0,0,0.66,0.67,0,0,0,0,1,0,0
7,8.0,0,9,9,18,1,5,15,23,4,0,0,0.78,0.83,0,0,0,0,1,0,1
0,8.0,0,4,9,15,3,13,26,30,55,0,0,0.67,0.69,0,0,0,0,1,0,1
7,12.0,0,0,0,0,1,1,1,2,1,0,0,0.88,0.74,0,0,0,0,1,0,0
13,4.0,0,0,0,0,8,22,23,24,0,0,0,0.73,0.78,0,0,0,0,1,0,1
48,8.0,66,3402,5508,7695,1198,2623,4789,6803,611,0,81,-99.0,-99.0,84,0,0,0,1,0,1
2,8.0,0,1,3,5,1,3,3,7,1,0,0,0.56,0.46,0,0,0,0,1,0,1
0,8.0,0,2,3,4,0,3,4,4,1,0,0,0.97,0.97,0,0,0,0,1,0,1
114,2.0,0,40,120,200,6,39,81,198,0,0,0,1.0,0.85,0,0,0,0,1,0,1
0,8.0,0,4,5,7,1,6,6,8,3,0,0,0.94,0.97,0,0,0,0,1,0,1
0,9.0,0,14,22,30,3,7,12,18,2,0,1,0.68,0.66,0,0,0,0,1,0,1
18,8.0,0,30,60,60,17,45,81,124,0,0,0,0.85,0.78,0,0,0,0,1,0,1
1,2.0,0,7,7,7,0,9,26,28,1,0,0,0.69,0.68,0,0,0,0,1,0,0
1,8.0,0,2,3,4,5,7,10,15,0,0,0,0.86,0.92,0,0,0,0,1,0,1
78,8.0,6,156,276,420,57,177,379,593,17,0,0,0.98,0.98,0,0,0,0,1,0,0
3,4.0,0,0,0,0,0,0,0,0,0,0,0,0.73,0.78,0,1,0,0,1,0,0
3,9.0,0,0,0,1,2,2,2,5,0,0,0,0.7,0.66,0,0,0,1,1,0,1
2,8.0,0,0,0,0,0,0,0,0,0,0,0,0.74,0.76,0,0,0,0,1,0,0
0,3.0,0,2,2,3,2,2,2,2,0,0,0,0.98,0.98,0,0,0,0,1,0,0
153,4.0,58,1263,2175,3087,231,809,1157,1159,140,0,36,0.63,0.72,3,0,0,0,1,0,1
1,10.0,0,1,2,4,2,3,3,3,0,0,0,0.89,0.9,0,0,0,0,1,0,1
1,8.0,0,40,64,88,7,26,46,67,0,0,0,0.86,0.88,0,0,0,0,1,0,1
4,12.0,0,0,0,0,0,0,0,0,0,0,0,0.78,0.78,0,0,0,0,1,0,0
6,2.0,0,40,88,136,20,45,76,84,0,0,0,0.87,0.75,0,0,0,0,1,0,1
15,2.0,0,48,84,120,18,47,81,83,3,0,30,0.9,0.88,0,1,0,0,1,0,1
12,8.0,0,0,0,0,1,1,1,2,0,0,0,0.0,0.0,0,0,0,0,1,0,1
4,0.0,2,53,116,176,23,53,105,153,16,0,0,0.0,0.0,0,0,0,0,0,0,1
106,8.0,0,0,0,0,0,0,0,0,0,0,0,1.0,0.99,0,0,0,0,1,0,1
0,4.0,0,2,4,5,2,2,2,2,0,0,0,0.68,0.66,0,0,0,0,1,0,1
29,9.0,0,92,176,261,31,98,194,285,34,0,0,0.92,0.76,0,0,0,0,1,0,0
0,8.0,0,3,4,6,3,4,6,7,1,0,0,0.98,0.98,0,0,0,0,1,0,1
56,15.0,0,0,0,0,0,0,0,0,0,0,0,0.78,0.76,0,0,0,0,1,0,0
0,2.0,0,4,8,8,0,0,0,0,0,0,0,0.98,0.98,0,1,0,0,1,0,1
56,9.0,0,0,0,0,0,2,23,34,0,0,0,0.86,0.84,0,0,0,0,1,0,0
10,8.0,0,0,4,4,0,5,5,10,0,0,0,0.8,0.82,0,0,0,0,1,0,0
0,2.0,0,3,3,6,0,0,2,2,0,0,0,0.57,0.42,0,1,0,0,1,0,1
-1,8.0,3,82,124,158,24,60,122,196,26,0,7,0.34,0.28,1,0,0,0,1,0,1
22,4.0,0,0,0,0,0,0,0,0,0,0,0,0.89,0.9,0,0,0,0,1,0,0
8,12.0,0,0,0,3,0,5,8,14,0,0,0,0.73,0.76,0,0,0,0,1,0,0
9,8.0,1,19,47,75,14,28,50,73,0,0,0,0.98,0.95,0,0,0,0,1,0,1
0,2.0,0,5,5,5,0,0,0,0,0,0,0,0.0,0.0,0,1,0,0,1,0,1
2,12.0,0,18,30,48,3,9,22,32,0,0,0,0.78,0.78,0,0,0,0,1,0,1
1,4.0,0,0,0,0,0,0,0,0,0,0,0,0.95,0.94,0,0,0,0,1,0,0
68,2.0,0,0,0,0,0,7,15,24,2,0,0,0.87,0.93,0,0,0,0,1,0,1
138,8.0,0,0,0,36,0,19,24,74,2,0,0,0.77,0.8,0,0,0,0,1,0,0
0,6.0,0,40,72,104,7,21,52,74,14,0,0,0.68,0.69,0,0,0,0,1,0,1
12,8.0,0,0,0,0,2,6,11,12,3,0,0,0.44,0.66,0,0,0,0,1,0,0
177,2.0,0,0,50,150,12,55,71,79,1,0,0,0.18,0.19,0,1,0,0,1,0,0
2,8.0,0,0,0,0,3,8,8,8,0,0,0,0.7,0.74,0,0,0,0,1,0,1
1,12.0,0,0,0,0,1,1,1,2,0,0,0,0.77,0.73,0,0,0,0,1,0,1
5,2.0,0,8,24,36,2,18,33,55,7,0,0,0.98,0.97,0,0,0,0,1,0,0
2,9.0,0,8,8,12,2,9,16,22,0,0,0,0.99,0.98,0,0,0,0,1,0,1
0,8.0,0,10,15,15,5,11,16,18,0,0,0,0.34,0.53,0,0,0,0,1,0,1
2,8.0,0,39,54,69,7,17,32,47,3,0,0,0.0,0.0,0,0,0,0,1,0,1
20,8.0,0,0,0,0,2,7,24,27,0,0,0,0.48,0.53,0,0,0,0,1,0,1
0,2.0,0,12,12,12,4,4,4,4,0,0,0,0.33,0.59,4,0,0,0,1,0,0
1,12.0,0,43,57,71,9,23,40,52,2,0,0,0.78,0.78,0,0,0,1,1,0,1
11,52.0,0,0,0,0,0,0,1,1,0,0,0,0.96,0.96,0,1,0,0,0,0,0
2,12.0,0,29,50,74,1,5,10,10,0,0,0,0.78,0.78,0,1,0,0,1,0,1
3,8.0,0,0,0,0,0,0,2,3,2,0,0,0.74,0.74,0,1,0,0,1,0,0
0,8.0,0,7,7,7,0,1,4,4,0,0,5,0.42,0.36,0,0,0,0,1,0,1
2,0.0,1,20,49,76,9,36,64,101,5,0,0,0.0,0.0,0,0,0,0,0,0,1
110,52.0,0,0,0,0,57,75,151,235,2,0,0,0.86,0.86,0,1,0,0,1,0,0
560,8.0,0,0,0,0,15,26,53,83,30,0,0,0.84,0.87,0,1,0,0,0,0,0
6,8.0,0,0,0,0,2,3,6,10,0,0,0,0.97,0.97,0,0,0,1,1,0,0
0,12.0,0,10,13,17,6,12,14,16,1,0,2,0.81,0.83,0,0,0,0,1,0,1
2,8.0,0,0,0,0,0,0,0,0,0,0,0,1.0,0.9,0,0,0,0,1,0,0
0,2.0,0,10,12,12,0,0,0,0,0,0,0,0.05,0.24,0,1,0,1,1,0,1
11,2.0,0,20,40,60,6,18,47,67,11,0,0,0.98,0.99,0,0,0,0,1,0,1
500,2.0,0,0,0,0,0,0,0,0,0,0,0,0.68,0.77,0,0,0,0,1,0,0
2,2.0,0,1,5,5,3,10,17,36,3,0,0,0.92,0.95,0,0,0,0,1,0,1
11,4.0,0,0,0,0,0,0,0,0,0,0,0,0.73,0.78,0,1,0,0,1,0,0
31,2.0,0,105,155,195,18,40,93,108,5,0,0,0.0,0.0,0,1,0,0,1,0,1
3,9.0,0,0,0,0,0,0,0,0,0,0,0,0.7,0.66,0,1,0,0,1,0,0
15,4.0,0,0,9,21,0,2,7,17,1,0,0,0.88,0.78,0,0,0,0,1,0,1
2,12.0,0,0,0,0,0,0,0,1,0,0,0,0.73,0.76,0,0,0,0,1,0,0
0,2.0,0,7,10,13,1,3,5,6,1,0,0,0.69,0.71,0,1,0,1,1,0,1
45,2.0,8,42,96,157,20,72,130,178,20,0,8,0.68,0.64,0,0,0,0,1,0,0
16,8.0,0,30,30,60,8,18,30,39,0,0,0,0.51,0.47,0,0,0,1,1,0,0
0,2.0,0,5,7,7,0,0,0,0,0,0,0,0.82,0.89,0,1,0,1,1,0,1
0,9.0,0,14,21,28,3,12,18,26,0,0,0,0.96,0.93,0,0,0,0,1,0,1
3,2.0,0,2,2,2,0,0,0,0,1,0,0,0.98,0.95,0,1,0,0,1,0,0
0,8.0,0,16,32,40,6,13,28,41,4,0,0,0.83,0.81,0,0,0,0,1,0,1
12,4.0,0,0,4,4,2,4,7,8,3,0,0,0.96,0.85,0,0,0,0,1,0,1
229,8.0,0,1400,1400,2800,593,1730,2341,2702,419,0,0,0.97,0.96,81,0,0,0,1,0,1
33,12.0,0,0,0,0,0,0,1,4,0,0,0,0.74,0.74,0,1,0,0,1,0,0
17,8.0,0,0,0,0,0,0,2,7,0,0,0,0.99,0.97,0,0,0,0,1,0,0
0,4.0,0,93,133,162,0,0,0,0,15,0,0,1.0,0.98,0,0,0,0,1,0,1
0,12.0,0,0,0,0,0,0,0,0,0,0,0,0.96,0.96,0,0,0,0,1,0,0
113,8.0,227,457,795,1187,0,0,0,0,0,0,0,0.96,0.96,0,0,0,0,1,0,0
5,8.0,0,62,94,126,13,40,68,108,0,0,0,0.98,0.98,0,0,0,0,1,0,1
0,3.0,0,12,18,24,1,5,8,12,2,0,0,0.43,0.46,0,1,0,0,1,0,1
-43,12.0,0,720,720,720,55,97,170,262,112,0,0,-99.0,0.0,52,0,0,0,1,0,1
197,8.0,3,1268,1688,2228,294,809,1452,2315,484,0,40,0.61,0.57,0,0,0,1,1,0,1
2034,8.0,0,0,0,0,8,23,51,69,0,0,0,1.0,0.93,0,0,0,0,1,0,0
45,2.0,54,234,402,570,157,324,547,852,64,0,0,0.99,0.95,6,0,0,0,1,0,0
4,8.0,0,169,215,284,33,86,149,187,35,0,17,0.81,0.78,0,0,0,0,1,0,1
0,2.0,0,1403,2265,3067,0,0,0,0,68,0,0,0.99,0.99,0,0,0,0,1,0,1
2,14.0,0,0,1,2,0,2,2,4,0,0,0,0.3,0.38,0,0,0,1,1,0,0
1,8.0,0,14,41,68,5,21,33,58,6,0,0,0.93,0.96,0,0,0,0,1,0,1
15,9.0,0,0,0,0,0,0,0,0,0,0,0,0.91,0.77,0,0,0,0,1,0,0
78,2.0,0,0,0,0,0,0,0,0,0,0,0,0.98,0.98,0,0,0,0,1,0,0
6,2.0,0,0,3,9,1,5,8,13,0,0,0,0.86,0.77,0,0,0,0,1,0,1
0,4.0,0,9,10,10,2,6,6,6,0,0,0,0.57,0.6,0,1,0,0,1,0,1
11,2.0,0,61,92,123,24,34,34,34,0,0,0,0.99,0.99,0,1,0,0,1,0,1
4,2.0,0,13,13,13,9,12,14,14,2,0,0,0.58,0.57,0,1,0,0,1,0,1
265,8.0,0,98,294,490,48,218,428,639,60,0,0,0.9,0.95,0,0,0,0,1,0,0
5,9.0,0,5,10,15,6,11,16,21,2,0,0,0.68,0.66,0,0,0,0,1,0,1
38,9.0,0,0,0,0,0,0,0,0,0,0,0,0.86,0.84,0,0,0,0,1,0,0
42,8.0,0,0,0,0,5,13,19,27,2,0,0,1.0,0.99,0,0,0,0,1,0,0
0,2.0,0,2,2,7,0,0,0,0,0,0,0,0.78,0.82,0,0,0,1,1,0,1
1,8.0,0,4,8,8,1,4,5,5,0,0,4,0.76,0.77,0,0,0,0,1,0,1
30,8.0,0,477,777,927,87,233,361,466,77,0,0,0.0,0.0,2,0,0,0,1,0,1
2,8.0,0,200,320,440,13,68,207,333,61,0,40,0.0,0.0,1,0,0,0,0,0,1
21,4.0,0,0,0,10,1,4,7,16,0,0,0,1.0,1.0,0,0,0,1,1,0,0
56,8.0,6,406,647,866,120,235,412,684,106,0,0,0.99,0.86,6,0,0,0,1,0,1
7,9.0,0,0,3,6,4,7,14,23,1,0,0,0.99,0.99,0,0,0,0,1,0,1
0,9.0,0,3,4,6,0,2,3,3,0,0,1,0.99,0.98,0,0,0,0,1,0,1
4,8.0,0,0,0,0,0,0,0,0,0,0,0,0.84,0.77,0,1,0,1,1,0,0
5,12.0,0,0,0,0,0,0,0,0,0,0,0,0.73,0.69,0,0,0,0,1,0,0
0,2.0,0,4,7,7,0,0,3,3,0,0,4,0.8,0.66,0,1,0,1,1,0,1
0,8.0,0,1,1,2,2,2,2,3,1,0,0,0.48,0.53,0,0,0,0,1,0,1
8,9.0,0,0,0,0,0,0,0,0,0,0,0,0.68,0.66,0,0,0,0,1,0,0
9,2.0,0,0,0,0,0,2,5,6,0,0,0,0.85,0.76,0,0,0,1,1,0,1
20,2.0,0,0,0,0,0,4,6,7,1,0,0,0.99,0.99,0,0,0,0,1,0,0
4,8.0,0,0,0,0,0,0,2,2,0,0,0,0.64,0.61,0,0,0,0,1,0,0
61,8.0,4,109,217,271,16,74,157,264,18,0,0,0.89,0.88,0,0,0,0,1,0,0
0,8.0,0,0,0,0,0,0,0,0,0,0,0,0.97,0.96,0,0,0,0,1,0,0
3,8.0,0,0,0,0,0,0,0,0,1,0,0,1.0,0.9,0,0,0,0,1,0,0
2,2.0,0,2,4,6,3,5,7,8,0,0,0,0.43,0.23,0,0,0,0,1,0,0
0,8.0,0,0,0,0,0,0,0,0,0,0,0,-99.0,-99.0,0,0,0,1,1,0,0
4,2.0,0,12,18,24,8,23,30,37,0,0,0,0.38,0.4,0,1,0,0,1,0,1
5,12.0,0,0,0,0,0,0,0,0,0,0,0,0.82,0.79,0,0,0,0,1,0,0
5,8.0,0,0,0,0,0,0,0,0,0,0,0,0.84,0.89,0,0,0,0,1,0,0
265,2.0,120,600,1140,1680,162,384,637,779,146,0,0,0.63,0.63,0,1,0,0,1,0,0
3,2.0,0,0,0,0,1,1,1,1,1,0,0,0.99,0.99,0,1,0,0,0,0,1
77,52.0,0,0,0,0,0,0,0,0,0,0,0,1.0,0.99,0,1,0,0,1,0,0
11,8.0,0,10,20,30,2,9,21,30,6,0,0,0.99,0.99,0,0,0,0,1,0,1
2068,2.0,1012,3965,8642,13235,1138,4174,8253,13240,1255,0,242,0.95,0.97,0,0,0,0,1,0,1
-3,8.0,0,24,38,52,10,23,33,43,5,0,0,0.71,0.66,3,0,0,0,1,0,1
14,2.0,0,0,0,0,0,1,1,3,0,0,0,0.99,0.97,0,1,0,0,1,0,0
2,8.0,0,1,3,4,0,2,2,6,0,0,0,0.78,0.86,0,0,0,1,1,0,1
0,2.0,6,72,72,72,0,2,2,2,1,0,0,0.98,0.99,0,1,0,0,1,0,1
1,3.0,0,4,4,4,3,10,11,14,1,0,0,0.94,0.97,0,0,0,0,1,0,1
25,8.0,0,550,850,1450,51,303,494,831,0,0,0,0.68,0.77,0,0,0,0,1,0,1
0,12.0,0,6,6,6,0,2,2,4,0,0,0,0.62,0.73,0,0,0,0,1,0,1
-12,8.0,0,259,397,507,39,149,302,516,40,0,44,0.61,0.61,31,0,0,0,1,0,1
6,9.0,0,0,0,0,0,0,0,0,0,0,0,0.91,0.77,0,1,0,0,1,0,0
4,12.0,0,0,0,0,0,0,0,0,0,0,0,0.62,0.73,0,0,0,0,1,0,0
5,9.0,0,4,8,12,7,9,13,17,0,0,0,0.98,0.98,0,0,0,0,1,0,1
37,8.0,0,0,0,30,7,22,39,53,15,0,0,0.48,0.57,0,0,0,1,1,0,1
2,8.0,0,0,0,0,0,0,0,0,0,0,0,0.78,0.82,0,0,0,0,1,0,0
0,8.0,0,0,0,0,0,0,0,0,0,0,0,0.83,0.92,0,1,0,0,1,0,0
1,2.0,0,60,80,80,22,23,36,41,0,0,0,0.95,0.97,0,1,0,0,1,0,1
8,8.0,0,0,0,0,0,0,0,0,0,0,0,0.98,0.95,0,0,0,0,1,0,0
1,8.0,0,3,6,8,0,3,4,5,0,0,0,0.8,0.82,0,0,0,0,1,0,0
434,8.0,0,0,0,0,0,2,2,2,0,0,0,0.99,0.97,0,0,0,0,1,0,0
4,4.0,0,0,0,1,0,1,1,2,0,0,0,0.77,0.8,0,0,0,0,1,0,0
9,8.0,0,0,0,0,0,0,4,10,1,0,0,0.82,0.89,0,0,0,0,1,0,0
7,8.0,2,498,840,966,34,130,362,578,0,0,45,0.97,0.94,0,0,0,0,1,0,1
44,8.0,44,540,810,1062,193,356,593,1009,179,0,0,0.25,0.39,6,0,0,0,1,0,1
9,4.0,0,0,0,0,5,12,32,34,0,0,0,0.73,0.78,0,1,0,0,1,0,1
39,2.0,14,10,35,60,7,23,44,66,28,0,0,0.99,0.99,0,0,0,0,1,0,0
11,4.0,0,0,0,0,0,0,0,0,0,0,0,0.73,0.78,0,0,0,0,1,0,0
1,9.0,0,5,8,11,9,12,15,18,6,0,0,0.68,0.66,0,0,0,0,1,0,1
0,8.0,0,3,5,6,1,2,4,8,0,0,0,0.97,0.98,0,0,0,1,1,0,1
2,2.0,0,1,2,4,2,3,6,7,0,0,0,1.0,0.99,0,0,0,0,1,0,1
13,8.0,6,16,30,44,7,14,24,48,7,0,0,0.69,0.69,0,0,0,0,1,0,0
2,12.0,0,0,0,0,0,0,0,0,0,0,0,0.78,0.78,0,0,0,0,1,0,0
31,2.0,0,25,50,75,6,24,48,70,2,0,0,0.85,0.76,0,0,0,0,1,0,1
61,4.0,39,15,45,75,224,575,1048,1442,12,0,0,0.73,0.78,0,0,0,0,1,0,0
38,2.0,0,0,0,0,0,4,5,13,5,0,0,0.91,0.85,0,1,0,0,1,0,0
3291,18.0,441,3360,5040,8400,870,4175,8381,11310,989,0,0,1.0,0.71,0,0,0,0,1,0,0
5,8.0,4,16,32,44,6,13,35,53,5,0,0,0.91,0.83,0,0,0,0,1,0,0
2,8.0,0,25,25,50,2,11,20,28,2,0,0,0.97,0.97,0,0,0,0,1,0,1
0,8.0,0,40,64,100,13,38,69,76,0,0,6,0.91,0.93,0,0,0,1,1,0,1
0,2.0,0,5,5,5,0,0,0,0,0,0,0,0.0,0.0,0,1,0,1,1,0,1
112,8.0,50,37,124,208,21,88,210,333,44,0,0,0.7,0.84,0,0,0,0,1,0,0
2,2.0,0,0,0,0,0,1,6,6,0,0,0,0.99,0.99,0,0,0,0,1,0,1
10,3.0,0,0,0,0,0,0,0,0,1,0,0,0.75,0.64,0,1,0,0,1,0,0
3,2.0,0,2,3,3,0,0,0,0,0,0,0,0.84,0.9,0,1,0,1,1,0,0
26,4.0,33,37,74,111,22,71,123,166,0,0,0,0.77,0.8,0,0,0,0,1,0,0
86,8.0,7,59,117,186,15,49,84,160,26,0,0,0.99,0.99,0,0,0,0,1,0,0
12,2.0,0,12,12,24,2,7,12,17,0,0,0,0.93,0.86,0,0,0,0,1,0,0
11,8.0,0,240,360,440,15,76,224,335,63,0,0,-99.0,-99.0,0,0,0,0,0,0,1
5,8.0,0,0,0,0,0,0,0,0,0,0,0,0.84,0.87,0,0,0,0,1,0,0
3,8.0,0,0,0,0,0,0,0,0,1,0,0,0.96,0.93,0,0,0,0,1,0,0
28,4.0,0,0,0,0,0,0,1,1,0,0,0,0.73,0.78,0,0,0,0,1,0,0
2,8.0,0,21,41,51,6,14,28,36,0,0,0,0.64,0.68,0,0,0,0,1,0,1
0,8.0,0,2,3,5,0,2,2,2,0,0,0,0.82,0.81,0,0,0,0,1,0,1
23,8.0,2,28,40,43,6,22,34,71,11,0,0,0.79,0.66,0,0,0,0,1,0,0
5,8.0,0,0,0,0,0,0,0,0,0,0,0,0.78,0.82,0,0,0,0,1,0,0
12,52.0,0,0,0,0,0,0,1,1,0,0,0,0.84,0.86,0,1,0,0,0,0,0
9,8.0,0,40,90,140,11,25,50,63,0,0,0,1.0,0.94,0,0,0,0,1,0,1
0,2.0,0,20,21,21,0,0,0,0,0,0,0,0.78,0.74,0,1,0,0,1,0,1
4,10.0,0,0,0,0,0,0,0,0,0,0,0,0.89,0.9,0,0,0,1,1,0,0
-3,12.0,0,17,23,29,0,5,15,21,5,0,1,0.76,0.73,3,0,0,0,1,0,1
6,9.0,0,0,2,5,2,4,8,14,2,0,0,0.99,0.98,0,0,0,1,1,0,0
6,5.0,0,15,15,15,0,0,0,0,0,0,0,0.0,0.0,0,1,0,0,1,0,1
6,2.0,0,22,46,76,14,27,63,90,0,0,0,0.91,0.93,0,0,0,1,1,0,1
21,2.0,0,0,0,0,12,39,45,45,0,0,0,0.93,0.93,0,1,0,0,1,0,1
0,2.0,0,5,5,5,0,0,0,0,0,0,0,0.0,0.0,0,1,0,1,1,0,1
123,2.0,0,100,200,300,24,104,223,352,40,0,0,0.97,0.94,0,0,0,0,1,0,0
190,9.0,0,240,240,360,67,169,336,525,44,0,0,0.91,0.77,0,0,0,0,1,0,1
10,8.0,0,0,0,0,0,0,0,0,1,0,0,0.79,0.84,0,1,0,0,1,0,0
16,8.0,0,0,0,0,0,0,0,0,1,0,0,0.92,0.94,0,0,0,0,1,0,0
6,4.0,0,0,0,0,8,15,36,38,0,0,0,0.73,0.78,0,1,0,0,1,0,1
0,12.0,0,40,40,48,5,24,38,64,0,0,0,0.78,0.78,0,0,0,1,1,0,1
32,8.0,0,0,0,0,0,3,11,19,0,0,0,0.99,0.98,0,1,0,0,1,0,0
10,2.0,0,0,0,0,2,2,2,2,0,0,0,0.96,0.96,0,1,0,1,1,0,1
0,2.0,0,2287,3007,3967,0,1,1,1,121,0,0,0.66,0.4,0,0,0,0,1,0,1
78,8.0,0,0,0,0,0,7,7,8,0,0,0,0.48,0.39,0,0,0,0,1,0,0
27,2.0,0,40,40,80,2,17,28,43,0,0,0,0.44,0.69,0,0,0,0,1,0,0
8,2.0,0,0,0,0,0,0,0,0,2,0,0,0.93,0.93,0,0,0,1,0,0,0
1,12.0,0,21,21,21,1,3,10,18,3,0,0,0.59,0.63,0,0,0,1,1,0,1
0,3.0,0,914,1805,1805,1,3,3,3,89,0,0,0.54,0.7,1,0,0,1,1,0,1
1,8.0,0,43,63,63,3,9,26,41,16,0,0,0.99,0.99,0,1,0,0,1,0,1
219,8.0,225,958,1798,2568,372,955,1783,2614,164,0,59,0.91,0.89,0,0,0,0,1,0,0
9,8.0,0,0,0,0,0,0,0,0,0,0,0,0.0,0.0,0,0,0,1,1,0,0
0,5.0,6,9,11,11,0,0,0,0,0,0,0,-99.0,-99.0,0,1,0,0,1,0,1
4,9.0,0,4,12,16,1,4,8,11,0,0,0,0.99,0.98,0,0,0,1,1,0,1
333,8.0,52,0,0,0,19,66,116,188,27,0,0,0.93,0.94,0,0,0,0,1,0,0
5,12.0,0,0,0,0,0,0,0,1,0,0,0,0.73,0.76,0,0,0,0,1,0,0
4,8.0,0,0,2,3,0,2,6,9,0,0,0,0.81,0.82,0,0,0,0,1,0,1
15,4.0,32,18,40,55,8,28,42,66,8,0,0,0.73,0.78,0,0,0,0,1,0,0
2,8.0,8,6,12,18,3,11,18,29,0,0,0,0.77,0.74,0,0,0,0,1,0,0
7,4.0,0,0,0,0,0,0,0,0,0,0,0,0.73,0.78,0,1,0,0,1,0,0
11,2.0,0,11,22,44,1,12,24,43,0,0,0,0.97,0.95,0,0,0,1,1,0,1
0,2.0,0,50,50,50,1,5,5,7,0,0,0,0.83,0.86,0,0,0,1,1,0,1
443,8.0,6,0,0,0,22,68,148,239,28,0,0,0.97,0.95,0,0,0,0,1,0,0
52,2.0,0,0,0,0,0,0,0,4,0,0,0,0.79,0.87,0,1,0,0,1,0,0
10,4.0,0,0,0,0,0,0,0,0,0,0,0,0.73,0.78,0,0,0,0,1,0,0
0,2.0,0,12,21,25,0,0,0,0,0,0,0,0.69,0.69,0,0,0,0,1,0,1
243,8.0,17,0,756,756,35,96,198,346,36,0,0,0.96,0.96,0,0,0,0,1,0,0
145,6.0,0,0,0,0,0,0,0,0,1,0,0,0.73,0.76,0,0,0,0,1,0,0
0,2.0,0,10,12,12,0,0,0,0,0,0,0,0.05,0.24,0,1,0,1,1,0,1
5,8.0,0,0,0,0,1,1,1,1,0,0,0,0.99,0.86,0,0,0,0,1,0,0
3,9.0,0,0,0,0,0,0,0,0,0,0,0,0.93,0.74,0,1,0,0,1,0,0
1,8.0,0,2,3,3,0,1,1,1,0,0,0,0.08,0.03,0,0,0,0,1,0,1
5,10.0,0,4,7,10,1,3,8,11,1,0,0,0.89,0.9,0,0,0,0,1,0,0
13,14.0,0,0,0,0,0,0,0,0,2,0,0,0.99,0.99,0,0,0,0,1,0,0
0,2.0,0,472,472,472,0,0,0,0,127,0,0,0.69,0.69,0,0,0,1,1,0,1
3,2.0,0,1,1,1,0,1,1,1,0,0,0,0.8,0.66,0,1,0,0,1,0,0
2,8.0,0,56,80,120,1,33,57,96,0,0,0,0.66,0.72,0,0,0,0,1,0,1
2,8.0,0,0,0,1,1,1,1,1,1,0,0,0.14,0.32,0,0,0,0,1,0,0
0,8.0,0,15,15,15,3,4,15,20,0,0,0,0.0,0.0,0,0,0,0,1,0,1
397,8.0,128,599,1051,1571,218,621,1183,1740,219,0,0,0.62,0.68,1,0,0,0,1,0,0
5,2.0,0,0,0,0,0,2,4,4,0,0,0,0.64,0.69,0,0,0,0,1,0,1
503,8.0,176,495,1440,2340,341,894,1866,2628,449,0,0,0.85,0.76,0,0,0,0,1,0,0
5,4.0,0,0,1,1,1,3,3,5,0,0,0,0.73,0.78,0,0,0,0,1,0,0
6,2.0,9,27,54,81,10,25,48,71,7,0,0,0.99,0.93,0,0,0,0,1,0,1
10,2.0,0,0,0,0,0,0,0,0,0,0,0,0.79,0.84,0,0,0,0,1,0,0
59,9.0,1,10,40,70,6,28,57,95,27,0,0,0.99,0.98,0,0,0,0,1,0,0
12,8.0,0,12,12,14,0,1,15,42,0,0,0,0.95,0.97,0,1,0,0,1,0,0
1,12.0,0,0,0,0,0,0,0,0,0,0,0,0.78,0.78,0,0,0,0,1,0,0
0,8.0,0,3,4,5,1,3,5,5,0,0,0,0.85,0.59,0,0,0,0,1,0,1
521,8.0,145,960,2100,3120,299,1169,2366,3714,176,0,0,0.9,0.92,0,0,0,0,1,0,0
6,4.0,0,0,0,0,0,1,2,3,0,0,0,0.89,0.9,0,0,0,0,1,0,0
62,0.0,0,51,89,125,11,15,15,15,23,0,0,0.0,0.0,0,1,0,0,1,0,1
2,3.0,0,4,8,12,5,8,16,24,2,0,0,0.91,0.91,0,0,0,0,1,0,1
149,52.0,0,0,0,0,0,0,0,0,0,0,0,1.0,0.99,0,1,0,0,0,0,0
53,12.0,0,0,0,0,61,101,103,134,10,0,0,0.21,0.27,0,1,0,0,1,0,0
171,12.0,0,0,0,0,0,1,1,6,2,0,0,0.56,0.55,0,0,0,0,1,0,0
23,8.0,0,0,0,5,4,9,18,26,2,0,0,1.0,0.99,0,0,0,0,1,0,0
0,12.0,0,0,0,0,0,0,0,0,0,0,0,0.82,0.79,0,0,0,0,1,0,1
0,2.0,108,630,972,1314,0,0,0,0,0,0,0,0.97,0.97,0,0,0,0,1,0,0
0,8.0,0,23,35,47,3,12,18,21,1,0,0,0.96,0.96,0,0,0,1,1,0,1
269,8.0,0,0,0,0,0,4,14,16,0,0,0,0.95,0.94,0,0,0,1,1,0,0
5,8.0,0,10,10,20,0,5,6,11,0,0,0,0.84,0.88,0,0,0,0,1,0,0
1,8.0,1,12,28,39,4,11,15,25,1,0,0,0.8,0.82,0,0,0,0,1,0,1
2,4.0,0,0,0,0,5,6,6,6,0,0,0,0.69,0.68,0,1,0,0,1,0,1
22,2.0,0,0,0,0,0,0,1,2,0,0,0,0.88,0.91,0,0,0,0,1,0,0
1,2.0,0,3,5,7,1,2,7,8,0,0,0,0.77,0.82,0,0,0,0,1,0,1
2,2.0,0,25,25,25,7,10,17,20,1,0,0,0.95,0.92,0,0,0,0,1,0,1
5,9.0,0,0,0,0,0,0,0,0,0,0,0,0.68,0.66,0,0,0,0,1,0,0
0,8.0,0,238,440,634,0,0,0,0,24,0,0,0.69,0.68,0,1,0,0,1,0,1
5,2.0,0,0,0,0,0,0,0,0,0,0,0,0.68,0.64,0,0,0,0,1,0,0
9,8.0,2,84,180,266,22,67,124,177,0,0,6,0.71,0.75,0,0,0,1,1,0,1
532,8.0,128,384,1152,1792,147,486,1023,1662,197,0,0,0.97,0.98,0,0,0,0,1,0,0
0,8.0,0,3,5,6,2,4,4,9,2,0,0,0.99,0.99,0,0,0,0,1,0,1
3,8.0,1,84,140,207,7,59,110,170,16,0,0,0.47,0.62,2,0,0,0,1,0,1
0,4.0,0,259,451,511,1,4,10,11,18,0,4,0.79,0.66,0,0,0,1,1,0,1
0,2.0,0,4,7,8,0,0,0,0,0,0,0,0.62,0.73,0,0,0,0,1,0,1
19,2.0,0,0,0,0,0,5,5,5,1,0,0,0.98,0.98,0,0,0,0,1,0,1
0,2.0,0,121,208,292,0,0,0,1,17,0,36,0.99,0.95,0,0,0,0,1,0,1
-1,2.0,0,12,18,18,5,10,15,22,1,0,0,0.91,0.93,1,0,0,0,1,0,1
51,8.0,4,150,240,390,47,167,279,462,48,0,0,0.96,0.96,1,0,0,0,1,0,1
3,12.0,12,17,27,33,2,11,17,24,5,0,0,0.14,0.32,0,0,0,0,1,0,1
15,2.0,0,20,50,80,3,7,15,17,3,0,0,0.98,0.97,0,1,0,0,1,0,0
681,8.0,0,0,0,0,0,0,0,0,2,0,0,0.91,0.94,0,0,0,0,1,0,0
50,2.0,0,0,0,0,0,0,1,1,1,0,0,-99.0,-99.0,0,1,0,0,1,0,0
3,2.0,0,6,6,6,0,0,0,0,0,0,0,1.0,0.96,0,1,0,0,1,0,1
0,8.0,0,58,58,58,0,1,1,1,0,0,0,0.77,0.78,0,1,0,1,1,0,1
-1,2.0,0,8,8,8,1,2,2,2,0,0,0,0.33,0.59,1,0,0,0,1,0,1
0,9.0,0,3,5,7,2,4,6,6,0,0,0,0.7,0.78,0,0,0,0,1,0,1
2,8.0,0,0,0,0,0,0,0,0,0,0,0,0.95,0.97,0,0,0,0,1,0,0
55,2.0,0,10,25,45,45,45,72,159,12,0,0,0.95,0.96,0,0,0,0,1,0,1
68,2.0,0,24,84,132,24,84,116,165,0,0,0,0.66,0.6,0,0,0,0,1,0,1
5,4.0,0,5,5,10,4,6,16,24,0,0,0,0.68,0.66,0,0,0,0,1,0,1
9,2.0,0,16,16,16,6,7,7,7,2,0,0,0.95,0.95,0,0,0,0,1,0,1
133,8.0,0,10,10,10,7,17,27,44,6,0,0,0.84,0.86,0,1,0,0,0,0,0
132,6.0,23,123,187,283,28,180,354,676,42,0,0,0.78,0.78,0,0,0,1,1,0,0
3,6.0,0,0,1,2,0,0,1,2,0,0,0,0.79,0.67,0,0,0,0,1,0,0
29,9.0,0,0,0,0,4,6,8,9,1,0,0,0.85,0.83,0,0,0,0,1,0,0
4,16.0,0,54,61,75,11,35,63,86,16,0,0,0.99,0.99,0,0,0,0,1,0,1
1,4.0,0,2,4,6,1,3,4,4,0,0,0,0.79,0.66,0,0,0,0,1,0,1
10,2.0,0,20,20,20,2,7,10,15,0,0,0,0.97,0.93,0,0,0,0,1,0,0
3,15.0,0,0,0,0,0,0,0,0,2,0,0,0.93,0.92,0,1,0,0,1,0,0
0,8.0,3,4,7,10,1,7,9,11,0,0,1,0.81,0.83,0,0,0,0,1,0,1
0,8.0,0,21,31,41,0,15,21,35,0,0,0,0.98,0.99,0,0,0,0,1,0,1
1,8.0,0,1,2,2,2,3,3,3,0,0,0,0.59,0.61,0,0,0,0,1,0,1
304,8.0,0,0,0,0,3,8,14,17,1,0,0,0.85,0.89,0,0,0,0,1,0,0
3,2.0,0,0,0,0,0,0,0,0,0,0,0,0.84,0.77,0,1,0,0,1,0,0
2,8.0,2,3,3,3,1,4,6,7,0,0,0,0.7,0.75,0,0,0,0,1,0,1
0,12.0,0,24,33,48,9,19,34,39,1,0,3,0.73,0.79,0,0,0,0,1,0,1
490,8.0,355,786,1618,2290,208,717,1690,2682,329,0,18,0.69,0.69,0,0,0,0,1,0,0
0,2.0,0,2,2,2,0,0,0,0,0,0,0,0.82,0.79,0,1,0,0,1,0,1
6,2.0,5,5,15,20,4,15,19,22,2,0,0,1.0,1.0,0,0,0,0,1,0,1
9,9.0,6,0,0,0,21,35,36,36,4,0,0,0.86,0.84,1,0,0,0,1,0,1
2,12.0,0,0,0,0,0,0,1,1,0,0,0,0.99,0.99,0,0,0,0,1,0,0
49,8.0,0,229,361,449,325,476,570,688,26,0,0,0.79,0.66,0,0,0,0,1,0,1
281,52.0,0,0,0,0,0,1,3,4,0,0,0,0.89,0.94,0,1,0,1,1,0,0
2,2.0,0,4,4,4,3,9,9,9,0,0,0,-99.0,-99.0,0,1,0,0,1,0,1
3,12.0,0,0,0,0,0,0,0,0,0,0,0,0.57,0.7,0,0,0,0,1,0,0
0,4.0,0,0,0,0,0,0,0,0,0,0,0,0.77,0.8,0,0,0,0,1,0,0
15,12.0,0,0,0,0,0,0,0,0,1,0,0,0.58,0.58,0,1,0,0,1,0,0
1,2.0,0,1,2,2,0,2,2,2,0,0,0,0.42,0.36,0,0,0,0,1,0,1
83,2.0,0,0,0,0,0,0,0,0,0,0,0,0.91,0.94,0,1,0,0,1,0,0
3,2.0,1,5,10,15,6,14,18,18,1,0,0,0.67,0.62,0,1,0,0,1,0,1
17,8.0,8,130,249,361,54,142,279,385,0,0,0,0.7,0.75,0,0,0,0,1,0,1
109,2.0,30,330,720,1080,102,316,600,996,56,0,0,0.9,0.95,0,0,0,0,1,0,0
70,2.0,115,300,500,700,177,501,885,1130,63,0,0,0.67,0.79,0,0,0,0,1,0,1
314,4.0,406,202,472,712,88,296,589,823,105,0,0,0.93,0.94,0,0,0,0,1,0,0
0,2.0,10,30,50,60,12,27,39,63,4,0,0,0.99,0.98,0,0,0,0,1,0,1
0,8.0,0,7,7,11,3,8,11,16,1,0,0,0.74,0.7,0,0,0,0,1,0,1
3,8.0,0,6,11,16,2,6,11,26,0,0,0,0.93,0.96,0,0,0,0,1,0,1
4692,2.0,0,0,0,0,15,33,98,116,35,0,0,-99.0,-99.0,0,0,0,0,1,0,0
2,10.0,0,7,15,23,2,4,13,23,2,0,0,0.77,0.85,0,0,0,0,1,0,1
0,2.0,0,0,0,0,0,0,0,0,0,0,0,0.63,0.72,0,0,0,0,1,0,1
0,8.0,0,0,0,0,0,0,0,0,0,0,0,-99.0,-99.0,0,0,0,1,1,0,0
154,2.0,3,188,326,556,65,191,373,548,74,0,0,0.96,0.93,0,0,0,0,1,0,0
65,2.0,20,90,180,261,27,89,193,304,29,0,0,1.0,0.99,0,0,0,0,1,0,0
29332,8.0,180,855,23275,41515,3243,11168,24946,43796,4342,0,0,0.97,0.99,0,0,0,0,1,0,1
323,8.0,85,260,560,800,115,326,670,1023,227,0,0,0.93,0.91,0,0,0,0,1,0,0
-2,8.0,0,41,69,97,3,25,40,72,0,0,13,0.65,0.81,2,0,0,0,1,0,1
7,4.0,0,0,0,0,0,0,0,0,0,0,0,0.73,0.78,0,1,0,0,1,0,0
2,12.0,0,0,0,0,0,0,0,0,0,0,0,0.82,0.79,0,0,0,0,1,0,0
11,2.0,0,0,0,0,0,0,0,0,0,0,0,0.0,0.09,0,1,0,0,1,0,0
75,8.0,0,0,0,0,0,0,0,0,0,0,0,0.98,0.95,0,0,0,0,1,0,0
0,8.0,0,3,6,9,2,4,6,8,1,0,0,0.84,0.89,0,0,0,0,1,0,1
10,2.0,0,5,15,15,4,13,26,49,3,0,0,0.81,0.83,0,0,0,0,1,0,1
1,8.0,0,68,68,68,10,34,59,74,6,0,0,0.5,0.2,0,0,0,0,1,0,1
1,8.0,0,0,1,2,0,1,1,1,0,0,0,-99.0,-99.0,0,0,0,0,1,0,0
23,8.0,0,60,84,104,11,32,66,140,0,0,0,0.98,0.98,0,0,0,0,1,0,1
31,8.0,0,148,227,331,49,130,245,334,50,0,0,0.83,0.71,0,0,0,0,1,0,1
4,2.0,1,3,9,14,1,5,8,14,1,0,1,0.1,0.17,0,0,0,0,1,0,1
20,13.0,0,12,36,48,25,48,86,112,5,0,0,0.61,0.73,0,0,0,0,1,0,1
4246,2.0,280,1566,6264,12528,1165,3869,9953,11782,0,0,0,0.54,0.52,0,0,0,0,1,0,0
160,8.0,0,0,0,0,2,4,7,8,0,0,0,0.5,0.33,0,0,0,1,1,0,0
26,10.0,0,0,0,0,0,0,0,6,0,0,0,0.84,0.86,0,0,0,0,1,0,0
0,2.0,0,6,12,18,3,9,15,22,0,0,0,0.96,0.97,0,0,0,0,1,0,1
2,2.0,0,8,16,24,4,12,23,33,0,0,0,0.76,0.78,0,0,0,0,1,0,1
23,8.0,1,150,250,350,32,94,188,298,26,0,0,0.61,0.57,0,0,0,1,1,0,1
520,12.0,0,0,0,140,69,152,284,371,40,0,0,1.0,1.0,0,0,0,0,1,0,0
-1,2.0,0,40,60,80,5,18,25,25,3,0,0,0.95,0.84,1,0,0,0,0,0,1
0,12.0,0,4,7,9,1,3,4,7,0,0,0,0.82,0.79,0,0,0,0,1,0,1
1,8.0,0,1,2,3,3,3,4,6,0,0,0,0.07,0.15,0,0,0,0,1,0,1
49,8.0,0,10,10,10,0,0,0,0,0,0,0,0.9,0.93,0,0,0,0,1,0,0
4,8.0,0,0,0,0,1,4,4,10,0,0,0,0.84,0.89,0,0,0,0,1,0,0
75,8.0,0,0,0,0,0,2,2,4,0,0,0,0.0,0.0,0,1,0,1,1,0,0
5,8.0,0,9,19,29,2,4,8,17,2,0,0,1.0,0.94,0,0,0,0,1,0,0
9,12.0,8,0,0,0,0,0,0,0,1,0,0,0.58,0.58,0,1,0,0,1,0,0
12,8.0,22,485,791,1099,140,276,401,626,79,0,0,0.55,0.55,3,0,0,0,1,0,1
0,8.0,0,13,24,30,3,10,14,20,0,0,0,0.99,0.99,0,0,0,0,1,0,1
-4,8.0,0,7,9,10,10,10,14,15,1,0,0,0.35,0.37,4,0,0,0,1,0,1
1,2.0,0,28,48,76,7,22,47,75,0,0,4,0.82,0.68,0,0,0,0,1,0,1
109,8.0,17,672,1056,1392,148,435,877,1285,154,0,48,0.61,0.57,5,0,0,1,1,0,1
13,12.0,0,0,0,0,0,0,0,0,1,0,0,0.58,0.58,0,1,0,0,1,0,0
0,8.0,0,3,3,4,3,5,11,15,0,0,0,0.88,0.92,0,0,0,0,1,0,1
-3,8.0,0,746,1322,1826,120,441,1060,1817,131,0,36,0.25,0.39,3,0,0,0,1,0,1
13,4.0,8,12,30,42,5,16,30,45,0,0,0,0.77,0.8,0,0,0,1,1,0,0
0,8.0,0,30,46,66,2,17,20,34,11,0,0,0.43,0.46,0,0,0,0,1,0,1
-3,8.0,0,780,1272,1896,228,683,1117,1484,166,0,12,0.32,0.15,21,0,0,0,1,0,1
6,8.0,0,8,14,20,1,8,12,20,2,0,1,0.09,0.09,0,0,0,0,1,0,0
4,13.0,0,0,0,0,0,0,0,0,0,0,0,0.78,0.82,0,0,0,0,1,0,0
3,2.0,0,3,7,9,0,3,5,9,0,0,0,0.91,0.86,0,0,0,0,1,0,1
62,8.0,24,95,196,302,40,123,225,395,33,0,0,0.98,0.96,0,0,0,0,1,0,0
16,2.0,0,0,0,0,0,0,0,3,0,0,0,0.68,0.64,0,0,0,1,1,0,0
4,2.0,0,0,0,0,0,0,1,1,0,0,0,0.74,0.76,0,1,0,0,1,0,1
1,2.0,0,28,48,72,8,25,47,66,0,0,0,0.82,0.81,0,0,0,0,1,0,1
16,9.0,0,180,255,315,28,80,144,284,51,0,60,0.68,0.66,1,0,0,0,1,0,1
90,9.0,0,0,0,0,0,0,0,0,0,0,0,0.91,0.74,0,0,0,0,1,0,0
1346,12.0,156,990,1990,3490,398,1365,2775,4343,424,0,0,0.92,0.89,0,0,0,1,1,0,0
0,2.0,0,30,30,30,0,0,0,0,0,0,0,1.0,1.0,0,1,0,0,1,0,1
0,0.0,0,4,7,9,1,3,6,8,1,0,0,0.0,0.0,0,1,0,1,0,0,1
26,8.0,0,107,171,235,26,80,152,221,26,0,0,0.87,0.9,0,0,0,0,1,0,1
12,2.0,0,18,42,72,19,41,61,77,4,0,0,1.0,1.0,0,0,0,0,1,0,1
217,11.0,2,0,0,0,12,37,139,421,48,0,0,0.85,0.77,0,0,0,0,1,0,0
152,8.0,120,1001,1649,2161,316,859,1463,2217,339,0,25,0.44,0.62,17,0,0,0,1,0,1
113,8.0,6,0,48,48,19,45,79,113,20,0,0,0.97,0.97,0,0,0,0,1,0,0
2,2.0,4,7,13,22,5,10,15,21,0,0,0,0.91,0.86,0,0,0,0,1,0,0
770,4.0,336,300,900,1200,178,491,1006,1553,172,0,0,0.95,0.83,0,0,0,0,1,0,0
341,2.0,0,0,0,0,3,4,5,9,0,0,0,0.79,0.89,0,0,0,0,1,0,0
2,2.0,0,0,0,0,0,0,0,0,1,0,0,0.6,0.58,0,1,0,0,1,0,1
27,2.0,0,0,0,0,30,37,37,37,2,0,0,0.95,0.97,0,0,0,0,1,0,1
816,2.0,453,300,900,1200,216,641,1211,1698,258,0,0,0.99,0.99,0,0,0,0,1,0,0
0,14.0,0,12,12,12,0,0,1,3,0,0,0,0.44,0.38,0,0,0,0,1,0,1
7,12.0,16,168,248,312,28,114,206,325,32,0,12,0.63,0.72,1,0,0,0,1,0,1
5,12.0,0,0,0,0,0,0,0,0,0,0,0,0.63,0.72,0,1,0,0,1,0,0
1,9.0,0,0,0,0,0,0,0,0,1,0,0,0.68,0.66,0,0,0,0,1,0,1
11,2.0,0,10,20,30,0,2,9,11,0,0,0,0.9,0.95,0,1,0,0,1,0,1
0,4.0,0,23,33,63,9,21,44,51,0,0,0,0.89,0.9,0,0,0,0,1,0,1
551,8.0,29,1008,1512,2016,177,664,1302,2048,201,0,0,0.84,0.87,0,0,0,1,1,0,0
1,9.0,0,30,54,93,13,51,71,83,8,0,0,0.68,0.66,0,0,0,0,1,0,1
4,8.0,0,1,2,4,0,1,3,7,0,0,0,0.95,0.96,0,0,0,1,1,0,0
10,2.0,0,0,0,0,0,0,0,0,0,0,0,1.0,0.75,0,0,0,0,1,0,0
0,8.0,0,5,5,5,0,0,0,0,0,0,0,0.37,0.36,0,1,0,0,1,0,0
0,2.0,0,17,35,35,0,0,0,0,2,0,0,0.45,0.45,0,1,0,0,1,0,1
4,8.0,0,31,46,62,6,21,44,70,0,0,0,0.77,0.87,0,0,0,0,1,0,1
1,9.0,0,0,0,0,0,0,0,1,2,0,0,0.87,0.72,0,1,0,0,1,0,0
0,8.0,0,66,66,75,12,36,66,89,13,0,21,0.37,0.54,2,0,0,0,1,0,1
0,2.0,0,111,111,111,1,3,5,15,22,0,0,0.1,0.05,0,1,0,1,1,0,1
607,4.0,102,1023,2178,3311,323,1125,2316,3298,323,0,0,0.88,0.92,0,0,0,0,1,0,0
-1,8.0,0,24,32,48,2,14,24,32,0,0,12,0.51,0.53,1,0,0,0,1,0,1
15,2.0,0,0,5,10,0,13,28,29,1,0,0,0.96,0.96,0,0,0,0,1,0,0
0,2.0,0,10,15,20,0,0,0,0,0,0,5,0.8,0.82,0,0,0,1,1,0,0
2,4.0,0,0,1,2,3,4,4,7,0,0,0,0.73,0.76,0,0,0,0,1,0,1
0,2.0,0,75,110,180,13,44,65,68,0,0,15,0.38,0.4,0,0,0,0,1,0,1
7,2.0,0,0,0,0,0,0,0,1,1,0,0,0.27,0.11,0,1,0,1,1,0,0
4,2.0,0,1,2,2,0,0,0,0,0,0,0,0.46,0.35,0,1,0,0,1,0,0
13,8.0,7,131,175,219,93,139,165,185,39,0,0,0.78,0.73,0,0,0,1,1,0,1
48,8.0,0,0,0,0,0,0,0,0,0,0,0,0.83,0.92,0,0,0,0,1,0,0
13,8.0,0,47,92,115,14,25,38,45,0,0,0,0.65,0.64,0,0,0,0,1,0,1
0,8.0,0,5,6,6,0,0,0,3,0,0,0,0.42,0.36,0,1,0,0,1,0,1
5,2.0,0,0,0,0,0,0,0,0,0,0,0,0.0,0.0,0,1,0,0,1,0,0
1,2.0,0,13,21,29,6,12,24,49,0,0,0,1.0,1.0,0,0,0,0,1,0,1
253,8.0,0,0,150,450,57,248,586,809,63,0,0,0.99,0.93,0,0,0,0,1,0,0
2,9.0,0,0,0,1,0,1,1,1,0,0,0,0.99,0.98,0,0,0,0,1,0,0
102,8.0,0,0,0,0,0,3,21,29,0,0,0,0.35,0.68,0,1,0,0,1,0,0
3,2.0,0,54,81,108,20,35,50,51,4,0,0,0.98,0.98,0,1,0,0,1,0,1
0,2.0,0,0,0,0,0,0,0,0,0,0,0,0.96,0.94,0,0,0,0,1,0,1
7,8.0,0,12,12,12,0,0,0,0,0,0,0,0.95,0.97,0,1,0,0,1,0,1
0,2.0,0,0,0,0,0,0,0,0,1,0,0,-99.0,-99.0,0,0,0,1,1,0,1
1,2.0,0,10,10,20,5,7,12,16,0,0,0,0.77,0.81,0,0,0,0,1,0,0
3,8.0,0,0,0,0,0,0,0,0,0,0,0,0.82,0.81,0,0,0,1,1,0,0
2,8.0,0,8,12,16,2,9,9,13,1,0,0,0.96,0.97,0,0,0,0,1,0,1
0,9.0,0,0,0,0,26,44,45,45,4,0,0,0.85,0.82,0,0,0,0,1,0,1
0,2.0,0,20,20,20,0,0,0,0,0,0,0,0.78,0.76,0,1,0,0,1,0,1
2,2.0,0,150,240,330,31,104,179,243,0,0,0,0.88,0.92,0,0,0,0,1,0,1
0,4.0,0,13,13,13,0,0,0,0,1,0,13,0.24,0.14,0,1,0,0,1,0,1
3,2.0,0,10,10,10,0,0,0,0,0,0,0,0.96,0.97,0,1,0,0,1,0,0
0,9.0,0,3,4,5,1,2,3,3,1,0,0,0.34,0.41,0,0,0,0,1,0,1
338,2.0,34,580,1150,1790,183,510,938,1369,162,0,0,0.99,0.99,0,0,0,0,1,0,0
0,8.0,0,3,3,3,4,18,26,39,0,0,0,0.95,0.9,0,0,0,0,1,0,1
0,8.0,0,5,5,5,0,0,0,0,1,0,0,0.2,0.31,0,1,0,0,1,0,1
54,8.0,5,50,50,100,19,51,81,139,20,0,0,0.94,0.95,0,0,0,0,1,0,0
1,3.0,0,17,26,35,5,11,24,34,0,0,0,0.89,0.9,0,0,0,0,1,0,1
13,8.0,0,0,3,9,1,4,15,27,1,0,0,1.0,0.99,0,0,0,0,1,0,0
1,9.0,0,3,5,6,30,70,95,145,0,0,0,0.86,0.69,0,0,0,0,1,0,1
-1,4.0,6,0,2,3,1,9,17,27,1,0,0,0.73,0.78,1,0,0,1,1,0,1
1,8.0,0,40,60,90,7,25,41,66,0,0,0,0.5,0.52,0,0,0,0,1,0,1
0,8.0,0,0,0,0,0,0,0,0,0,0,0,0.97,0.94,0,0,0,0,1,0,0
39,8.0,0,0,0,0,0,0,0,0,0,0,0,0.96,0.96,0,0,0,0,1,0,0
1,2.0,0,0,1,1,0,0,0,0,1,0,0,0.93,0.93,0,0,0,0,1,0,1
7,8.0,0,8,20,32,2,9,14,21,0,0,0,0.98,0.99,0,0,0,0,1,0,0
4,12.0,0,0,0,0,0,0,0,0,0,0,0,0.73,0.69,0,0,0,0,1,0,0
65,2.0,0,62,124,186,6,26,40,100,0,0,0,1.0,1.0,0,0,0,0,1,0,0
613,2.0,4,0,0,0,11,33,64,78,46,0,0,0.99,0.99,0,1,0,0,1,0,0
4,8.0,3,0,3,3,0,1,3,5,0,0,0,0.89,0.93,0,0,0,0,1,0,0
2,8.0,0,0,0,0,0,0,0,0,0,0,0,0.82,0.83,0,0,0,0,1,0,0
2,4.0,0,0,0,0,1,1,1,1,1,0,0,0.24,0.14,0,1,0,0,1,0,1
73,8.0,5,30,80,140,17,63,157,232,19,0,0,0.71,0.66,0,0,0,0,1,0,0
3,2.0,0,0,0,0,0,0,0,0,0,0,0,0.82,0.75,0,0,0,0,1,0,0
8,8.0,0,54,73,92,7,21,39,68,16,0,1,0.14,0.32,0,0,0,0,1,0,1
3,10.0,0,0,0,0,0,0,0,0,1,0,0,0.7,0.74,0,0,0,0,1,0,0
49,2.0,21,20,60,100,14,43,92,136,36,0,0,1.0,0.99,0,0,0,0,1,0,0
10,8.0,0,15,27,39,6,15,44,60,2,0,0,0.44,0.63,0,0,0,0,1,0,1
25,2.0,0,40,80,120,11,41,76,105,0,0,0,0.99,0.99,0,0,0,0,1,0,0
4,2.0,0,24,24,24,4,4,4,4,2,0,0,0.71,0.7,0,1,0,0,1,0,1
10,2.0,0,12,12,12,2,2,2,2,2,0,0,0.95,0.95,0,1,0,0,1,0,1
2,8.0,0,14,17,20,1,3,9,14,0,0,0,0.37,0.36,0,0,0,0,1,0,1
50,8.0,3,36,72,108,14,49,95,152,17,0,0,0.74,0.7,0,0,0,0,1,0,0
500,2.0,0,0,0,0,0,0,0,0,1,0,0,-99.0,-99.0,0,0,0,1,1,0,0
100,8.0,20,55,110,200,37,166,191,231,26,0,0,0.89,0.93,0,0,0,1,1,0,1
20,12.0,0,0,0,0,1,1,2,2,0,0,0,0.89,0.9,0,0,0,0,1,0,0
2,14.0,0,0,1,1,1,1,2,3,0,0,0,0.89,0.9,0,0,0,0,1,0,0
101,2.0,0,0,0,0,0,0,2,5,2,0,0,0.96,0.93,0,0,0,1,1,0,0
0,2.0,0,0,0,0,0,1,2,2,0,0,0,0.0,0.0,0,0,0,0,1,0,1
106,8.0,0,0,0,0,0,0,0,0,0,0,0,1.0,0.99,0,0,0,0,1,0,1
2,4.0,3,1,2,3,0,4,5,6,1,0,0,0.77,0.8,0,0,0,0,1,0,0
3,2.0,0,0,6,12,2,8,14,19,0,0,0,0.95,0.97,0,0,0,0,1,0,1
12,2.0,0,0,0,0,0,0,0,0,0,0,0,0.76,0.85,0,0,0,0,1,0,0
5,8.0,0,15,22,29,4,10,21,28,0,0,0,0.15,0.34,0,0,0,0,1,0,1
280,0.0,9,0,0,0,9,34,77,114,20,0,0,0.0,0.0,0,0,0,1,0,0,0
1,8.0,2,13,25,35,4,15,21,33,0,0,0,0.97,0.94,0,0,0,0,1,0,1
0,8.0,0,16,24,32,5,9,14,20,0,0,0,0.66,0.69,0,0,0,0,1,0,1
64,13.0,0,0,0,0,0,3,7,8,4,0,0,0.93,0.96,0,0,0,0,1,0,0
0,2.0,0,5,5,5,0,0,0,0,0,0,0,0.0,0.0,0,1,0,1,1,0,1
8,8.0,0,6,12,14,5,14,20,25,0,0,0,0.84,0.9,0,0,0,0,1,0,1
2437,2.0,0,0,0,0,19,119,193,291,22,0,0,0.99,0.99,0,0,0,0,1,0,0
1,2.0,0,3,3,3,4,5,5,5,0,0,0,0.87,0.93,0,1,0,1,1,0,1
10,2.0,0,0,0,0,6,15,28,36,0,0,0,0.94,0.97,0,0,0,0,1,0,1
2,4.0,0,0,0,0,0,0,0,0,0,0,0,0.77,0.8,0,0,0,0,1,0,0
1,8.0,0,0,1,1,0,1,1,1,1,0,0,0.74,0.76,0,0,0,0,1,0,1
0,8.0,0,25,25,25,5,12,19,23,0,0,0,0.95,0.97,0,0,0,0,1,0,1
3,9.0,0,0,0,0,0,0,1,1,0,0,0,0.99,0.98,0,0,0,0,1,0,0
2,8.0,0,5,7,11,1,4,4,8,0,0,0,0.99,0.97,0,0,0,0,1,0,1
8,8.0,0,16,24,24,3,9,19,26,0,0,0,0.0,0.0,0,0,0,0,1,0,0
0,2.0,0,6,6,6,0,0,0,0,0,0,0,0.8,0.82,0,0,0,1,1,0,1
10,8.0,0,0,0,0,0,0,0,0,0,0,0,0.84,0.77,0,0,0,1,1,0,0
99,2.0,84,822,1582,2204,141,361,447,477,71,0,61,0.69,0.69,0,0,0,0,1,0,1
2631,8.0,255,2930,6094,9258,43,106,185,267,42,0,0,0.97,0.98,0,0,0,0,1,0,0
3,8.0,0,10,26,42,8,15,24,36,3,0,0,0.95,0.96,0,0,0,0,1,0,1
2,12.0,0,0,0,0,0,0,1,2,0,0,0,0.9,0.95,0,0,0,0,1,0,0
-3,2.0,136,124,276,444,75,188,343,440,91,0,8,0.1,0.17,2,0,0,0,1,0,1
6,8.0,0,0,0,0,0,0,0,0,1,0,0,0.37,0.38,0,0,0,0,1,0,0
25,2.0,0,90,90,90,6,6,6,6,4,0,0,0.98,0.99,0,0,0,0,1,0,1
17,2.0,0,0,0,0,0,0,0,2,1,0,0,0.46,0.64,0,1,0,0,1,0,0
13,8.0,0,15,45,45,2,12,41,55,3,0,0,0.87,0.9,0,0,0,0,1,0,1
6,4.0,0,0,5,10,2,8,15,20,0,0,0,0.34,0.41,0,0,0,0,1,0,1
9,2.0,0,60,90,120,13,34,62,100,29,0,0,0.05,0.37,0,0,0,0,1,0,1
0,2.0,0,24,24,24,0,0,0,0,0,0,20,0.78,0.69,0,1,0,0,1,0,1
2,8.0,0,20,40,60,2,21,35,52,0,0,0,1.0,0.94,0,0,0,0,1,0,1
152,8.0,0,0,19,38,0,17,39,84,16,0,0,0.7,0.86,0,0,0,0,1,0,0
17,4.0,0,0,28,28,9,19,21,38,0,0,0,0.97,0.98,0,0,0,0,1,0,0
117,15.0,1,0,0,72,8,36,66,94,13,0,0,0.06,0.08,0,0,0,0,1,0,0
10,12.0,0,0,0,0,0,0,0,0,1,0,0,0.48,0.48,0,1,0,0,1,0,0
17,2.0,0,92,157,209,13,55,110,168,31,1,10,0.62,0.69,0,0,0,0,1,0,1
-3,8.0,0,17,24,35,5,17,27,33,0,0,0,0.79,0.66,3,0,0,0,1,0,1
10,8.0,0,0,0,0,0,0,0,0,0,0,0,0.78,0.82,0,0,0,0,1,0,0
2,8.0,0,5,9,13,3,4,8,13,0,0,0,1.0,0.95,0,0,0,0,1,0,1
2,12.0,0,4,4,12,4,10,16,20,0,0,0,0.47,0.39,0,0,0,0,1,0,0
22,8.0,1,0,0,8,3,7,13,19,10,0,0,0.43,0.46,0,0,0,0,1,0,0
0,8.0,0,3,4,5,1,3,4,4,1,0,0,0.96,0.97,0,0,0,0,1,0,1
22,4.0,0,0,0,0,0,1,4,4,2,0,0,0.73,0.78,0,0,0,0,1,0,0
0,8.0,0,0,0,0,0,0,0,0,0,0,0,1.0,0.99,0,0,0,0,1,0,0
9,8.0,0,28,46,70,8,28,50,79,0,0,0,0.85,0.78,0,0,0,0,1,0,1
0,4.0,0,100,100,100,0,22,22,32,0,0,0,0.73,0.78,0,0,0,0,1,0,1
12,10.0,0,0,0,4,1,4,9,13,0,0,0,0.89,0.9,0,0,0,0,1,0,1
0,2.0,0,10,10,10,0,4,5,5,0,0,0,0.53,0.5,0,0,0,0,1,0,1
2,8.0,0,34,51,71,1,16,27,36,1,0,0,0.65,0.86,0,0,0,0,1,0,1
1,8.0,5,15,25,31,9,20,30,50,1,0,0,0.85,0.56,0,0,0,0,1,0,1
3,2.0,1,0,0,0,1,5,6,6,0,0,0,0.31,0.34,0,0,0,0,1,0,1
159,8.0,69,163,403,583,40,165,345,583,75,0,0,0.25,0.57,0,0,0,0,1,0,0
5,12.0,0,0,0,0,0,0,0,0,1,0,0,0.78,0.78,0,0,0,0,1,0,0
0,8.0,0,33,48,58,6,17,29,51,0,0,4,0.79,0.87,0,0,0,0,1,0,1
14,15.0,0,123,123,153,31,73,108,153,40,0,0,0.93,0.92,2,0,0,0,1,0,1
5,9.0,0,0,2,3,0,2,4,7,0,0,0,0.91,0.77,0,0,0,0,1,0,1
57,8.0,0,0,0,0,1,6,19,22,0,0,0,0.89,0.93,0,0,0,0,1,0,0
627,2.0,238,1530,3210,5010,470,1771,3369,5068,399,0,0,0.97,0.94,0,0,0,0,1,0,0
0,2.0,0,6,9,9,0,1,1,1,1,0,0,0.66,0.69,0,1,0,1,1,0,1
88,8.0,28,18,78,114,8,41,86,135,21,0,0,0.99,0.92,0,0,0,0,1,0,0
78,8.0,0,0,0,0,2,6,9,13,0,0,0,0.92,0.96,0,0,0,0,1,0,0
501,2.0,0,0,0,0,1,1,1,1,2,0,0,0.0,0.0,0,1,0,0,1,0,0
5,8.0,4,6,16,18,6,12,24,47,0,0,0,0.71,0.72,0,0,0,0,1,0,1
3,8.0,0,92,128,188,12,96,184,267,47,0,0,0.73,0.68,1,0,0,0,1,0,1
81,8.0,0,504,504,504,10,38,85,153,18,0,0,0.93,0.95,0,1,0,0,0,0,0
1,8.0,1,0,1,2,0,1,2,2,0,0,0,0.99,0.98,0,0,0,0,1,0,0
2,8.0,0,10,23,33,8,14,25,32,0,0,0,0.71,0.75,0,0,0,0,1,0,1
0,2.0,0,25,27,28,0,0,0,0,2,0,25,0.86,0.88,0,0,0,0,1,0,0
54,8.0,1,45,60,90,32,55,111,140,38,0,0,0.94,0.9,0,0,0,0,1,0,0
4,12.0,0,0,0,0,0,0,0,0,1,0,0,0.82,0.79,0,1,0,0,1,0,0
1,9.0,0,0,0,1,1,1,2,2,0,0,0,0.87,0.72,0,0,0,0,1,0,1
41,8.0,12,207,282,332,141,209,280,382,81,0,30,0.08,0.05,9,0,0,1,1,0,0
2,2.0,0,50,50,50,3,5,7,8,2,0,0,0.99,0.98,0,0,0,0,1,0,1
4,12.0,0,14,20,29,9,24,36,51,0,0,0,0.78,0.78,0,0,0,1,1,0,1
3,12.0,0,0,0,0,0,0,0,0,0,0,0,0.78,0.78,0,0,0,0,1,0,0
60,8.0,2,276,483,682,88,272,503,751,58,0,24,0.79,0.66,0,0,0,0,1,0,1
1,8.0,0,0,0,0,0,6,9,15,0,0,0,0.98,0.98,0,1,0,0,1,0,0
4,2.0,0,18,18,18,2,2,2,2,1,0,0,0.89,0.91,0,1,0,0,1,0,0
2,3.0,0,16,16,16,1,2,7,8,0,0,0,0.98,0.99,0,0,0,0,1,0,1
3,2.0,0,0,0,0,1,1,1,1,1,0,0,0.87,0.75,0,0,0,0,1,0,1
-36,2.0,2,473,702,892,328,538,776,1050,139,0,0,0.96,0.98,73,0,0,0,1,0,1
166,12.0,13,200,300,500,56,163,324,498,66,0,0,0.95,0.86,0,0,0,0,1,0,0
44,8.0,0,0,0,0,0,0,0,1,1,0,0,0.25,0.33,0,0,0,0,1,0,0
7,12.0,0,6,6,12,1,4,7,15,0,0,0,0.78,0.78,0,0,0,0,1,0,0
36,8.0,114,732,1308,2016,304,862,1388,1763,189,0,72,0.31,0.18,48,0,0,0,1,0,1
5,8.0,0,0,0,0,0,1,1,3,0,0,0,0.6,0.54,0,0,0,0,1,0,0
0,2.0,0,39,39,39,0,0,0,0,2,0,0,0.0,0.0,0,1,0,0,1,0,0
0,2.0,0,322,322,322,0,0,0,0,0,0,0,0.63,0.72,0,1,0,0,1,0,1
95,0.0,3,832,1345,1820,245,618,1181,1776,212,0,0,0.0,0.0,0,0,0,0,0,0,1
20,8.0,0,0,0,0,0,1,1,3,2,0,0,0.99,0.99,0,1,0,0,1,0,0
128,4.0,0,0,0,0,0,1,2,6,0,0,0,0.73,0.78,0,0,0,0,1,0,0
0,4.0,0,6,6,6,0,0,0,0,0,0,0,0.79,0.66,0,1,0,1,1,0,1
31,2.0,0,0,8,16,1,5,10,15,2,0,0,0.8,0.72,0,1,0,1,1,0,0
6,8.0,0,13,24,35,3,8,15,32,0,0,0,0.86,0.88,0,0,0,0,1,0,1
122,17.0,0,0,800,1120,1431,1564,1791,1997,765,0,0,0.83,0.84,71,0,0,0,1,0,1
126,2.0,28,851,1604,2247,168,344,424,450,71,0,63,0.69,0.69,0,0,0,0,1,0,1
9,8.0,0,0,0,0,0,0,0,0,2,0,0,0.98,0.95,0,0,0,0,1,0,0
10,8.0,0,38,58,78,7,23,45,65,3,0,18,0.94,0.92,0,0,0,0,1,0,0
4,8.0,0,38,68,98,12,36,57,74,0,0,0,0.96,0.96,0,0,0,0,1,0,1
103,8.0,0,0,0,0,3,10,15,26,3,0,0,0.97,0.95,0,1,0,0,1,0,0
30,15.0,0,0,0,0,0,0,0,0,0,0,0,1.0,0.96,0,1,0,1,1,0,0
4,9.0,0,5,10,15,6,10,16,20,2,0,0,0.7,0.66,0,0,0,0,1,0,1
6,8.0,0,0,7,7,2,4,11,13,0,0,0,1.0,1.0,0,0,0,0,1,0,1
0,8.0,0,13,21,29,5,12,18,25,0,0,0,0.37,0.36,0,0,0,0,1,0,1
31,2.0,0,0,0,0,0,0,0,0,0,0,0,1.0,0.99,0,0,0,0,1,0,0
114,4.0,34,51,110,153,21,68,124,186,19,0,0,0.77,0.8,0,0,0,0,1,0,0
3,8.0,0,2,2,4,2,4,7,10,0,0,0,0.57,0.48,0,0,0,0,1,0,1
0,9.0,0,4,6,7,1,4,4,5,0,0,0,0.99,0.98,0,0,0,0,1,0,1
10,2.0,0,0,0,0,0,0,0,0,0,0,0,0.82,0.9,0,0,0,1,1,0,0
0,12.0,0,17,29,39,3,11,23,37,0,0,0,0.78,0.78,0,0,0,1,1,0,1
2,8.0,0,1,2,3,0,1,1,3,0,0,0,0.98,0.98,0,0,0,0,1,0,0
1,8.0,0,0,0,0,0,0,0,0,0,0,0,0.1,0.12,0,0,0,0,1,0,0
0,2.0,0,5,7,8,0,0,0,0,0,0,0,0.98,0.95,0,0,0,0,1,0,1
33,2.0,0,0,0,0,0,1,1,2,0,0,0,0.99,0.99,0,0,0,0,1,0,0
3,8.0,2,0,0,20,23,31,48,66,0,0,0,0.97,0.93,0,0,0,0,1,0,1
35,8.0,0,0,0,0,1,2,5,13,0,0,0,0.6,0.57,0,0,0,0,1,0,0
4,2.0,0,90,90,90,2,4,4,4,0,0,0,0.95,0.96,0,1,0,0,1,0,1
1,8.0,0,40,60,80,13,47,76,101,0,0,0,0.61,0.57,0,0,0,0,1,0,1
610,2.0,0,0,0,0,4,10,22,57,5,0,0,0.79,0.77,0,1,0,0,1,0,0
28,8.0,0,57,109,161,20,59,94,122,33,0,0,0.99,0.86,0,0,0,1,1,0,1
0,4.0,0,5,5,5,1,1,1,1,0,0,1,0.68,0.66,0,1,0,1,1,0,1
0,8.0,0,60,105,150,17,47,71,86,3,0,15,0.97,0.98,0,0,0,0,1,0,1
16,4.0,7,0,2,2,0,6,10,18,3,0,0,0.73,0.78,0,0,0,0,1,0,0
225,2.0,30,270,570,900,71,271,583,874,97,0,0,0.78,0.78,0,0,0,1,1,0,0
0,8.0,0,10,10,20,2,6,13,14,1,0,0,0.99,0.99,0,0,0,0,1,0,1
1,8.0,0,14,21,37,2,10,17,26,1,0,0,0.99,0.99,0,0,0,1,1,0,1
0,2.0,0,3,3,3,0,0,0,0,0,0,0,0.0,0.0,0,1,0,1,1,0,1
0,8.0,0,7,9,13,3,5,6,8,0,0,0,0.17,0.33,0,0,0,0,1,0,1
168,8.0,4,0,32,48,11,35,69,122,23,0,0,0.89,0.93,0,0,0,0,1,0,0
0,2.0,0,20,20,20,0,0,0,0,1,0,20,0.07,0.07,0,0,0,0,1,0,0
113,2.0,0,56,126,196,12,58,104,201,31,0,0,0.84,0.88,0,0,0,0,1,0,0
17,8.0,0,14,28,42,5,11,23,37,2,0,0,0.95,0.97,0,0,0,0,1,0,1
18,8.0,0,0,0,5,0,2,9,12,0,0,0,0.91,0.93,0,0,0,0,1,0,0
78,8.0,0,0,0,0,0,1,2,2,1,0,0,1.0,0.95,0,0,0,0,1,0,0
-1,4.0,6,0,2,3,1,9,16,25,3,0,0,0.73,0.78,1,0,0,1,1,0,1
11382,2.0,24,0,0,0,47,135,299,532,71,0,0,0.96,0.98,0,0,0,1,1,0,0
24,8.0,0,32,64,108,7,39,81,105,15,0,0,0.98,0.99,0,0,0,0,1,0,0
0,8.0,21,5321,8141,10961,0,0,0,0,0,0,0,0.95,0.96,0,0,0,0,1,0,1
53,12.0,0,0,0,0,0,0,1,2,1,0,0,0.98,0.95,0,1,0,0,1,0,0
2,2.0,0,30,30,30,0,0,0,0,0,0,0,0.87,0.91,0,0,0,1,1,0,0
0,2.0,0,820,1360,1840,0,0,0,0,113,0,0,0.88,0.94,57,0,0,0,1,0,1
114,9.0,0,0,0,0,2,11,25,44,0,0,0,0.91,0.74,0,0,0,0,1,0,0
5,9.0,0,16,26,46,2,10,21,35,0,0,0,0.68,0.66,0,0,0,0,1,0,1
1,6.0,0,4,6,8,3,4,8,10,0,0,0,0.78,0.78,0,0,0,0,1,0,1
1,8.0,0,59,84,109,6,26,43,66,2,0,0,1.0,0.99,0,0,0,0,1,0,1
2,8.0,1,2,2,2,2,6,9,9,1,0,0,0.99,0.9,0,1,0,0,1,0,1
19,2.0,0,20,50,70,5,29,64,66,2,0,0,1.0,1.0,0,0,0,0,1,0,0
0,2.0,0,6,9,12,4,7,17,20,0,0,0,0.99,0.98,0,0,0,0,1,0,1
6,2.0,0,45,108,171,6,10,22,22,1,0,0,0.91,0.89,0,1,0,0,1,0,1
41,8.0,1,59,89,119,14,49,90,147,46,0,0,1.0,0.98,0,0,0,0,1,0,0
56,2.0,0,0,20,50,9,29,44,68,17,0,0,0.99,0.95,0,0,0,0,1,0,0
0,4.0,0,75,75,75,0,3,3,10,0,0,0,0.96,0.88,0,1,0,0,1,0,1
56,8.0,8,273,444,643,64,196,394,555,70,0,0,0.94,0.94,0,0,0,1,1,0,1
99,8.0,0,0,0,0,2,7,10,16,14,0,0,0.81,0.82,0,0,0,0,1,0,0
-7,17.0,1,27,27,27,2,15,39,41,3,0,0,0.82,0.83,8,0,0,0,1,0,1
2,8.0,0,8,8,8,3,7,14,23,2,0,0,0.5,0.75,0,0,0,0,1,0,1
0,4.0,0,5,8,8,0,0,0,0,0,0,0,0.79,0.66,0,1,0,0,1,0,1
10,4.0,0,0,0,0,0,0,0,0,0,0,0,0.68,0.66,0,0,0,1,1,0,0
52,12.0,4,201,286,286,61,148,387,720,26,0,0,0.76,0.78,0,0,0,0,1,0,1
10,2.0,0,25,25,50,3,11,23,36,2,0,0,0.81,0.83,0,0,0,0,1,0,0
16,12.0,0,0,0,0,0,1,1,2,0,0,0,0.99,0.99,0,0,0,0,1,0,0
2,8.0,0,0,0,0,0,0,0,1,0,0,0,0.97,0.93,0,0,0,0,1,0,0
30,2.0,0,0,0,0,0,0,0,0,0,0,0,1.0,0.79,0,1,0,0,1,0,0
56,8.0,25,186,311,424,45,149,272,436,51,0,3,0.81,0.87,0,0,0,0,1,0,1
1,8.0,0,3,6,8,2,7,8,8,2,0,0,0.75,0.64,0,0,0,0,1,0,1
2,2.0,0,1,3,5,0,0,3,4,0,0,0,1.0,1.0,0,0,0,0,1,0,1
45,8.0,0,268,268,407,32,97,206,356,38,0,0,0.83,0.85,0,0,0,0,1,0,0
234,8.0,2,0,0,0,10,31,68,113,23,0,0,0.84,0.86,0,0,0,1,1,0,0
3,2.0,0,8,8,8,0,0,0,0,0,0,0,0.85,0.92,0,1,0,0,1,0,0
10,12.0,0,0,0,0,0,0,1,1,0,0,0,0.73,0.76,0,1,0,0,1,0,0
6,2.0,0,0,0,0,5,5,5,5,0,0,0,0.99,0.98,0,1,0,0,1,0,0
132,9.0,0,0,0,0,0,3,5,17,0,0,0,0.91,0.74,0,0,0,0,1,0,0
1,2.0,0,6,12,12,5,7,7,7,0,0,0,0.38,0.4,0,1,0,0,1,0,1
9,8.0,0,0,0,0,0,0,0,0,1,0,0,1.0,1.0,0,0,0,0,1,0,0
53,8.0,0,0,0,0,3,7,9,17,2,0,0,1.0,1.0,0,0,0,1,1,0,0
116,12.0,0,0,0,0,0,0,0,0,2,0,0,0.73,0.69,0,0,0,0,1,0,0
16,2.0,0,30,60,90,9,26,51,80,0,0,0,0.97,0.98,0,0,0,0,1,0,0
12,13.0,5,10,25,40,4,15,30,47,0,0,0,0.8,0.82,0,0,0,0,1,0,0
2,9.0,0,0,0,0,0,0,0,0,1,0,0,0.69,0.68,0,0,0,0,1,0,0
13,12.0,0,0,0,0,0,0,0,0,1,0,0,0.58,0.58,0,1,0,0,1,0,0
3403,2.0,330,4200,8610,13260,1085,3972,7607,10903,782,0,0,0.83,0.66,0,0,0,0,1,0,0
1,8.0,0,4,6,8,2,5,6,7,0,0,0,0.56,0.46,0,0,0,1,1,0,1
3,12.0,0,0,0,0,0,0,0,0,0,0,0,0.77,0.73,0,0,0,1,1,0,0
7,8.0,0,146,255,327,18,64,159,243,32,0,17,0.05,0.12,0,0,0,1,1,0,1
0,4.0,0,12,12,12,0,0,0,0,0,0,0,0.77,0.8,0,0,0,0,1,0,1
4,8.0,0,41,85,129,14,50,94,171,27,0,0,0.92,0.94,0,0,0,0,1,0,1
39,8.0,0,28,52,104,9,38,86,138,11,0,0,0.89,0.78,0,0,0,0,1,0,0
62,12.0,0,0,0,0,0,0,0,0,0,0,0,0.74,0.74,0,0,0,0,1,0,0
69,2.0,0,0,0,0,0,0,0,0,4,0,0,0.58,0.66,0,0,0,0,0,0,0
1,8.0,0,3,8,10,0,4,6,9,8,0,0,0.99,0.99,0,0,0,0,1,0,1
21,2.0,0,11,11,11,10,10,10,10,0,0,0,0.91,0.9,0,1,0,0,1,0,1
4,2.0,0,0,0,6,2,2,3,5,0,0,0,0.96,0.97,0,0,0,0,1,0,0
77,12.0,12,12,36,60,15,37,74,104,20,0,0,1.0,1.0,0,0,0,0,1,0,0
9,9.0,0,0,18,18,3,6,11,18,1,0,0,0.97,0.98,0,0,0,0,1,0,0
-1,12.0,0,6,8,11,1,4,6,7,2,0,0,0.94,0.89,1,0,0,0,1,0,1
14,9.0,0,78,144,209,18,63,65,65,0,0,3,0.99,0.98,0,1,0,1,1,0,1
6,8.0,0,18,36,54,5,12,30,57,9,0,0,0.96,0.93,0,0,0,0,1,0,1
191,12.0,5,0,0,0,13,38,76,104,25,0,0,0.93,0.96,0,0,0,1,1,0,0
0,4.0,0,0,0,0,0,0,0,0,0,0,0,0.24,0.14,0,0,0,0,1,0,1
1,12.0,1,1,1,1,0,0,2,2,0,0,0,0.78,0.78,0,0,0,0,1,0,0
15685,2.0,4964,16704,36288,55872,5663,18783,40371,63513,5813,0,0,0.9,0.76,0,0,0,0,1,0,0
0,4.0,0,13,13,13,0,0,0,0,1,0,0,0.22,0.14,0,1,0,0,1,0,1
1,12.0,0,1,1,1,0,1,1,1,0,0,0,0.78,0.78,0,0,0,0,1,0,0
3,8.0,0,0,0,0,5,8,12,23,1,0,0,0.97,0.95,0,0,0,1,1,0,1
13,8.0,0,0,0,0,0,0,0,1,0,0,0,0.86,0.94,0,0,0,0,1,0,0
0,12.0,0,3,3,3,1,2,4,5,0,0,0,0.78,0.78,0,0,0,1,1,0,1
2,4.0,0,0,0,0,1,1,1,1,1,0,0,0.22,0.14,0,1,0,0,1,0,1
1,8.0,1,104,104,104,2,6,17,18,15,0,0,0.96,0.98,0,0,0,1,1,0,1
0,8.0,0,86,138,209,34,92,152,212,28,0,6,0.79,0.67,0,0,0,0,1,0,1
8,4.0,1,6,15,16,0,0,0,0,0,0,0,0.96,0.85,0,1,0,1,1,0,0
0,12.0,0,10,14,18,0,6,12,16,0,0,0,0.73,0.76,0,0,0,0,1,0,1
0,2.0,0,42,68,85,1,1,2,2,0,0,0,0.78,0.89,1,0,0,0,1,0,1
24,4.0,0,0,23,46,6,11,19,28,1,0,0,0.97,0.98,0,0,0,0,1,0,0
5,8.0,0,24,44,69,3,4,7,12,0,0,0,0.99,0.99,0,0,0,0,1,0,0
183,8.0,0,27,135,243,22,86,180,322,44,0,0,0.02,0.12,0,0,0,1,1,0,0
6,2.0,6,37,52,77,5,20,25,31,0,0,0,0.0,0.02,0,1,0,0,1,0,1
4,2.0,0,0,0,0,1,1,1,1,0,0,0,0.84,0.88,0,1,0,1,1,0,0
6,8.0,59,372,599,809,103,284,540,828,54,0,38,0.78,0.74,7,0,0,0,1,0,1
0,8.0,0,9,9,11,0,4,8,10,1,0,0,0.08,0.03,0,0,0,0,1,0,1
1,8.0,0,0,1,1,0,0,0,0,0,0,0,0.8,0.83,0,0,0,0,1,0,0
6,8.0,0,0,2,5,0,1,4,9,0,0,0,0.99,0.96,0,0,0,0,1,0,0
4,2.0,0,6,6,11,1,3,6,14,1,0,0,0.9,0.93,0,0,0,0,1,0,0
4,2.0,0,5,9,13,5,8,9,13,0,0,0,0.65,0.67,0,1,0,0,1,0,1
0,2.0,0,5,8,8,0,0,0,0,0,0,0,0.89,0.88,0,1,0,0,1,0,0
0,12.0,0,204,204,204,0,0,0,0,0,0,0,0.95,0.86,0,1,0,1,1,0,1
-7,8.0,0,77,107,121,10,42,78,123,26,0,0,0.89,0.95,7,0,0,0,1,0,1
18,8.0,0,0,0,0,0,5,9,9,0,0,0,0.93,0.85,0,0,0,0,1,0,0
0,8.0,0,7,7,8,1,5,12,14,2,0,2,0.0,0.0,0,0,0,1,1,0,1
19,12.0,0,0,0,6,1,8,15,27,0,0,0,0.73,0.76,0,0,0,0,1,0,0
1,9.0,0,4,7,10,0,10,11,12,0,0,0,0.68,0.66,0,0,0,1,1,0,1
10,2.0,0,0,0,0,0,0,0,0,2,0,0,0.0,0.09,0,1,0,1,1,0,1
8,2.0,0,48,72,96,7,23,39,59,4,0,23,0.42,0.36,0,0,0,0,1,0,1
9,8.0,5,0,0,10,1,2,8,10,8,0,0,0.8,0.87,0,0,0,0,1,0,0
0,8.0,2,246,392,518,56,203,360,494,46,0,19,0.61,0.61,20,0,0,0,1,0,1
4,8.0,0,20,32,32,2,14,20,26,0,0,0,0.97,0.94,0,0,0,0,1,0,0
54,10.0,23,125,235,357,42,111,201,293,44,0,0,0.89,0.9,0,0,0,0,1,0,0
1,9.0,0,10,10,10,0,10,17,19,0,0,0,0.68,0.66,0,0,0,0,1,0,1
0,8.0,0,0,0,0,0,0,0,0,0,0,0,0.97,0.96,0,0,0,0,1,0,0
0,2.0,0,4,7,8,0,0,0,0,0,0,0,0.99,0.96,0,1,0,0,1,0,1
176,2.0,232,90,240,370,64,229,325,325,67,0,0,0.99,0.98,1,0,0,0,1,0,0
1,8.0,1,0,1,3,0,1,3,3,1,0,0,0.96,0.97,0,0,0,0,1,0,0
28,2.0,0,0,0,0,0,0,0,0,1,0,0,0.79,0.77,0,1,0,0,1,0,0
5,13.0,0,0,0,0,0,0,0,0,2,0,0,0.93,0.96,0,0,0,0,1,0,0
3,12.0,0,14,20,32,3,23,36,51,0,0,0,0.73,0.76,0,0,0,1,1,0,1
5,2.0,0,10,20,30,1,7,11,13,0,0,0,0.98,0.95,0,0,0,0,1,0,0
4,8.0,0,0,0,0,0,0,0,0,0,0,0,0.8,0.83,0,0,0,0,1,0,0
6,4.0,0,0,0,0,0,0,0,0,0,0,0,0.77,0.8,0,0,0,0,1,0,0
11,8.0,0,0,0,0,0,0,0,0,1,0,0,0.95,0.93,0,0,0,0,1,0,0
0,12.0,0,31,31,31,7,15,33,47,2,0,3,0.98,0.98,0,0,0,0,1,0,1
139,8.0,7,240,400,560,87,264,453,605,73,0,0,0.99,0.99,1,0,0,0,1,0,0
0,4.0,0,9,11,11,2,6,6,6,0,0,0,0.61,0.61,0,1,0,0,1,0,1
3,8.0,0,12,36,48,5,14,36,51,7,0,0,0.99,0.98,0,0,0,0,1,0,1
97,2.0,1,144,288,432,52,133,263,454,71,0,0,0.95,0.95,0,0,0,0,1,0,0
46,8.0,0,0,28,56,5,29,56,106,0,0,0,0.82,0.62,0,0,0,0,1,0,0
2,8.0,0,8,8,8,1,2,6,11,15,0,0,0.7,0.73,0,0,0,0,1,0,1
23,8.0,0,0,0,0,0,0,0,0,5,0,0,0.79,0.78,0,1,0,0,1,0,0
2,2.0,0,0,2,3,1,1,4,5,1,0,0,0.91,0.86,0,0,0,1,1,0,1
12157,2.0,70,0,0,10000,1058,3262,5658,8159,1069,0,0,0.98,0.97,0,0,0,0,1,0,0
5,12.0,0,0,0,0,0,0,0,0,0,0,0,0.73,0.69,0,0,0,0,1,0,0
2,12.0,0,0,0,0,0,0,0,0,0,0,0,0.78,0.78,0,0,0,0,1,0,0
325,8.0,3960,660,660,660,1,373,375,388,238,0,0,0.47,0.61,0,0,0,1,1,0,0
0,8.0,0,31,61,85,10,27,51,85,3,0,0,0.72,0.77,0,0,0,0,1,0,1
15,15.0,0,13,23,31,2,11,26,40,13,0,0,0.93,0.92,0,0,0,0,1,0,0
-1,8.0,0,41,76,116,4,22,58,88,0,0,0,0.17,0.33,1,0,0,0,1,0,1
0,9.0,0,3,4,6,0,2,3,3,0,0,0,0.99,0.98,0,0,0,0,1,0,1
5,8.0,0,0,1,3,1,3,4,6,0,0,0,0.78,0.82,0,0,0,0,1,0,0
0,8.0,0,11,19,27,7,11,16,22,0,0,0,0.85,0.68,0,0,0,1,1,0,1
85,8.0,64,1093,1749,2285,293,903,1537,2240,328,0,56,0.44,0.62,53,0,0,0,1,0,1
10,8.0,0,0,0,0,0,0,0,0,0,0,0,0.97,0.97,0,0,0,0,1,0,0
0,8.0,0,2,3,4,2,2,3,5,0,0,0,0.0,0.0,0,0,0,0,1,0,1
2,8.0,0,1,2,4,1,2,9,11,1,0,0,0.99,0.98,0,0,0,0,1,0,1
20,2.0,0,4,4,4,0,0,0,0,1,0,0,0.99,0.9,0,1,0,0,1,0,0
3,2.0,0,0,0,0,0,0,0,0,0,0,0,0.99,0.96,0,1,0,0,1,0,0
27,8.0,0,0,0,0,0,0,1,1,1,0,0,0.96,0.96,0,0,0,0,1,0,0
19,2.0,0,10,20,30,14,44,74,95,2,0,0,0.22,0.22,0,1,0,0,1,0,1
36,8.0,0,0,0,0,0,0,1,1,0,0,0,0.92,0.94,0,0,0,0,1,0,0
0,2.0,0,8,14,17,0,0,0,0,0,0,0,0.66,0.63,0,1,0,0,1,0,1
47,52.0,0,0,0,0,0,0,0,0,0,0,0,1.0,0.99,0,1,0,0,0,0,0
15,8.0,0,0,0,0,0,0,0,0,0,0,0,0.6,0.47,0,0,0,1,1,0,0
1,8.0,0,0,1,1,1,1,1,3,0,0,0,0.98,0.97,0,0,0,0,1,0,0
9,3.0,0,0,0,0,0,0,0,1,0,0,0,0.89,0.9,0,0,0,0,1,0,0
19,12.0,0,0,0,0,0,0,0,0,0,0,0,0.66,0.7,0,0,0,0,1,0,0
1,2.0,0,1,2,2,0,0,2,2,2,0,0,0.81,0.82,0,0,0,0,1,0,0
0,2.0,0,100,100,200,23,55,105,130,0,0,0,0.67,0.79,0,0,0,0,1,0,1
34,2.0,0,0,0,0,0,2,23,23,1,0,0,0.64,0.64,0,1,0,0,1,0,0
-1,0.0,0,26,46,61,6,15,40,52,1,0,0,0.0,0.0,1,0,0,0,0,0,1
22,8.0,0,140,220,280,28,89,172,259,56,0,0,0.61,0.57,0,0,0,1,1,0,1
158,8.0,0,0,0,0,0,0,0,1,2,0,0,-99.0,-99.0,0,0,0,0,1,0,0
14,2.0,0,0,0,12,1,2,7,10,0,0,0,0.99,0.99,0,0,0,0,1,0,0
0,9.0,0,5,7,7,0,0,0,0,0,0,0,0.69,0.68,0,1,0,1,1,0,0
920,9.0,0,0,0,0,2,2,2,4,0,0,0,0.86,0.84,0,0,0,0,1,0,0
702,8.0,3,147,604,1191,21,82,215,295,44,0,74,0.26,0.37,0,0,0,0,1,0,0
306,2.0,26,123,273,432,84,228,413,534,89,0,0,0.99,0.99,0,1,0,0,1,0,0
19,2.0,0,5,14,25,3,23,24,24,0,0,0,0.97,0.98,0,0,0,0,1,0,1
886,16.0,385,5742,8961,13137,780,3334,6963,9999,838,0,696,0.15,0.33,0,0,0,1,1,0,0
0,2.0,0,2,2,7,0,0,0,0,0,0,2,0.8,0.82,0,0,0,1,1,0,1
154,8.0,40,110,250,370,29,123,278,476,47,0,0,0.84,0.86,0,0,0,0,1,0,0
2,8.0,0,10,10,20,0,5,11,13,1,0,0,0.99,0.99,0,0,0,0,1,0,1
10,4.0,0,0,0,0,0,0,0,0,0,0,0,0.73,0.78,0,0,0,0,1,0,0
305,8.0,0,0,0,0,2,5,12,16,0,0,0,0.99,0.97,0,0,0,0,1,0,0
9,8.0,0,0,0,0,0,0,0,0,0,0,0,0.59,0.61,0,0,0,0,1,0,0
18,2.0,0,20,40,60,5,17,31,49,0,0,0,0.85,0.56,0,0,0,0,1,0,1
272,2.0,39,2160,2880,4320,288,288,290,290,325,0,0,0.99,0.98,29,0,0,0,0,0,1
46,12.0,4,224,354,484,45,172,379,619,80,0,0,0.22,0.26,0,0,0,0,1,0,1
0,2.0,0,7,8,8,0,0,0,0,1,0,0,0.7,0.43,0,0,0,0,1,0,1
2,12.0,0,11,17,23,6,12,18,21,0,0,0,0.82,0.79,0,0,0,0,1,0,1
31,4.0,0,0,12,24,5,14,30,43,0,0,0,0.77,0.8,0,0,0,0,1,0,0
0,12.0,0,6,9,12,3,6,9,11,1,0,0,0.87,0.93,0,0,0,0,1,0,1
5,8.0,0,0,0,0,4,12,28,37,6,0,0,0.94,0.95,0,1,0,0,1,0,0
9,2.0,0,10,15,30,6,28,35,49,0,0,0,0.78,0.86,0,0,0,0,1,0,1
7,8.0,0,11,20,29,9,17,30,41,7,0,0,0.82,0.78,0,0,0,0,1,0,1
0,12.0,0,62,62,62,0,0,0,0,1,0,60,0.56,0.55,0,0,0,0,1,0,1
15,8.0,0,0,0,0,3,11,33,41,2,0,0,1.0,0.99,0,0,0,0,1,0,0
200,8.0,0,0,0,0,0,20,110,161,35,0,0,0.06,0.27,0,1,0,0,1,0,0
4,2.0,0,24,24,48,11,20,38,45,0,0,0,0.8,0.75,0,0,0,0,1,0,1
4,2.0,0,6,10,16,0,5,9,15,0,0,0,0.91,0.85,0,0,0,1,1,0,1
3,8.0,0,0,0,0,0,0,0,0,1,0,0,1.0,0.97,0,0,0,0,1,0,0
7,0.0,0,480,630,630,29,131,243,363,26,0,0,0.0,0.0,0,0,0,0,1,0,1
245,8.0,37,58,162,344,58,203,416,638,53,0,0,0.72,0.72,0,0,0,0,1,0,0
-1,9.0,0,11,11,36,1,18,24,29,3,0,8,0.58,0.45,1,0,0,0,1,0,1
4,8.0,0,0,36,36,1,2,3,8,2,0,0,0.95,0.8,0,0,0,0,1,0,1
30,3.0,0,30,46,62,0,0,0,0,0,0,0,0.99,0.92,0,0,0,0,1,0,0
3,2.0,0,13,25,25,1,5,8,18,3,0,13,0.05,0.41,0,0,0,1,1,0,1
3,8.0,0,6,14,26,2,11,19,27,2,0,0,0.75,0.72,0,0,0,0,1,0,1
3,8.0,0,5,20,50,1,11,36,43,3,0,0,0.6,0.57,0,0,0,0,1,0,1
31,8.0,0,0,0,0,0,0,0,0,0,0,0,0.99,0.98,0,0,0,0,1,0,0
5,2.0,0,0,144,144,0,0,0,2,0,0,0,0.65,0.67,0,0,0,0,1,0,1
8,8.0,0,6,17,23,7,13,28,50,4,0,0,0.96,0.94,0,0,0,0,1,0,1
0,12.0,0,9,13,19,1,6,6,10,0,0,0,0.78,0.78,0,0,0,0,1,0,1
0,2.0,0,5,8,8,0,0,3,3,0,0,0,0.84,0.66,0,1,0,1,1,0,1
606,8.0,0,250,250,250,0,0,0,0,0,0,0,0.98,0.95,0,0,0,0,1,0,0
4,12.0,0,6,12,14,3,11,17,20,0,0,0,0.62,0.73,0,0,0,0,1,0,1
30,4.0,0,0,0,0,10,30,40,60,0,0,0,0.73,0.78,0,0,0,0,1,0,0
82,2.0,0,410,410,410,356,661,1026,1467,380,0,0,1.0,0.98,0,0,0,0,1,0,1
6,2.0,1,12,24,36,3,9,19,29,0,0,0,0.99,0.98,0,0,0,0,1,0,0
7,8.0,0,27,43,59,4,11,20,28,1,0,0,0.84,0.71,0,0,0,0,1,0,0
1,9.0,0,1,3,4,0,1,2,2,0,0,0,0.99,0.98,0,0,0,0,1,0,1
20,0.0,0,0,0,0,0,3,5,7,3,0,0,-99.0,0.0,0,0,0,0,1,0,0
13,12.0,5,0,0,0,0,0,0,0,1,0,0,0.58,0.58,0,1,0,0,1,0,0
8,8.0,0,8,16,24,4,9,20,28,1,0,0,0.81,0.89,0,0,0,0,1,0,1
714,8.0,0,0,0,0,4,13,28,51,2,0,0,0.98,0.98,0,0,0,0,1,0,0
6,8.0,0,55,87,119,13,40,125,156,22,0,0,0.98,0.99,0,0,0,0,1,0,1
0,8.0,0,2,2,2,0,0,0,0,0,0,0,0.37,0.38,0,0,0,0,1,0,1
1,8.0,0,1,2,3,0,2,2,3,0,0,0,0.22,0.22,0,0,0,0,1,0,0
4,8.0,1,3,3,5,0,3,4,5,0,0,0,0.88,0.89,0,0,0,0,1,0,0
55,4.0,0,0,0,0,27,71,138,190,2,0,0,0.73,0.78,1,0,0,0,1,0,0
13,8.0,0,29,61,102,12,29,73,95,0,0,0,0.96,0.96,0,0,0,0,1,0,1
1,8.0,0,80,120,160,8,28,51,72,15,0,0,0.84,0.71,0,0,0,0,1,0,1
4,8.0,0,0,0,0,0,0,0,0,0,0,0,0.99,0.96,0,0,0,0,1,0,0
1,12.0,0,10,10,10,1,1,3,6,0,0,0,0.0,0.0,0,0,0,0,1,0,1
12,8.0,0,24,24,24,5,15,25,34,3,0,0,0.91,0.96,0,0,0,0,1,0,1
0,8.0,0,4,6,8,1,4,6,8,0,0,0,0.15,0.34,0,0,0,0,1,0,1
0,2.0,0,4,7,7,0,0,0,0,0,0,0,0.37,0.36,0,0,0,1,1,0,1
142,2.0,0,0,0,0,2,4,10,14,0,0,0,0.93,0.93,0,0,0,0,1,0,0
58,12.0,0,0,0,0,78,105,105,105,0,0,0,0.77,0.79,0,0,0,0,1,0,1
-8,8.0,0,37,57,77,4,19,39,46,12,0,0,0.68,0.69,8,0,0,0,1,0,1
0,12.0,1,0,0,1,1,5,7,11,0,0,0,0.82,0.79,0,0,0,0,1,0,1
0,8.0,0,16,24,32,4,8,14,20,0,0,0,0.66,0.69,0,0,0,0,1,0,1
6,9.0,0,0,0,0,0,0,0,1,0,0,0,0.86,0.84,0,1,0,0,1,0,0
11,9.0,0,0,0,6,0,4,8,10,0,0,0,0.93,0.74,0,0,0,0,1,0,0
25,4.0,0,0,0,0,0,3,6,11,0,0,0,0.77,0.8,0,0,0,0,1,0,0
19,8.0,0,428,644,914,68,373,521,747,49,0,70,0.97,0.94,0,0,0,0,1,0,1
12,8.0,0,0,0,0,0,4,10,18,1,0,0,0.86,0.88,0,0,0,0,1,0,0
2,8.0,0,3,6,9,3,5,7,7,1,0,0,0.86,0.88,0,0,0,0,1,0,1
1,8.0,0,3,6,8,1,4,4,6,0,0,0,0.87,0.93,0,0,0,0,1,0,1
1,2.0,0,1,2,3,0,0,0,0,0,0,0,0.99,0.96,0,0,0,0,1,0,0
10,4.0,0,0,0,0,0,0,0,0,0,0,0,0.7,0.66,0,0,0,1,1,0,0
0,8.0,0,18,23,29,6,15,20,28,0,0,0,0.15,0.34,0,0,0,0,1,0,1
1,8.0,0,19,19,28,1,9,12,19,0,0,0,0.16,0.16,0,0,0,0,1,0,1
8,9.0,0,0,0,0,0,0,0,0,0,0,0,0.94,0.79,0,0,0,0,1,0,0
0,9.0,0,2,3,4,2,2,4,4,8,0,0,0.96,0.98,0,0,0,0,0,0,1
9,2.0,0,0,0,0,0,0,0,0,1,0,0,0.83,0.9,0,1,0,0,1,0,0
0,2.0,0,1409,2269,3069,0,0,0,0,69,0,0,0.99,0.99,0,0,0,0,1,0,1
11,4.0,0,0,0,0,0,0,0,0,1,0,0,0.22,0.14,0,1,0,0,1,0,0
2,8.0,0,38,65,92,10,35,51,71,6,0,0,0.15,0.34,0,0,0,0,1,0,1
7,8.0,6,172,256,360,42,132,243,381,34,0,4,0.37,0.54,5,0,0,0,1,0,1
0,2.0,0,5,5,5,1,2,2,2,1,0,0,0.46,0.35,0,1,0,0,1,0,1
17,8.0,16,115,189,261,23,87,165,236,31,0,10,0.41,0.46,0,0,0,0,1,0,0
11,8.0,2,0,0,0,2,9,14,17,0,0,0,0.78,0.82,0,0,0,0,1,0,0
-36,12.0,1,355,431,540,39,128,211,359,45,0,11,0.88,0.85,40,0,0,0,1,0,1
2,8.0,0,5,7,11,1,4,4,8,0,0,0,0.99,0.97,0,0,0,0,1,0,1
0,12.0,0,49,77,112,9,53,106,134,0,0,0,0.73,0.76,0,0,0,0,1,0,1
10,8.0,0,0,0,0,0,0,0,0,1,0,0,0.99,0.94,0,0,0,0,1,0,0
1,8.0,0,5,8,11,0,6,9,12,2,0,0,0.0,0.49,0,0,0,0,1,0,1
159,8.0,41,260,480,680,111,277,450,663,95,0,0,0.93,0.94,0,0,0,0,1,0,0
261,2.0,0,0,0,0,4,7,16,30,0,0,0,0.93,0.89,0,0,0,0,1,0,0
7,8.0,0,1,1,1,0,1,2,2,1,0,0,0.99,0.99,0,0,0,0,1,0,0
3,8.0,0,55,87,119,12,42,125,156,22,0,0,0.98,0.99,0,0,0,0,1,0,1
42,8.0,0,0,0,0,3,8,19,24,1,0,0,0.27,0.21,0,0,0,1,1,0,0
4,12.0,0,0,0,0,0,0,0,1,0,0,0,0.78,0.78,0,0,0,0,1,0,0
3,8.0,0,12,24,42,3,14,23,35,0,0,0,0.79,0.66,0,0,0,0,1,0,1
345,4.0,261,1360,3040,3136,374,1097,1846,2550,281,0,0,0.98,0.99,2,1,0,0,1,0,0
1,8.0,0,17,32,40,2,5,11,18,0,0,0,0.6,0.43,0,0,0,0,1,0,1
44,8.0,6,175,250,350,72,160,238,349,52,0,0,0.83,0.94,0,0,0,0,1,0,1
0,2.0,0,0,0,0,0,0,0,0,1,0,0,-99.0,-99.0,0,1,0,0,1,0,1
31,2.0,0,0,0,0,0,3,11,15,1,0,0,0.91,0.68,0,0,0,0,1,0,1
15,4.0,0,0,0,0,0,2,4,6,0,0,0,0.84,0.87,0,1,0,0,1,0,0
0,9.0,0,8,14,18,43,85,112,161,0,0,0,0.87,0.72,0,0,0,0,1,0,1
4,2.0,0,0,0,0,1,1,1,1,2,0,0,0.81,0.83,0,1,0,0,1,0,1
18,2.0,0,0,0,0,1,2,11,17,0,0,0,0.9,0.95,0,1,0,0,1,0,1
10,2.0,0,0,0,0,0,0,0,0,1,0,0,0.99,0.97,0,1,0,0,1,0,0
-5,52.0,0,0,0,0,5,11,17,26,1,0,0,0.87,0.88,5,1,0,1,0,0,1
2,9.0,0,0,0,0,0,0,0,0,0,0,0,0.99,0.98,0,0,0,0,1,0,0
0,5.0,0,16,16,16,0,0,0,0,0,0,0,0.68,0.69,0,1,0,1,1,0,1
0,2.0,0,0,12,12,0,0,0,0,1,0,0,0.98,0.98,0,1,0,1,1,0,0
6,8.0,0,70,118,153,9,29,68,111,23,1,0,0.86,0.88,0,0,0,0,1,0,1
6,8.0,0,0,0,0,3,6,9,16,2,0,0,0.6,0.57,0,0,0,1,1,0,1
11,2.0,0,0,0,0,0,0,1,1,0,0,0,0.98,0.99,0,0,0,0,1,0,0
770,8.0,0,0,0,0,5,16,31,41,2,0,0,0.93,0.96,0,0,0,0,1,0,0
224,2.0,0,0,0,0,3,12,29,58,5,0,0,0.99,0.99,0,0,0,0,1,0,0
22,9.0,15,0,0,12,2,15,31,47,15,0,0,0.87,0.89,0,0,0,0,1,0,0
5,2.0,0,0,3,5,1,3,6,7,0,0,0,0.13,0.09,0,0,0,0,1,0,1
14,2.0,0,0,0,0,0,0,0,0,0,0,0,1.0,0.9,0,0,0,0,1,0,0
322,8.0,22,20,282,459,55,200,520,867,75,0,0,0.48,0.48,0,0,0,0,1,0,0
-1,8.0,4,628,1012,1324,109,321,640,1034,110,0,24,0.59,0.59,5,0,0,0,1,0,1
28,15.0,0,0,10,20,4,23,34,37,0,0,0,0.93,0.92,0,0,0,0,1,0,1
5,2.0,0,18,27,27,10,33,51,66,3,0,0,0.99,0.99,0,0,0,0,1,0,1
6,12.0,0,0,0,0,0,0,0,0,0,0,0,0.78,0.75,0,1,0,0,1,0,0
2,8.0,0,8,12,18,5,7,10,20,1,0,0,0.84,0.82,0,0,0,0,1,0,1
2,8.0,1,39,75,117,10,40,74,117,0,0,0,0.92,0.91,0,0,0,0,1,0,1
22,8.0,0,135,135,270,9,36,69,113,22,0,0,-99.0,0.0,0,0,0,0,1,0,0
0,8.0,0,1,1,1,1,1,1,1,0,0,0,0.81,0.83,0,0,0,1,1,0,1
2,12.0,0,0,0,0,0,0,0,0,0,0,0,0.82,0.79,0,0,0,0,1,0,0
5,12.0,0,0,0,0,0,0,0,0,0,0,0,0.63,0.72,0,1,0,0,1,0,0
7,8.0,0,0,0,0,0,0,0,2,2,0,0,0.96,0.93,0,0,0,0,1,0,0
1391,9.0,10,0,0,0,65,176,352,545,110,0,0,0.86,0.84,0,0,0,0,1,0,0
0,2.0,0,5,7,10,2,3,7,10,0,0,0,1.0,1.0,0,0,0,0,1,0,1
160,8.0,0,3000,3000,3000,11,85,155,285,8,0,0,0.99,0.96,0,0,0,0,1,0,0
0,2.0,0,500,500,500,0,0,0,0,0,0,0,0.64,0.8,0,0,0,1,1,0,0
4,8.0,0,0,0,2,0,1,4,5,0,0,0,0.82,0.81,0,0,0,0,1,0,0
5,8.0,0,0,0,0,0,0,0,0,0,0,0,0.82,0.81,0,0,0,1,1,0,0
1,8.0,1,24,36,48,4,16,24,35,2,0,12,0.5,0.35,0,0,0,0,1,0,1
0,8.0,0,6,6,6,0,0,0,0,1,0,0,0.46,0.35,0,0,0,0,1,0,1
8,8.0,0,76,130,200,21,78,140,199,28,0,4,0.79,0.66,0,0,0,0,1,0,1
76,8.0,5,40,60,100,12,39,67,131,13,0,0,0.48,0.53,0,0,0,1,1,0,1
3,8.0,0,0,0,1,0,0,1,5,3,0,0,0.99,0.99,0,0,0,0,1,0,0
1,8.0,0,0,0,0,2,3,4,4,1,0,0,0.99,0.99,0,1,0,0,1,0,0
12,2.0,10,15,24,27,1,10,23,36,6,0,0,0.01,0.0,0,0,0,0,1,0,0
0,12.0,0,5,7,7,0,0,0,0,0,0,4,0.63,0.72,0,1,0,0,1,0,1
16,8.0,0,0,0,0,2,4,4,10,0,0,0,0.85,0.68,0,0,0,0,1,0,0
1,9.0,0,2,3,4,2,3,4,5,0,0,0,0.87,0.82,0,0,0,0,1,0,1
4,8.0,0,0,0,1,0,1,5,10,0,0,0,0.98,0.97,0,0,0,0,1,0,1
1,12.0,0,21,21,21,0,3,9,14,3,0,0,0.66,0.66,0,0,0,1,1,0,1
5,12.0,0,0,1,1,0,0,1,1,0,0,0,0.73,0.76,0,1,0,1,1,0,0
5,8.0,0,0,0,0,0,0,0,0,0,0,0,0.94,0.97,0,0,0,0,1,0,0
0,8.0,0,7,10,12,0,0,2,15,2,0,0,0.66,0.69,0,0,0,1,1,0,1
62,8.0,0,443,703,898,237,453,663,899,118,0,0,0.95,0.97,120,0,0,0,1,0,0
0,12.0,10,18,32,46,9,23,41,54,0,0,0,0.87,0.67,0,0,0,0,1,0,1
38,4.0,0,36,72,108,20,44,79,109,3,0,0,0.91,0.9,0,0,0,0,1,0,0
5,2.0,0,9,21,21,2,6,14,28,0,0,0,0.85,0.89,0,0,0,1,1,0,1
124,12.0,0,0,0,0,0,5,10,15,2,0,0,0.56,0.55,0,0,0,1,1,0,0
3,4.0,0,0,0,0,0,0,0,1,0,0,0,0.73,0.78,0,0,0,0,1,0,0
13,2.0,0,25,25,25,11,19,22,33,0,0,0,0.48,0.32,0,0,0,0,1,0,0
38,8.0,0,0,0,0,0,0,2,2,0,0,0,0.99,0.97,0,0,0,0,1,0,0
8,3.0,0,0,10,10,1,5,6,12,0,0,0,0.43,0.46,0,0,0,0,1,0,0
0,8.0,0,25,25,25,0,3,20,28,13,0,0,0.95,0.96,1,0,0,0,1,0,1
74,2.0,0,0,0,0,8,20,36,41,1,0,0,0.82,0.88,0,0,0,0,1,0,0
13,8.0,0,30,65,105,12,38,82,120,0,0,0,0.9,0.95,0,0,0,0,1,0,0
702,8.0,80,247,845,1458,253,901,2251,3173,317,0,0,0.81,0.8,0,0,0,0,1,0,0
108,2.0,0,0,0,0,0,0,0,0,0,0,0,0.92,0.92,0,0,0,0,1,0,0
15,8.0,0,0,0,0,0,0,1,3,0,0,0,0.9,0.95,0,0,0,0,1,0,0
1,9.0,0,2,3,5,1,3,3,6,0,0,0,0.43,0.45,0,0,0,0,1,0,1
21,8.0,0,0,0,0,0,4,7,8,0,0,0,0.75,0.74,0,1,0,0,1,0,0
10,12.0,0,0,0,0,0,0,0,0,1,0,0,0.58,0.58,0,1,0,0,1,0,0
0,9.0,0,2,2,2,0,0,0,0,0,0,0,0.7,0.66,0,0,0,1,1,0,1
2,12.0,0,42,72,102,14,35,55,77,0,0,0,0.97,0.92,0,0,0,0,1,0,1
898,4.0,12,0,0,0,48,125,243,407,96,0,0,0.73,0.78,0,0,0,0,1,0,0
0,4.0,0,13,13,13,0,0,0,0,0,0,0,0.22,0.11,0,1,0,0,1,0,1
15,8.0,0,0,0,0,0,0,0,0,0,0,0,0.99,0.98,0,0,0,0,1,0,0
305,8.0,0,0,0,0,0,5,9,9,1,0,0,0.73,0.6,0,0,0,1,1,0,0
3,2.0,0,1,7,15,1,17,21,25,0,0,0,0.78,0.86,0,0,0,0,1,0,1
3,8.0,0,0,0,0,0,0,0,0,0,0,0,0.98,0.99,0,0,0,0,1,0,0
11,2.0,0,0,0,0,0,0,0,0,1,0,0,-99.0,-99.0,0,1,0,0,1,0,0
16,9.0,0,0,0,0,0,1,4,4,0,0,0,0.99,0.99,0,0,0,0,1,0,0
3,12.0,0,0,0,0,0,0,0,0,1,0,0,0.77,0.73,0,0,0,0,1,0,0
0,8.0,0,2,3,3,1,1,1,1,0,0,0,0.98,0.95,0,0,0,0,1,0,1
160,2.0,74,189,405,621,69,213,459,744,63,0,0,0.95,0.9,0,0,0,0,1,0,0
13,12.0,0,21,35,49,8,24,25,25,0,0,0,0.38,0.47,0,0,0,0,0,0,1
8,2.0,2,0,0,0,7,18,20,20,2,0,0,1.0,0.91,0,1,0,1,1,0,1
15,8.0,0,112,112,224,14,39,72,143,29,0,0,0.84,0.86,0,0,0,1,1,0,1
3,8.0,0,0,0,0,0,0,0,0,0,0,0,0.46,0.35,0,0,0,0,1,0,0
5,12.0,0,0,0,0,0,0,0,0,0,0,0,0.73,0.76,0,0,0,0,1,0,0
86,12.0,0,0,0,0,0,0,0,0,0,0,0,0.74,0.74,0,0,0,0,1,0,0
56,8.0,0,0,0,1,0,1,1,1,0,0,0,0.94,0.81,0,0,0,0,1,0,0
980,8.0,0,0,0,0,0,0,0,0,2,0,0,0.94,0.93,0,0,0,0,1,0,0
0,8.0,0,10,20,20,2,5,12,14,1,0,0,0.88,0.87,0,0,0,0,1,0,1
54,12.0,0,0,0,0,0,1,3,7,2,0,0,0.0,0.0,0,0,0,0,1,0,0
2,8.0,0,2,3,5,2,3,5,9,0,0,0,0.97,0.95,0,0,0,0,1,0,0
0,9.0,0,32,48,64,2,14,28,45,0,0,0,0.99,0.98,0,0,0,0,1,0,1
7,9.0,0,0,0,0,0,0,0,0,0,0,0,0.86,0.69,0,0,0,0,1,0,0
2,3.0,3,0,0,0,0,0,2,3,0,0,0,0.98,0.98,0,0,0,0,1,0,1
430,8.0,0,0,0,0,5,14,30,55,4,0,0,0.99,0.99,0,0,0,0,1,0,0
5,2.0,1,2,3,4,2,5,5,5,1,0,0,0.95,0.96,0,0,0,0,1,0,1
9,8.0,1,6,6,12,1,5,9,14,0,0,0,0.97,0.97,0,0,0,0,1,0,0
0,8.0,0,21,32,43,5,15,21,36,0,0,0,0.98,0.99,0,0,0,0,1,0,1
63,8.0,0,0,0,0,3,11,15,26,2,0,0,0.04,0.04,0,0,0,1,1,0,0
20,8.0,0,0,0,0,40,78,80,80,0,0,0,0.9,0.94,0,0,0,0,1,0,1
19,3.0,0,0,0,0,2,2,2,4,0,0,0,0.98,0.98,0,0,0,0,1,0,1
3,2.0,0,0,0,0,0,0,0,0,0,0,0,0.82,0.81,0,1,0,0,1,0,0
11,2.0,0,20,20,20,1,4,8,9,0,0,0,0.93,0.85,0,0,0,0,1,0,0
169,12.0,0,0,0,0,3,16,27,44,1,0,0,0.87,0.94,0,0,0,1,1,0,0
0,9.0,0,10,20,20,11,11,21,21,0,0,0,0.85,0.82,0,0,0,0,1,0,1
569,8.0,2,560,1120,1120,140,378,721,1045,170,0,0,0.97,0.91,0,0,0,0,1,0,0
76,8.0,3,1268,1748,2288,279,827,1496,2267,478,0,80,0.53,0.54,4,0,0,1,1,0,1
0,3.0,0,12,18,24,2,7,8,12,2,0,0,0.43,0.46,0,1,0,0,1,0,1
6,8.0,0,0,0,0,0,0,0,0,0,0,0,0.42,0.36,0,0,0,0,1,0,0
0,9.0,0,0,0,0,0,1,1,1,0,0,0,0.68,0.66,0,1,0,0,1,0,1
3,8.0,0,0,2,3,0,1,3,5,0,0,0,0.78,0.82,0,0,0,0,1,0,1
5,8.0,0,3,5,5,1,2,7,10,0,0,0,0.84,0.87,0,0,0,0,1,0,0
12,2.0,0,0,0,0,0,0,0,1,0,0,0,0.98,0.99,0,1,0,0,1,0,0
3,8.0,0,40,71,98,12,30,50,77,8,0,0,0.92,0.84,0,0,0,0,1,0,1
0,8.0,0,6,10,14,3,5,9,12,0,0,0,0.85,0.56,0,0,0,1,1,0,1
0,12.0,0,2,2,2,0,0,0,0,2,0,0,0.44,0.46,0,0,0,1,1,0,0
0,8.0,0,10,14,18,6,12,13,14,0,0,0,0.78,0.86,0,0,0,0,1,0,1
7,2.0,0,0,0,10,1,2,6,11,0,0,0,0.99,0.98,0,0,0,0,1,0,1
1,8.0,0,12,12,12,2,6,13,19,0,0,0,0.18,0.31,0,0,0,0,1,0,1
2,16.0,0,0,0,0,0,0,0,0,1,0,0,0.38,0.44,0,1,0,0,1,0,0
564,4.0,0,0,0,0,4,6,15,23,7,0,0,0.73,0.78,0,0,0,0,1,0,0
4,2.0,0,16,32,48,2,13,28,39,0,0,3,0.91,0.89,0,0,0,0,1,0,1
70,8.0,0,404,404,404,87,223,328,452,19,0,0,0.83,0.83,0,0,0,0,1,0,1
1,2.0,0,2,3,4,2,2,3,3,0,0,0,0.87,0.92,0,1,0,1,1,0,1
2,12.0,0,185,185,185,5,5,8,13,1,0,0,0.23,0.26,0,1,0,0,1,0,1
0,2.0,0,28,46,52,0,0,0,0,0,0,28,1.0,1.0,0,0,0,0,1,0,1
8,8.0,0,0,0,0,0,0,0,0,0,0,0,1.0,1.0,0,0,0,1,1,0,0
8,4.0,0,0,0,0,0,0,2,2,0,0,0,0.73,0.78,0,1,0,0,1,0,0
3,2.0,0,0,0,0,0,0,0,2,0,0,0,0.9,0.88,0,0,0,0,1,0,0
7,8.0,0,0,0,0,0,1,2,3,0,0,0,1.0,0.98,0,0,0,0,1,0,1
9,2.0,0,12,36,56,7,26,44,68,0,0,0,0.78,0.82,0,0,0,0,1,0,1
3,8.0,8,2560,4168,6088,0,0,0,0,0,0,544,0.69,0.68,0,0,0,0,1,0,1
966,8.0,0,0,0,0,0,0,0,0,1,0,0,1.0,0.75,0,0,0,0,1,0,0
0,2.0,0,100,120,140,0,0,0,0,0,0,40,0.24,0.28,0,0,0,0,1,0,1
1,2.0,1,2,3,5,1,3,3,3,0,0,0,0.87,0.93,0,0,0,0,1,0,1
22,2.0,30,40,80,120,10,37,68,85,0,0,0,0.99,0.98,0,0,0,0,1,0,0
0,12.0,0,13,19,27,2,7,16,22,0,0,2,0.63,0.72,0,0,0,0,1,0,1
7,8.0,0,0,0,2,0,1,3,4,1,0,0,0.93,0.93,0,0,0,1,1,0,0
6,14.0,0,0,0,0,0,0,0,0,0,0,0,0.38,0.44,0,0,0,1,1,0,0
2,10.0,0,3,4,7,2,4,7,9,0,0,0,0.89,0.9,0,0,0,0,1,0,1
1,8.0,0,17,25,31,7,10,19,35,0,0,0,0.0,0.0,0,0,0,0,1,0,1
289,8.0,17,1666,2160,2901,199,942,1698,2679,205,0,0,0.82,0.83,0,0,0,0,1,0,0
9,8.0,0,350,550,550,52,154,323,497,75,0,0,0.15,0.24,2,0,0,0,1,0,1
1,8.0,0,0,0,2,5,11,15,18,0,0,0,0.99,0.98,0,0,0,0,1,0,1
1,0.0,0,8,8,8,0,5,11,12,1,0,0,0.0,0.0,3,0,0,1,0,0,1
5,8.0,0,15,15,30,5,11,20,27,2,0,0,0.89,0.92,0,0,0,0,1,0,1
2,8.0,0,12,18,24,0,5,13,19,0,0,0,0.42,0.36,0,0,0,0,1,0,1
0,8.0,0,16,24,35,1,9,13,14,2,0,0,0.79,0.78,0,0,0,0,1,0,1
5,8.0,0,0,0,0,0,0,0,0,0,0,0,0.86,0.77,0,0,0,0,1,0,0
11,8.0,0,0,0,0,1,1,1,9,2,0,0,0.98,0.9,0,0,0,0,1,0,0
9,10.0,0,0,5,10,3,4,11,16,0,0,0,0.89,0.9,0,0,0,0,1,0,1
18,8.0,0,0,0,0,0,0,1,2,0,0,0,0.99,0.99,0,0,0,0,1,0,0
0,9.0,0,6,6,12,1,3,4,5,0,0,0,0.93,0.9,0,0,0,0,1,0,1
5,8.0,0,26,26,39,2,8,14,32,0,0,0,0.86,0.88,0,0,0,0,1,0,1
10,8.0,0,0,0,0,0,0,0,0,0,0,0,0.8,0.83,0,0,0,0,1,0,0
3,2.0,0,6,18,24,4,11,16,26,1,0,0,0.98,0.99,0,0,0,0,1,0,1
12,2.0,0,52,52,52,23,45,60,74,0,0,0,-99.0,-99.0,0,0,0,0,1,0,1
3,2.0,0,0,0,0,0,0,0,0,0,0,0,0.64,0.68,0,1,0,0,1,0,0
2,8.0,2,0,2,5,0,2,4,5,0,0,0,0.84,0.77,0,0,0,0,1,0,0
0,12.0,0,23,29,35,8,12,14,14,0,0,0,0.82,0.79,0,1,0,0,1,0,1
5,4.0,0,0,0,0,0,0,0,0,0,0,0,0.63,0.72,0,1,0,0,1,0,0
0,2.0,0,22,43,61,3,18,35,45,0,0,0,0.9,0.95,0,0,0,0,1,0,1
0,8.0,0,5,6,6,0,0,0,0,0,0,0,0.46,0.35,0,0,0,0,1,0,1
2,12.0,0,0,1,2,0,1,1,2,0,0,0,0.73,0.69,0,0,0,0,1,0,1
58,2.0,0,0,0,0,1,10,19,31,0,0,0,0.75,0.52,0,0,0,0,1,0,0
241,12.0,1,0,0,0,8,21,52,105,20,0,0,0.98,0.95,0,0,0,1,1,0,0
30,4.0,0,0,0,0,0,0,0,0,0,0,0,0.73,0.78,0,0,0,0,1,0,0
82,12.0,0,0,0,0,1,1,1,10,1,0,0,-99.0,-99.0,0,1,0,0,0,0,0
2,8.0,0,1,1,1,2,5,7,9,1,0,0,0.36,0.29,0,0,0,0,1,0,1
0,12.0,0,3,4,5,0,0,0,0,0,0,2,0.73,0.76,0,1,0,0,1,0,0
1,12.0,0,8,11,14,1,3,8,10,0,0,8,0.64,0.69,0,0,0,0,1,0,1
4,12.0,0,0,0,0,0,1,3,4,0,0,0,0.78,0.78,0,0,0,0,1,0,0
5000,8.0,0,0,0,0,0,0,0,0,0,0,0,0.59,0.78,0,0,0,0,1,0,0
3,4.0,0,5,8,11,3,7,18,21,0,0,0,0.54,0.47,0,0,0,0,1,0,1
41,12.0,0,0,0,0,0,0,0,6,0,0,0,0.77,0.73,0,0,0,0,1,0,0
100,8.0,0,0,0,0,0,0,0,0,0,0,0,-99.0,-99.0,0,0,0,0,1,0,0
6,12.0,2,1,5,10,1,4,9,15,1,0,0,0.87,0.75,0,0,0,0,1,0,0
9,2.0,0,0,5,15,2,5,16,21,1,0,0,0.99,0.99,0,0,0,0,1,0,1
4,2.0,0,0,0,0,0,0,0,1,0,0,0,0.8,0.82,0,0,0,0,1,0,0
5,2.0,0,50,50,50,0,0,0,0,0,0,0,0.75,0.72,0,1,0,1,1,0,0
106,12.0,0,0,0,0,1,1,2,4,1,0,0,0.74,0.72,0,0,0,0,1,0,0
7,12.0,0,0,0,0,0,0,0,0,0,0,0,0.82,0.79,0,0,0,0,1,0,0
10,3.0,0,0,0,0,0,0,0,0,1,0,0,0.09,0.12,0,0,0,0,1,0,0
84,8.0,0,0,0,0,0,0,0,2,0,0,0,0.25,0.57,0,0,0,0,1,0,0
13,8.0,0,0,0,0,0,0,0,0,1,0,0,0.87,0.92,0,0,0,0,1,0,0
2,3.0,0,3,7,12,2,7,17,22,1,0,0,0.42,0.46,0,0,0,0,1,0,1
0,9.0,0,5,7,7,0,0,0,0,0,0,1,0.68,0.66,0,1,0,0,1,0,1
2,8.0,0,0,0,1,0,0,2,2,1,0,0,0.87,0.9,0,0,0,0,1,0,1
1,3.0,0,21,51,66,20,27,58,96,0,0,0,0.29,0.34,0,0,0,0,1,0,1
0,2.0,0,477,717,788,0,0,0,0,38,0,0,0.94,0.93,0,0,0,0,1,0,1
3,0.0,0,10,19,28,4,11,30,42,1,0,0,0.0,0.0,0,0,0,1,0,0,1
11,8.0,0,65,85,105,6,20,43,70,98,0,0,0.44,0.64,0,0,0,0,1,0,1
38,17.0,0,0,0,0,0,0,0,0,0,0,0,0.9,0.92,0,0,0,0,1,0,0
4,8.0,0,0,0,0,0,0,0,0,0,0,0,0.78,0.82,0,0,0,0,1,0,0
31,8.0,1,163,283,391,42,108,207,300,31,0,12,0.61,0.57,1,0,0,1,1,0,1
0,12.0,0,7,10,14,0,3,9,9,0,0,1,0.98,0.98,0,0,0,0,1,0,1
54,8.0,0,0,0,0,0,0,0,0,0,0,0,1.0,1.0,0,1,0,1,1,0,0
19,2.0,0,20,40,40,23,29,57,70,0,0,0,0.64,0.33,0,0,0,0,1,0,1
-8,2.0,0,66,66,66,10,10,10,10,4,0,40,0.29,0.43,8,1,0,0,1,0,1
18,8.0,0,374,563,811,63,221,388,559,81,0,68,0.84,0.89,7,0,0,0,1,0,1
2,8.0,0,24,24,24,3,16,28,41,1,0,0,0.5,0.35,0,0,0,0,1,0,1
2,9.0,0,0,0,0,0,0,0,0,0,0,0,0.7,0.66,0,0,0,0,1,0,0
2,2.0,0,4,13,22,1,6,19,26,0,0,0,0.66,0.4,0,0,0,0,1,0,1
10,0.0,0,0,0,0,0,0,0,0,0,0,0,0.0,0.0,0,0,0,0,1,0,0
30,9.0,0,0,0,0,0,1,3,6,0,0,0,0.91,0.77,0,1,0,0,1,0,0
0,8.0,0,13,23,28,6,15,28,43,0,0,0,0.61,0.57,0,0,0,0,1,0,1
6,4.0,0,0,0,0,0,0,0,0,1,0,0,0.73,0.78,0,0,0,0,1,0,0
134,8.0,7,34,98,162,27,90,204,317,25,0,0,0.72,0.72,0,0,0,0,1,0,0
531,8.0,0,0,0,0,0,0,0,0,0,0,0,0.5,0.5,0,0,0,0,1,0,0
4,8.0,0,0,1,3,1,2,6,6,0,0,0,0.92,0.95,0,0,0,0,1,0,0
0,2.0,0,4,16,16,0,0,0,0,0,0,0,0.43,0.46,0,1,0,1,1,0,1
46,2.0,54,27,54,81,13,51,100,151,17,0,0,0.66,0.71,0,0,0,0,1,0,0
0,8.0,0,45,75,105,13,29,65,88,0,0,0,0.4,0.51,0,0,0,0,1,0,1
-56,8.0,0,201,257,331,34,110,210,304,20,0,3,0.18,0.38,56,0,0,1,1,0,1
4,2.0,0,72,72,72,0,2,2,2,2,0,0,0.98,0.99,0,1,0,0,1,0,1
2,12.0,0,0,0,0,0,0,0,0,0,0,0,0.62,0.73,0,0,0,0,1,0,0
0,8.0,0,2,2,2,0,0,0,0,0,0,0,0.78,0.75,0,0,0,1,1,0,0
32,15.0,0,5,25,55,2,21,62,78,5,0,0,0.06,0.09,0,0,0,0,1,0,0
1,8.0,0,3,5,6,1,2,4,6,0,0,0,0.76,0.85,0,0,0,0,1,0,1
15,2.0,0,46,46,46,4,9,9,9,1,0,0,0.98,0.98,0,0,0,0,1,0,1
3,12.0,0,0,0,0,0,0,0,0,0,0,0,0.63,0.72,0,0,0,0,1,0,0
49,8.0,0,0,0,0,0,0,0,0,0,0,0,0.92,0.97,0,0,0,0,1,0,0
13,2.0,0,0,0,0,0,0,0,2,0,0,0,0.59,0.61,0,1,0,0,1,0,0
2,2.0,0,0,0,0,0,0,0,0,0,0,0,0.81,0.82,0,0,0,1,1,0,0
10,2.0,0,0,0,0,0,0,0,0,0,0,0,0.48,0.32,0,1,0,0,1,0,0
11,2.0,0,0,0,0,0,0,0,0,1,0,0,0.76,0.77,0,0,0,1,1,0,0
0,2.0,0,6,6,6,0,2,3,4,0,0,0,0.82,0.81,0,0,0,0,1,0,1
62,4.0,0,566,806,1058,135,338,639,947,258,0,0,0.78,0.78,14,0,0,0,1,0,1
-19,8.0,0,280,420,420,12,34,154,200,2,0,0,1.0,0.96,19,0,0,0,1,0,1
4,8.0,0,6,24,36,2,15,27,34,0,0,0,0.79,0.66,0,0,0,0,1,0,1
4,8.0,1,4,11,18,4,8,12,13,0,0,0,0.92,0.75,0,0,0,0,1,0,1
42,2.0,0,0,0,0,0,0,0,0,0,0,0,0.99,0.97,0,1,0,0,1,0,0
0,4.0,0,2,2,2,0,0,0,0,0,0,2,0.73,0.78,0,1,0,0,1,0,0
1,2.0,1,3,6,8,1,2,2,2,0,0,0,0.82,0.87,0,0,0,1,1,0,1
0,8.0,0,43,43,43,2,8,26,38,10,0,0,0.94,0.94,0,1,0,0,1,0,1
7,8.0,0,19,34,44,3,12,23,40,0,0,0,1.0,1.0,0,0,0,0,1,0,0
0,8.0,0,58,58,58,0,1,1,1,0,0,0,0.76,0.77,0,1,0,1,1,0,1
0,8.0,2,1,1,1,1,1,2,2,0,0,0,0.84,0.89,0,1,0,0,1,0,1
10,12.0,0,0,0,0,0,0,0,0,0,0,0,0.62,0.73,0,0,0,0,1,0,0
3,2.0,0,2,2,2,8,13,18,18,0,0,0,0.77,0.64,0,1,0,0,1,0,1
7,8.0,0,9,27,48,2,6,6,6,0,0,0,0.99,0.99,0,0,0,1,1,0,1
1,8.0,0,0,0,0,0,0,0,0,0,0,0,0.8,0.83,0,0,0,0,1,0,0
7,2.0,0,0,45,45,1,5,8,9,2,0,0,0.92,0.96,0,1,0,0,1,0,1
20,4.0,0,10,10,20,3,13,13,29,0,0,0,0.73,0.78,0,0,0,0,1,0,1
6,2.0,0,6,18,20,2,5,13,28,0,0,0,0.85,0.89,0,0,0,1,1,0,1
8,8.0,0,12,23,23,10,25,42,66,0,0,0,0.48,0.53,0,0,0,0,1,0,1
3,2.0,12,12,24,36,6,16,28,39,0,0,0,0.83,0.71,0,0,0,0,1,0,1
24,9.0,0,0,0,0,0,0,0,0,0,0,0,0.86,0.84,0,0,0,0,1,0,0
13,52.0,0,0,0,0,1,1,3,5,5,0,0,0.75,0.68,0,1,0,0,1,0,0
0,3.0,0,19,34,34,1,1,1,1,4,0,0,0.99,0.99,0,0,0,0,1,0,0
4,3.0,0,0,0,0,0,0,0,0,1,0,0,0.43,0.46,0,0,0,0,1,0,0
251,2.0,0,390,945,1701,60,192,242,242,0,0,0,0.96,0.96,0,0,0,0,1,0,1
4,12.0,0,0,0,0,0,0,0,0,0,0,0,0.87,0.78,0,0,0,0,1,0,0
37,2.0,0,44,132,176,11,43,110,182,5,0,0,0.96,0.92,0,0,0,0,1,0,1
3,9.0,0,0,0,0,0,0,2,3,1,0,0,0.96,0.92,0,0,0,1,1,0,0
0,8.0,0,14,23,33,2,8,17,23,0,0,3,0.0,0.0,0,0,0,1,1,0,1
79,9.0,2,20,40,80,8,38,86,143,25,0,0,0.99,0.98,0,0,0,0,1,0,0
3,4.0,0,3,5,8,2,6,9,11,1,0,0,0.89,0.9,0,0,0,0,1,0,1
4,8.0,0,15,30,45,4,12,27,38,0,0,0,0.97,0.98,0,0,0,0,1,0,1
2,2.0,0,22,22,33,2,11,20,27,0,0,0,0.65,0.67,0,0,0,1,1,0,1
197,12.0,171,314,414,739,122,350,713,1038,86,0,0,0.84,0.87,18,0,0,1,1,0,0
316,8.0,98,192,576,864,97,352,788,1284,117,0,0,1.0,0.97,0,0,0,0,1,0,0
64,8.0,0,210,385,545,145,319,398,534,94,0,0,0.89,0.93,11,0,0,1,1,0,1
9,4.0,0,0,0,0,0,0,0,0,0,0,0,0.73,0.78,0,0,0,0,1,0,0
5,8.0,0,2,3,7,0,7,9,21,0,0,0,0.96,0.96,0,0,0,0,1,0,1
2,8.0,0,0,0,0,1,1,3,3,0,0,0,0.74,0.73,0,0,0,1,1,0,0
1,8.0,0,1,2,3,0,1,1,3,0,0,0,0.8,0.82,0,0,0,1,1,0,0
2,8.0,0,37,56,75,6,18,30,46,3,0,0,0.99,0.99,0,0,0,0,1,0,1
32,8.0,0,225,300,425,40,120,258,418,44,0,0,0.05,0.12,2,0,0,1,1,0,1
2,8.0,0,24,36,48,6,14,26,41,4,0,0,0.79,0.66,0,0,0,0,1,0,1
-3,16.0,0,19,19,19,0,12,16,18,8,0,0,0.44,0.46,3,0,0,0,1,0,1
42,8.0,14,40,80,120,16,44,72,117,24,0,0,0.92,0.93,0,0,0,0,1,0,0
0,8.0,0,5,7,9,0,3,4,8,0,0,0,0.82,0.75,0,0,0,0,1,0,1
0,8.0,0,37,37,37,9,15,28,40,0,0,0,0.95,0.95,0,0,0,1,1,0,1
3,12.0,0,0,0,0,0,0,0,0,0,0,0,0.73,0.69,0,0,0,0,1,0,0
0,8.0,0,52,103,103,0,0,0,0,15,0,0,0.65,0.4,0,1,0,1,0,0,1
17,4.0,0,67,121,166,27,70,122,191,0,0,8,0.1,0.08,0,0,0,0,1,0,1
1,2.0,0,0,0,0,7,32,33,33,2,0,0,0.97,0.94,0,0,0,0,1,0,1
5,9.0,0,0,0,0,0,0,0,0,0,0,0,0.7,0.66,0,0,0,0,1,0,0
179,4.0,0,0,0,0,0,0,10,10,0,0,0,0.73,0.78,0,0,0,0,1,0,0
729,2.0,0,0,0,0,0,21,21,21,0,0,0,0.0,0.05,0,0,0,0,1,0,0
2,2.0,0,4,6,10,3,5,7,9,0,0,0,0.91,0.93,0,0,0,0,1,0,1
1,8.0,0,17,29,44,3,18,30,38,6,0,0,0.99,0.98,0,0,0,1,1,0,1
1,9.0,0,0,0,0,0,0,0,0,0,0,0,0.68,0.66,0,0,0,1,1,0,0
0,2.0,0,1104,1104,1104,0,0,0,0,200,0,5,0.7,0.46,0,0,0,0,1,0,1
5,2.0,0,42,56,70,13,15,15,15,0,0,0,0.9,0.88,0,1,0,1,1,0,1
104,8.0,0,710,1229,1744,161,532,1037,1516,180,0,55,0.64,0.77,2,0,0,1,1,0,1
14,2.0,0,12,24,24,8,19,24,33,0,0,0,0.98,0.97,0,0,0,0,1,0,0
42,52.0,0,0,0,0,0,0,0,1,1,0,0,0.9,0.93,0,1,0,0,0,0,0
11,2.0,0,0,0,0,0,0,0,0,0,0,0,0.0,0.0,0,0,0,0,1,0,0
0,4.0,0,23,35,37,2,2,2,2,0,0,0,0.63,0.72,2,1,0,1,1,0,1
54,2.0,60,50,150,200,30,39,113,213,0,0,0,1.0,0.85,0,0,0,0,1,0,1
4,8.0,0,2,6,8,0,2,3,6,0,0,0,0.99,0.99,0,0,0,1,1,0,0
2,12.0,0,0,0,0,0,0,0,0,0,0,0,0.78,0.78,0,0,0,0,1,0,0
0,8.0,1,19,30,41,12,24,31,48,1,0,0,0.81,0.88,1,0,0,0,1,0,1
4,4.0,0,5,8,12,2,6,17,21,0,0,0,0.43,0.45,0,0,0,0,1,0,1
-85,12.0,0,126,131,151,35,110,141,187,148,0,19,0.0,0.02,0,0,0,0,1,0,1
1,8.0,0,9,9,9,1,4,13,16,0,0,0,0.98,0.99,0,0,0,0,1,0,1
93,2.0,9,56,112,182,25,82,163,235,31,0,0,0.63,0.63,0,0,0,0,1,0,0
14,8.0,0,0,0,0,0,0,0,0,0,0,0,0.84,0.87,0,0,0,0,1,0,0
0,8.0,0,0,0,0,0,0,0,0,0,0,0,0.99,0.97,0,0,0,0,1,0,0
0,4.0,0,10,25,30,0,7,16,32,0,0,0,0.79,0.66,0,0,0,0,1,0,1
19,8.0,4,5,13,25,2,16,25,44,0,0,0,0.79,0.66,0,0,0,0,1,0,0
104,16.0,0,0,0,0,0,0,0,0,13,0,0,0.99,0.94,0,0,0,0,1,0,0
4,8.0,0,0,0,0,0,0,0,1,0,0,0,0.8,0.82,0,0,0,0,1,0,0
3,0.0,0,22,22,44,2,10,22,32,2,0,0,0.0,0.0,0,0,0,0,0,0,1
8,9.0,0,0,0,0,0,0,0,0,2,0,0,0.69,0.68,0,0,0,0,1,0,0
0,8.0,0,16,22,29,4,16,26,36,1,0,0,0.7,0.73,0,0,0,0,1,0,1
28,8.0,0,0,0,0,0,0,0,0,0,0,0,-99.0,-99.0,0,0,0,0,1,0,0
25,8.0,0,225,300,405,29,116,254,415,43,0,0,0.05,0.12,5,0,0,1,1,0,1
312,9.0,372,1584,2484,3864,1128,3422,5822,8511,300,0,0,0.74,0.5,0,0,0,0,1,0,0
20,12.0,0,0,0,0,0,0,0,0,1,0,0,0.63,0.63,0,1,0,0,1,0,0
2,2.0,0,6,12,18,2,8,14,20,0,0,0,0.96,0.97,0,0,0,0,1,0,1
0,4.0,2,0,0,0,0,0,0,0,0,0,0,0.77,0.8,0,1,0,0,1,0,0
24,8.0,0,96,192,288,24,63,117,208,17,0,0,0.75,0.72,0,0,0,0,1,0,1
253,8.0,0,0,0,0,11,28,55,76,10,0,0,0.64,0.67,0,0,0,0,1,0,0
12,12.0,0,0,0,0,1,1,1,3,0,0,0,0.82,0.79,0,0,0,1,1,0,0
5,3.0,0,4,4,8,2,5,13,22,2,0,0,0.88,0.91,0,0,0,0,1,0,1
0,8.0,0,15,15,20,0,4,14,19,0,1,0,0.0,0.0,0,0,0,0,1,0,1
0,12.0,0,0,0,0,0,0,0,0,0,0,0,0.78,0.78,0,0,0,0,1,0,1
93,8.0,0,0,0,0,1,7,12,17,1,0,0,0.0,0.5,0,1,0,0,1,0,0
15,8.0,0,0,0,0,0,0,0,0,1,0,0,0.79,0.67,0,0,0,0,1,0,0
1,12.0,0,3,5,7,1,3,4,5,0,0,0,0.82,0.79,0,0,0,0,1,0,1
0,8.0,0,33,33,59,9,32,53,66,6,0,0,0.99,0.94,0,0,0,0,1,0,1
5,15.0,0,9,16,20,4,8,12,17,0,0,0,0.93,0.91,0,0,0,0,1,0,1
1,12.0,0,3,5,7,1,2,4,6,0,0,0,0.82,0.79,0,0,0,0,1,0,1
0,8.0,0,13,20,27,5,11,19,24,0,0,0,0.42,0.36,0,0,0,0,1,0,1
-62,2.0,0,499,709,918,340,551,784,1053,135,0,0,0.96,0.98,75,0,0,0,1,0,1
48,9.0,0,0,0,0,0,0,1,1,0,0,0,0.85,0.82,0,0,0,0,1,0,0
23,8.0,0,0,0,0,0,1,3,3,0,0,0,0.79,0.66,0,0,0,0,1,0,0
9,2.0,0,0,0,0,1,3,5,10,0,0,0,0.48,0.32,0,0,0,0,1,0,0
0,2.0,0,156,228,282,10,40,85,137,0,0,0,0.0,0.0,1,0,0,0,1,0,1
4,2.0,0,0,1,1,0,0,0,0,1,0,0,0.73,0.86,0,1,0,0,1,0,1
0,12.0,0,4,4,4,4,5,10,10,15,0,0,0.58,0.57,0,1,0,0,1,0,1
6,9.0,0,0,0,0,0,0,0,0,0,0,0,0.91,0.77,0,1,0,0,1,0,0
1,8.0,0,20,20,20,0,0,1,1,0,0,0,0.5,0.52,0,1,0,0,1,0,0
0,8.0,0,6,10,14,0,3,9,10,0,0,0,0.57,0.44,0,0,0,0,1,0,1
4,2.0,0,4,12,20,3,7,13,19,16,0,0,0.87,0.93,0,0,0,0,1,0,1
2,8.0,0,0,0,0,0,0,0,0,0,0,0,0.19,0.5,0,0,0,0,1,0,0
11,4.0,0,0,0,0,0,0,0,0,0,0,0,0.25,0.36,0,1,0,1,1,0,0
0,16.0,0,5,5,5,0,0,0,0,0,0,0,0.31,0.42,0,0,0,0,1,0,0
2,8.0,0,0,0,0,0,0,0,0,0,0,0,0.95,0.79,0,0,0,0,1,0,0
0,9.0,0,5,5,5,0,0,0,0,0,0,0,0.69,0.68,0,1,0,0,1,0,0
0,9.0,0,5,9,11,0,3,5,8,0,1,1,0.7,0.78,0,1,0,0,1,0,1
3,12.0,0,6,11,15,3,10,25,38,0,0,0,0.94,0.88,0,0,0,0,1,0,1
3,8.0,3,300,525,725,95,270,430,645,81,0,0,0.45,0.45,19,0,0,0,1,0,1
436,8.0,1432,9552,16464,23460,2877,7635,12222,16919,2112,0,0,0.0,0.0,20,0,0,1,1,0,1
38,2.0,0,0,0,0,0,0,3,4,0,0,0,0.64,0.68,0,1,0,0,1,0,0
0,8.0,0,4,4,5,1,5,9,13,1,0,1,0.82,0.75,0,0,0,0,1,0,1
10,2.0,0,0,0,0,0,1,1,1,0,0,0,0.83,0.86,0,0,0,0,1,0,0
0,12.0,0,10,10,10,22,33,38,46,0,0,0,0.73,0.76,0,0,0,1,1,0,1
1,2.0,0,1,2,3,1,2,2,2,0,0,0,0.81,0.82,0,0,0,0,1,0,1
57,2.0,0,68,130,207,28,65,129,225,28,0,7,0.0,0.0,0,0,0,0,1,0,1
0,5.0,0,48,71,71,0,0,0,0,11,0,1,0.68,0.69,0,0,0,0,1,0,1
2,8.0,0,2,3,4,1,3,3,3,0,0,0,0.51,0.75,0,0,0,0,1,0,1
97,8.0,0,0,0,0,0,0,0,0,0,0,0,0.99,0.96,0,0,0,0,1,0,0
13,4.0,0,0,0,0,0,0,0,0,0,0,0,0.73,0.78,0,0,0,0,1,0,0
3,8.0,0,72,72,72,0,1,1,1,0,0,0,0.51,0.53,0,1,0,0,1,0,1
6,5.0,0,15,15,15,0,0,0,0,0,0,0,0.5,0.5,0,1,0,0,1,0,1
2,8.0,0,11,20,26,8,18,24,26,0,0,0,0.71,0.75,0,0,0,0,1,0,1
88,8.0,0,0,0,0,3,7,22,35,0,0,0,1.0,0.98,0,0,0,0,1,0,0
0,8.0,0,3,4,6,3,3,4,4,0,0,0,0.99,0.99,0,0,0,0,1,0,1
35,8.0,0,245,355,465,290,486,583,698,26,0,0,0.79,0.67,0,0,0,0,1,0,1
0,8.0,0,26,39,65,4,13,26,44,0,0,0,0.17,0.33,0,0,0,0,1,0,1
0,2.0,0,5,7,7,0,0,0,0,0,0,0,0.37,0.36,0,1,0,1,1,0,1
12,4.0,0,0,0,0,1,1,5,7,0,0,0,0.73,0.78,0,1,0,0,1,0,0
22,4.0,0,0,0,0,2,3,6,6,0,0,0,0.85,0.91,0,0,0,0,1,0,1
2,3.0,0,0,1,2,0,1,1,1,0,0,0,0.89,0.9,0,0,0,0,1,0,1
2,10.0,0,12,17,22,2,9,12,14,0,0,0,0.89,0.9,0,0,0,0,1,0,1
0,2.0,0,16,17,17,0,0,0,0,0,0,0,0.78,0.74,0,1,0,0,1,0,1
40,4.0,56,77,109,125,17,36,125,216,4,0,2,0.73,0.78,0,0,0,0,1,0,0
3,2.0,0,0,1,2,3,10,11,12,0,0,0,0.91,0.94,0,0,0,0,1,0,1
4,12.0,0,0,0,0,0,0,2,2,2,0,0,0.93,0.96,0,0,0,0,1,0,0
3,2.0,0,11,22,33,2,11,21,27,0,0,0,0.65,0.67,0,0,0,1,1,0,1
6,8.0,0,21,35,47,5,22,48,69,2,0,0,0.96,0.96,0,0,0,0,1,0,1
2,2.0,0,1,3,4,1,2,2,2,0,0,0,0.99,0.99,0,0,0,1,1,0,1
1,2.0,0,7,15,20,1,5,10,16,0,0,0,0.98,0.95,0,0,0,0,1,0,1
3,8.0,0,0,0,0,0,0,0,0,0,0,0,0.99,0.98,0,0,0,0,1,0,0
23,8.0,59,353,606,789,114,286,537,831,57,0,25,0.78,0.74,2,0,0,0,1,0,1
0,8.0,184,842,1446,2116,0,0,0,0,0,0,0,0.96,0.96,0,0,0,0,1,0,0
3,8.0,0,0,0,1,1,1,2,2,0,0,0,0.88,0.7,0,0,0,0,1,0,0
-86,8.0,35,656,1056,1356,304,455,734,1092,161,0,99,0.53,0.65,125,0,0,0,1,0,1
0,2.0,0,18,36,54,2,14,18,28,0,0,0,0.71,0.78,0,0,0,0,1,0,1
3,2.0,0,6,6,6,0,0,0,0,0,0,0,0.53,0.5,0,1,0,1,1,0,0
-3,16.0,0,13,28,28,1,7,13,19,2,0,0,0.62,0.62,3,1,0,1,1,0,1
0,9.0,0,0,0,0,0,0,0,0,0,0,0,0.85,0.83,0,0,0,0,1,0,1
128,8.0,16,80,144,272,0,0,0,0,0,0,0,0.97,0.98,0,0,0,1,1,0,0
166,2.0,32,180,414,630,32,33,33,33,64,0,0,0.96,0.96,6,0,0,0,1,0,1
12,12.0,3,0,0,0,0,0,0,0,1,0,0,0.63,0.63,0,1,0,0,1,0,0
4,2.0,0,0,1,2,6,12,20,20,0,0,0,0.97,0.95,0,1,0,0,1,0,1
9,2.0,0,0,0,0,0,0,0,0,0,0,0,0.81,0.85,0,0,0,0,1,0,0
10,12.0,0,62,109,154,16,48,103,151,12,0,0,0.78,0.78,0,0,0,0,1,0,1
71,2.0,0,10,40,70,25,67,101,116,0,0,0,0.96,0.97,0,1,0,0,1,0,0
23,2.0,0,0,0,0,23,39,39,39,4,0,0,0.98,0.98,0,1,0,1,1,0,1
0,2.0,0,43,78,113,14,43,65,83,0,0,0,0.78,0.74,0,0,0,0,1,0,1
93,8.0,3,8,106,232,2,17,51,57,0,0,3,0.84,0.8,0,0,0,0,1,0,0
0,2.0,0,12,12,12,0,0,0,0,1,0,0,0.79,0.78,0,1,0,1,1,0,1
219,8.0,0,0,0,0,0,0,0,0,0,0,0,0.83,0.91,0,0,0,0,1,0,0
10,9.0,0,0,10,15,1,8,16,23,2,0,0,0.99,0.98,0,0,0,0,1,0,0
1,9.0,0,16,31,49,5,9,13,16,0,0,0,0.68,0.66,0,0,0,0,1,0,1
0,2.0,0,7,7,7,0,0,0,0,0,0,0,0.0,0.0,0,1,0,0,1,0,0
5,8.0,0,0,0,0,0,0,0,0,0,0,0,0.8,0.83,0,0,0,0,1,0,0
1,8.0,0,1,2,3,3,5,5,6,1,0,0,0.96,0.94,0,0,0,0,1,0,1
10,4.0,0,0,8,12,0,3,6,8,0,0,0,0.73,0.78,0,0,0,0,1,0,0
625,2.0,0,0,0,0,0,12,14,14,0,0,0,0.66,0.6,0,0,0,0,1,0,0
2,12.0,0,21,21,27,4,12,33,47,1,0,6,0.44,0.38,0,0,0,0,1,0,1
19,8.0,0,0,0,0,0,3,8,8,0,0,0,0.22,0.1,0,1,0,0,1,0,0
11,9.0,0,0,0,0,0,0,0,0,1,0,0,0.68,0.66,0,0,0,0,1,0,0
33,8.0,24,37,51,86,18,40,94,132,27,0,0,0.79,0.66,0,0,0,0,1,0,1
0,8.0,0,23,23,23,3,11,14,18,0,0,0,0.97,0.96,0,0,0,0,1,0,1
0,0.0,0,14,14,14,0,1,5,7,1,0,0,0.0,0.0,0,0,0,1,0,0,1
51,2.0,78,669,1425,2316,236,595,1075,1385,9,0,0,0.97,0.97,0,0,0,1,1,0,1
6,2.0,0,8,9,9,1,6,6,6,0,0,0,0.38,0.41,0,1,0,0,1,0,0
112,8.0,0,0,0,0,6,345,361,383,25,0,0,0.39,0.73,1,1,0,0,0,0,1
3,2.0,0,0,0,0,0,1,1,1,1,0,0,1.0,0.99,0,1,0,0,0,0,1
1,8.0,0,20,46,70,8,20,34,43,1,0,0,0.84,0.77,0,0,0,1,1,0,1
494,8.0,200,800,1800,2600,294,905,2294,3840,284,0,0,0.23,0.63,0,0,0,0,1,0,0
0,8.0,0,3,5,6,8,9,11,11,2,0,0,0.88,0.9,0,0,0,1,1,0,1
4,2.0,0,1,2,2,7,11,16,16,0,0,0,0.64,0.64,0,1,0,0,1,0,1
7,3.0,0,0,0,0,0,0,0,3,0,0,0,0.98,0.98,0,0,0,0,1,0,0
27,8.0,0,8,42,79,12,33,87,117,8,0,0,0.99,0.99,0,0,0,0,1,0,0
6,8.0,0,69,109,159,33,116,219,394,10,0,0,0.98,0.94,0,0,0,0,1,0,0
1695,12.0,0,0,0,0,0,0,0,0,3,0,0,0.77,0.73,0,0,0,0,1,0,0
22,8.0,0,0,0,0,0,4,5,7,0,0,0,0.9,0.9,0,0,0,0,1,0,0
0,8.0,2,8,8,8,3,3,7,13,0,0,0,0.85,0.89,0,0,0,0,1,0,1
0,2.0,0,4,7,8,0,0,0,0,0,0,0,0.98,0.95,0,1,0,0,1,0,1
64,8.0,0,0,0,0,0,0,0,0,0,0,0,-99.0,-99.0,0,0,0,0,1,0,0
17,2.0,0,0,0,0,0,0,0,1,0,0,0,0.99,0.99,0,0,0,1,1,0,0
8,2.0,0,0,7,14,2,11,19,30,1,0,0,0.99,0.97,0,0,0,0,1,0,1
69,2.0,0,360,576,720,97,276,495,723,124,0,72,0.53,0.54,0,0,0,1,1,0,1
0,12.0,0,18,18,18,1,3,9,16,0,0,0,0.78,0.78,0,0,0,0,1,0,1
1,2.0,0,11,12,12,7,7,7,7,1,0,0,0.62,0.58,0,1,0,1,1,0,1
2185,2.0,167,4308,9106,13648,1032,4033,8329,13209,1264,0,34,0.99,0.99,0,0,0,0,1,0,1
-69,12.0,50,725,1025,1325,250,588,1015,1554,131,0,0,0.82,0.79,72,0,0,0,1,0,1
26,2.0,0,0,0,0,0,0,1,1,0,0,0,0.98,0.98,0,0,0,0,1,0,0
0,8.0,0,8,8,8,0,0,0,0,4,0,0,0.79,0.71,0,1,0,1,1,0,1
8,2.0,0,0,0,2,0,6,14,18,2,0,0,0.75,0.89,0,0,0,0,1,0,1
-3,8.0,0,12,14,20,0,8,17,20,1,0,0,0.86,0.88,3,0,0,0,1,0,1
3,2.0,0,1,3,5,0,0,4,4,2,0,0,0.98,0.96,0,0,0,0,1,0,1
0,8.0,0,3,4,5,1,3,4,6,0,0,0,0.79,0.67,0,0,0,0,1,0,1
0,2.0,0,6,9,11,0,0,0,0,0,0,0,0.78,0.78,0,1,0,0,1,0,1
142,2.0,2,0,55,110,18,67,109,240,22,0,0,0.93,0.87,0,0,0,0,1,0,0
500,2.0,0,0,0,0,0,0,0,0,0,0,0,0.64,0.8,0,0,0,0,1,0,0
3,8.0,0,2,4,6,1,2,5,6,0,0,0,0.78,0.82,0,0,0,0,1,0,1
8,8.0,0,7,14,21,8,13,23,32,7,0,0,0.92,0.96,0,0,0,0,1,0,1
-8,8.0,8,684,1072,1392,165,506,982,1459,247,1,0,0.84,0.9,19,0,0,1,1,0,1
15,8.0,0,0,0,0,1,6,6,7,2,0,0,0.35,0.54,0,0,0,1,1,0,1
5520,4.0,30,4800,12000,16800,1262,5376,14116,18171,777,0,0,0.98,0.96,0,0,0,0,1,0,0
0,2.0,2,0,0,0,0,0,0,0,0,0,0,1.0,0.91,0,1,0,0,1,0,0
4,2.0,0,4,10,14,0,5,10,12,0,0,0,0.95,0.95,0,0,0,0,1,0,1
1,8.0,0,0,0,0,1,1,1,2,0,0,0,0.84,0.88,0,0,0,0,1,0,1
1,2.0,0,88,176,220,42,73,141,211,5,0,0,0.96,0.92,0,0,0,0,1,0,1
6,12.0,0,48,48,48,5,13,21,30,0,0,0,0.93,0.89,0,0,0,0,1,0,0
205,2.0,84,522,1073,1699,248,640,1241,1983,142,0,0,0.92,0.94,0,0,0,0,1,0,0
2,3.0,0,7,12,18,1,6,15,19,0,0,0,0.99,0.98,0,0,0,1,1,0,1
3,8.0,0,0,0,0,0,0,0,0,1,0,0,0.99,0.99,0,1,0,0,1,0,0
5,2.0,0,0,0,0,0,0,0,0,1,0,0,0.84,0.66,0,1,0,1,1,0,0
-2,8.0,0,18,30,44,7,17,26,32,0,0,0,0.79,0.66,2,0,0,0,1,0,1
8,2.0,0,2,6,8,1,5,6,12,3,0,0,0.99,0.91,0,0,0,0,1,0,1
15,8.0,0,12,30,49,4,18,37,54,0,0,0,0.71,0.75,0,0,0,0,1,0,0
0,12.0,0,8,12,16,1,6,9,11,0,0,0,0.78,0.78,0,0,0,0,1,0,1
29,8.0,0,0,0,0,2,5,16,30,1,0,0,0.95,0.95,0,0,0,0,1,0,0
0,2.0,0,56,104,104,0,0,0,0,5,0,0,0.92,0.79,0,1,0,1,1,0,0
219,9.0,0,0,100,200,16,71,149,261,45,0,0,0.49,0.72,0,0,0,0,1,0,0
195,2.0,52,332,808,1284,64,95,114,114,134,0,0,0.49,0.45,0,0,0,1,1,0,0
2,8.0,0,0,0,1,0,0,1,2,0,0,0,0.99,0.98,0,0,0,0,1,0,0
1253,12.0,0,0,0,0,33,41,64,66,27,0,0,0.92,0.75,0,0,0,0,1,0,0
1,2.0,0,156,228,282,7,40,84,140,0,0,0,0.0,0.0,0,0,0,0,1,0,1
5,8.0,0,10,20,25,5,16,30,51,0,0,0,0.8,0.82,0,0,0,0,1,0,1
11,2.0,0,0,0,0,0,0,0,0,0,0,0,0.99,0.98,0,0,0,0,1,0,0
1,2.0,0,10,10,10,0,0,0,0,0,0,0,0.38,0.4,0,1,0,0,1,0,1
4,8.0,0,168,240,264,37,68,107,284,16,0,0,0.92,0.84,0,0,0,1,1,0,1
0,2.0,2,8,12,18,3,9,13,17,0,0,0,0.99,0.97,0,0,0,0,1,0,1
6,2.0,0,0,5,5,2,5,6,9,0,0,0,0.31,0.34,0,0,0,0,1,0,1
0,4.0,0,0,0,0,0,0,0,0,0,0,0,0.73,0.78,0,0,0,0,1,0,1
10,8.0,0,0,0,0,0,0,0,0,1,0,0,0.99,0.98,0,0,0,0,1,0,0
0,8.0,0,30,30,30,2,10,12,20,0,0,0,0.99,0.99,0,0,0,0,1,0,1
0,2.0,0,5,8,9,0,2,2,2,0,0,0,0.94,0.79,0,0,0,0,1,0,1
30,4.0,0,0,0,0,0,0,0,0,1,0,0,0.58,0.7,0,1,0,0,1,0,0
4,12.0,0,18,36,36,23,32,44,63,3,0,0,0.73,0.68,0,0,0,0,1,0,1
8,8.0,0,15,30,45,2,8,15,22,1,0,0,1.0,0.99,0,0,0,0,1,0,0
0,2.0,0,2,2,2,0,0,0,0,0,0,0,0.37,0.36,0,1,0,1,1,0,0
2,8.0,0,0,0,0,0,0,0,0,1,0,0,0.95,0.97,0,1,0,0,1,0,0
0,8.0,0,3,4,5,0,1,3,4,0,0,0,0.17,0.33,0,0,0,0,1,0,1
98,2.0,8,288,540,756,100,101,101,101,99,0,0,0.96,0.96,10,0,0,0,1,0,1
0,2.0,0,8,12,16,5,6,6,9,0,0,0,0.53,0.43,0,1,0,0,1,0,1
7,2.0,0,10,20,30,7,16,28,32,0,0,0,1.0,0.95,0,0,0,0,1,0,1
85,8.0,24,96,210,324,44,140,297,425,56,0,0,0.63,0.7,0,0,0,1,1,0,0
2,4.0,0,12,15,21,3,8,14,21,2,0,0,0.86,0.91,0,0,0,0,1,0,1
5,8.0,40,109,179,273,21,97,188,264,22,0,6,0.5,0.46,9,0,0,0,1,0,0
13,2.0,0,0,0,0,1,1,4,6,0,0,0,0.0,0.26,0,0,0,0,1,0,0
2,8.0,0,7,7,7,1,4,6,8,0,0,0,0.42,0.36,0,0,0,0,1,0,0
65,8.0,0,0,0,0,3,12,16,29,2,0,0,0.83,0.91,0,0,0,0,1,0,0
60,16.0,0,0,500,500,7,25,48,75,6,0,0,0.54,0.22,0,0,0,0,1,0,0
0,8.0,0,7,7,14,0,1,8,8,0,0,0,0.99,0.99,0,0,0,0,1,0,1
0,2.0,0,51,95,143,0,0,0,0,11,0,0,0.89,0.78,0,0,0,0,1,0,1
76,8.0,1,120,200,280,27,68,148,243,30,0,0,0.97,0.98,0,0,0,0,1,0,0
2,8.0,0,52,73,94,7,20,47,79,22,0,0,0.83,0.86,0,0,0,0,1,0,1
-5,8.0,0,397,649,883,92,284,613,900,73,0,35,0.8,0.79,13,0,0,0,1,0,1
-1,8.0,0,24,32,48,2,14,24,32,0,0,0,0.51,0.53,1,0,0,0,1,0,1
1,8.0,0,1,2,2,1,1,4,4,0,0,0,0.85,0.56,0,0,0,0,1,0,1
920,8.0,0,4000,6000,7000,540,1671,3085,5429,867,0,0,0.0,0.0,0,0,0,1,1,0,0
6,9.0,0,0,0,0,0,1,1,1,0,0,0,0.91,0.74,0,1,0,0,1,0,0
56,2.0,0,0,0,0,3,5,13,25,1,0,0,0.97,0.93,0,0,0,0,1,0,0
0,2.0,0,4,4,4,0,0,0,0,0,0,0,0.54,0.56,0,1,0,0,1,0,1
260,52.0,0,0,0,0,6,18,34,51,2,0,0,0.93,0.96,0,1,0,0,1,0,0
6,8.0,0,4,7,10,5,12,25,45,2,0,0,0.98,0.96,0,0,0,0,1,0,1
2,8.0,0,0,0,0,0,0,0,0,1,0,0,0.99,0.98,0,0,0,0,1,0,0
1,8.0,0,4,8,8,1,4,5,5,0,0,0,0.77,0.78,0,0,0,0,1,0,1
265,8.0,0,0,0,0,0,4,4,7,0,0,0,0.99,0.96,0,1,0,1,1,0,0
11,2.0,0,0,0,0,0,0,0,0,0,0,0,0.65,0.37,0,1,0,0,1,0,1
3,8.0,0,0,0,0,0,0,0,0,0,0,0,0.74,0.74,0,0,0,0,1,0,0
0,2.0,0,15,15,15,0,0,2,2,1,0,0,0.72,0.59,0,1,0,0,1,0,1
15029,8.0,6431,21059,50292,79079,6442,24689,49777,76020,6547,0,0,0.69,0.68,0,0,0,0,1,0,0
347,8.0,98,432,876,1308,176,540,1166,1791,168,0,0,0.78,0.83,0,0,0,0,1,0,0
1,8.0,0,0,0,0,0,0,0,0,0,0,0,0.42,0.36,0,0,0,0,1,0,0
4,2.0,0,2,6,10,2,13,20,23,1,0,0,0.88,0.81,0,0,0,0,1,0,1
20,12.0,0,0,0,0,0,0,0,0,1,0,0,0.48,0.48,0,1,0,0,1,0,0
203,8.0,24,0,108,252,27,119,335,440,52,0,0,0.98,0.98,0,0,0,0,1,0,0
3,8.0,0,0,0,0,0,0,0,1,0,0,0,0.42,0.36,0,0,0,0,1,0,0
0,2.0,0,4,4,4,0,0,0,0,0,0,0,0.0,0.0,0,1,0,1,1,0,0
15,52.0,0,0,0,0,0,0,0,1,0,0,0,1.0,0.98,0,1,0,0,0,0,0
27,2.0,0,168,168,336,25,52,108,135,0,0,0,0.02,0.1,0,0,0,0,1,0,1
6,8.0,0,127,203,269,27,100,160,236,53,0,0,0.81,0.87,2,0,0,0,1,0,1
43,9.0,0,0,0,0,6,15,29,34,0,0,0,0.94,0.79,0,1,0,0,1,0,0
13,8.0,0,22,33,44,2,9,21,36,21,0,0,0.63,0.49,0,0,0,0,1,0,0
0,2.0,0,164,279,435,0,0,0,0,18,0,0,0.5,0.39,0,0,0,1,1,0,1
0,2.0,0,10,30,40,8,20,31,44,0,0,0,0.98,0.98,0,0,0,0,1,0,1
29,8.0,0,0,0,0,0,1,1,3,0,0,0,0.73,0.88,0,0,0,1,1,0,0
390,12.0,0,0,0,0,4,32,61,83,0,0,0,0.47,0.39,0,0,0,1,1,0,0
0,8.0,0,48,72,72,7,18,26,47,2,0,0,0.97,0.94,0,0,0,0,1,0,1
0,2.0,0,6,7,8,0,0,0,0,0,0,6,0.01,0.05,0,1,0,0,1,0,0
-19,6.0,22,66,132,176,24,76,145,216,22,0,0,0.78,0.78,19,0,0,0,1,0,1
61,8.0,0,0,0,0,0,0,0,0,1,0,0,0.37,0.36,0,0,0,0,1,0,0
4,8.0,0,0,0,0,0,0,0,0,0,0,0,0.42,0.36,0,1,0,0,1,0,0
7,2.0,0,0,0,0,0,0,0,0,1,0,0,0.02,0.1,0,1,0,1,1,0,0
1,6.0,0,4,6,8,2,4,8,10,0,0,0,0.78,0.78,0,0,0,0,1,0,1
2,12.0,0,0,0,0,0,0,0,0,0,0,0,0.63,0.72,0,0,0,0,1,0,0
4,2.0,0,3,12,24,0,7,12,15,0,0,0,0.99,0.99,0,0,0,0,1,0,1
21,4.0,0,0,0,0,1,4,5,8,0,0,0,0.77,0.8,0,0,0,0,1,0,0
3,3.0,0,0,16,16,1,1,6,7,0,0,0,0.98,0.99,0,0,0,0,1,0,1
1,12.0,0,0,0,0,0,0,0,0,0,0,0,0.73,0.76,0,1,0,0,1,0,0
3,3.0,4,25,60,105,3,14,22,28,0,0,0,0.98,0.98,0,0,0,0,1,0,0
3,8.0,0,28,42,56,8,21,35,58,15,0,0,1.0,0.9,0,0,0,0,1,0,1
2,12.0,0,0,0,0,0,0,0,0,0,0,0,0.62,0.73,0,0,0,0,1,0,0
3,12.0,23,50,100,150,29,52,69,89,0,0,0,0.82,0.79,0,0,0,0,1,0,1
187,8.0,13,560,920,1280,148,440,872,1324,142,0,40,0.82,0.82,8,0,0,0,1,0,1
21,12.0,0,0,0,0,0,0,0,0,1,0,0,0.78,0.78,0,1,0,1,1,0,0
12,12.0,0,0,0,24,2,7,11,24,0,0,0,0.99,0.99,0,0,0,0,1,0,0
366,8.0,0,0,0,0,0,0,4,8,1,0,0,0.88,0.91,0,0,0,0,1,0,0
1,2.0,0,20,20,20,1,3,3,3,0,0,0,0.98,0.97,0,0,0,0,1,0,1
2,12.0,0,0,0,0,0,0,0,0,0,0,0,0.63,0.72,0,0,0,0,1,0,0
1,8.0,0,18,26,34,6,12,22,35,0,0,0,0.85,0.87,0,0,0,0,1,0,1
243,8.0,1,8,131,336,15,69,107,144,99,0,0,0.15,0.15,0,0,0,0,1,0,0
32,2.0,0,0,0,0,8,20,59,74,0,0,0,0.99,0.91,0,0,0,1,1,0,0
0,2.0,0,11,11,11,0,0,0,0,0,0,0,0.17,0.17,0,1,0,0,0,0,1
0,8.0,0,2,2,2,0,0,1,2,1,0,0,0.71,0.75,0,0,0,0,1,0,1
82,8.0,18,432,774,1044,106,402,658,887,122,0,18,0.41,0.46,0,0,0,1,1,0,1
845,5.0,20,1142,1142,1142,72,247,575,952,75,0,0,0.32,0.66,0,1,0,0,0,0,0
0,2.0,0,83,107,107,0,0,0,0,5,0,0,0.47,0.55,0,1,0,0,1,0,1
3,8.0,0,0,0,0,0,0,1,1,0,0,0,0.81,0.85,0,0,0,0,1,0,0
80,8.0,1,10,65,185,11,39,102,156,31,0,0,0.96,0.92,0,0,0,0,1,0,0
0,12.0,0,62,62,62,0,0,0,0,1,0,0,0.68,0.57,0,0,0,0,1,0,1
1,8.0,0,45,77,109,2,31,50,70,6,0,0,0.17,0.33,0,0,0,0,1,0,1
1,9.0,0,4,7,10,0,10,11,12,0,0,0,0.7,0.66,0,0,0,1,1,0,1
-1,12.0,4,48,80,104,19,45,86,135,15,0,0,0.89,0.78,1,0,0,0,1,0,1
1,8.0,0,0,0,0,0,0,0,0,1,0,0,0.42,0.36,0,0,0,1,1,0,0
1,8.0,0,1,2,3,0,2,2,3,0,0,0,0.98,0.96,0,0,0,0,1,0,0
43,2.0,0,0,0,0,1,2,4,6,1,0,0,0.99,0.91,0,0,0,0,1,0,0
54,2.0,60,40,120,160,6,39,112,203,0,0,0,1.0,0.85,0,0,0,0,1,0,1
15,12.0,0,0,0,0,0,0,0,0,0,0,0,0.74,0.74,0,0,0,0,1,0,1
0,2.0,0,53,53,53,4,4,4,4,0,0,0,0.0,0.33,0,1,0,0,1,0,1
27,12.0,1,10,13,28,2,16,28,39,7,0,0,0.59,0.63,0,0,0,0,1,0,0
-144,8.0,37,340,442,544,145,549,554,554,0,0,0,0.99,0.98,144,0,0,0,1,0,1
2,8.0,0,31,51,61,5,18,31,45,8,0,0,0.25,0.29,0,0,0,0,1,0,1
34,8.0,0,0,20,40,10,21,36,59,2,0,0,0.98,0.78,0,0,0,0,1,0,1
0,9.0,0,8,8,8,0,1,5,5,0,0,0,0.99,0.98,0,0,0,0,1,0,1
5,9.0,0,16,26,46,5,10,22,35,0,0,0,0.68,0.66,0,0,0,0,1,0,1
6,2.0,0,0,0,0,0,0,0,0,1,0,0,0.97,0.93,0,0,0,0,1,0,0
14,15.0,0,0,0,0,0,1,2,9,1,0,0,0.06,0.09,0,0,0,0,1,0,0
11,2.0,0,0,0,0,0,0,0,0,0,0,0,0.0,0.4,0,1,0,0,1,0,1
27,2.0,0,0,0,0,0,0,0,3,1,0,0,0.86,0.9,0,1,0,0,1,0,0
1,8.0,0,4,8,12,0,2,6,8,0,0,0,0.99,0.94,0,1,0,0,0,0,0
2,8.0,0,15,23,31,0,6,13,18,0,0,7,0.17,0.33,0,0,0,0,1,0,1
12,8.0,0,68,86,135,0,0,0,0,0,0,0,0.82,0.78,0,0,0,0,1,0,0
1735,2.0,0,0,0,300,5,50,60,12083,69,0,0,0.38,0.64,0,0,0,1,1,0,1
156,2.0,9,100,200,300,31,85,172,257,30,0,0,0.98,0.97,0,0,0,0,1,0,0
2,8.0,0,17,26,35,6,10,15,28,2,0,0,1.0,0.99,0,0,0,0,1,0,1
0,2.0,0,2,2,2,2,3,5,5,0,0,0,0.98,0.97,0,0,0,0,1,0,1
3,8.0,0,0,1,2,0,0,2,2,0,0,0,0.66,0.78,0,0,0,0,1,0,0
4,17.0,0,19,31,31,2,4,10,21,1,0,2,0.05,0.41,0,0,0,0,1,0,1
2,8.0,0,0,0,1,0,0,2,3,1,0,0,0.96,0.97,0,0,0,0,1,0,0
0,8.0,0,9,15,20,2,23,23,33,1,0,0,0.95,0.94,0,0,0,0,1,0,1
0,2.0,0,16,22,22,2,8,17,23,0,0,0,0.22,0.38,0,1,0,0,0,0,1
100,4.0,0,0,0,0,0,0,0,0,2,0,0,0.73,0.78,0,0,0,0,1,0,0
0,2.0,0,11,20,24,0,0,0,0,0,0,0,0.64,0.67,0,1,0,1,1,0,1
22,8.0,0,0,0,0,0,0,1,2,2,0,0,-99.0,-99.0,0,0,0,0,1,0,0
7,8.0,0,240,240,240,4,26,64,95,6,0,0,0.5,0.33,0,0,0,0,1,0,1
0,2.0,0,0,21,21,0,0,0,0,1,0,0,0.89,0.87,0,1,0,1,1,0,1
14,8.0,0,0,0,0,0,0,0,1,2,0,0,0.99,0.98,0,0,0,0,1,0,0
3,6.0,1,0,2,4,0,4,7,7,2,0,0,0.78,0.78,0,0,0,1,1,0,0
65,12.0,55,384,624,864,130,316,544,778,69,0,0,0.98,0.96,1,0,0,0,1,0,1
15,8.0,0,110,180,250,22,47,100,146,9,0,0,0.94,0.95,0,0,0,0,1,0,1
11,9.0,0,0,0,0,0,0,0,0,0,0,0,0.91,0.77,0,1,0,0,1,0,0
58,8.0,0,0,24,24,6,17,33,61,9,0,0,0.98,0.98,0,0,0,0,1,0,0
2,8.0,0,0,2,3,0,1,2,2,0,0,0,0.8,0.82,0,0,0,0,1,0,0
14,8.0,11,4,24,48,3,16,41,55,0,0,0,0.48,0.53,0,0,0,0,1,0,0
2,12.0,0,21,21,27,3,11,31,46,1,0,0,0.46,0.38,0,0,0,0,1,0,1
0,8.0,0,6,6,6,3,3,3,3,1,0,0,0.37,0.36,3,0,0,0,1,0,1
9,8.0,0,0,0,0,1,2,3,4,2,0,0,0.85,0.78,0,0,0,0,1,0,0
46,8.0,0,49,86,104,7,28,62,111,17,0,0,0.66,0.69,0,0,0,0,1,0,0
3,8.0,0,26,43,65,0,17,26,41,1,0,0,0.79,0.9,0,0,0,0,1,0,1
6,9.0,0,0,0,0,0,0,0,0,0,0,0,0.85,0.82,0,0,0,0,1,0,0
0,12.0,0,7,10,13,0,3,6,6,0,0,0,0.77,0.78,0,1,0,0,0,0,1
6,9.0,0,0,0,0,0,0,0,1,0,0,0,0.69,0.68,0,0,0,0,1,0,0
0,4.0,0,7,11,17,0,0,0,0,0,0,0,0.43,0.45,0,0,0,1,1,0,0
0,8.0,0,21,33,48,4,14,18,22,1,0,0,0.95,0.96,0,0,0,1,1,0,1
-2,8.0,0,19,35,43,5,24,36,50,5,0,0,0.77,0.74,2,0,0,0,1,0,1
0,9.0,0,9711,17237,19958,0,0,0,0,675,0,0,0.49,0.72,0,1,0,1,1,0,1
17,2.0,0,0,0,0,0,0,2,2,0,0,0,0.94,0.95,0,1,0,0,1,0,0
33,2.0,0,0,0,0,0,2,4,6,1,0,0,1.0,1.0,0,0,0,0,1,0,0
18,8.0,0,0,0,0,0,0,0,1,1,0,0,1.0,1.0,0,0,0,0,1,0,0
153,12.0,0,316,316,316,1,1,1,1,115,0,0,0.96,0.91,0,1,0,0,1,0,0
4,2.0,0,2,2,2,3,7,7,7,0,0,0,-99.0,-99.0,0,1,0,0,1,0,1
22,2.0,0,0,0,0,0,1,3,3,0,0,0,0.69,0.71,0,0,0,0,1,0,0
15,4.0,0,0,0,0,0,0,5,6,0,0,0,0.93,0.95,0,1,0,0,1,0,0
1,12.0,0,11,18,25,4,11,16,21,0,0,0,0.78,0.78,0,0,0,1,1,0,1
7,12.0,0,0,0,0,0,0,0,0,0,0,0,0.74,0.74,0,0,0,0,1,0,0
-9,8.0,2,147,259,339,9,133,243,323,13,0,0,0.9,0.88,9,0,0,1,1,0,1
5,8.0,0,21,45,60,8,18,33,52,7,0,0,0.96,0.96,0,0,0,0,1,0,0
0,9.0,0,2,2,2,0,0,0,1,0,0,0,0.68,0.66,0,0,0,1,1,0,1
-1,2.0,0,28,42,42,13,16,24,35,10,0,0,0.99,0.9,1,0,0,0,1,0,1
0,8.0,0,0,0,0,0,0,0,0,0,0,0,-99.0,-99.0,0,0,0,0,1,0,0
3,8.0,0,0,0,0,1,1,1,1,0,0,0,0.15,0.1,0,0,0,0,1,0,0
2,2.0,0,1,2,3,1,1,3,3,0,0,0,0.37,0.4,0,1,0,0,1,0,1
72,12.0,0,68,297,394,0,0,0,0,0,0,0,0.93,0.88,0,0,0,0,1,0,1
83,2.0,1,18,66,114,13,37,81,115,13,0,0,0.66,0.6,0,0,0,0,1,0,0
11,8.0,0,0,16,16,1,5,11,13,5,0,0,0.95,0.87,0,0,0,0,1,0,1
0,8.0,0,5,8,10,3,9,17,27,1,0,0,0.95,0.97,0,0,0,0,1,0,1
272,8.0,0,0,0,0,4,16,43,75,0,0,0,0.9,0.93,0,0,0,0,1,0,0
178,2.0,0,0,5,5,0,7,13,19,17,0,0,0.78,0.88,0,1,0,0,1,0,0
95,10.0,1,0,0,0,5,20,40,67,18,0,0,0.84,0.86,0,0,0,0,1,0,0
5,8.0,0,11,11,11,0,0,0,0,0,0,0,0.8,0.92,0,0,0,0,1,0,0
95,8.0,0,0,0,0,0,0,0,0,0,0,0,1.0,0.87,0,0,0,1,1,0,0
1594,12.0,0,0,0,0,26,170,550,790,62,0,0,0.98,0.95,0,0,0,0,1,0,0
8,8.0,0,8,16,32,1,8,18,28,2,0,0,0.84,0.89,0,0,0,0,1,0,1
4,2.0,0,0,0,0,0,0,0,0,0,0,0,0.99,0.97,0,1,0,0,1,0,0
0,2.0,0,0,0,0,0,0,0,0,0,0,0,0.42,0.36,0,0,0,0,1,0,1
12,8.0,0,0,0,0,0,4,11,26,3,0,0,0.66,0.69,0,0,0,0,1,0,1
6,2.0,0,6,6,6,0,0,0,0,0,0,0,0.78,0.92,0,1,0,0,1,0,0
295,2.0,0,0,0,0,8,12,23,33,0,0,0,0.66,0.6,0,0,0,0,1,0,0
2,8.0,1,10,15,15,1,9,18,26,0,0,0,0.82,0.78,0,0,0,0,1,0,1
4,2.0,0,0,0,0,0,0,1,1,0,0,0,0.76,0.78,0,1,0,0,1,0,1
0,8.0,0,2,4,5,0,2,5,5,0,0,0,1.0,1.0,0,0,0,0,1,0,1
0,2.0,0,0,0,0,0,0,0,0,0,0,0,0.77,0.75,0,0,0,1,1,0,0
11,9.0,0,0,0,0,0,0,0,1,2,0,0,1.0,0.99,0,0,0,0,1,0,0
17,14.0,0,0,10,10,3,8,12,20,1,0,0,0.99,0.99,0,0,0,0,1,0,0
58,8.0,0,0,0,0,2,4,5,10,3,0,0,-99.0,1.0,0,0,0,0,1,0,0
14,8.0,0,36,60,105,8,45,75,97,14,0,0,0.92,0.93,0,0,0,0,1,0,1
1,8.0,5,1,5,9,1,2,9,11,0,0,0,0.57,0.44,0,0,0,0,1,0,1
0,2.0,0,4,6,6,0,0,0,0,1,0,0,0.42,0.36,0,1,0,0,1,0,0
6,8.0,0,0,0,0,0,0,0,0,0,0,0,0.99,0.97,0,0,0,0,1,0,0
0,2.0,0,5,8,9,0,0,0,0,0,0,0,0.42,0.36,0,1,0,1,1,0,1
107,2.0,0,0,0,0,0,0,2,2,2,0,0,0.67,0.68,0,1,0,0,1,0,0
194,8.0,0,0,0,0,1,3,5,8,3,0,0,0.99,0.88,0,0,0,0,1,0,0
13,52.0,0,0,0,0,1,2,2,3,0,0,0,0.0,0.0,0,1,0,1,1,0,0
114,2.0,0,0,0,0,15,37,335,520,0,0,0,0.48,0.56,0,0,0,1,1,0,1
15,12.0,0,0,0,0,0,0,0,0,1,0,0,0.48,0.48,0,1,0,0,1,0,0
32,2.0,0,60,120,180,16,46,77,93,0,0,0,0.24,0.31,0,1,0,0,1,0,1
0,2.0,0,10,10,10,0,0,0,0,0,0,0,0.51,0.47,0,0,0,0,1,0,0
0,15.0,0,0,0,0,0,0,0,0,0,0,0,0.78,0.74,0,0,0,1,1,0,0
3,4.0,0,0,0,0,0,0,0,0,0,0,0,0.73,0.78,0,0,0,0,1,0,0
1,8.0,0,8,12,16,1,4,7,11,0,0,0,0.78,0.78,0,0,0,0,1,0,1
124,8.0,40,200,300,350,32,93,196,363,56,0,0,0.92,0.93,0,0,0,0,1,0,0
-6,12.0,0,32,32,32,1,6,8,8,0,0,0,0.0,0.02,6,0,0,0,1,0,1
174,8.0,11,84,246,435,62,196,415,614,57,0,0,0.87,0.89,0,0,0,0,1,0,0
22,2.0,4,22,66,102,9,30,66,100,0,0,0,0.96,0.96,0,0,0,0,1,0,0
129,12.0,3,564,1060,1576,150,561,1080,1529,11,0,0,0.57,0.7,0,0,0,0,1,0,1
11,8.0,0,0,0,0,0,0,0,0,1,0,0,-99.0,1.0,0,0,0,1,1,0,0
502,8.0,0,500,500,500,0,0,0,0,0,0,0,0.97,0.94,0,0,0,0,1,0,0
1,12.0,0,0,0,0,0,0,0,0,0,0,0,0.78,0.78,0,0,0,0,1,0,0
61,8.0,1,30,90,120,10,28,77,110,22,0,0,0.76,0.88,0,0,0,0,1,0,0
21,0.0,0,0,0,0,0,0,1,1,0,0,0,0.0,0.0,0,0,0,0,0,0,0
0,2.0,0,4,4,4,0,0,0,0,0,0,0,0.84,0.66,0,1,0,0,1,0,1
1,8.0,0,0,1,1,0,0,1,1,1,0,0,0.79,0.78,0,0,0,0,1,0,1
14,2.0,0,20,30,60,3,21,51,69,0,0,0,1.0,0.99,0,0,0,0,1,0,0
-18,5.0,6,199,379,514,182,276,376,578,43,0,0,1.0,0.97,72,0,0,0,1,0,0
21,2.0,0,0,0,0,0,0,8,8,1,0,0,0.89,0.89,0,0,0,1,1,0,0
44,8.0,0,293,453,623,31,135,329,592,51,0,0,0.05,0.12,0,0,0,1,1,0,1
389,8.0,0,0,0,0,0,0,0,0,0,0,0,0.67,0.79,0,0,0,0,1,0,0
3,2.0,0,2,4,4,0,0,0,0,1,0,0,0.96,0.94,0,1,0,0,1,0,0
2,12.0,0,0,0,0,0,0,0,0,0,0,0,0.62,0.73,0,0,0,0,1,0,0
67,0.0,0,0,12,32,15,41,87,133,8,0,0,-99.0,0.0,2,0,0,0,0,0,1
3,2.0,0,10,16,26,5,8,21,33,1,0,0,0.99,0.99,0,0,0,0,1,0,1
86,8.0,0,0,0,0,2,3,10,17,1,0,0,0.96,0.96,0,0,0,0,1,0,0
0,8.0,0,26,39,65,1,13,22,34,0,0,0,0.99,0.99,0,0,0,0,1,0,1
120,2.0,0,0,72,144,6,10,16,17,17,0,0,0.33,0.37,0,0,0,0,1,0,0
-3,8.0,0,22,44,44,5,14,40,57,6,0,0,0.37,0.54,3,0,0,0,1,0,1
17,9.0,0,0,0,0,0,0,0,1,0,0,0,0.99,0.99,0,0,0,0,1,0,0
9,0.0,0,0,0,0,1,1,1,4,1,0,0,0.0,0.0,0,0,0,0,0,0,0
41,2.0,0,33,66,66,1,1,1,1,7,0,0,0.9,0.83,0,1,0,0,1,0,0
0,8.0,0,100,212,276,0,0,0,0,0,0,0,0.97,0.97,0,0,0,0,1,0,1
1,12.0,0,6,7,10,1,4,6,8,0,0,0,0.82,0.79,0,0,0,0,1,0,1
59,2.0,0,0,0,0,0,12,19,28,0,0,0,1.0,0.99,0,0,0,0,1,0,0
0,2.0,0,50,50,50,5,5,5,5,2,0,0,0.81,0.82,0,1,0,0,1,0,1
4,2.0,0,17,32,62,3,17,41,72,0,0,0,1.0,1.0,0,0,0,0,1,0,1
13,8.0,0,100,100,100,2,30,33,44,19,0,0,0.93,0.97,0,0,0,0,1,0,0
5,3.0,0,6,6,6,1,1,3,3,0,0,0,0.41,0.46,0,1,0,0,1,0,0
23,2.0,0,0,0,0,0,10,16,24,0,0,0,0.94,0.9,0,0,0,0,1,0,0
0,2.0,0,10,11,11,0,0,1,1,0,0,0,0.5,0.4,0,1,0,0,1,0,0
3,12.0,0,0,0,0,0,0,0,0,0,0,0,0.57,0.7,0,0,0,0,1,0,0
-6,10.0,19,792,984,1272,135,565,894,1199,196,0,0,0.77,0.85,15,0,0,0,1,0,1
10,4.0,0,4,4,8,4,6,9,10,3,0,0,0.96,0.86,0,0,0,0,1,0,1
0,8.0,0,4,6,7,0,6,6,6,1,0,0,0.37,0.38,0,0,0,0,1,0,1
41,10.0,0,100,100,100,5,38,68,96,1,0,0,0.77,0.8,0,0,0,0,1,0,0
14,2.0,0,240,360,480,50,347,553,692,58,0,0,0.35,0.27,4,0,0,1,1,0,1
10,12.0,0,0,0,0,0,0,0,0,1,0,0,0.63,0.63,0,1,0,0,1,0,0
93,9.0,87,70,146,222,18,78,176,247,18,0,0,0.86,0.84,0,0,0,0,1,0,0
0,8.0,0,6,8,11,0,0,0,0,0,0,0,0.96,0.96,0,0,0,0,1,0,1
4,8.0,0,0,0,0,0,0,0,0,0,0,0,0.93,0.96,0,0,0,0,1,0,0
0,16.0,0,6,6,6,0,0,1,3,1,0,0,0.31,0.42,0,1,0,1,1,0,1
17,8.0,8,11,18,32,4,18,37,58,0,0,4,0.86,0.88,0,0,0,0,1,0,0
0,16.0,0,6,6,6,0,0,1,3,1,0,0,0.38,0.44,0,1,0,1,1,0,1
9,4.0,0,0,0,0,0,3,11,16,0,0,0,0.73,0.78,0,0,0,0,1,0,0
2,8.0,0,20,40,60,2,17,34,52,0,0,0,1.0,0.94,0,0,0,0,1,0,1
4,2.0,0,5,5,5,0,0,0,0,0,0,0,0.82,0.81,0,0,0,0,1,0,0
5,8.0,0,1,4,5,0,1,3,7,4,0,0,0.0,0.2,0,0,0,0,1,0,0
3,8.0,0,17,25,33,3,8,19,30,0,0,0,0.96,0.94,0,0,0,0,1,0,1
4,8.0,0,0,0,0,0,0,0,0,1,0,0,0.97,0.94,0,1,0,0,1,0,0
0,2.0,0,40,60,60,0,0,0,0,0,0,0,0.24,0.28,0,0,0,0,1,0,1
2,8.0,0,0,0,0,0,0,0,1,0,0,0,0.82,0.83,0,0,0,0,1,0,0
0,12.0,0,12,12,12,0,0,0,0,0,0,0,0.82,0.79,0,1,0,0,1,0,0
2,16.0,0,0,0,0,0,0,0,0,1,0,0,0.38,0.44,0,0,0,0,1,0,0
4,8.0,0,0,0,0,0,0,1,5,2,0,0,0.84,0.77,0,0,0,0,1,0,1
0,8.0,0,22,22,22,7,15,23,43,0,0,0,0.15,0.34,0,0,0,0,1,0,1
174,2.0,0,0,0,0,0,96,96,96,0,0,0,0.99,0.97,0,1,0,0,1,0,0
6,2.0,0,0,0,0,0,0,0,0,0,0,0,0.65,0.37,0,1,0,0,1,0,1
20,2.0,0,0,60,60,2,8,24,35,0,0,0,0.97,0.97,0,0,0,1,1,0,1
13,8.0,0,112,112,212,42,65,96,135,18,0,0,0.0,0.0,0,0,0,0,1,0,1
0,52.0,0,25,25,25,0,0,0,0,0,0,25,0.79,0.87,0,1,0,1,0,0,1
0,8.0,0,0,0,0,0,0,0,0,1,0,0,0.99,0.98,0,0,0,1,1,0,0
168,8.0,7,200,200,200,21,71,171,276,31,0,0,0.97,0.95,0,0,0,0,1,0,0
2,9.0,0,0,0,0,0,0,0,0,0,0,0,0.7,0.66,0,0,0,0,1,0,0
0,2.0,0,12,20,22,0,1,1,1,0,0,0,0.52,0.41,0,1,0,1,1,0,1
0,8.0,0,22,44,44,5,18,29,38,3,0,0,1.0,1.0,0,0,0,0,1,0,1
0,8.0,0,6,9,12,0,3,4,7,0,0,0,0.92,0.75,0,0,0,0,1,0,1
3,8.0,0,16,25,34,3,9,19,27,0,0,2,0.78,0.74,0,0,0,0,1,0,1
0,2.0,0,1,1,1,0,0,0,0,1,0,0,0.92,0.93,0,1,0,0,1,0,1
129,4.0,8,0,0,0,9,27,68,106,19,0,0,0.73,0.78,0,0,0,0,1,0,0
3,8.0,0,0,0,0,0,0,0,0,0,0,0,0.82,0.75,0,0,0,0,1,0,0
5,2.0,0,50,50,50,8,19,38,49,1,0,0,0.99,0.99,0,0,0,0,1,0,1
4,2.0,0,12,12,20,3,10,17,31,0,0,12,0.82,0.81,0,0,0,0,1,0,1
1,8.0,0,1,1,1,0,0,1,2,0,0,0,0.79,0.66,0,0,0,0,1,0,1
117,2.0,44,228,348,498,138,265,428,790,41,0,0,0.78,0.83,24,0,0,0,1,0,0
104,8.0,9,60,165,270,31,113,234,332,69,0,0,0.98,0.99,0,0,0,0,1,0,0
12,8.0,0,0,0,0,0,0,0,0,1,0,0,0.79,0.91,0,1,0,0,1,0,0
0,8.0,0,3,4,6,1,2,3,3,0,0,0,0.8,0.83,0,0,0,0,1,0,1
18,12.0,0,30,63,96,12,32,60,82,0,0,0,0.99,0.99,0,0,0,0,1,0,0
3,2.0,0,0,0,0,1,2,6,6,0,0,0,0.38,0.4,0,0,0,0,1,0,1
10,2.0,0,0,0,0,0,0,0,0,0,0,0,0.98,0.99,0,1,0,0,1,0,0
3,8.0,0,0,0,0,0,1,3,4,1,0,0,0.98,0.98,0,0,0,0,1,0,1
2,2.0,0,3,6,7,0,0,0,0,0,0,0,0.78,0.78,0,1,0,0,1,0,0
50,8.0,0,0,0,0,0,0,1,3,0,0,0,1.0,0.99,0,0,0,1,1,0,0
113,8.0,227,457,795,1187,0,0,0,0,0,0,0,0.96,0.96,0,0,0,0,1,0,0
30,2.0,43,540,920,1260,185,395,405,405,136,0,40,0.6,0.66,2,0,0,0,1,0,1
54,0.0,0,841,1347,1836,228,619,1186,1763,207,0,0,0.0,0.0,4,0,0,0,0,0,1
4,8.0,0,19,19,22,1,2,4,4,0,0,0,0.88,0.88,0,0,0,0,1,0,1
1,8.0,0,0,24,24,2,2,2,4,1,0,0,1.0,0.99,0,0,0,0,1,0,1
10,8.0,0,0,0,0,0,0,0,0,1,0,0,0.0,0.16,0,1,0,0,1,0,0
6,2.0,0,0,0,0,4,17,23,23,2,0,0,0.99,0.9,0,1,0,0,1,0,1
8,9.0,0,8,21,32,7,27,42,53,2,0,1,0.68,0.66,0,0,0,0,1,0,1
117,8.0,0,0,200,200,14,42,90,158,8,0,0,0.83,0.83,0,0,0,0,1,0,0
17,8.0,10,0,10,20,1,5,17,23,1,0,0,1.0,1.0,0,0,0,0,1,0,0
1,2.0,0,1,1,2,1,1,2,4,1,0,0,0.88,0.94,0,0,0,0,1,0,0
2,8.0,0,6,6,6,1,2,6,9,0,0,0,0.8,0.82,0,0,0,0,1,0,1
5,0.0,0,0,0,0,1,2,3,3,1,0,0,0.0,0.0,0,0,0,0,0,0,1
157,8.0,0,0,0,0,3,10,19,32,4,0,0,1.0,0.99,0,0,0,0,1,0,0
4,0.0,0,4,11,19,3,8,13,14,1,0,0,0.0,0.0,0,0,0,1,0,0,1
19,9.0,0,0,0,0,2,2,5,13,2,0,0,0.86,0.84,0,0,0,0,1,0,0
7,8.0,0,7,14,21,2,7,17,23,0,0,0,0.99,0.99,0,0,0,1,1,0,0
49,8.0,215,1000,1800,2400,481,884,1358,2116,269,0,200,0.0,0.0,6,0,0,1,1,0,1
1,8.0,0,8,8,12,5,8,12,18,0,0,0,0.97,0.94,0,0,0,0,1,0,0
3,8.0,0,1,4,6,0,4,4,5,0,0,0,0.98,0.97,0,0,0,1,1,0,0
2,12.0,0,0,0,0,0,0,1,1,1,0,0,0.78,0.78,0,0,0,1,1,0,0
1,8.0,0,2,4,6,2,3,4,8,1,0,0,0.68,0.49,0,0,0,0,1,0,1
12,2.0,0,0,0,0,0,0,3,3,0,0,0,0.51,0.53,0,1,0,0,1,0,0
66,8.0,0,0,0,0,0,0,1,3,0,0,0,0.99,0.99,0,0,0,0,1,0,0
0,9.0,0,24,30,42,10,20,26,42,0,0,0,0.99,0.98,0,0,0,0,1,0,1
519,8.0,0,0,0,0,5,18,29,40,1,0,0,0.95,0.96,0,0,0,0,1,0,0
2084,8.0,29,0,256,512,1016,1250,1745,2149,101,0,0,0.93,0.95,0,0,0,0,1,0,0
107,9.0,0,0,0,0,0,0,1,1,0,0,0,0.85,0.83,0,0,0,1,1,0,0
10,4.0,0,38,57,76,5,21,38,56,14,0,0,0.73,0.78,0,0,0,0,1,0,1
1,2.0,0,0,0,0,2,4,7,9,0,0,0,0.66,0.6,0,0,0,0,1,0,0
0,8.0,0,12,36,48,8,17,33,53,7,0,0,0.99,0.98,0,0,0,0,1,0,1
0,2.0,0,233,313,393,0,0,0,0,25,0,0,0.41,0.58,0,0,0,0,1,0,1
1,9.0,0,8,13,18,3,7,10,14,0,0,0,0.99,0.98,0,0,0,1,1,0,1
0,8.0,0,1008,1008,1008,0,0,0,0,0,0,0,0.0,0.0,20,0,0,0,1,0,1
796,8.0,606,3180,5855,9482,1047,3617,6576,8477,727,0,0,0.97,0.94,0,0,0,0,1,0,0
1,8.0,0,9,13,17,1,5,8,10,0,0,0,0.79,0.67,0,0,0,0,1,0,1
-15,3.0,0,32,32,32,1,15,27,29,0,0,4,0.89,0.9,15,0,0,0,1,0,1
-1,2.0,120,72,96,157,58,146,207,259,86,0,0,0.87,0.81,1,0,0,0,1,0,1
11,4.0,0,0,0,0,0,0,0,0,0,0,0,0.73,0.78,0,0,0,0,1,0,0
3,2.0,0,12,12,12,5,11,19,30,1,0,0,0.85,0.84,0,0,0,1,1,0,1
18,2.0,0,0,12,36,4,17,46,71,0,0,0,1.0,1.0,0,0,0,0,1,0,0
1,8.0,0,9,14,19,2,8,14,17,1,0,0,0.83,0.85,0,0,0,0,1,0,1
7,2.0,0,1,1,1,0,2,7,7,2,0,0,0.98,0.98,0,1,0,0,1,0,0
12,8.0,0,0,0,0,0,0,1,1,0,0,0,1.0,0.92,0,0,0,0,1,0,1
4,2.0,0,100,100,100,6,13,21,27,4,0,0,0.89,0.89,0,0,0,0,1,0,0
2,8.0,0,20,20,20,2,4,7,11,0,0,0,0.6,0.47,0,0,0,1,1,0,1
0,2.0,0,10,14,18,1,1,1,1,0,0,0,0.31,0.34,0,1,0,0,1,0,1
16,8.0,0,0,0,0,0,0,0,0,0,0,0,0.84,0.9,0,0,0,0,1,0,0
1,3.0,0,9,11,11,5,8,8,8,0,0,0,0.52,0.41,0,1,0,1,1,0,1
4,8.0,0,4,12,16,6,12,15,15,0,0,0,0.61,0.62,0,0,0,1,1,0,1
37,8.0,0,0,0,0,0,0,0,0,0,0,0,0.97,0.94,0,1,0,0,1,0,0
0,2.0,0,11,11,11,0,0,0,0,1,0,0,0.98,0.99,0,1,0,0,1,0,1
3,8.0,0,0,0,0,0,0,0,0,1,0,0,0.1,0.12,0,0,0,0,1,0,0
2,4.0,0,0,0,0,0,0,0,0,0,0,0,0.77,0.8,0,0,0,0,1,0,0
0,12.0,0,8,11,14,1,2,7,10,0,0,0,0.82,0.79,0,0,0,0,1,0,1
1,6.0,0,5,8,13,2,9,13,18,1,0,5,0.73,0.76,0,0,0,0,1,0,0
2,2.0,0,6,12,18,3,7,12,19,1,0,0,0.91,0.93,0,0,0,0,1,0,1
-1,8.0,0,5,9,11,2,5,8,15,1,0,0,0.95,0.95,1,0,0,0,1,0,1
67,8.0,7,36,60,84,10,39,72,120,21,0,0,0.97,0.97,0,0,0,0,1,0,0
1,8.0,0,0,1,2,0,1,1,1,1,0,0,0.14,0.32,0,0,0,0,1,0,0
3,2.0,0,5,10,20,0,5,8,14,0,0,0,0.98,0.99,0,0,0,0,1,0,1
0,14.0,0,80,100,120,11,39,78,114,16,0,0,0.46,0.38,0,0,0,0,1,0,1
9,12.0,0,65,65,65,0,0,0,0,1,0,0,0.23,0.26,0,1,0,0,1,0,0
2,8.0,3,0,2,5,3,5,9,15,0,0,0,0.9,0.93,0,0,0,0,1,0,0
160,0.0,0,0,0,0,0,0,0,0,0,0,0,0.0,0.0,0,0,0,1,1,0,0
49,8.0,0,0,252,252,0,0,0,0,0,0,0,0.62,0.62,0,0,0,1,1,0,0
0,2.0,0,5,5,5,0,0,0,0,0,0,0,0.0,0.0,0,1,0,1,1,0,1
3,9.0,0,0,0,0,0,0,1,1,1,0,0,0.68,0.66,0,0,0,0,1,0,0
1291,2.0,4,830,2230,3780,211,1584,3625,4092,391,0,0,0.95,0.87,0,0,0,0,1,0,0
6,8.0,0,0,0,0,1,2,2,4,1,0,0,1.0,0.94,0,0,0,0,1,0,0
5,9.0,0,0,0,0,1,2,2,2,1,0,0,0.94,0.79,0,0,0,0,1,0,0
4,2.0,0,5,10,15,3,6,12,12,0,0,0,1.0,0.99,0,1,0,0,1,0,0
429,4.0,103,140,410,770,78,283,562,782,90,0,0,0.96,0.88,0,0,0,0,1,0,0
3,8.0,0,42,85,107,17,30,53,88,10,0,0,0.15,0.34,0,0,0,0,1,0,1
2,2.0,0,30,60,60,7,13,26,48,0,0,0,0.98,0.92,0,0,0,0,1,0,1
0,8.0,7,12,12,12,0,0,0,0,0,0,0,0.95,0.96,0,1,0,0,1,0,1
4,2.0,0,5,10,20,5,10,20,24,0,0,0,0.99,0.92,0,0,0,1,1,0,1
0,12.0,0,1,2,2,2,3,3,4,0,0,0,0.82,0.79,0,0,0,0,1,0,1
4,2.0,0,42,74,90,12,22,41,69,18,0,0,0.09,0.37,0,0,0,0,1,0,1
13,8.0,0,6,16,35,14,36,64,91,10,0,0,0.92,0.95,0,0,0,0,1,0,1
26,8.0,0,0,0,0,0,7,24,24,0,0,0,0.43,0.46,0,0,0,1,1,0,0
4,3.0,0,8,8,16,1,2,4,9,0,0,0,0.88,0.82,0,0,0,0,1,0,0
2,8.0,0,0,0,0,0,0,0,0,1,0,0,0.42,0.36,0,0,0,1,1,0,0
0,8.0,0,7,7,8,0,5,12,13,2,0,0,0.0,0.0,0,0,0,1,1,0,1
6,4.0,0,0,0,0,0,1,1,3,0,0,0,0.73,0.78,0,0,0,0,1,0,0
663,8.0,20,1586,2906,4166,728,1896,3504,5377,277,0,0,0.98,0.98,0,0,0,0,1,0,0
11,2.0,0,0,0,0,0,0,0,0,1,0,0,0.93,0.96,0,0,0,1,1,0,1
64,8.0,0,0,0,0,0,0,0,0,0,0,0,0.86,0.88,0,0,0,1,1,0,0
3,4.0,1,1,2,2,0,0,0,0,0,0,0,0.68,0.66,0,1,0,0,1,0,0
0,8.0,0,5,6,6,0,0,0,0,0,0,1,0.1,0.13,0,0,0,0,1,0,0
2,13.0,0,18,35,51,6,19,28,32,0,0,0,0.99,0.99,0,0,0,0,1,0,1
5,2.0,0,50,50,100,21,51,75,92,0,0,0,0.85,0.94,0,1,0,0,1,0,0
7,12.0,0,0,0,0,0,0,0,0,0,0,0,0.57,0.7,0,0,0,0,1,0,0
0,8.0,0,3,5,6,1,4,4,5,0,0,0,0.84,0.87,0,0,0,0,1,0,1
0,2.0,0,6,9,9,0,0,0,0,0,0,0,0.42,0.36,0,1,0,1,1,0,1
12,2.0,0,0,0,3,0,3,5,10,0,0,0,0.95,0.95,0,1,0,0,1,0,0
6,2.0,0,0,0,0,0,0,0,0,0,0,0,0.65,0.37,0,1,0,0,1,0,1
5,2.0,0,12,24,24,4,14,18,33,0,0,0,0.82,0.81,0,0,0,0,1,0,1
93,8.0,31,0,28,56,6,20,49,68,29,0,0,0.95,0.96,0,0,0,0,1,0,0
7,4.0,0,0,0,0,0,0,1,1,0,0,0,0.77,0.8,0,0,0,0,1,0,0
12,8.0,0,0,6,12,2,8,18,63,3,0,0,0.95,0.95,0,0,0,0,1,0,1
1650,8.0,0,0,0,0,17,55,116,369,48,0,0,0.93,0.91,0,0,0,0,1,0,0
0,2.0,0,18,34,50,10,23,48,66,2,0,10,0.19,0.16,0,0,0,0,1,0,1
0,9.0,0,9,15,26,4,13,20,26,1,0,0,0.7,0.66,0,0,0,0,1,0,1
40,4.0,0,0,0,0,0,0,0,2,0,0,0,0.77,0.8,0,0,0,0,1,0,0
2,8.0,0,0,0,1,0,0,2,2,1,0,0,0.87,0.9,0,0,0,0,1,0,1
3,8.0,0,61,61,61,0,0,1,4,0,0,0,0.51,0.53,0,1,0,0,1,0,1
0,9.0,0,6,6,6,0,0,2,3,0,0,1,0.99,0.99,0,0,0,0,1,0,1
2,9.0,0,1,3,5,1,2,3,3,0,0,0,0.43,0.45,0,0,0,0,1,0,0
75,3.0,0,0,0,0,0,0,0,0,5,0,0,1.0,0.99,0,0,0,0,1,0,0
0,8.0,5,178,248,326,99,150,173,193,37,0,7,0.71,0.7,0,0,0,1,1,0,1
22,12.0,0,0,0,41,4,7,17,31,0,0,0,0.98,0.89,0,0,0,0,1,0,0
1,12.0,1,13,13,13,1,3,8,8,0,0,3,0.57,0.7,0,0,0,0,1,0,1
7,8.0,0,0,0,0,0,0,0,0,0,0,0,0.99,0.99,0,0,0,0,1,0,0
1,8.0,0,16,24,32,4,11,18,26,0,0,0,0.98,0.95,0,0,0,0,1,0,0
3,8.0,0,12,22,32,3,11,16,26,2,0,0,0.93,0.94,0,0,0,0,1,0,1
5,8.0,0,0,0,0,0,0,1,1,0,0,0,0.0,0.0,0,0,0,1,1,0,0
2,2.0,0,0,8,8,0,1,2,3,0,0,0,0.98,0.98,0,0,0,0,1,0,1
0,2.0,4,13,16,16,2,8,8,8,0,0,4,0.69,0.68,0,1,0,0,1,0,1
3,2.0,0,43,78,113,8,27,59,94,0,0,0,0.46,0.35,0,0,0,0,1,0,1
4,8.0,0,34,49,55,7,17,31,50,6,0,6,0.28,0.28,0,0,0,0,1,0,1
96,8.0,28,35,35,70,17,57,103,167,20,0,0,0.98,0.98,0,0,0,0,1,0,0
15,12.0,0,0,0,0,0,0,0,0,1,0,0,0.48,0.48,0,1,0,0,1,0,0
7,9.0,0,0,0,0,1,2,5,7,1,0,0,0.94,0.9,0,1,0,0,1,0,0
18,8.0,20,95,169,235,33,115,212,328,81,0,9,0.86,0.88,1,0,0,0,1,0,1
1,8.0,0,0,0,0,1,1,1,1,0,0,0,0.99,0.98,0,0,0,0,1,0,1
0,2.0,0,1,1,1,0,0,0,0,0,0,0,0.96,0.86,0,0,0,1,1,0,1
1,8.0,0,23,33,44,6,18,32,38,0,0,0,0.97,0.94,0,0,0,0,1,0,0
82,8.0,5,63,120,177,22,55,113,194,26,0,0,0.97,0.98,0,0,0,0,1,0,0
1,8.0,0,5,8,11,1,5,8,10,1,0,0,0.46,0.35,0,0,0,0,1,0,1
53,12.0,1,4,27,43,11,22,38,52,11,0,0,0.69,0.69,0,0,0,0,1,0,0
3,12.0,0,0,0,0,0,0,0,0,0,0,0,0.63,0.72,0,0,0,0,1,0,0
338,8.0,2,0,0,0,4,37,155,233,25,0,0,0.99,0.97,0,0,0,0,1,0,0
0,2.0,0,8,14,18,4,7,11,15,0,0,0,0.95,0.96,0,0,0,0,1,0,1
1251,8.0,0,0,0,0,2,28,66,95,8,0,0,0.98,0.97,0,0,0,0,1,0,0
2,12.0,0,0,0,0,0,0,0,0,2,0,0,0.94,0.89,0,0,0,0,1,0,0
15,8.0,1,128,219,297,46,119,203,272,32,0,2,0.83,0.71,2,0,0,0,1,0,1
26,8.0,0,0,0,0,0,0,0,0,0,0,0,0.97,0.98,0,1,0,0,1,0,0
1,2.0,13,5,5,10,1,5,9,9,0,0,0,0.78,0.82,0,1,0,0,1,0,0
150,8.0,0,0,0,0,0,0,0,0,0,0,0,0.59,0.78,0,0,0,0,1,0,0
104,8.0,0,20,82,144,0,0,0,0,0,0,0,0.76,0.7,0,0,0,0,1,0,0
0,8.0,0,4,7,9,1,5,6,6,1,0,0,0.89,0.9,0,0,0,0,1,0,1
22,2.0,0,35,89,108,0,0,0,0,1,0,0,1.0,0.98,0,1,0,0,1,0,0
372,52.0,0,0,0,0,0,1,1,2,0,0,0,0.0,0.33,0,1,0,0,1,0,0
3,12.0,0,0,0,0,0,0,0,0,0,0,0,0.62,0.73,0,0,0,0,1,0,0
9,8.0,0,1,2,5,0,0,6,17,2,0,0,0.64,0.69,0,0,0,0,1,0,1
0,8.0,0,5,8,10,3,4,9,10,0,0,0,0.82,0.88,0,0,0,0,1,0,1
9,2.0,0,12,36,60,7,20,33,37,0,0,0,0.76,0.72,0,0,0,0,1,0,0
1,12.0,0,2,3,4,3,3,5,7,2,0,0,0.93,0.96,0,0,0,0,1,0,1
2,8.0,0,0,0,0,0,0,0,0,0,0,0,0.86,0.78,0,0,0,0,1,0,0
0,2.0,0,29,40,54,0,0,0,0,0,0,29,0.48,0.53,0,0,0,0,1,0,1
100,8.0,0,1038,1438,1758,298,809,1450,2252,390,0,0,0.53,0.54,4,0,0,1,1,0,1
3,9.0,0,0,0,0,0,0,0,0,1,0,0,0.7,0.66,0,0,0,0,1,0,0
290,8.0,0,0,0,0,0,0,0,0,1,0,0,0.91,0.86,0,0,0,1,1,0,0
0,8.0,0,9,12,18,3,6,15,20,10,0,0,0.64,0.47,0,0,0,0,1,0,1
26,8.0,1,30,30,60,7,23,39,60,0,0,0,0.99,0.97,0,0,0,0,1,0,0
0,9.0,0,4,4,6,3,4,7,10,4,0,0,0.99,0.98,0,0,0,0,1,0,1
-6,2.0,0,10,10,10,12,13,14,14,1,0,0,1.0,1.0,6,0,0,0,1,0,1
0,2.0,0,66,86,88,0,0,0,0,1,0,0,-99.0,-99.0,0,0,0,0,1,0,0
1,2.0,2,1,3,6,0,2,4,5,1,0,0,0.97,0.97,0,0,0,0,1,0,0
0,12.0,2,0,0,0,0,0,1,2,0,0,0,0.78,0.78,0,1,0,0,0,0,0
1867,4.0,8,0,150,550,1641,2968,4786,7214,298,0,0,0.77,0.8,0,0,0,1,1,0,0
1,8.0,0,2,2,2,0,0,1,2,0,0,0,0.08,0.3,0,0,0,0,1,0,1
718,8.0,696,2952,4488,6408,1399,4299,6406,10458,624,0,0,0.98,0.94,0,0,0,0,1,0,0
1,9.0,0,0,0,0,0,0,0,0,1,0,0,0.43,0.45,0,0,0,0,1,0,0
272,8.0,0,2400,3600,5000,544,1607,2697,4345,489,0,0,0.1,0.1,26,0,0,1,1,0,1
13,8.0,15,70,112,148,16,53,114,190,21,0,8,0.3,0.26,1,0,0,0,1,0,1
8,4.0,0,0,0,0,0,0,0,0,1,0,0,0.73,0.78,0,0,0,0,1,0,0
13,3.0,0,0,0,0,0,0,0,0,0,0,0,0.98,0.98,0,0,0,1,1,0,0
33,8.0,0,140,220,280,26,91,166,258,58,0,20,0.61,0.57,0,0,0,1,1,0,1
-100,2.0,0,262,262,262,0,103,104,114,1,0,0,0.0,0.0,100,1,0,0,1,0,1
3,12.0,0,0,0,0,0,0,0,0,0,0,0,0.73,0.76,0,1,0,0,1,0,0
4,2.0,0,0,0,0,0,0,0,6,0,0,0,0.93,0.91,0,0,0,0,1,0,1
0,8.0,0,18,18,18,0,0,0,0,0,0,0,0.77,0.81,0,1,0,0,0,0,1
1,12.0,0,5,8,12,0,4,7,7,0,0,0,0.78,0.78,0,1,0,0,0,0,1
263,52.0,0,0,0,0,5,18,36,53,2,0,0,0.91,0.96,0,1,0,0,1,0,0
0,3.0,0,11,11,11,0,0,0,0,1,0,0,0.03,0.1,0,0,0,0,1,0,0
12,8.0,0,0,0,0,0,0,0,0,0,0,0,0.37,0.36,0,0,0,0,1,0,0
3,8.0,0,0,0,0,0,0,0,0,0,0,0,0.82,0.81,0,0,0,0,1,0,0
0,8.0,0,4,6,8,1,3,3,4,0,0,0,0.85,0.56,0,0,0,1,1,0,1
2,8.0,0,0,0,0,0,0,0,0,2,0,0,0.99,0.98,0,0,0,0,1,0,0
504,8.0,22,149,582,1212,325,1082,1675,2073,112,0,0,0.69,0.68,0,0,0,0,1,0,1
7,9.0,0,0,0,0,0,0,0,0,0,0,0,0.85,0.83,0,0,0,0,1,0,0
2042,8.0,3885,16900,31300,45800,3243,14403,26733,39174,6064,0,0,1.0,1.0,16,0,0,0,1,0,0
1,8.0,0,1,2,2,2,2,3,5,2,0,0,0.81,0.82,0,0,0,0,1,0,1
10,8.0,0,59,59,59,1,11,28,40,14,0,4,0.13,0.09,0,0,0,1,1,0,0
3827,8.0,30,0,6080,6080,252,900,1802,3000,629,0,0,0.97,0.96,0,0,0,0,1,0,0
18,2.0,0,8,8,8,0,0,0,0,0,0,0,0.85,0.59,0,0,0,0,1,0,0
116,9.0,0,105,235,365,73,161,272,448,29,0,0,0.52,0.41,0,0,0,0,1,0,1
1,8.0,0,0,0,0,0,0,0,0,0,0,0,0.8,0.82,0,0,0,0,1,0,0
2,4.0,0,0,0,0,0,0,0,0,0,0,0,0.73,0.78,0,0,0,0,1,0,0
28,8.0,0,0,0,0,0,0,0,0,0,0,0,0.14,0.12,0,0,0,1,1,0,0
0,2.0,0,3,3,3,0,0,0,0,0,0,0,0.0,0.0,0,1,0,1,1,0,1
0,8.0,0,29,52,59,0,0,0,0,0,0,0,0.97,0.9,0,1,0,1,1,0,1
0,8.0,0,9,9,11,0,2,7,10,1,0,0,0.08,0.03,0,0,0,0,1,0,1
2,2.0,0,12,22,22,12,18,30,57,2,0,0,0.85,0.84,0,0,0,0,1,0,1
24,8.0,0,0,0,0,7,20,30,47,2,0,0,1.0,0.88,0,0,0,0,1,0,0
18,8.0,0,1,61,61,5,13,32,42,22,0,0,0.82,0.87,0,0,0,0,1,0,0
6,2.0,0,13,29,38,5,16,25,40,0,0,2,0.85,0.89,0,0,0,1,1,0,1
0,8.0,0,4,6,8,3,4,6,8,0,0,0,0.74,0.73,0,0,0,0,1,0,1
24,2.0,0,0,0,0,1,2,3,3,0,0,0,0.93,0.87,0,0,0,0,1,0,0
2,2.0,0,1,2,3,1,1,2,3,0,0,1,0.38,0.41,0,1,0,0,1,0,1
17,0.0,0,101,149,205,20,70,99,117,48,0,0,-99.0,0.0,0,0,0,0,0,0,1
56,2.0,0,0,0,0,0,0,0,0,1,0,0,1.0,0.99,0,0,0,0,1,0,0
7,8.0,0,0,0,0,0,4,6,8,0,0,0,0.95,0.79,0,0,0,0,1,0,0
6,6.0,0,52,67,77,12,37,77,121,23,0,0,0.78,0.78,0,0,0,0,1,0,1
960,8.0,86,234,1013,1783,292,684,1352,1902,195,0,0,0.87,0.85,0,0,0,0,1,0,0
4,8.0,0,20,20,20,1,4,6,15,1,0,0,0.84,0.83,0,0,0,0,1,0,1
32,4.0,0,0,0,0,0,0,0,1,0,0,0,0.73,0.78,0,0,0,0,1,0,0
10,9.0,0,8,15,22,2,9,16,35,0,0,0,0.99,0.98,0,0,0,0,1,0,0
0,8.0,0,13,25,31,3,10,14,20,0,0,0,0.99,0.99,0,0,0,0,1,0,1
0,12.0,0,11,15,19,3,8,16,23,0,0,0,0.62,0.73,0,0,0,0,1,0,1
13,2.0,0,0,0,0,0,1,3,6,0,0,0,0.98,0.97,0,0,0,0,1,0,0
128,0.0,0,0,0,0,1,2,10,11,1,0,0,0.0,0.0,0,0,0,0,0,0,0
7,8.0,0,0,0,0,0,0,0,0,0,0,0,0.84,0.77,0,1,0,0,1,0,0
244,2.0,0,0,0,0,3,9,15,18,1,0,0,1.0,0.99,0,0,0,1,1,0,0
6,2.0,0,12,24,48,18,28,45,67,0,0,0,0.98,0.97,0,0,0,0,1,0,1
0,8.0,0,462,586,667,9,9,9,9,72,0,0,0.77,0.77,9,1,0,0,1,0,1
16,12.0,0,0,6,12,2,11,13,19,0,0,0,0.73,0.76,0,0,0,0,1,0,0
79,4.0,0,0,25,50,9,26,50,78,0,0,0,0.73,0.78,0,0,0,0,1,0,0
0,2.0,0,102,119,142,0,0,0,0,0,0,0,0.93,0.8,0,0,0,0,1,0,1
0,2.0,0,0,0,0,6,32,34,34,2,0,0,0.97,0.94,0,0,0,0,1,0,1
27,2.0,0,0,0,0,0,0,0,0,0,0,0,1.0,1.0,0,0,0,0,1,0,0
6,2.0,0,0,0,0,6,16,18,18,0,0,0,0.78,0.74,0,1,0,0,1,0,1
214,52.0,0,0,0,0,0,3,7,12,1,0,0,-99.0,-99.0,0,1,0,1,0,0,0
13,2.0,0,0,0,0,0,0,1,1,0,0,0,0.81,0.91,0,0,0,0,1,0,0
28,8.0,1,291,291,291,24,487,512,539,127,0,0,0.23,0.63,0,0,0,0,1,0,1
0,12.0,0,204,204,204,0,0,0,0,0,0,0,0.95,0.86,0,1,0,1,1,0,1
1,8.0,0,2,3,5,7,8,10,10,2,0,0,0.86,0.81,0,0,0,1,1,0,1
0,8.0,0,10,15,15,10,13,18,27,0,0,0,0.56,0.46,0,0,0,0,1,0,1
0,9.0,0,24,30,36,10,19,25,42,0,0,0,0.99,0.98,0,0,0,0,1,0,1
78,2.0,800,0,200,600,97,346,696,1129,130,0,0,0.22,0.2,5,0,0,0,1,0,0
7,8.0,9,135,220,290,58,104,169,239,67,0,0,0.81,0.88,2,0,0,0,1,0,1
6,2.0,0,4,8,14,0,16,21,28,1,0,0,0.87,0.93,0,0,0,0,1,0,1
3,8.0,0,0,0,0,0,0,0,0,1,0,0,0.93,0.93,0,1,0,0,1,0,0
7,9.0,0,0,0,0,0,0,0,0,0,0,0,-99.0,-99.0,0,0,0,0,1,0,0
70,8.0,2,65,127,182,5,14,113,189,35,0,11,0.25,0.26,0,0,0,0,1,0,0
105,12.0,0,0,0,0,0,0,0,0,0,0,0,0.92,0.89,0,1,0,0,1,0,0
11,8.0,0,0,4,4,2,10,32,50,8,0,0,0.85,0.76,0,0,0,0,1,0,1
10,12.0,0,0,0,0,0,0,0,0,1,0,0,0.63,0.63,0,1,0,0,1,0,0
81,8.0,3,864,864,1056,17,140,257,403,130,0,0,0.25,0.31,0,0,0,0,1,0,0
73,4.0,0,0,0,0,0,2,2,2,0,0,0,1.0,0.91,0,1,0,0,1,0,0
2,8.0,0,46,92,115,20,34,64,106,8,0,0,0.98,0.97,0,0,0,0,1,0,1
2481,2.0,0,0,0,0,0,8,14,17,0,0,0,0.99,0.99,0,0,0,0,1,0,0
0,9.0,0,2,2,3,1,2,2,2,0,0,0,0.69,0.68,0,0,0,0,1,0,1
420,9.0,0,0,0,0,8,8,8,8,0,0,0,0.91,0.74,0,0,0,0,1,0,0
7,8.0,0,18,26,38,7,16,31,57,0,0,0,0.82,0.88,0,0,0,0,1,0,1
3,9.0,0,11,25,36,1,8,17,28,0,0,0,0.86,0.69,0,0,0,0,1,0,1
24,2.0,59,256,476,716,30,30,30,30,20,0,20,0.19,0.51,0,1,0,0,1,0,1
5,2.0,0,0,25,25,0,2,4,6,2,0,0,0.98,0.97,0,0,0,0,1,0,1
5,8.0,0,0,0,0,0,1,2,3,3,0,0,0.96,0.93,0,0,0,0,1,0,0
23,0.0,12,81,161,238,11,63,129,184,0,0,0,0.91,0.82,0,0,0,0,0,0,1
9,8.0,0,0,0,0,0,0,0,4,0,0,0,0.78,0.74,0,0,0,0,1,0,0
2,8.0,0,0,0,0,0,0,0,0,0,0,0,0.82,0.83,0,1,0,0,1,0,0
0,8.0,0,8,12,15,2,4,7,11,0,0,0,0.85,0.56,0,0,0,0,1,0,1
10,2.0,0,0,0,0,0,0,0,0,0,0,0,1.0,0.99,0,1,0,0,1,0,0
1,10.0,0,0,0,1,0,1,1,2,0,0,0,0.89,0.9,0,0,0,0,1,0,0
2,9.0,0,0,2,2,1,4,6,8,0,0,0,0.99,0.99,0,0,0,0,1,0,0
1,4.0,1,6,10,11,1,5,7,9,0,0,0,0.73,0.78,0,0,0,0,1,0,0
22,8.0,0,19,28,28,2,19,53,73,4,0,0,0.98,0.98,0,0,0,0,1,0,0
257,2.0,293,0,250,500,105,381,588,818,86,0,0,0.85,0.76,0,0,0,0,1,0,0
31,2.0,0,60,90,120,18,39,69,71,3,0,0,0.91,0.89,0,1,0,0,1,0,1
68,2.0,0,0,0,0,0,7,14,24,2,0,0,0.85,0.93,0,0,0,0,1,0,1
315,8.0,98,858,1318,1678,243,731,1380,2235,382,0,60,0.61,0.57,0,0,0,1,1,0,1
14,2.0,0,0,0,0,0,0,4,5,0,0,0,0.9,0.95,0,1,0,0,1,0,1
-14,8.0,0,96,96,144,11,53,81,100,0,0,0,0.95,0.84,14,0,0,0,1,0,1
0,2.0,0,4,4,4,0,0,0,0,0,0,0,0.0,0.0,0,1,0,1,1,0,1
3,8.0,0,3,3,3,7,15,28,45,0,0,0,0.98,0.97,0,0,0,0,1,0,1
0,8.0,24,632,860,1164,0,0,0,0,0,0,0,0.96,0.94,0,0,0,0,1,0,1
1,8.0,0,17,31,47,0,11,22,26,4,0,0,0.79,0.78,0,0,0,0,1,0,1
3,8.0,0,0,2,4,0,1,1,4,1,0,0,0.89,0.9,0,0,0,0,1,0,0
0,10.0,0,6,9,12,0,4,6,7,2,0,0,0.89,0.9,0,0,0,0,1,0,1
331,13.0,4,277,552,827,87,271,557,998,45,0,0,0.9,0.87,0,0,0,0,1,0,0
537,8.0,85,406,406,406,30,117,405,589,36,0,25,0.66,0.66,0,1,0,0,1,0,0
2,8.0,0,0,0,0,0,0,0,0,1,0,0,0.42,0.36,0,0,0,0,1,0,0
12,2.0,0,0,0,0,0,0,0,0,0,0,0,0.84,0.86,0,1,0,0,1,0,0
0,8.0,0,3,5,7,3,3,5,7,0,0,0,0.99,0.99,0,0,0,0,1,0,1
2,8.0,0,9,9,14,2,4,11,14,0,0,0,0.78,0.76,0,0,0,0,1,0,1
2523,2.0,4,0,0,0,111,441,904,1343,117,0,0,0.88,0.93,0,0,0,0,1,0,0
0,8.0,0,0,0,0,0,0,0,0,2,0,0,0.87,0.89,0,1,0,0,1,0,0
4,2.0,0,20,20,20,0,2,2,2,0,0,0,1.0,0.98,0,1,0,0,1,0,1
0,8.0,0,21,36,56,8,24,50,68,2,0,0,0.73,0.73,0,0,0,0,1,0,1
1,12.0,0,2,2,3,0,1,2,2,2,0,0,0.93,0.93,0,0,0,0,1,0,0
5,8.0,0,0,0,0,0,0,0,0,0,0,0,0.87,0.88,0,1,0,0,1,0,0
0,2.0,0,5,5,5,0,0,0,0,0,0,0,0.0,0.0,0,1,0,1,1,0,1
3,12.0,0,0,0,1,0,0,2,2,0,0,0,0.57,0.7,0,0,0,0,1,0,0
2,4.0,0,11,11,11,4,9,18,26,0,0,0,0.7,0.66,0,0,0,0,1,0,1
0,8.0,0,7,13,19,0,4,4,4,0,0,0,0.98,0.95,0,0,0,0,1,0,1
1,8.0,0,39,60,60,4,18,28,46,3,0,0,0.99,0.99,0,0,0,0,1,0,1
3,8.0,0,0,1,3,0,1,5,7,0,0,0,0.62,0.6,0,0,0,0,1,0,0
15,8.0,0,100,200,250,17,60,96,172,0,0,0,1.0,0.99,0,0,0,0,1,0,1
691,8.0,0,0,0,0,0,21,72,122,4,0,0,0.0,0.0,0,0,0,0,0,0,0
4,2.0,0,4,4,4,1,2,2,2,0,0,0,1.0,0.99,0,1,0,0,1,0,0
91,2.0,0,24,120,168,31,74,197,434,24,0,0,0.43,0.59,0,0,0,0,1,0,0
0,12.0,0,20,28,38,5,19,40,71,0,0,0,0.0,0.01,0,0,0,0,1,0,0
-1,8.0,0,20,28,36,3,7,10,11,0,0,4,0.62,0.62,1,0,0,0,1,0,1
5,8.0,0,0,0,0,1,3,6,7,2,0,0,0.99,0.98,0,0,0,0,0,0,1
0,2.0,0,11,16,16,0,0,0,0,0,0,0,0.59,0.56,0,1,0,1,1,0,0
1,8.0,0,3,4,5,2,9,11,17,0,0,0,0.98,0.97,0,0,0,0,1,0,1
0,12.0,0,1,1,1,0,0,1,1,0,0,0,0.63,0.72,0,0,0,1,1,0,1
2,8.0,0,0,0,0,0,0,0,0,1,0,0,0.92,0.92,0,0,0,0,1,0,0
739,8.0,6783,2083,4891,7042,721,2441,5169,8869,456,0,0,0.54,0.54,0,0,0,0,1,0,0
12,8.0,0,0,5,5,2,11,37,54,8,0,0,0.85,0.76,0,0,0,0,1,0,1
5,4.0,2,2,6,10,0,4,7,13,0,0,0,0.73,0.78,0,0,0,0,1,0,0
4,8.0,0,3,5,8,1,3,6,13,1,0,0,0.95,0.9,0,0,0,0,1,0,0
22,8.0,0,0,0,0,0,0,0,0,0,0,0,0.94,0.97,0,0,0,0,1,0,0
1,9.0,0,17,32,47,4,8,13,15,0,0,0,0.68,0.66,0,0,0,0,1,0,1
207,8.0,25,118,449,621,92,303,673,1077,92,0,0,0.93,0.96,0,0,0,0,1,0,0
37,3.0,51,720,1215,1755,206,581,1090,1598,134,0,45,0.43,0.46,2,0,0,0,1,0,1
0,8.0,0,7,7,14,2,5,8,9,0,0,0,0.95,0.97,0,0,0,0,1,0,1
1,8.0,0,4,7,10,2,4,8,9,0,0,0,0.78,0.74,0,0,0,0,1,0,1
19,4.0,0,0,100,100,5,6,6,9,0,0,0,0.83,0.91,0,0,0,0,1,0,1
43,8.0,0,0,0,0,0,0,0,0,2,0,0,1.0,0.99,0,0,0,0,1,0,0
0,8.0,10,7,7,7,0,0,0,2,1,0,0,0.0,0.0,0,0,0,0,1,0,1
0,8.0,0,3,5,6,3,4,5,9,2,0,0,0.99,0.99,0,0,0,0,1,0,1
0,9.0,0,56,88,122,11,50,81,114,13,0,14,0.54,0.7,4,0,0,0,1,0,1
5,8.0,0,2,6,10,2,3,10,11,0,0,0,0.57,0.44,0,0,0,0,1,0,1
100,8.0,10,0,72,120,9,43,108,171,26,0,0,0.99,0.99,0,0,0,0,1,0,0
0,2.0,0,10,11,11,0,0,0,0,0,0,0,-99.0,0.28,0,1,0,0,1,0,1
80,8.0,0,0,0,0,0,0,0,0,0,0,0,-99.0,-99.0,0,0,0,0,1,0,0
25,8.0,0,0,0,4,3,10,25,37,14,0,0,0.93,0.96,0,0,0,0,1,0,0
4,2.0,0,9,27,45,8,23,34,51,0,0,0,0.76,0.78,0,0,0,0,1,0,1
0,8.0,0,0,0,0,0,0,0,0,0,0,0,0.88,0.91,0,0,0,0,1,0,0
5,8.0,0,2,4,8,1,1,4,13,2,0,0,0.43,0.46,0,0,0,0,1,0,0
43,2.0,0,0,0,0,0,1,3,4,2,0,0,1.0,1.0,0,1,0,0,1,0,0
55,2.0,0,0,0,0,0,0,3,8,0,0,0,0.93,0.86,0,1,0,0,1,0,0
33,2.0,0,42,42,42,1,3,4,4,17,0,0,0.71,0.63,0,0,0,0,1,0,0
45,8.0,0,0,0,0,0,0,0,0,0,0,0,1.0,0.98,0,0,0,0,1,0,0
20,12.0,0,0,0,0,0,0,0,0,1,0,0,0.63,0.63,0,1,0,0,1,0,0
3,4.0,0,0,0,0,0,0,0,0,0,0,0,0.73,0.78,0,0,0,0,1,0,0
12,8.0,1,36,64,104,12,44,73,96,14,0,0,0.89,0.92,0,0,0,0,1,0,1
0,8.0,0,69,113,135,15,39,48,58,0,0,23,0.65,0.7,0,0,0,0,1,0,1
4,8.0,0,100,100,100,4,48,55,62,2,0,0,0.97,0.99,0,0,0,0,1,0,1
348,2.0,0,0,0,0,2,2,5,5,0,0,0,0.99,0.97,0,0,0,0,1,0,0
0,2.0,0,5,7,10,3,4,7,8,0,0,0,0.99,0.99,0,0,0,0,1,0,1
197,2.0,359,830,1720,2670,262,909,1692,2296,237,0,0,0.99,0.98,0,0,0,0,1,0,0
63,2.0,0,0,0,0,0,0,0,0,0,0,0,0.94,0.81,0,0,0,0,1,0,0
-6,8.0,0,14,21,21,18,18,32,41,0,0,0,1.0,1.0,6,0,0,0,0,0,1
0,2.0,0,21,25,25,4,5,5,5,1,0,0,0.69,0.69,5,1,0,0,1,0,1
10,8.0,278,7419,7419,8283,769,2551,5599,9462,927,0,600,0.5,0.53,63,0,0,0,1,0,1
54,8.0,0,0,0,0,0,0,0,0,1,0,0,0.99,0.97,0,0,0,0,1,0,0
2,9.0,0,1,2,4,1,3,3,3,0,0,0,0.68,0.66,0,0,0,0,1,0,0
190,2.0,15,240,460,640,136,161,161,161,82,0,0,0.64,0.64,0,0,0,0,1,0,1
9,8.0,0,40,88,136,11,27,40,46,0,0,0,0.51,0.47,0,0,0,1,1,0,1
37,9.0,0,0,0,0,1,4,5,7,0,0,0,0.91,0.77,0,0,0,0,1,0,0
12,4.0,0,0,0,0,0,0,0,0,0,0,0,0.77,0.85,0,1,0,0,1,0,0
6,8.0,0,36,48,72,8,25,57,82,4,0,0,0.5,0.35,0,0,0,0,1,0,1
12,2.0,0,0,0,0,0,0,0,0,0,0,0,1.0,1.0,0,0,0,0,1,0,0
1,2.0,130,100,100,100,129,130,130,130,35,0,100,0.91,0.9,0,1,0,0,1,0,0
5,2.0,0,0,0,0,0,0,3,3,1,0,0,0.78,0.78,0,0,0,1,1,0,0
64,8.0,0,0,0,0,0,0,0,0,0,0,0,-99.0,-99.0,0,0,0,0,1,0,0
3,8.0,0,0,2,4,0,0,0,0,0,0,0,0.99,0.94,0,0,0,0,1,0,0
53,8.0,1,85,148,220,21,78,151,216,27,0,0,0.81,0.87,0,0,0,0,1,0,0
99,4.0,0,0,0,0,0,0,4,5,2,0,0,0.7,0.86,0,0,0,0,1,0,0
16,9.0,1,0,0,0,4,9,12,15,19,0,0,0.99,0.98,0,0,0,0,1,0,0
0,2.0,18,6,12,13,0,0,0,0,2,0,6,0.84,0.86,0,0,0,0,1,0,1
-2,8.0,0,11,17,24,2,7,12,13,0,0,0,0.6,0.43,2,0,0,0,1,0,1
6,8.0,0,60,90,90,13,29,47,49,11,0,0,0.51,0.4,0,1,0,0,1,0,1
1,9.0,0,1,2,4,2,4,8,11,0,0,0,0.69,0.68,0,0,0,0,1,0,1
4,10.0,0,3,15,23,1,6,15,21,2,0,0,0.85,0.88,0,0,0,0,1,0,1
9,8.0,0,32,32,32,5,12,15,22,3,0,0,0.7,0.7,0,0,0,1,1,0,0
2,2.0,0,7,10,12,2,2,4,5,0,0,0,0.8,0.82,0,1,0,0,1,0,1
7,12.0,4,10,21,34,4,12,29,39,10,0,0,0.76,0.73,0,0,0,0,1,0,0
1282,8.0,13,0,0,0,32,99,188,313,40,0,0,0.99,0.99,0,0,0,0,1,0,0
1974,2.0,0,0,0,0,5,17,38,59,12,0,0,0.99,0.96,0,0,0,0,1,0,0
70,4.0,0,0,0,0,10,10,14,14,0,0,0,0.73,0.78,0,0,0,0,1,0,0
2,8.0,0,3,6,9,3,4,7,7,1,0,0,0.86,0.88,0,0,0,0,1,0,1
8,8.0,0,0,0,0,0,0,0,0,0,0,0,0.83,0.86,0,1,0,0,1,0,0
0,2.0,0,3,3,3,0,0,0,0,0,0,0,0.0,0.0,0,1,0,1,1,0,1
4,2.0,0,0,16,16,0,0,0,0,0,0,0,0.9,0.95,0,1,0,0,1,0,0
10,4.0,0,0,0,0,0,0,0,0,0,0,0,0.77,0.8,0,0,0,0,1,0,0
12,2.0,0,8,20,32,9,19,33,46,2,0,0,0.65,0.74,0,0,0,0,1,0,1
0,12.0,0,48,72,96,8,22,40,63,15,0,0,0.73,0.76,0,0,0,0,1,0,1
47,4.0,55,49,101,127,9,50,90,146,0,0,0,0.73,0.78,0,0,0,0,1,0,0
-15,3.0,0,32,32,32,1,12,26,29,0,0,13,0.89,0.9,15,0,0,0,1,0,1
4,8.0,0,0,0,20,2,2,3,4,1,0,0,0.99,0.99,0,0,0,0,1,0,0
303,8.0,0,0,0,0,11,35,105,158,25,0,0,0.96,0.89,0,0,0,0,1,0,0
7464,4.0,0,0,0,0,32,132,271,487,66,0,0,0.73,0.78,0,0,0,0,1,0,0
4,8.0,0,0,0,0,0,0,0,1,1,0,0,1.0,0.99,0,0,0,0,1,0,0
9,2.0,0,0,0,0,0,0,0,0,213,0,0,0.96,0.93,0,0,0,1,1,0,1
50,8.0,0,0,0,0,0,0,0,0,0,0,0,0.95,0.87,0,0,0,0,1,0,0
3,12.0,0,50,50,50,5,20,38,57,5,0,0,0.69,0.69,0,0,0,0,1,0,1
375,8.0,222,649,1364,2079,221,658,1452,2284,119,0,61,0.93,0.93,0,0,0,0,1,0,0
4,8.0,0,0,0,0,0,0,1,5,2,0,0,0.84,0.78,0,0,0,0,1,0,1
22,2.0,0,196,316,466,52,112,188,239,50,0,0,0.12,0.05,0,1,0,1,1,0,1
2,8.0,0,0,0,0,0,0,0,0,1,0,0,0.71,0.75,0,0,0,0,1,0,0
14,8.0,0,0,0,0,0,0,0,0,0,0,0,0.69,0.71,0,0,0,0,1,0,0
0,8.0,0,6,10,14,0,2,9,10,0,0,0,0.64,0.47,0,0,0,0,1,0,1
0,4.0,0,0,0,0,1,1,2,3,0,0,0,0.78,0.78,0,0,0,0,1,0,1
37,8.0,0,0,0,0,2,14,23,34,2,0,0,0.84,0.87,0,0,0,0,1,0,0
19,2.0,0,0,0,0,1,1,3,4,0,0,0,0.8,0.9,0,0,0,0,1,0,0
5,2.0,0,0,0,0,0,0,0,0,0,0,0,0.78,0.86,0,0,0,0,1,0,0
4,9.0,0,16,27,49,3,11,21,35,0,0,0,0.68,0.66,0,0,0,0,1,0,1
0,2.0,0,30,30,30,1,1,1,1,0,0,25,0.26,0.32,0,1,0,0,1,0,1
2,12.0,0,0,0,0,0,0,0,0,0,0,0,0.73,0.76,0,0,0,0,1,0,0
294,10.0,0,0,0,0,11,61,151,248,33,0,0,0.97,0.96,0,0,0,0,1,0,0
45,2.0,0,0,0,0,0,0,1,1,0,0,0,0.64,0.61,0,1,0,0,1,0,0
13,8.0,0,0,0,0,0,0,0,0,0,0,0,0.99,0.99,0,0,0,0,1,0,0
0,2.0,0,11,15,19,0,0,0,0,0,0,0,0.62,0.62,0,0,0,0,1,0,1
1,9.0,0,1,2,3,0,1,1,2,0,0,0,1.0,0.99,0,0,0,0,1,0,1
7,2.0,0,0,0,0,0,0,0,0,0,0,0,0.26,0.32,0,1,0,0,1,0,0
7,2.0,0,20,30,50,6,12,19,19,0,0,0,0.99,0.99,0,1,0,0,1,0,0
42,9.0,0,0,48,96,7,29,46,91,14,0,0,1.0,0.95,0,0,0,0,1,0,1
-1,12.0,0,29,58,75,7,30,56,98,8,0,0,0.8,0.77,1,0,0,0,1,0,1
15,8.0,0,8,14,23,1,9,18,31,0,0,1,0.86,0.88,0,0,0,0,1,0,0
165,0.0,0,0,0,0,0,4,23,33,1,0,0,0.0,0.0,0,0,0,0,0,0,0
0,2.0,0,6,6,6,0,0,0,0,0,0,0,0.82,0.89,0,0,0,1,1,0,1
2,2.0,0,2,5,7,0,0,0,0,1,0,0,0.83,0.75,0,1,0,0,1,0,0
0,2.0,0,10,11,11,0,0,0,0,0,0,0,0.23,0.26,0,1,0,1,1,0,1
10,8.0,2,50,80,120,7,27,49,57,4,0,2,0.43,0.46,0,1,0,0,1,0,1
0,2.0,0,3,3,3,1,15,16,17,0,0,0,0.37,0.36,0,0,0,0,1,0,1
0,12.0,0,12,12,12,0,0,0,0,1,0,12,0.82,0.79,0,1,0,0,1,0,1
613,8.0,234,585,1125,1485,263,678,1274,1977,211,0,0,0.98,0.91,0,0,0,0,1,0,0
5,12.0,1,0,0,0,0,0,0,0,1,0,0,0.63,0.63,0,1,0,0,1,0,0
7,2.0,0,0,0,0,0,0,0,0,0,0,0,0.78,0.81,0,0,0,0,1,0,0
0,8.0,0,4,4,8,0,2,3,5,0,0,0,0.76,0.77,0,0,0,1,1,0,1
2,9.0,0,0,0,0,0,0,0,0,1,0,0,0.69,0.68,0,1,0,0,1,0,0
4,8.0,0,0,0,1,0,1,2,2,0,0,0,0.6,0.43,0,0,0,0,1,0,1
0,2.0,0,36,36,36,0,0,0,0,0,0,0,0.0,0.0,0,1,0,1,1,0,0
0,9.0,0,5,5,5,2,2,2,5,2,0,0,0.69,0.68,0,0,0,1,1,0,1
0,2.0,0,138,216,252,2,6,6,6,26,0,0,0.86,0.85,0,0,0,1,1,0,1
0,2.0,0,250,450,690,0,0,0,0,2,0,0,0.66,0.53,0,1,0,0,1,0,1
2350,8.0,0,0,0,0,0,21,52,95,3,0,0,0.94,0.93,0,0,0,0,1,0,0
3,2.0,0,0,1,2,2,2,4,6,0,0,0,0.97,0.97,0,0,0,1,1,0,0
2,8.0,0,24,36,54,7,15,20,37,2,0,0,0.78,0.74,0,0,0,0,1,0,1
2,8.0,0,9,9,18,5,13,22,26,4,0,0,0.88,0.92,0,0,0,0,1,0,1
2,9.0,3,0,0,0,0,0,3,4,1,0,0,0.68,0.66,0,0,0,0,1,0,0
4,2.0,0,0,0,0,0,0,0,0,0,0,0,0.84,0.66,0,1,0,0,1,0,0
17,2.0,0,0,0,4,1,1,19,25,0,0,0,0.83,0.77,0,0,0,0,1,0,0
0,8.0,0,4,8,10,2,4,7,14,1,0,0,0.95,0.95,0,0,0,0,1,0,1
470,9.0,0,0,0,0,260,680,1370,2090,0,0,0,0.91,0.77,0,0,0,0,1,0,0
0,2.0,0,5,5,5,0,0,0,0,0,0,0,0.0,0.0,0,0,0,0,1,0,0
2,8.0,0,40,60,60,11,20,46,67,2,0,0,0.62,0.62,0,0,0,1,1,0,1
39,8.0,0,0,0,0,0,0,0,0,0,0,0,0.88,0.93,0,0,0,0,1,0,0
174,8.0,128,373,761,1129,158,460,896,1348,82,0,0,0.99,0.96,1,0,0,0,1,0,0
0,12.0,0,0,0,0,0,0,0,0,0,0,0,0.5,0.32,0,0,0,0,1,0,0
1,8.0,0,20,20,20,2,12,19,26,1,0,0,0.25,0.15,0,0,0,0,1,0,1
1,12.0,0,18,18,18,1,2,8,15,0,0,0,0.82,0.79,0,0,0,0,1,0,1
0,8.0,0,0,0,0,0,0,0,0,1,0,0,0.52,0.58,0,1,0,1,1,0,0
700,4.0,112,27,27,27,66,157,202,281,164,0,0,1.0,0.84,0,1,0,0,1,0,0
10,8.0,0,0,0,0,0,0,2,3,1,0,0,0.97,0.98,0,0,0,0,1,0,0
17,8.0,0,0,0,0,0,3,4,7,3,0,0,0.94,0.97,0,0,0,0,1,0,0
2,8.0,0,1,5,7,2,4,11,13,2,0,0,0.98,0.99,0,0,0,0,1,0,0
8,8.0,0,0,0,0,0,0,0,1,2,0,0,0.78,0.86,0,0,0,1,1,0,0
1,8.0,0,1,2,3,3,3,4,6,0,0,0,0.07,0.14,0,0,0,0,1,0,1
124,8.0,0,0,0,0,0,0,0,0,1,0,0,0.0,0.0,0,0,0,0,1,0,0
18,8.0,0,0,9,9,4,8,24,34,0,0,0,0.52,0.53,0,0,0,0,1,0,1
0,8.0,0,350,550,550,33,150,298,462,64,0,0,0.01,0.22,2,0,0,0,1,0,1
29,0.0,0,168,304,440,49,149,251,384,19,0,0,0.0,0.0,0,0,0,1,0,0,1
2,9.0,0,35,63,91,5,25,49,71,7,0,0,0.5,0.39,0,0,0,0,1,0,1
17,12.0,10,72,132,192,10,48,111,145,27,0,12,0.73,0.76,0,0,0,0,1,0,1
1,8.0,0,3,5,7,0,2,2,5,2,0,0,0.75,0.74,0,0,0,0,1,0,1
0,4.0,0,8,12,12,0,0,0,0,0,0,0,0.85,0.78,0,1,0,1,1,0,1
3,2.0,0,76,131,197,19,38,39,39,9,0,0,0.99,0.93,0,1,0,0,1,0,1
142,2.0,0,0,0,0,12,48,97,133,0,0,0,0.95,0.96,0,0,0,0,1,0,0
2,8.0,0,0,0,0,0,0,0,0,2,0,0,1.0,0.99,0,1,0,1,1,0,0
1,9.0,0,0,0,0,0,0,0,0,0,0,0,0.69,0.68,0,0,0,0,1,0,0
-6,8.0,4,456,728,1060,93,307,622,898,35,0,56,0.66,0.67,6,0,0,0,1,0,1
2,12.0,6,48,76,104,19,43,86,134,14,0,0,0.89,0.78,0,0,0,0,1,0,1
1,8.0,0,0,0,0,1,1,1,1,0,0,0,0.99,0.98,0,0,0,0,1,0,1
2,3.0,0,0,2,3,0,2,2,4,0,0,0,0.89,0.9,0,0,0,0,1,0,1
161,8.0,4,250,450,600,55,204,409,591,69,0,0,0.95,0.87,0,0,0,0,1,0,0
11,2.0,0,0,0,0,0,0,0,1,0,0,0,0.94,0.97,0,0,0,0,1,0,0
10,3.0,0,0,0,0,0,3,4,6,0,0,0,0.87,0.72,0,0,0,0,1,0,0
20,8.0,0,73,98,123,6,26,63,106,42,0,0,0.9,0.95,1,0,0,0,1,0,1
40,12.0,0,0,0,0,0,0,1,1,0,0,0,0.78,0.78,0,0,0,0,1,0,0
5,2.0,0,12,36,48,11,19,30,36,0,0,0,0.97,0.9,0,0,0,0,1,0,1
535,8.0,288,351,779,1314,257,806,1526,2518,209,0,0,0.86,0.91,0,0,0,0,1,0,0
0,12.0,0,3,5,6,1,7,13,16,0,0,0,0.82,0.79,0,0,0,0,1,0,1
263,2.0,0,0,0,0,8,9,15,37,0,0,0,0.54,0.33,0,1,0,0,1,0,0
4,2.0,0,0,0,0,2,3,9,9,0,0,0,0.53,0.54,0,1,0,1,1,0,1
0,2.0,0,1,1,1,0,0,0,0,0,0,0,0.17,0.33,0,1,0,0,1,0,1
2,8.0,0,20,29,29,8,16,34,50,0,0,0,0.97,0.94,0,0,0,0,1,0,1
0,4.0,0,100,100,100,10,22,22,34,0,0,0,0.77,0.8,0,0,0,0,1,0,1
8,8.0,0,0,0,0,1,1,2,8,0,0,0,0.82,0.88,0,0,0,0,1,0,0
145,8.0,26,132,258,405,27,90,230,389,44,0,0,1.0,0.93,0,0,0,0,1,0,0
11,8.0,0,100,100,100,8,26,47,68,4,0,0,0.97,0.96,0,0,0,0,1,0,1
589,2.0,194,600,1302,2004,273,763,1518,2239,290,0,0,0.99,0.98,0,0,0,1,1,0,0
0,2.0,0,11,15,20,0,6,6,6,0,0,0,0.04,0.03,0,1,0,0,1,0,1
6,8.0,0,60,96,114,14,31,63,117,40,0,0,0.79,0.78,1,0,0,0,1,0,1
0,8.0,0,5,11,11,2,11,15,18,0,0,0,0.82,0.89,0,0,0,0,1,0,1
0,12.0,0,29,37,44,0,16,42,57,9,0,0,0.21,0.27,0,0,0,0,1,0,1
4,8.0,0,0,5,5,1,5,7,11,0,0,0,0.78,0.82,0,0,0,0,1,0,1
35,2.0,0,0,0,0,1,1,7,11,1,0,0,0.5,0.55,0,1,0,0,1,0,0
6,8.0,0,5,5,10,0,1,5,10,2,0,0,0.97,0.97,0,0,0,0,1,0,0
275,8.0,152,904,2065,3064,582,1556,3098,4330,169,0,0,0.25,0.39,0,0,0,0,1,0,1
68,12.0,1,44,60,76,9,28,51,82,0,0,0,0.63,0.72,0,0,0,0,1,0,0
9,8.0,0,0,0,0,0,1,1,1,0,0,0,0.79,0.78,0,0,0,0,1,0,0
0,8.0,0,36,36,54,5,18,33,53,6,0,0,0.96,0.96,0,0,0,0,1,0,1
2,4.0,0,1,2,4,0,2,4,7,0,0,0,0.89,0.9,0,0,0,0,1,0,1
8,8.0,0,48,96,144,9,27,41,45,0,0,0,0.51,0.47,0,0,0,1,1,0,1
7,8.0,0,11,20,29,6,16,30,41,7,0,0,0.66,0.73,0,0,0,0,1,0,1
15,8.0,0,21,27,39,11,25,48,80,0,0,0,0.98,0.98,0,0,0,0,1,0,0
54,2.0,28,112,280,504,56,166,362,547,28,0,0,0.94,0.95,0,0,0,0,1,0,1
3,2.0,0,10,10,10,5,7,7,7,0,0,8,0.69,0.69,0,1,0,0,1,0,1
0,8.0,0,0,0,0,0,0,0,0,0,0,0,-99.0,-99.0,0,0,0,0,1,0,0
6,2.0,0,72,72,72,0,0,0,0,0,0,0,0.84,0.91,0,1,0,0,1,0,0
0,12.0,0,4,7,7,0,0,0,0,0,0,0,0.62,0.73,0,0,0,0,1,0,1
8,4.0,0,0,0,0,0,0,0,1,0,0,0,0.95,0.79,0,1,0,1,1,0,0
3,0.0,0,189,189,189,4,16,28,42,5,0,0,0.0,0.0,0,0,0,0,0,0,1
7,9.0,0,0,0,0,0,0,0,0,0,0,0,0.91,0.77,0,0,0,0,1,0,0
27,8.0,0,602,1052,1538,94,237,390,419,150,0,25,0.97,0.86,0,1,0,0,1,0,1
0,2.0,0,6,6,6,0,0,1,1,0,0,0,0.42,0.36,0,1,0,0,1,0,1
23,0.0,0,36,84,137,23,67,93,112,24,0,0,0.0,0.0,0,0,0,0,0,0,1
0,8.0,0,5,5,6,0,0,2,5,2,0,0,0.76,0.78,0,0,0,0,1,0,1
0,4.0,0,43,43,43,0,0,0,0,0,0,9,0.22,0.11,0,1,0,1,1,0,0
17,2.0,0,0,0,0,40,47,47,47,2,0,0,0.95,0.96,0,0,0,0,1,0,1
3,2.0,0,2,2,2,0,0,0,0,0,0,0,0.82,0.89,0,1,0,0,1,0,0
1,8.0,0,1,2,3,0,1,1,1,0,0,0,0.8,0.82,0,0,0,0,1,0,1
0,2.0,0,6,6,6,0,0,0,0,1,0,0,0.92,0.92,0,1,0,0,1,0,1
4,9.0,0,0,0,0,0,0,0,0,0,0,0,0.69,0.68,0,1,0,0,1,0,0
0,2.0,0,15,25,35,12,25,52,69,0,0,0,0.8,0.82,0,0,0,0,1,0,1
13,12.0,5,10,10,10,0,0,0,0,1,0,10,0.48,0.48,0,1,0,0,1,0,0
12,12.0,0,61,105,153,16,47,105,153,13,0,0,0.78,0.78,0,0,0,0,1,0,1
2,8.0,8,4,20,28,4,17,39,55,0,0,0,0.78,0.83,0,0,0,0,1,0,0
23,9.0,0,0,0,0,0,0,0,1,0,0,0,0.94,0.91,0,0,0,0,1,0,0
2,12.0,0,0,0,0,0,0,0,0,0,0,0,0.63,0.72,0,0,0,0,1,0,0
4,4.0,0,3,6,12,1,4,8,10,0,0,0,0.7,0.66,0,0,0,0,1,0,1
0,8.0,0,123,123,123,0,86,147,221,0,0,57,0.76,0.78,0,0,0,0,1,0,1
164,12.0,0,1960,2920,4220,459,1652,2869,4174,293,0,160,0.73,0.76,0,0,0,0,1,0,1
239,16.0,52,145,249,425,48,156,322,484,48,0,0,0.62,0.62,0,0,0,0,1,0,0
0,8.0,0,32,32,32,0,0,0,0,1,0,0,0.93,0.91,0,0,0,0,1,0,1
0,8.0,0,11,11,11,0,0,0,0,0,0,0,0.08,0.05,0,1,0,0,1,0,0
374,8.0,0,1400,2800,2800,474,1617,2134,2524,427,0,0,0.97,0.96,0,0,0,0,1,0,1
57,12.0,0,40,80,100,8,40,69,117,17,0,0,0.78,0.78,0,0,0,0,1,0,0
27,2.0,0,53,102,166,8,45,102,154,0,0,0,0.96,0.96,0,0,0,0,1,0,0
54,8.0,4,30,60,90,15,44,87,109,14,0,0,1.0,0.99,0,0,0,0,1,0,0
90,2.0,0,0,0,0,0,10,35,51,1,0,0,0.66,0.69,0,0,0,0,1,0,0
281,8.0,351,1365,2520,3780,483,1533,2838,4309,339,0,0,0.86,0.88,0,0,0,0,1,0,0
6,4.0,0,28,36,44,23,46,106,177,0,0,0,0.66,0.63,0,0,0,0,1,0,1
44,8.0,0,59,159,259,14,51,104,140,6,0,0,0.99,0.99,0,0,0,0,1,0,0
169,8.0,8,8,56,100,27,118,271,449,42,0,0,0.84,0.86,0,0,0,0,1,0,0
28,12.0,0,0,0,0,0,0,0,0,1,0,0,0.08,0.12,0,0,0,0,1,0,0
10,8.0,0,0,0,0,0,0,0,0,0,0,0,0.96,0.97,0,0,0,1,1,0,0
7,8.0,0,0,0,0,0,0,0,0,0,0,0,0.79,0.78,0,0,0,0,1,0,0
7,9.0,0,0,0,0,0,0,0,0,0,0,0,0.91,0.77,0,1,0,0,1,0,0
10,12.0,10,10,30,40,1,7,18,31,4,0,0,0.98,0.97,0,0,0,0,1,0,0
473,2.0,161,168,504,840,88,227,232,232,148,0,0,0.92,0.84,0,1,0,0,1,0,0
0,5.0,0,462,633,633,0,2,2,2,41,0,1,0.68,0.69,0,0,0,0,1,0,1
0,8.0,0,100,100,100,6,17,37,56,5,0,0,0.84,0.89,0,0,0,0,1,0,1
10,12.0,0,0,0,0,0,0,0,0,1,0,0,0.86,0.94,0,0,0,1,1,0,0
0,8.0,0,268,370,540,56,173,249,323,52,0,0,0.41,0.46,0,0,0,0,1,0,1
1,2.0,1,3,7,11,1,2,3,3,0,0,0,1.0,0.99,0,0,0,0,1,0,1
17,2.0,0,0,0,0,0,2,12,19,0,0,0,0.68,0.64,0,0,0,0,1,0,0
8,2.0,5,6,9,12,9,21,23,23,2,0,0,0.99,0.91,0,1,0,1,1,0,1
4,2.0,0,0,0,0,0,0,0,0,0,0,0,0.97,0.92,0,0,0,0,1,0,0
2,9.0,0,24,24,24,1,3,6,8,0,0,0,0.99,0.99,0,0,0,0,1,0,0
0,2.0,0,493,859,1224,2,11,11,11,44,0,0,0.66,0.69,0,0,0,0,1,0,1
1,8.0,1,46,46,46,0,1,2,3,1,0,0,0.5,0.52,0,1,0,0,1,0,0
5,8.0,0,2,4,8,0,1,5,7,0,0,0,0.13,0.15,0,0,0,0,1,0,0
50,3.0,0,36,90,144,12,33,64,82,5,0,0,0.42,0.46,0,0,0,1,1,0,0
0,2.0,0,40,70,100,15,21,21,21,4,0,0,0.17,0.08,0,0,0,0,1,0,1
4,4.0,0,1,2,2,0,0,0,0,0,0,0,0.68,0.66,0,1,0,0,1,0,0
38,8.0,40,0,0,0,1,4,11,19,1,0,0,0.99,0.99,0,0,0,0,1,0,0
14,2.0,0,0,0,0,3,11,51,55,11,0,0,0.52,0.53,0,0,0,0,1,0,0
285,8.0,50,304,544,784,98,231,598,1042,121,0,24,0.94,0.94,0,0,0,0,1,0,0
11,0.0,0,7,14,28,2,6,22,27,1,0,0,0.0,0.0,0,0,0,0,0,0,0
469,12.0,0,0,0,0,8,8,8,8,16,0,0,0.74,0.74,0,0,0,0,1,0,0
9,12.0,9,0,0,0,0,0,0,0,1,0,0,0.63,0.63,0,1,0,0,1,0,0
13,12.0,3,9,18,27,8,24,44,59,0,0,0,0.78,0.78,0,0,0,0,1,0,0
2660,2.0,670,3500,7000,11000,1093,3518,6531,9929,1045,0,0,0.86,0.9,0,0,0,0,1,0,0
2,4.0,0,0,0,0,0,0,0,0,0,0,0,0.77,0.8,0,0,0,0,1,0,0
1,8.0,0,0,0,1,1,1,1,1,0,0,0,0.78,0.82,0,0,0,0,1,0,1
246,8.0,18,160,320,480,58,194,401,616,74,0,0,0.98,0.98,0,0,0,0,1,0,0
-1,6.0,0,4,4,4,4,7,13,35,0,0,0,0.78,0.78,1,0,0,0,1,0,1
11,8.0,0,0,0,0,2,2,5,11,0,0,0,1.0,0.99,0,0,0,0,1,0,0
0,2.0,0,0,0,0,0,0,0,0,0,0,0,0.53,0.54,0,0,0,0,1,0,1
0,12.0,0,6,6,6,0,1,1,1,0,0,0,0.97,0.97,0,1,0,0,1,0,1
0,2.0,0,32,32,32,1,1,1,2,1,0,0,0.97,0.97,0,0,0,0,1,0,1
6,2.0,0,6,18,24,7,22,29,35,0,0,0,0.38,0.4,0,1,0,0,1,0,1
2,8.0,0,0,0,0,0,0,0,0,1,0,0,0.87,0.92,0,0,0,0,1,0,0
26,4.0,0,0,0,0,0,0,0,2,1,0,0,0.24,0.14,0,1,0,0,1,0,0
13,2.0,0,0,0,0,0,1,2,19,0,0,0,0.8,0.72,0,0,0,0,1,0,0
0,12.0,0,30,30,30,0,0,1,3,3,0,0,0.0,0.0,0,0,0,0,1,0,1
0,2.0,0,11,11,11,0,0,2,2,1,0,0,0.0,0.0,0,1,0,0,1,0,1
0,2.0,0,90,90,90,0,99,99,99,0,0,0,0.68,0.82,0,1,0,0,1,0,1
4,9.0,0,0,0,0,15,15,16,16,0,0,0,0.85,0.83,0,0,0,0,1,0,1
0,8.0,0,11,16,21,4,7,13,25,0,0,0,0.93,0.96,0,0,0,0,1,0,1
747,15.0,12,0,0,0,38,105,218,335,39,0,0,0.87,0.94,0,0,0,0,1,0,0
11,8.0,0,0,0,0,0,0,0,0,1,0,0,0.42,0.36,0,0,0,0,1,0,0
4975,2.0,0,0,0,0,0,0,0,0,0,0,0,0.64,0.8,0,0,0,0,1,0,0
212,8.0,0,0,0,0,0,0,0,0,0,0,0,0.75,0.74,0,0,0,0,1,0,0
1,2.0,0,6,8,9,3,4,6,14,0,0,0,0.0,0.0,0,0,0,0,1,0,1
0,12.0,0,5,7,7,0,0,0,0,0,0,0,0.63,0.72,0,1,0,0,1,0,0
1,12.0,0,12,18,24,1,2,10,12,0,0,0,0.07,0.27,0,0,0,0,1,0,1
11252,8.0,1028,10000,20000,25000,3675,10293,21652,34626,3425,0,0,0.99,0.99,0,0,0,0,1,0,0
2,8.0,0,0,0,0,0,0,1,1,0,0,0,0.0,0.0,0,0,0,1,1,0,0
0,8.0,0,17,17,17,0,0,1,1,0,0,0,0.94,0.91,0,0,0,0,1,0,1
19,14.0,0,10,10,10,3,5,8,16,2,0,0,0.99,0.99,0,0,0,0,1,0,0
3,8.0,0,6,10,16,2,5,9,11,1,0,0,0.92,0.96,0,0,0,0,1,0,1
0,10.0,0,3,4,6,0,1,3,4,0,0,0,0.89,0.9,0,0,0,0,1,0,1
11,2.0,0,0,0,0,0,0,0,0,0,0,0,0.1,0.13,0,1,0,0,1,0,0
1,8.0,0,0,0,0,0,0,0,0,0,0,0,0.78,0.82,0,0,0,1,1,0,0
12,8.0,1,165,294,412,32,131,256,373,47,0,0,0.87,0.89,0,0,0,0,1,0,1
82,8.0,34,64,96,160,26,67,136,216,34,0,0,0.94,0.82,0,0,0,1,1,0,0
16,8.0,0,0,6,14,1,9,23,27,0,0,0,0.97,0.98,0,0,0,0,1,0,0
2,8.0,0,44,66,88,12,36,64,89,7,0,0,0.99,0.97,0,0,0,0,1,0,1
4,8.0,0,0,0,0,0,0,0,0,0,0,0,0.89,0.84,0,0,0,1,1,0,0
7,8.0,0,0,0,0,0,0,0,0,0,0,0,0.79,0.78,0,1,0,0,1,0,0
70,8.0,21,75,155,240,38,90,199,302,58,0,0,0.78,0.82,0,0,0,0,1,0,0
9,8.0,0,6,14,22,3,10,18,22,0,0,0,0.4,0.32,0,0,0,0,1,0,0
26,2.0,0,0,0,0,3,10,12,15,0,0,0,0.47,0.47,0,1,0,1,1,0,1
0,8.0,0,10,20,30,1,3,12,16,0,0,0,1.0,0.94,0,0,0,0,1,0,1
2,8.0,0,412,700,1042,41,197,745,1189,61,0,11,0.28,0.28,0,0,0,0,1,0,1
9,8.0,0,51,71,121,1,51,70,91,5,0,0,0.96,0.98,0,0,0,0,1,0,1
20,8.0,12,180,288,468,68,228,345,451,63,0,0,0.32,0.15,3,0,0,0,1,0,1
2,8.0,0,0,0,0,0,0,1,1,0,0,0,0.98,0.97,0,0,0,0,1,0,0
5,12.0,0,0,0,0,0,0,0,0,0,0,0,0.57,0.7,0,1,0,0,1,0,0
4,8.0,0,28,42,56,10,20,34,57,14,0,0,1.0,0.9,0,0,0,0,1,0,1
32,8.0,0,204,372,600,45,185,313,407,45,0,24,0.31,0.18,0,0,0,0,1,0,0
-1,8.0,0,15,30,42,3,13,24,37,0,0,4,0.76,0.78,1,0,0,0,1,0,1
9,4.0,0,0,0,0,0,0,0,0,0,0,0,0.7,0.66,0,1,0,0,1,0,0
4,2.0,0,1,1,1,1,5,5,5,0,0,0,1.0,0.94,0,1,0,0,1,0,1
2,12.0,0,2,4,6,0,3,4,5,0,0,0,0.73,0.79,0,0,0,0,1,0,0
0,2.0,0,4,7,8,0,0,0,0,0,0,2,0.42,0.36,0,0,0,1,1,0,1
0,9.0,0,2,3,4,1,2,3,3,2,0,0,0.69,0.68,0,0,0,1,1,0,0
0,13.0,0,0,0,0,0,0,0,0,0,0,0,-99.0,-99.0,0,0,0,0,1,0,0
234,12.0,0,0,0,0,0,0,0,0,0,0,0,0.96,0.86,0,0,0,1,1,0,0
4,2.0,0,0,0,0,5,7,8,8,0,0,0,0.46,0.64,0,1,0,1,1,0,0
5,14.0,0,60,100,120,10,34,77,116,14,0,0,0.44,0.38,0,0,0,0,1,0,1
50,8.0,0,21,21,21,2,5,15,23,0,0,0,0.61,0.57,0,0,0,1,1,0,0
10,12.0,0,0,0,0,0,0,0,0,1,0,0,0.58,0.58,0,1,0,0,1,0,0
11,2.0,0,0,10,15,3,6,22,31,1,0,0,0.88,0.74,0,0,0,0,1,0,1
-3,8.0,0,300,300,300,2,2,22,35,4,0,0,0.0,0.0,3,0,0,0,1,0,1
11,9.0,0,0,0,0,0,0,0,0,0,0,0,0.91,0.77,0,0,0,0,1,0,0
0,2.0,0,6,12,12,3,5,8,9,0,0,0,0.99,0.95,0,0,0,0,1,0,1
3,12.0,0,0,0,0,0,0,0,0,0,0,0,0.57,0.7,0,0,0,0,1,0,0
-227,15.0,12,1332,2016,2664,241,666,1303,2150,175,0,72,0.05,0.08,232,0,0,0,1,0,1
15,8.0,0,12,24,36,3,11,33,44,0,0,0,0.85,0.76,0,0,0,0,1,0,0
0,8.0,0,6,6,7,0,0,0,0,0,0,0,0.82,0.81,0,0,0,0,1,0,1
37,8.0,8,6,30,54,8,19,47,85,9,0,0,0.94,0.9,0,0,0,0,1,0,0
7,8.0,1,0,0,0,0,0,1,1,1,0,0,0.82,0.78,0,0,0,0,1,0,0
1,8.0,0,20,30,45,6,16,29,34,0,0,0,1.0,0.99,0,0,0,0,1,0,1
0,8.0,0,2,4,5,0,2,3,4,0,0,0,0.17,0.33,0,0,0,0,1,0,0
3,12.0,0,50,70,100,9,33,55,91,2,0,0,0.86,0.74,0,0,0,0,1,0,1
0,9.0,0,5,5,5,0,0,0,0,0,0,0,0.7,0.66,0,1,0,0,1,0,0
18,9.0,0,0,0,0,1,1,1,1,0,0,0,0.86,0.84,0,0,0,1,1,0,0
157,2.0,0,358,789,1441,108,253,308,323,0,0,0,0.96,0.96,0,0,0,0,1,0,1
10,8.0,0,30,60,90,15,40,77,105,2,0,0,0.96,0.96,0,0,0,0,1,0,1
2,12.0,0,20,30,40,2,9,20,26,0,0,0,0.78,0.78,0,0,0,1,1,0,1
8,2.0,0,0,0,0,0,1,2,7,0,0,0,1.0,0.99,0,1,0,0,1,0,0
60,2.0,4,0,24,72,11,43,73,110,18,0,0,0.66,0.69,0,0,0,1,1,0,0
0,2.0,0,5,5,5,0,0,0,0,0,0,0,0.0,0.0,0,1,0,0,1,0,1
0,2.0,0,72,108,108,0,0,0,0,4,0,0,0.67,0.55,0,1,0,0,0,0,1
185,4.0,230,15,15,15,0,0,0,0,0,0,0,0.79,0.66,0,0,0,0,1,0,1
68,8.0,31,93,147,201,33,83,182,306,30,0,0,0.95,0.91,1,0,0,1,1,0,0
1,8.0,0,36,36,36,9,16,25,43,6,0,0,0.75,0.86,0,0,0,0,1,0,1
1,8.0,0,3,6,9,4,5,8,8,1,0,0,0.84,0.87,0,0,0,0,1,0,1
5,12.0,0,0,0,0,0,0,0,0,0,0,0,0.63,0.72,0,1,0,0,1,0,0
1338,2.0,0,600,2256,3876,832,2474,4762,7264,0,0,0,0.96,0.95,0,0,0,0,1,0,0
233,12.0,8,96,160,256,57,134,366,456,17,0,0,0.77,0.79,0,0,0,0,1,0,0
223,8.0,1,114,186,294,75,147,291,550,58,0,0,0.32,0.5,0,0,0,0,1,0,0
2,8.0,0,0,0,0,0,0,1,2,0,0,0,0.42,0.36,0,0,0,0,1,0,0
-154,8.0,355,1529,1954,2294,652,1447,2602,3171,550,0,0,0.87,0.85,292,0,0,0,1,0,0
44,12.0,0,13,33,48,5,25,58,74,9,0,0,0.9,0.72,0,0,0,1,1,0,0
-2,8.0,0,400,400,400,14,44,89,139,23,0,0,0.0,0.5,2,0,0,0,1,0,1
25856,2.0,6,0,0,0,46,233,471,564,120,0,0,0.91,0.8,0,0,0,0,1,0,0
0,2.0,0,6,9,15,3,5,14,18,0,0,0,0.99,0.98,0,0,0,0,1,0,1
0,8.0,0,5,6,6,0,0,0,0,0,0,0,0.42,0.36,0,0,0,0,1,0,1
100,2.0,0,0,60,80,0,5,37,135,29,0,0,0.96,0.96,0,0,0,0,1,0,1
80,8.0,0,0,0,0,0,0,6,8,1,0,0,0.94,0.89,0,0,0,0,1,0,0
0,8.0,90,114,114,114,0,0,0,0,0,0,0,0.98,0.98,0,1,0,1,1,0,1
7,2.0,0,0,0,0,0,0,0,0,0,0,0,0.81,0.85,0,1,0,1,1,0,0
2,2.0,1,2,2,2,13,30,58,72,14,0,0,0.99,0.93,0,0,0,0,1,0,1
0,12.0,0,3,3,3,1,2,4,7,0,0,0,0.78,0.78,0,0,0,1,1,0,1
0,4.0,0,55,76,76,0,2,13,26,0,0,30,0.77,0.8,0,0,0,0,1,0,1
9,2.0,34,0,0,13,1,16,32,40,0,0,0,0.95,0.97,0,0,0,0,1,0,0
33,8.0,97,322,610,898,42,177,440,693,51,0,0,0.87,0.91,0,0,0,0,1,0,0
0,2.0,0,1,1,1,0,0,0,0,0,0,0,0.63,0.72,0,1,0,0,1,0,0
3,2.0,1,4,9,14,1,4,8,15,1,0,0,0.13,0.17,0,0,0,0,1,0,1
0,8.0,0,4,6,9,2,4,4,7,0,0,0,0.83,0.91,0,0,0,0,1,0,1
28,2.0,0,36,72,108,19,38,71,73,3,0,0,0.91,0.89,0,1,0,0,1,0,1
4,8.0,0,3,3,6,0,0,5,8,0,0,0,1.0,0.95,0,0,0,0,1,0,0
5,3.0,0,0,0,0,3,10,10,10,2,0,0,0.43,0.46,0,0,0,0,1,0,1
46,2.0,0,0,0,10,5,32,36,41,0,0,0,0.37,0.57,0,1,0,1,1,0,0
-41,12.0,0,355,410,482,31,120,209,350,38,0,0,0.81,0.83,41,0,0,0,1,0,1
3,4.0,0,0,0,0,0,0,0,1,0,0,0,0.73,0.78,0,0,0,0,1,0,0
0,8.0,0,58,73,98,4,58,93,122,5,0,46,0.16,0.16,0,0,0,0,1,0,1
0,9.0,0,2,2,2,1,1,2,2,1,0,0,0.99,0.99,0,0,0,0,1,0,1
67,8.0,31,24,72,120,13,43,89,129,17,0,0,0.84,0.9,0,0,0,0,1,0,0
0,2.0,0,22,42,57,0,0,0,0,0,0,7,0.8,0.82,0,0,0,1,1,0,1
6,2.0,0,0,40,40,0,0,0,0,0,0,0,1.0,1.0,0,1,0,0,1,0,1
214,8.0,38,300,650,1155,74,355,889,1194,91,0,0,0.68,0.81,0,0,0,0,1,0,0
0,2.0,0,37,37,37,0,0,0,0,0,0,0,0.73,0.69,0,1,0,0,1,0,0
4,12.0,1,0,1,3,0,1,4,7,3,0,0,0.78,0.78,0,0,0,1,1,0,0
4,2.0,0,1,1,1,0,0,0,0,0,0,0,0.56,0.56,0,1,0,0,1,0,0
52,8.0,0,10,10,20,1,5,10,17,0,0,0,0.49,0.37,0,0,0,1,1,0,0
2,2.0,0,70,70,70,0,0,1,3,0,0,0,-99.0,1.0,0,0,0,0,1,0,0
3,12.0,0,0,0,0,1,3,4,5,0,0,0,0.78,0.78,0,1,0,0,1,0,1
4,2.0,0,12,12,12,4,11,20,30,1,0,0,0.81,0.83,0,0,0,1,1,0,1
1,9.0,0,8,13,18,3,7,9,14,0,0,0,0.99,0.98,0,0,0,1,1,0,1
0,12.0,0,8,11,17,0,3,10,13,1,0,0,0.78,0.78,0,0,0,0,1,0,1
1,8.0,0,12,21,24,1,6,14,19,0,0,0,0.37,0.36,0,0,0,0,1,0,1
0,3.0,0,111,183,214,0,0,1,1,29,0,0,0.99,0.99,0,0,0,0,1,0,1
356,8.0,279,7419,7419,9405,808,2611,5828,9664,943,0,600,0.52,0.53,13,0,0,0,1,0,1
114,9.0,25,63,147,252,63,135,276,386,57,0,0,0.99,0.99,0,0,0,0,1,0,0
0,9.0,0,0,0,0,0,0,0,0,0,0,0,0.69,0.68,0,0,0,0,1,0,0
14,2.0,0,0,20,20,4,9,14,14,2,0,0,0.64,0.64,0,1,0,0,1,0,1
0,2.0,0,6,8,8,0,0,1,3,0,0,0,0.46,0.35,0,0,0,0,1,0,1
193,8.0,0,0,0,0,0,0,0,0,0,0,0,1.0,0.97,0,0,0,0,1,0,0
3,8.0,0,12,24,30,3,5,15,26,0,0,0,0.99,0.97,0,0,0,0,1,0,1
2,9.0,0,0,0,0,0,0,0,0,0,0,0,0.68,0.66,0,0,0,0,1,0,0
7,2.0,0,0,0,0,0,0,4,8,2,0,0,1.0,0.98,0,0,0,0,1,0,0
-64,8.0,3,1328,1748,2288,276,868,1521,2252,469,0,180,0.53,0.54,65,0,0,1,1,0,1
4,8.0,0,0,0,2,0,1,2,3,0,0,0,0.0,0.0,0,0,0,1,1,0,0
0,2.0,0,20,20,20,0,0,0,0,0,0,0,0.86,0.7,0,1,0,0,1,0,1
0,2.0,0,10,10,15,0,4,7,9,0,0,0,0.81,0.83,0,0,0,1,1,0,0
80,8.0,0,0,0,0,0,0,0,0,1,0,0,-99.0,-99.0,0,0,0,1,1,0,0
117,12.0,9,125,125,174,18,49,150,203,34,0,0,0.65,0.77,0,0,0,0,1,0,0
53,8.0,1,45,79,79,15,37,69,92,19,0,0,0.77,0.87,0,0,0,0,1,0,0
0,12.0,0,5,7,7,0,0,0,0,0,0,0,0.62,0.73,0,1,0,0,1,0,1
3,8.0,0,1,3,5,1,2,3,6,0,0,0,0.97,0.97,0,0,0,0,1,0,0
-3,15.0,0,123,123,147,41,87,132,174,40,0,0,0.9,0.91,7,0,0,0,1,0,1
0,2.0,0,3,3,3,0,0,0,0,0,0,0,0.0,0.0,0,1,0,1,1,0,1
-2,2.0,0,555,817,1123,76,269,543,772,87,0,0,0.35,0.27,6,0,0,0,1,0,1
0,4.0,0,14,16,16,2,2,2,2,1,0,0,0.22,0.11,0,1,0,0,1,0,1
11,8.0,0,20,50,80,7,27,54,70,7,0,0,0.7,0.84,0,0,0,0,1,0,1
11,8.0,0,0,16,16,0,5,11,13,5,0,0,0.95,0.87,0,0,0,0,1,0,1
4,8.0,0,40,88,130,12,50,84,165,26,0,0,0.88,0.93,0,0,0,0,1,0,1
8,2.0,0,18,18,18,15,23,23,23,0,0,0,0.9,0.89,0,1,0,0,1,0,1
21,9.0,0,0,0,6,2,3,10,12,0,0,0,0.91,0.74,0,0,0,0,1,0,0
50,12.0,49,0,0,0,0,0,0,0,1,0,0,0.58,0.58,0,1,0,0,1,0,0
0,2.0,0,0,0,0,0,0,0,0,0,0,0,0.96,0.96,0,0,0,0,1,0,1
441,8.0,0,362,502,637,101,419,1006,1606,91,0,0,0.8,0.8,0,0,0,0,1,0,0
156,8.0,8,500,500,500,19,68,142,217,36,0,0,0.5,0.33,0,0,0,0,1,0,0
4,2.0,0,9,9,9,0,0,0,0,0,0,0,0.59,0.81,0,1,0,0,1,0,0
7,8.0,0,0,0,0,0,3,5,5,0,0,0,0.99,0.95,0,0,0,0,1,0,0
0,10.0,2,0,0,1,0,0,2,2,0,0,0,0.89,0.9,0,0,0,0,1,0,1
5,9.0,0,0,0,0,0,0,0,0,0,0,0,0.86,0.84,0,0,0,0,1,0,0
3,10.0,0,0,0,0,1,1,1,4,0,0,0,0.89,0.9,0,0,0,0,1,0,1
53,2.0,0,0,0,0,1,3,6,9,0,0,0,1.0,0.99,0,1,0,0,1,0,0
144,8.0,129,1140,1944,3096,358,1177,2035,2753,249,0,168,0.31,0.18,68,0,0,0,1,0,1
2,8.0,0,3,9,12,3,7,10,16,1,0,0,0.91,0.96,0,0,0,0,1,0,1
6195,8.0,0,0,0,0,0,10,25,38,5,0,0,0.94,0.93,0,0,0,0,1,0,0
0,2.0,0,11,11,11,0,0,0,0,0,0,0,0.1,0.17,0,1,0,0,1,0,1
72,2.0,52,60,180,330,39,87,153,194,44,0,0,0.1,0.04,0,1,0,1,1,0,0
39,2.0,28,36,92,152,25,58,102,168,15,0,0,1.0,0.99,0,0,0,0,1,0,0
651,8.0,0,0,0,85,56,157,241,472,98,0,0,0.97,0.98,0,1,0,0,0,0,0
49,3.0,0,0,0,0,1,2,2,2,1,0,0,0.91,0.91,0,1,0,0,1,0,0
-213,8.0,0,542,542,542,0,301,464,470,0,0,0,1.0,0.97,13,0,0,0,1,0,1
-351,8.0,2,887,1398,1869,367,1638,2370,2576,146,0,0,1.0,0.9,351,0,0,0,1,0,1
54,8.0,0,0,0,0,0,0,3,3,1,0,0,0.98,0.93,0,0,0,0,1,0,0
352,8.0,205,336,768,1224,117,428,891,1331,123,0,0,0.95,0.95,0,0,0,0,1,0,0
136,2.0,1,0,0,0,17,54,109,151,20,0,0,0.98,0.98,0,0,0,0,1,0,0
68,16.0,26,60,90,150,16,44,89,168,23,0,0,0.61,0.62,0,0,0,1,1,0,0
4,2.0,0,0,0,0,2,3,9,9,0,0,0,0.53,0.54,0,1,0,1,1,0,1
6,2.0,0,1,1,1,1,3,3,5,1,0,0,0.96,0.96,0,0,0,0,1,0,1
0,3.0,0,12,18,24,0,5,7,12,2,0,0,0.41,0.46,0,1,0,0,1,0,1
4,8.0,0,0,2,3,1,3,6,9,0,0,0,0.81,0.82,0,0,0,0,1,0,1
104,16.0,0,84,156,228,25,76,212,281,44,0,0,1.0,0.95,0,0,0,0,1,0,0
0,2.0,0,40,40,40,0,0,0,0,0,0,0,0.22,0.27,0,0,0,0,1,0,1
7,8.0,0,0,0,0,0,0,0,0,0,0,0,0.74,0.74,0,1,0,0,1,0,0
2,2.0,0,0,0,0,0,0,1,2,0,0,0,1.0,0.83,0,0,0,0,1,0,1
60,13.0,10,50,90,140,15,49,119,165,25,0,0,0.82,0.81,0,0,0,0,1,0,0
115,9.0,0,0,0,0,0,0,0,2,0,0,0,0.86,0.84,0,0,0,0,1,0,0
5096,2.0,1520,8500,17500,23500,4592,13345,23683,29081,2738,0,0,0.8,0.9,0,0,0,0,1,0,0
6,8.0,0,96,96,96,9,22,37,58,6,0,0,0.82,0.78,0,0,0,0,1,0,1
66,8.0,5,30,60,60,18,46,81,129,27,0,0,0.6,0.57,0,0,0,0,1,0,0
0,8.0,0,21,30,48,2,14,23,32,1,0,0,0.81,0.89,0,0,0,0,1,0,1
7,8.0,0,0,0,0,1,2,2,2,1,0,0,0.98,0.94,0,0,0,0,1,0,0
0,8.0,0,30,60,60,8,19,27,37,12,0,0,1.0,0.99,0,0,0,0,1,0,1
54,4.0,0,0,0,0,0,1,2,2,0,0,0,0.73,0.78,0,0,0,0,1,0,0
3,8.0,0,0,0,0,0,0,0,0,1,0,0,0.42,0.36,0,0,0,0,1,0,0
23,2.0,0,0,0,0,0,1,2,2,0,0,0,0.93,0.92,0,0,0,0,1,0,0
92,8.0,30,142,267,392,46,173,352,488,28,0,0,1.0,0.99,0,0,0,0,1,0,0
0,8.0,0,5,8,11,3,5,8,10,0,0,0,0.78,0.74,0,0,0,0,1,0,1
1,2.0,0,1,2,3,5,6,8,8,0,0,0,0.93,0.97,0,0,0,0,1,0,1
3,12.0,0,0,0,0,0,0,0,0,0,0,0,0.73,0.79,0,0,0,0,1,0,0
973,8.0,0,210,210,210,3,6,10,21,5,0,0,0.9,0.93,0,0,0,0,1,0,0
217,8.0,0,1120,1680,2240,325,1088,2060,2938,587,0,0,0.13,0.09,0,0,0,1,1,0,1
109,2.0,0,0,0,0,14,36,252,417,0,0,0,0.58,0.6,0,0,0,1,1,0,1
2,0.0,0,0,0,0,0,0,1,1,1,0,0,0.0,0.0,0,0,0,0,0,0,0
0,5.0,0,16,16,16,0,0,0,0,0,0,0,0.64,0.67,0,1,0,1,1,0,1
17,9.0,0,0,0,0,0,0,0,0,0,0,0,0.68,0.66,0,0,0,0,1,0,0
6,2.0,0,30,66,96,14,41,66,91,4,0,0,0.99,0.99,0,0,0,0,1,0,1
-2,6.0,0,38,38,38,6,35,72,100,4,0,0,0.78,0.78,2,0,0,0,1,0,1
7,8.0,0,52,70,101,7,25,63,96,15,0,0,0.98,0.97,2,1,0,0,0,0,1
3,2.0,0,10,21,21,19,24,25,25,0,0,0,0.83,0.86,0,0,0,1,1,0,1
22,8.0,0,0,0,0,0,0,0,0,1,0,0,0.67,0.69,0,0,0,0,1,0,0
8,8.0,0,11,18,25,1,5,11,28,3,0,0,0.97,0.87,0,0,0,0,1,0,0
5,12.0,0,0,0,0,0,0,0,0,0,0,0,0.78,0.78,0,1,0,0,1,0,0
73,12.0,92,1586,2554,3610,544,1325,2359,3133,329,0,64,0.69,0.68,26,0,0,0,1,0,1
233,2.0,0,176,308,440,78,295,489,653,56,0,0,1.0,0.87,0,0,0,0,1,0,0
156,0.0,0,0,0,0,5,5,14,18,1,0,0,0.0,0.0,0,0,0,0,1,0,0
2,8.0,0,0,0,0,3,7,10,12,0,0,0,0.91,0.89,0,0,0,0,1,0,1
36898,2.0,490,68069,131393,193019,2855,8320,17734,28990,2786,0,0,0.85,0.89,0,0,0,0,1,0,0
7,2.0,0,12,27,39,8,24,36,48,2,0,0,0.52,0.7,0,0,0,0,1,0,1
10,8.0,0,0,0,0,0,0,0,0,0,0,0,0.8,0.83,0,0,0,0,1,0,0
3,2.0,0,20,20,20,0,0,0,0,0,0,0,0.99,0.93,0,1,0,0,1,0,0
41,8.0,9,27,47,62,14,35,54,107,23,0,0,0.96,0.89,0,0,0,0,1,0,0
74,8.0,5,100,200,200,18,70,157,238,50,0,100,0.22,0.16,0,0,0,0,1,0,0
306,2.0,82,296,710,1095,142,462,8600,8900,143,0,0,0.94,0.96,0,0,0,0,1,0,0
22,52.0,0,0,0,0,0,0,0,1,0,0,0,0.9,0.9,0,1,0,1,0,0,0
372,8.0,165,340,900,1480,187,524,1057,1530,257,0,0,0.55,0.55,0,0,0,0,1,0,0
16,5.0,0,0,0,0,0,0,0,0,0,0,0,0.68,0.69,0,1,0,0,1,0,0
33,12.0,0,0,0,0,0,0,0,1,0,0,0,0.73,0.69,0,1,0,0,1,0,0
0,8.0,0,10,10,20,6,8,15,20,1,0,0,0.75,0.89,0,0,0,0,1,0,1
23,2.0,0,0,12,36,6,27,47,60,0,0,0,1.0,0.96,0,0,0,0,1,0,1
12,8.0,0,0,3,12,0,7,17,28,0,0,0,0.8,0.75,0,0,0,0,1,0,0
10,2.0,0,0,0,0,0,0,0,0,1,0,0,0.93,0.94,0,0,0,0,1,0,0
731,2.0,0,0,0,0,0,6,30,43,136,0,0,0.82,0.96,0,0,0,0,1,0,0
0,8.0,0,7,7,7,0,0,0,0,0,0,0,0.19,0.16,0,0,0,0,1,0,0
0,2.0,0,0,0,0,0,0,0,0,0,0,0,0.63,0.72,0,0,0,0,1,0,1
16,2.0,8,30,65,105,14,31,33,35,0,0,0,0.58,0.45,0,0,0,0,1,0,1
0,8.0,0,10,10,10,0,1,6,9,4,0,0,0.0,0.0,0,0,0,0,1,0,1
0,8.0,0,0,0,0,0,0,0,0,1,0,0,0.99,0.98,0,0,0,1,1,0,0
7,8.0,0,24,36,48,8,17,25,30,3,0,0,0.37,0.54,0,0,0,0,1,0,0
48,8.0,0,65,88,88,36,59,83,108,0,0,0,0.98,0.95,0,0,0,0,1,0,1
0,2.0,0,8,8,8,0,0,0,0,0,0,0,0.17,0.33,0,1,0,0,1,0,1
13,8.0,0,60,60,60,3,11,14,26,1,0,0,0.97,0.95,0,0,0,0,1,0,1
3,8.0,0,24,40,56,10,25,40,49,0,0,0,0.97,0.98,0,0,0,0,1,0,1
10,2.0,0,8,28,51,6,27,71,82,0,0,0,0.97,0.8,0,0,0,0,1,0,1
1,8.0,0,9,13,17,3,9,10,14,1,0,0,0.97,0.97,0,0,0,0,1,0,1
18,12.0,0,28,60,76,1,23,47,66,19,0,0,0.78,0.78,0,1,0,1,0,0,1
0,2.0,0,0,0,0,0,0,0,0,1,0,0,-99.0,-99.0,0,0,0,1,1,0,1
6,2.0,0,0,6,12,5,11,20,27,0,0,0,0.77,0.78,0,0,0,0,1,0,1
2,16.0,0,54,61,75,11,35,65,86,15,0,0,0.99,0.99,1,0,0,0,1,0,1
0,4.0,0,2,2,2,6,8,8,8,0,0,0,0.68,0.66,0,1,0,0,1,0,1
1,4.0,0,49,80,142,17,38,88,129,10,0,0,0.97,0.96,0,0,0,0,1,0,1
6,2.0,0,0,0,0,6,15,20,21,1,0,0,0.95,0.97,0,0,0,0,1,0,1
7,8.0,0,19,27,39,8,17,32,58,0,0,0,0.82,0.88,0,0,0,0,1,0,1
82,2.0,0,0,0,0,1,3,6,9,0,0,0,0.94,0.97,0,0,0,0,1,0,0
1,8.0,0,0,1,1,1,1,2,2,0,0,0,0.82,0.87,0,0,0,0,1,0,1
5,12.0,15,122,225,332,31,73,130,176,45,0,3,0.22,0.26,0,0,0,0,1,0,1
5,0.0,0,0,0,0,1,4,4,9,1,0,0,0.0,0.0,0,0,0,0,1,0,1
0,2.0,6,10,10,10,0,0,0,0,1,0,0,0.09,0.28,0,1,0,0,1,0,1
2,2.0,0,1,3,5,0,1,4,5,0,0,0,0.85,0.87,0,0,0,0,1,0,0
0,2.0,23,0,0,0,0,0,0,0,2,0,0,0.83,0.92,0,0,0,0,1,0,0
-4,8.0,0,15,19,20,1,7,12,24,0,0,0,0.73,0.73,4,0,0,0,1,0,1
22,8.0,0,0,0,0,0,2,5,9,0,0,0,0.99,0.98,0,0,0,0,1,0,0
23,8.0,0,0,0,20,1,11,24,41,3,0,0,1.0,0.99,0,0,0,0,1,0,0
1,9.0,0,15,31,47,3,10,18,26,0,0,0,0.87,0.72,0,0,0,0,1,0,1
5,2.0,0,0,0,0,0,0,0,0,1,0,0,0.84,0.66,0,1,0,0,1,0,0
366,8.0,105,289,666,1036,103,373,790,1218,90,0,0,0.77,0.87,0,0,0,0,1,0,0
4,2.0,0,0,2,4,5,7,11,18,2,0,0,1.0,0.97,0,0,0,0,1,0,1
2,9.0,0,8,8,12,3,9,17,25,0,0,0,0.99,0.98,0,0,0,0,1,0,1
7,9.0,0,0,0,0,0,0,0,0,0,0,0,0.43,0.45,0,0,0,0,1,0,0
4,12.0,0,0,0,0,0,0,0,0,0,0,0,0.63,0.72,0,0,0,0,1,0,0
21,8.0,0,0,0,0,0,0,0,2,0,0,0,0.0,0.1,0,1,0,1,1,0,0
4,2.0,0,5,10,10,2,18,25,30,0,0,0,0.71,0.63,0,0,0,0,1,0,0
5,2.0,0,0,0,0,0,0,0,2,0,0,0,0.73,0.77,0,1,0,0,1,0,0
0,8.0,0,10,15,25,6,9,19,26,0,0,0,0.98,0.99,0,0,0,0,1,0,1
4,9.0,0,0,0,0,0,0,0,0,0,0,0,0.99,0.99,0,0,0,1,1,0,0
3,8.0,0,50,75,100,3,25,39,48,0,0,0,0.98,0.98,0,0,0,0,1,0,1
11,2.0,0,5,15,20,2,6,20,40,0,0,0,0.98,0.99,0,0,0,0,1,0,0
4,8.0,0,0,2,3,0,2,6,8,0,0,0,0.81,0.82,0,0,0,0,1,0,1
0,8.0,0,123,172,221,0,86,147,221,0,0,0,0.77,0.78,0,1,0,0,1,0,1
1005,8.0,57,0,288,672,136,416,874,1417,193,0,0,0.0,0.0,0,0,0,0,1,0,0
5,11.0,0,20,44,64,5,33,52,67,4,0,0,0.88,0.74,0,0,0,0,1,0,1
1,8.0,0,3,6,6,2,2,3,3,1,0,0,0.86,0.88,0,0,0,1,1,0,1
64,9.0,0,0,0,0,0,0,1,1,1,0,0,0.95,0.9,0,1,0,1,1,0,0
6,2.0,0,0,0,0,0,0,0,0,1,0,0,0.45,0.48,0,0,0,0,1,0,0
1557,52.0,0,0,0,0,0,0,0,0,2,0,0,-99.0,-99.0,0,1,0,0,0,0,0
2,3.0,0,3,3,3,0,1,2,3,0,0,0,0.98,0.98,0,0,0,0,1,0,1
8,4.0,0,0,0,1,0,3,5,5,0,0,0,0.73,0.78,0,0,0,0,1,0,0
2,3.0,0,0,0,0,0,1,1,1,0,0,0,0.89,0.9,0,0,0,0,1,0,1
6,12.0,3,120,206,288,28,88,182,258,19,0,7,0.82,0.79,0,0,0,0,1,0,1
84,8.0,3,223,319,452,110,214,363,478,127,0,0,0.97,0.98,0,0,0,0,1,0,1
-2,8.0,0,20,28,40,3,9,18,26,2,0,0,0.26,0.34,2,0,0,0,1,0,1
0,12.0,0,1,1,1,0,0,0,0,0,0,0,0.94,0.87,0,0,0,1,1,0,1
68,8.0,85,1116,1944,3120,358,1188,2064,2798,247,0,84,0.31,0.18,1,0,0,0,1,0,1
0,8.0,0,12,24,30,6,13,23,37,0,0,0,0.79,0.66,0,0,0,0,1,0,1
2,12.0,0,0,0,0,0,0,0,0,0,0,0,0.62,0.73,0,0,0,0,1,0,0
16,8.0,0,7,7,7,0,15,18,22,0,0,0,0.77,0.65,0,0,0,0,1,0,0
13,12.0,0,43,98,143,9,38,73,114,24,0,0,1.0,0.99,0,0,0,0,1,0,1
3,8.0,0,15,21,35,4,13,18,33,0,0,0,0.17,0.33,0,0,0,0,1,0,1
-20,12.0,0,81,96,106,34,42,69,90,10,0,0,0.78,0.78,20,0,0,1,1,0,1
1,2.0,0,3,3,3,1,3,3,3,0,0,0,0.97,0.93,0,0,0,0,1,0,1
0,8.0,0,3,4,5,1,3,4,4,0,0,0,0.98,0.96,0,0,0,0,1,0,1
23,2.0,0,42,78,114,19,42,76,78,3,0,0,0.91,0.89,0,1,0,0,1,0,1
1048,2.0,0,0,0,0,21,68,97,192,14,0,0,0.98,0.97,0,0,0,0,1,0,0
20,12.0,9,10,10,10,0,0,0,0,1,0,0,0.58,0.58,0,1,0,0,1,0,0
5,12.0,0,0,0,0,0,0,0,0,0,0,0,0.78,0.78,0,1,0,0,1,0,0
5,8.0,0,0,0,0,1,1,1,1,1,0,0,0.97,0.98,0,1,0,0,1,0,0
25,12.0,0,0,0,0,0,1,1,1,0,0,0,1.0,0.98,0,0,0,0,1,0,0
2,8.0,0,261,461,621,28,163,325,516,54,0,54,0.38,0.55,10,0,0,0,1,0,1
0,2.0,0,12,12,12,0,0,0,0,1,0,12,0.92,0.85,0,0,0,1,1,0,1
4,2.0,0,3,4,4,3,4,4,4,1,0,0,0.81,0.83,0,1,0,0,1,0,1
51,12.0,0,0,0,0,0,0,0,0,0,0,0,0.57,0.68,0,0,0,0,1,0,0
0,8.0,0,3,5,6,0,1,2,3,1,0,0,0.1,0.12,0,0,0,0,1,0,1
5,8.0,3,281,410,549,49,175,363,590,32,0,16,0.5,0.52,2,0,0,1,1,0,1
6,8.0,0,12,20,28,3,10,19,28,0,0,0,0.79,0.66,0,0,0,0,1,0,1
6,2.0,0,98,146,218,11,52,110,169,29,0,0,0.66,0.69,0,0,0,0,1,0,1
160,8.0,57,115,250,385,61,160,322,485,210,0,0,0.84,0.87,0,0,0,1,1,0,0
0,12.0,0,1,2,2,1,1,2,2,0,0,1,0.63,0.72,0,0,0,0,1,0,1
0,8.0,1,4,7,9,1,4,6,10,0,0,0,0.79,0.87,0,0,0,0,1,0,1
0,3.0,0,0,0,0,1,1,1,1,1,0,0,0.94,0.97,0,0,0,0,1,0,1
31,2.0,29,32,64,104,14,48,97,131,4,0,0,0.97,0.98,0,0,0,0,1,0,1
0,8.0,0,21,29,45,3,20,32,39,6,0,0,0.99,0.98,0,0,0,1,1,0,1
8,6.0,0,84,84,84,28,38,59,78,11,0,0,0.78,0.78,0,0,0,0,1,0,1
7,2.0,0,0,0,0,2,4,9,9,0,0,0,0.53,0.54,0,1,0,0,1,0,1
13,4.0,0,0,0,0,0,0,0,0,0,0,0,0.24,0.14,0,1,0,0,1,0,0
-4,8.0,0,7,9,10,10,12,15,15,1,0,0,0.37,0.38,4,0,0,0,1,0,1
43,8.0,0,0,0,0,4,15,24,41,0,0,0,0.95,0.91,0,0,0,1,1,0,0
22,2.0,0,0,0,0,0,0,2,2,0,0,0,1.0,0.95,0,1,0,0,1,0,0
58,8.0,0,0,0,0,0,1,2,4,0,0,0,1.0,0.99,0,0,0,1,1,0,0
1,8.0,0,10,10,20,1,4,6,8,0,0,0,0.98,0.99,0,0,0,0,1,0,0
5,8.0,0,9,21,29,7,15,27,50,4,0,0,0.96,0.96,0,0,0,0,1,0,1
25,2.0,20,0,0,0,3,19,19,19,2,0,0,0.96,0.86,0,1,0,0,1,0,0
3,2.0,0,20,30,50,11,23,40,53,1,0,0,0.67,0.69,0,0,0,0,1,0,1
0,2.0,0,120,180,240,0,0,1,1,0,0,80,0.82,0.83,0,1,0,0,1,0,1
4,12.0,0,0,0,0,0,1,1,2,0,0,0,0.74,0.74,0,0,0,0,1,0,0
253,52.0,0,0,0,0,0,0,0,0,0,0,0,0.41,0.75,0,1,0,0,0,0,0
-6,2.0,0,165,240,390,15,33,35,35,0,0,0,0.24,0.28,0,1,0,0,1,0,1
2,2.0,0,1,2,3,0,1,2,5,1,0,0,0.99,0.99,0,0,0,0,1,0,0
0,8.0,0,3,3,3,0,0,0,0,0,0,0,0.1,0.13,0,1,0,0,1,0,0
2,8.0,0,20,28,38,9,36,51,65,6,0,0,0.99,0.9,0,0,0,0,1,0,1
35,8.0,0,0,0,0,3,7,10,16,0,0,0,0.7,0.86,0,0,0,0,1,0,0
0,4.0,0,5,8,8,0,0,0,0,0,0,0,0.79,0.66,0,1,0,0,1,0,1
545,12.0,0,0,0,0,0,9,20,28,3,0,0,0.77,0.73,0,0,0,0,1,0,0
687,8.0,295,384,768,1080,156,531,957,1448,212,0,0,1.0,0.96,0,0,0,0,1,0,0
2,12.0,0,5,7,11,0,2,5,6,0,0,0,0.57,0.7,0,0,0,0,1,0,0
2,8.0,0,16,24,40,13,19,31,35,1,0,0,0.96,0.89,0,0,0,0,1,0,1
4,2.0,0,8,16,24,3,10,16,32,0,0,0,0.99,0.99,0,0,0,0,1,0,1
2,12.0,0,0,0,0,0,0,0,0,0,0,0,0.96,0.98,0,0,0,0,1,0,0
3,8.0,0,0,0,0,1,1,1,1,0,0,0,0.7,0.64,0,0,0,0,1,0,1
0,8.0,0,24,40,48,8,25,49,63,21,0,0,0.24,0.47,1,0,0,1,1,0,1
70,8.0,2,47,89,173,12,57,112,154,29,0,0,0.83,0.91,0,0,0,0,1,0,0
10,12.0,0,0,0,0,0,0,0,0,1,0,0,0.58,0.58,0,1,0,0,1,0,0
0,10.0,0,2,3,3,1,3,3,3,0,0,0,0.77,0.85,0,0,0,0,1,0,1
0,2.0,0,4,7,8,0,0,0,0,0,0,0,0.46,0.35,0,0,0,1,1,0,1
3,2.0,0,3,6,9,2,6,13,14,1,0,0,0.19,0.16,0,1,0,0,1,0,1
16,2.0,0,0,0,0,0,0,7,7,0,0,0,0.9,0.82,0,1,0,0,1,0,0
0,2.0,0,66,76,81,378,418,462,529,14,0,0,0.92,0.95,120,0,0,0,1,0,1
7,4.0,0,0,0,0,0,0,0,0,0,0,0,0.73,0.78,0,0,0,0,1,0,0
-3,8.0,0,300,300,300,1,1,22,35,2,0,0,0.0,0.0,3,0,0,0,1,0,1
26,2.0,0,0,0,0,0,0,0,0,0,0,0,0.66,0.6,0,0,0,0,1,0,0
10,8.0,0,0,0,0,0,0,0,1,0,0,0,0.17,0.33,0,0,0,0,1,0,0
24,2.0,0,96,96,96,0,0,0,0,1,0,0,0.54,0.48,0,1,0,1,1,0,0
0,2.0,0,30,40,60,6,20,32,32,1,0,0,0.88,0.94,0,1,0,0,1,0,1
24,8.0,0,0,0,0,0,0,0,0,0,0,0,0.84,0.77,0,0,0,0,1,0,0
0,2.0,0,5,5,5,0,0,0,0,0,0,2,0.63,0.72,0,1,0,0,1,0,1
2,4.0,0,0,1,1,0,2,5,6,0,0,0,0.73,0.78,0,0,0,0,1,0,0
5,8.0,0,2,3,5,0,0,1,2,0,0,0,0.15,0.34,0,0,0,0,1,0,0
14940,12.0,0,0,0,0,0,0,0,1,1,0,0,0.78,0.78,0,0,0,1,1,0,0
4,8.0,0,1,2,4,0,1,4,6,1,0,0,0.99,0.98,0,0,0,0,1,0,0
1,3.0,0,4,7,9,0,3,6,6,0,0,1,0.89,0.9,0,0,0,0,1,0,1
0,2.0,0,74,101,101,0,0,0,0,0,0,0,0.3,0.35,0,1,0,1,1,0,1
12,0.0,0,354,518,700,56,153,322,494,71,0,0,0.0,0.0,1,0,0,0,0,0,1
55,8.0,10,204,371,471,98,211,328,549,33,0,14,0.79,0.66,0,0,0,0,1,0,1
0,12.0,0,8,11,17,0,3,10,13,1,0,0,0.78,0.78,0,0,0,0,1,0,1
15,2.0,0,0,0,0,0,0,0,0,0,0,0,0.8,0.82,0,1,0,0,1,0,0
0,2.0,3,0,0,0,0,0,0,0,0,0,0,0.46,0.35,0,1,0,0,1,0,0
1,8.0,0,0,0,0,0,0,0,0,0,0,0,0.99,0.98,0,0,0,0,1,0,0
55,8.0,12,356,652,976,92,310,645,901,37,0,36,0.66,0.69,0,0,0,0,1,0,1
1,8.0,0,29,43,43,4,15,24,36,0,0,1,0.42,0.36,0,0,0,0,1,0,1
5,3.0,0,5,10,15,2,4,8,13,0,0,0,0.89,0.9,0,0,0,0,1,0,0
13,12.0,0,0,0,0,0,0,0,0,1,0,0,0.86,0.75,0,0,0,0,1,0,0
96,8.0,9,61,125,217,20,70,143,196,37,0,0,0.99,0.99,0,0,0,0,1,0,0
921,2.0,1309,1836,3384,4656,409,1305,2827,4049,707,0,144,0.28,0.54,0,0,0,0,1,0,0
3,8.0,1,3,6,9,1,3,7,14,1,0,0,0.81,0.82,0,0,0,0,1,0,1
1,8.0,0,29,42,42,1,10,22,32,0,0,0,0.37,0.36,0,0,0,0,1,0,1
4,8.0,0,0,0,0,0,0,0,0,1,0,0,0.42,0.36,0,0,0,0,1,0,0
15,2.0,0,20,30,40,4,13,32,36,1,0,0,1.0,1.0,0,0,0,0,1,0,0
2,2.0,0,60,75,105,5,6,6,6,4,0,0,0.85,0.84,0,1,0,0,1,0,1
0,3.0,0,2,4,5,1,1,3,3,1,0,0,0.98,0.99,0,0,0,0,1,0,0
13,2.0,0,0,0,0,0,1,1,3,0,0,0,0.9,0.91,0,0,0,0,1,0,0
6,8.0,0,34,82,126,21,52,97,169,26,0,0,0.92,0.94,0,0,0,0,1,0,1
3,8.0,0,0,0,0,5,7,15,27,0,0,0,0.88,0.88,0,0,0,0,1,0,1
2,8.0,3,13,23,31,7,17,30,49,1,0,1,0.85,0.56,0,0,0,0,1,0,1
36,2.0,0,0,0,0,0,0,0,0,1,0,0,0.99,0.99,0,1,0,0,1,0,0
600,8.0,0,0,0,0,1,4,10,17,1,0,0,0.98,0.97,0,0,0,0,1,0,0
0,5.0,0,14,23,25,0,0,0,0,0,0,0,0.68,0.69,0,1,0,1,1,0,1
-1,12.0,0,6,9,11,3,5,8,9,0,0,0,0.7,0.77,1,1,0,0,0,0,1
4,8.0,0,0,0,36,2,2,3,8,2,0,0,0.94,0.79,0,0,0,0,1,0,1
0,12.0,0,0,0,0,0,0,0,0,0,0,0,0.96,0.97,0,0,0,1,1,0,1
12,2.0,0,0,0,0,0,0,0,0,1,0,0,0.47,0.47,0,1,0,0,1,0,0
1600,2.0,0,0,0,0,0,0,0,0,0,0,0,-99.0,0.14,0,1,0,0,1,0,0
0,2.0,0,40,40,40,0,0,0,0,1,0,0,0.0,0.0,0,1,0,0,1,0,0
0,8.0,0,8,8,8,2,3,8,11,15,0,0,0.56,0.69,0,0,0,0,1,0,1
14,8.0,0,0,0,0,0,0,1,1,1,0,0,0.34,0.35,0,0,0,0,1,0,0
19,8.0,0,0,0,0,0,0,0,0,1,0,0,0.81,0.82,0,0,0,0,1,0,0
4,4.0,0,2,2,2,0,0,0,0,0,0,0,0.73,0.78,0,0,0,0,1,0,0
0,8.0,0,0,0,0,0,0,0,0,0,0,0,0.79,0.71,0,0,0,1,1,0,0
92,8.0,40,110,260,440,48,172,310,448,68,0,0,0.95,0.95,2,0,0,0,1,0,0
10,8.0,0,0,0,0,0,1,2,5,2,0,0,0.82,0.78,0,0,0,0,1,0,0
3,2.0,0,0,0,0,0,0,0,0,0,0,0,0.89,0.84,0,1,0,0,1,0,0
1,8.0,0,4,7,10,2,4,8,10,2,0,0,0.43,0.46,0,0,0,1,1,0,1
0,9.0,0,3,4,6,0,2,3,4,8,0,0,0.98,0.98,0,0,0,0,0,0,1
4,8.0,0,0,0,0,0,0,0,0,0,0,0,0.74,0.73,0,0,0,0,1,0,0
134,8.0,17,672,1056,1392,163,443,875,1305,156,0,48,0.61,0.57,5,0,0,1,1,0,1
293,8.0,9,114,278,360,107,373,688,1205,94,0,56,0.93,0.78,0,0,0,0,1,0,0
5,12.0,0,0,0,0,0,0,0,1,0,0,0,0.74,0.74,0,0,0,0,1,0,0
0,12.0,0,23,23,23,6,10,14,14,0,0,0,0.78,0.78,0,1,0,0,1,0,1
8,2.0,0,0,0,0,0,0,0,0,0,0,0,0.0,0.0,0,0,0,0,1,0,0
203,12.0,34,130,190,235,39,102,193,351,50,0,0,0.86,0.74,0,0,0,0,1,0,0
6,4.0,0,0,0,0,0,0,1,1,3,0,0,0.73,0.78,0,1,0,0,1,0,0
0,12.0,0,6,6,6,0,1,3,5,0,0,1,0.78,0.78,0,0,0,0,1,0,1
935,8.0,0,27,217,446,43,140,234,274,51,0,0,0.69,0.59,0,0,0,0,1,0,0
103,2.0,0,0,0,0,0,0,1,1,0,0,0,0.98,0.97,0,0,0,0,1,0,0
1,8.0,0,160,160,160,5,16,35,51,0,0,0,0.94,0.79,0,0,0,1,1,0,1
65,8.0,19,160,304,448,110,307,544,593,53,0,0,0.97,0.97,0,0,0,0,1,0,1
37,16.0,10,449,836,1250,113,357,643,791,0,0,8,0.96,0.96,0,0,0,0,1,0,1
8,8.0,3,24,44,64,9,22,34,55,0,0,0,0.99,0.99,0,0,0,0,1,0,0
59,8.0,10,0,32,52,7,28,71,123,16,0,0,0.79,0.91,0,0,0,0,1,0,0
2,8.0,0,8,8,10,5,10,16,20,0,0,0,0.79,0.66,0,0,0,0,1,0,1
40,4.0,54,284,516,752,109,259,419,419,56,0,0,0.87,0.9,1,0,0,0,1,0,0
1,8.0,0,12,12,16,1,3,11,17,14,0,0,0.97,0.93,0,1,0,0,1,0,1
4,8.0,0,9,15,23,1,10,16,19,0,0,0,0.79,0.78,0,0,0,0,1,0,1
4980,52.0,0,0,0,0,0,10,20,20,0,0,0,0.68,0.77,0,1,0,0,0,0,0
7,2.0,0,0,0,0,2,2,10,10,1,0,0,0.99,0.99,0,1,0,0,1,0,1
0,2.0,0,6,6,6,0,0,0,0,0,0,0,0.62,0.62,0,1,0,0,1,0,0
9,4.0,0,0,0,0,2,2,4,4,0,0,0,0.77,0.8,0,0,0,0,1,0,0
0,8.0,0,19,43,55,4,11,28,41,0,0,0,0.15,0.34,0,0,0,0,1,0,1
1,8.0,0,4,6,9,4,8,10,17,0,0,0,0.78,0.74,0,0,0,0,1,0,1
1,8.0,0,4,4,7,3,6,11,14,0,0,0,0.85,0.89,0,0,0,1,1,0,1
0,2.0,0,6,8,8,0,0,0,0,0,0,0,0.37,0.36,0,1,0,1,1,0,1
2,3.0,0,10,15,20,4,10,15,23,0,0,0,0.89,0.9,0,0,0,0,1,0,1
4,2.0,0,1,3,4,1,2,4,5,1,0,0,0.95,0.96,0,0,0,1,1,0,0
216,12.0,0,0,24,48,8,28,116,234,26,0,0,0.93,0.87,0,0,0,0,1,0,0
461,2.0,0,300,300,300,202,616,1442,1447,0,0,0,0.99,0.98,0,0,0,0,1,0,0
16,4.0,0,0,0,0,0,0,0,0,0,0,0,1.0,1.0,0,1,0,1,1,0,0
2,8.0,2,9,18,18,6,10,20,28,4,0,0,0.78,0.83,0,0,0,0,1,0,1
4,8.0,0,64,64,64,9,17,31,50,0,0,0,0.0,0.0,0,0,0,0,1,0,1
13,8.0,0,208,416,416,29,92,180,287,28,0,0,0.85,0.83,0,0,0,0,1,0,1
2,12.0,0,0,0,0,0,0,0,0,1,0,0,0.63,0.72,0,0,0,0,1,0,0
35,8.0,0,0,0,0,0,0,0,0,0,0,0,0.89,0.93,0,0,0,0,1,0,0
4,12.0,0,1,1,1,0,0,0,0,0,0,0,0.63,0.72,0,1,0,0,1,0,0
1,12.0,0,0,0,0,0,4,6,11,0,0,0,0.87,0.75,0,1,0,0,1,0,0
0,2.0,0,17,27,32,0,0,0,0,0,0,0,0.64,0.67,0,1,0,1,1,0,1
19,8.0,0,0,0,0,0,0,1,1,0,0,0,0.79,0.78,0,0,0,0,1,0,0
6,4.0,0,0,0,0,2,4,5,9,0,0,0,0.79,0.66,0,1,0,0,1,0,1
4,2.0,0,98,137,189,21,48,93,128,30,0,0,0.96,0.92,0,0,0,0,1,0,1
1,8.0,0,2,4,6,1,2,3,4,1,0,0,1.0,0.99,0,0,0,0,1,0,0
0,9.0,0,5,7,7,0,0,0,0,0,0,0,0.68,0.66,0,1,0,0,1,0,1
8,14.0,4,0,1,3,2,4,9,11,0,0,0,0.99,0.99,0,0,0,0,1,0,0
3,9.0,0,12,22,33,3,15,41,52,0,0,0,0.69,0.68,0,0,0,0,1,0,1
0,2.0,0,10,10,10,0,0,0,0,0,0,0,0.27,0.26,0,1,0,1,1,0,1
9,2.0,1,5,11,11,0,8,8,8,0,0,0,1.0,1.0,0,0,0,0,1,0,1
3,12.0,0,12,18,24,1,9,15,22,5,0,0,0.78,0.78,0,0,0,0,1,0,1
13,9.0,0,0,0,0,1,2,4,9,0,0,0,0.99,0.98,0,0,0,0,1,0,0
-5,3.0,0,48,90,132,31,37,40,44,7,0,0,0.96,0.96,5,0,0,0,1,0,1
3,3.0,0,6,6,6,6,15,15,15,0,0,1,0.52,0.41,0,1,0,0,1,0,1
36,9.0,0,0,0,0,0,0,0,0,0,0,0,0.68,0.66,0,0,0,0,1,0,0
34,11.0,0,14,41,95,7,24,69,89,4,0,0,0.88,0.74,0,0,0,0,1,0,1
1,8.0,0,0,0,0,0,0,0,0,0,0,0,0.78,0.83,0,0,0,0,1,0,0
1,8.0,0,0,0,0,0,0,0,0,0,0,0,0.89,0.88,0,0,0,0,1,0,0
0,8.0,0,3,5,7,0,3,3,4,0,0,0,0.79,0.86,0,0,0,0,1,0,1
46,8.0,0,0,0,0,5,12,27,55,0,0,0,0.85,0.78,0,0,0,0,1,0,0
4,8.0,0,12,24,36,6,13,18,36,2,0,0,0.75,0.74,0,0,0,0,1,0,1
1,4.0,0,0,0,0,1,1,1,1,0,0,0,0.84,0.9,0,0,0,0,1,0,1
-16,8.0,0,30,33,36,4,13,24,37,2,0,6,0.46,0.45,16,0,0,0,1,0,1
37,9.0,0,0,0,0,0,1,1,1,0,0,0,0.85,0.83,0,0,0,0,1,0,0
10,8.0,2,56,86,116,16,33,57,78,3,0,0,0.75,0.74,0,0,0,0,1,0,1
0,14.0,0,12,19,26,3,8,13,19,1,0,0,0.99,0.88,0,0,0,0,1,0,1
2036,8.0,0,0,0,0,28,260,508,1000,146,0,0,0.81,0.89,0,0,0,1,1,0,0
8,4.0,0,0,0,0,0,0,0,0,0,0,0,0.77,0.8,0,1,0,0,1,0,0
2,8.0,0,0,1,2,1,1,2,4,1,0,0,0.97,0.93,0,0,0,0,1,0,0
1,8.0,0,30,45,45,2,12,29,44,0,0,0,0.29,0.29,0,0,0,1,1,0,1
63,4.0,0,0,0,0,1,3,3,3,2,0,0,0.73,0.78,0,0,0,0,1,0,0
274,2.0,0,0,0,0,0,0,2,2,2,0,0,1.0,0.99,0,0,0,0,1,0,0
1,8.0,0,1,1,1,0,1,1,1,0,0,1,0.82,0.81,0,0,0,0,1,0,0
4,2.0,0,0,6,6,0,0,0,0,0,0,0,0.91,0.89,0,1,0,0,1,0,1
0,8.0,0,320,544,784,0,0,0,0,0,0,0,0.97,0.98,0,0,0,0,1,0,1
11,8.0,6,49,93,137,9,89,173,234,13,0,0,0.69,0.68,0,0,0,0,1,0,1
44,2.0,0,46,92,161,4,70,153,269,1,0,0,0.37,0.57,0,0,0,1,1,0,0
0,10.0,0,2,3,4,1,1,3,4,0,0,0,0.89,0.9,0,0,0,0,1,0,1
0,2.0,0,13,16,16,0,0,0,0,0,0,0,0.0,0.0,0,1,0,1,1,0,0
4,0.0,0,14,28,42,2,4,10,30,3,0,0,0.0,0.0,0,0,0,0,0,0,1
2,8.0,0,44,90,113,0,0,0,0,0,0,0,0.96,0.94,0,0,0,0,1,0,0
7,8.0,0,37,57,77,6,27,57,70,0,0,0,0.85,0.56,0,0,0,0,1,0,0
15,8.0,0,0,0,0,0,0,0,1,0,0,0,0.96,0.93,0,0,0,0,1,0,0
1,2.0,0,2,3,4,0,1,2,2,0,0,0,0.14,0.32,0,0,0,0,1,0,1
4,8.0,0,0,0,0,1,3,3,7,0,0,0,0.87,0.9,0,1,0,0,1,0,0
14,12.0,0,9,25,41,4,14,29,49,1,0,0,0.74,0.72,0,0,0,0,1,0,1
107,12.0,0,0,0,0,50,56,56,56,0,0,0,0.74,0.76,0,0,0,0,1,0,1
145,8.0,233,2008,3352,4584,499,1470,2931,4546,880,0,288,0.71,0.7,12,0,0,0,1,0,1
0,8.0,0,10,14,18,6,12,13,14,0,0,0,0.78,0.86,0,0,0,0,1,0,1
1,8.0,0,12,24,36,2,9,17,26,1,0,12,0.39,0.39,0,0,0,0,1,0,1
1,9.0,0,10,10,10,3,11,17,19,0,0,0,0.69,0.68,0,0,0,0,1,0,1
3,2.0,0,16,16,16,0,0,0,0,0,0,0,0.99,0.99,0,1,0,1,1,0,0
0,2.0,0,18,18,18,0,0,0,0,1,0,0,0.08,0.16,0,1,0,0,1,0,1
6,8.0,10,50,50,50,16,55,98,131,32,0,0,1.0,0.94,0,0,0,0,1,0,1
27,8.0,0,0,0,0,0,0,0,0,0,0,0,-99.0,-99.0,0,0,0,0,1,0,0
6,8.0,0,4,14,22,6,9,21,25,0,0,0,0.7,0.75,0,0,0,0,1,0,1
4,8.0,0,0,0,0,0,0,0,0,1,0,0,0.08,0.3,0,0,0,0,1,0,0
0,3.0,0,281,441,441,0,0,1,1,62,0,0,0.92,0.96,0,0,0,0,1,0,1
3401,8.0,0,0,0,0,307,361,421,1392,171,0,0,0.66,0.75,0,0,0,0,1,0,0
2,2.0,0,16,28,44,4,10,21,26,0,0,0,0.76,0.78,0,0,0,0,1,0,0
0,4.0,0,23,35,36,2,2,2,2,0,0,0,0.63,0.72,2,1,0,1,1,0,1
92,16.0,3,157,179,264,37,110,200,281,58,0,1,0.62,0.62,0,0,0,1,1,0,0
468,8.0,136,1066,1546,2675,531,1931,3355,4375,310,0,112,0.72,0.72,0,0,0,0,1,0,1
109,52.0,0,0,0,0,0,2,6,10,2,0,0,0.97,0.95,0,1,0,1,1,0,0
10,2.0,0,0,9,9,1,8,12,13,1,0,0,0.98,0.94,0,0,0,0,1,0,1
26,2.0,0,0,0,0,90,230,366,490,0,0,0,0.95,0.93,0,0,0,1,1,0,0
5,9.0,0,0,0,0,0,0,0,0,0,0,0,-99.0,-99.0,0,0,0,0,1,0,0
12,8.0,0,44,79,100,5,16,78,117,0,0,0,0.37,0.38,0,0,0,0,1,0,1
0,8.0,0,60,60,60,9,18,27,45,0,0,0,0.95,0.95,0,0,0,0,1,0,1
0,8.0,0,18,39,57,3,16,23,36,3,0,0,0.98,0.96,0,0,0,0,1,0,1
7,0.0,0,8,18,27,2,18,31,41,1,0,0,0.0,0.0,0,0,0,1,0,0,1
61,8.0,32,91,161,217,50,117,192,285,35,0,0,0.82,0.88,2,0,0,0,1,0,0
98,12.0,0,0,0,0,0,0,0,1,0,0,0,0.94,0.87,0,0,0,0,1,0,0
14,8.0,1,0,21,21,4,10,19,30,2,0,0,1.0,1.0,0,0,0,0,1,0,1
592,8.0,0,0,0,0,104,170,262,326,43,0,0,1.0,0.95,0,0,0,1,1,0,0
2,9.0,0,0,0,0,0,0,0,0,0,0,0,0.68,0.66,0,0,0,1,1,0,0
36,8.0,0,0,0,0,0,0,0,0,2,0,0,0.76,0.78,0,0,0,0,1,0,0
601,2.0,2,528,1188,1716,241,695,1494,2041,210,0,0,0.43,0.64,0,0,0,0,1,0,0
1217,0.0,41,0,0,0,5,248,248,248,129,0,0,0.0,0.0,0,0,0,0,0,0,0
3,12.0,0,0,0,0,0,0,0,0,0,0,0,0.78,0.78,0,0,0,0,1,0,0
10,9.0,0,0,12,18,1,3,8,10,0,0,0,0.93,0.74,0,0,0,0,1,0,0
2,2.0,0,40,76,112,5,5,5,5,0,0,0,0.99,0.98,0,0,0,0,1,0,1
15,4.0,0,4,12,16,1,4,14,17,0,0,0,0.73,0.78,0,0,0,0,1,0,0
0,9.0,0,3,3,3,1,1,1,1,0,0,0,0.87,0.72,0,0,0,1,1,0,1
650,4.0,0,0,0,0,0,0,0,0,1,0,0,0.98,0.96,0,0,0,0,1,0,0
2,8.0,0,24,37,50,7,15,21,32,1,0,0,0.76,0.78,0,0,0,0,1,0,1
15,2.0,0,0,0,0,0,0,0,0,0,0,0,0.92,0.95,0,1,0,0,1,0,0
4,12.0,0,0,0,0,0,0,0,0,0,0,0,0.78,0.78,0,0,0,0,1,0,0
3,2.0,0,40,60,100,12,33,44,47,0,0,0,0.9,0.85,0,0,0,0,1,0,1
58,2.0,0,0,0,0,3,3,5,7,0,0,0,1.0,0.96,0,0,0,1,1,0,0
0,2.0,0,3,3,3,0,0,0,0,0,0,0,0.37,0.36,0,0,0,0,1,0,1
2,8.0,0,30,30,45,4,12,21,46,4,0,0,0.0,0.2,0,0,0,0,1,0,1
2,2.0,0,13,24,36,5,13,16,16,0,0,0,0.89,0.95,0,0,0,0,1,0,1
0,8.0,0,2,2,3,0,0,2,2,1,0,0,0.7,0.75,0,0,0,0,1,0,1
1,8.0,0,27,54,78,4,15,36,48,8,0,0,0.62,0.62,0,0,0,0,1,0,1
63,12.0,2,40,79,118,16,50,82,135,17,0,0,0.78,0.78,0,0,0,0,1,0,0
3,8.0,0,0,0,0,0,0,0,0,1,0,0,0.98,0.97,0,0,0,0,1,0,1
0,9.0,0,5,8,11,2,4,7,9,0,0,0,0.99,0.98,0,0,0,0,1,0,1
0,12.0,0,6,10,11,5,14,19,24,0,0,0,0.63,0.72,0,0,0,0,1,0,1
0,2.0,0,5,5,5,0,0,0,0,0,0,0,0.0,0.0,0,1,0,1,1,0,1
0,2.0,0,1017,1647,1807,0,0,0,0,85,0,0,0.79,0.66,0,1,0,0,1,0,1
0,8.0,0,16,24,32,1,8,13,20,0,0,4,0.66,0.67,0,0,0,0,1,0,1
394,2.0,0,0,0,0,15,46,80,102,11,0,0,0.92,0.86,0,0,0,1,1,0,0
0,8.0,0,26,34,42,8,16,22,36,1,0,0,0.98,0.99,0,0,0,0,1,0,1
8,2.0,0,0,0,0,0,0,0,0,1,0,0,0.79,0.83,0,1,0,0,1,0,1
4835,52.0,0,0,0,0,5,15,30,52,0,0,0,0.96,0.86,0,1,0,0,0,0,0
6,12.0,9,66,66,66,0,0,0,0,8,0,0,0.21,0.27,0,0,0,0,1,0,1
18,9.0,0,0,0,0,0,0,2,2,1,0,0,0.99,0.99,0,0,0,0,1,0,0
13,8.0,0,0,0,0,2,4,8,9,2,0,0,0.35,0.55,0,0,0,1,1,0,1
5,4.0,0,87,130,169,16,28,35,36,4,0,0,0.22,0.14,0,1,0,0,1,0,1
67,8.0,40,620,745,1005,353,674,828,970,250,0,0,0.91,0.93,55,0,0,1,1,0,1
0,8.0,0,72,121,157,0,0,0,0,11,0,0,0.65,0.4,0,1,0,1,0,0,1
2,8.0,0,0,0,0,0,0,0,0,0,0,0,0.51,0.53,0,1,0,0,1,0,0
0,2.0,0,50,70,70,0,0,0,0,4,0,0,1.0,0.91,0,1,0,0,0,0,1
44,2.0,0,706,1466,2406,39,39,39,39,37,0,0,0.48,0.53,0,1,0,0,1,0,1
7,8.0,0,10,20,30,2,3,9,26,2,0,0,1.0,0.9,0,0,0,0,1,0,1
148,12.0,0,389,535,754,5,6,6,6,127,0,0,0.97,0.92,0,1,0,0,1,0,0
8,8.0,0,8,26,35,0,5,11,26,1,0,0,1.0,0.99,0,0,0,0,1,0,1
0,8.0,0,4,5,7,0,2,2,7,5,0,0,0.8,0.82,0,0,0,1,1,0,1
55,2.0,0,0,0,80,5,33,50,76,0,0,0,0.84,0.87,0,0,0,0,1,0,0
30,8.0,1,96,192,240,18,59,163,265,27,0,0,0.82,0.91,1,0,0,0,1,0,1
2,12.0,0,4,6,12,1,5,13,17,0,0,0,0.08,0.12,0,0,0,0,1,0,1
5,8.0,0,19,31,39,0,5,22,33,3,0,0,0.16,0.16,0,0,0,0,1,0,1
0,2.0,0,42,76,109,0,0,0,4,1,0,0,0.78,0.89,0,1,0,0,1,0,1
0,2.0,0,11,20,22,0,0,0,0,0,0,0,0.71,0.75,0,0,0,1,1,0,1
4,12.0,0,0,0,0,0,0,2,3,0,0,0,0.82,0.79,0,0,0,0,1,0,0
8,2.0,0,5,31,40,8,36,61,79,2,0,0,0.95,0.97,0,0,0,0,1,0,1
6,2.0,0,0,6,11,0,1,11,25,2,0,0,1.0,0.99,0,0,0,0,1,0,0
-11,2.0,0,1124,1747,2357,343,664,779,814,89,0,49,0.73,0.7,16,0,0,0,1,0,1
3,9.0,0,0,0,0,0,0,0,0,0,0,0,0.86,0.84,0,0,0,0,1,0,0
9,4.0,0,0,3,6,0,2,5,5,0,0,0,0.89,0.9,0,1,0,0,1,0,0
2,9.0,0,0,0,0,0,0,0,0,0,0,0,0.99,0.99,0,1,0,0,1,0,0
2,8.0,0,24,48,72,7,17,24,47,2,0,0,0.98,0.95,0,0,0,0,1,0,1
21,8.0,0,20,20,40,3,10,29,61,0,0,0,0.97,0.94,0,0,0,0,1,0,0
34,8.0,0,0,0,0,1,3,7,10,0,0,0,0.82,0.91,0,0,0,0,1,0,0
0,2.0,0,192,336,480,20,49,50,50,47,0,0,0.35,0.27,0,0,0,1,1,0,1
0,8.0,0,0,0,0,0,0,0,0,0,0,0,0.99,0.97,0,0,0,0,1,0,0
99,2.0,0,0,0,0,0,0,0,2,0,0,0,0.92,0.96,0,1,0,1,1,0,0
0,2.0,0,5,5,5,0,0,0,0,0,0,0,0.0,0.0,0,1,0,1,1,0,1
12,8.0,0,30,30,30,1,1,3,14,0,0,0,0.99,0.99,0,0,0,0,1,0,1
53,4.0,2,47,73,125,19,60,106,157,16,0,0,0.85,0.78,0,0,0,1,1,0,0
120,8.0,774,2119,3274,4714,700,1734,2900,3635,527,0,78,0.64,0.68,179,0,0,1,1,0,1
16,52.0,0,0,0,0,1,1,2,5,4,0,0,0.0,0.0,0,1,0,0,1,0,0
12,4.0,0,0,0,0,0,0,0,1,0,0,0,0.73,0.78,0,0,0,0,1,0,0
0,8.0,0,16,16,16,0,0,0,0,0,0,0,0.91,0.9,0,0,0,0,1,0,1
40,2.0,0,0,0,0,0,0,0,0,0,0,0,0.84,0.93,0,0,0,0,1,0,0
855,8.0,84,500,1000,1500,159,604,1139,1761,243,0,0,0.99,0.96,0,0,0,0,1,0,0
20,12.0,0,0,0,0,0,0,0,0,1,0,0,0.58,0.58,0,1,0,0,1,0,0
24,13.0,0,225,300,360,34,72,153,304,5,0,22,0.0,0.0,0,0,0,1,1,0,1
3,4.0,0,6,6,6,9,11,11,11,1,0,0,0.24,0.14,0,1,0,0,1,0,1
2,8.0,0,4,6,9,1,5,6,9,2,0,0,1.0,0.95,0,0,0,0,1,0,1
0,2.0,0,37,65,95,0,0,0,0,0,0,0,0.96,0.91,0,0,0,1,1,0,1
-10,8.0,1000,1000,2000,2000,76,302,603,1055,315,0,0,0.0,0.0,10,0,0,1,1,0,1
77,8.0,3,0,32,64,12,34,78,138,15,0,0,0.72,0.7,0,0,0,0,1,0,0
13,8.0,3,193,302,401,92,161,322,516,42,0,28,0.64,0.67,0,0,0,0,1,0,1
101,2.0,0,0,0,0,2,2,11,14,1,0,0,0.95,0.91,0,1,0,0,1,0,0
0,8.0,0,1,1,1,1,1,1,1,0,0,0,0.89,0.88,0,0,0,0,1,0,1
3,12.0,0,0,0,0,0,0,0,0,0,0,0,0.82,0.79,0,0,0,0,1,0,0
170,8.0,5,95,173,251,10,54,162,271,35,0,0,0.76,0.87,0,0,0,0,1,0,0
9,9.0,1,7,14,28,12,19,34,41,4,0,0,0.95,0.89,0,0,0,0,1,0,1
0,2.0,0,8,16,24,1,3,13,20,0,0,0,0.6,0.78,0,0,0,0,1,0,1
-7,17.0,0,27,27,27,9,24,39,41,3,0,0,0.79,0.83,8,0,0,0,1,0,1
45,16.0,0,0,0,0,0,3,5,9,0,0,0,0.91,0.93,0,0,0,0,1,0,0
5,8.0,2,0,0,4,0,2,5,7,0,0,0,0.97,0.93,0,0,0,0,1,0,0
2,8.0,0,4,7,9,2,6,8,9,8,0,0,0.84,0.83,0,0,0,0,1,0,1
1,9.0,0,19,35,51,1,11,28,37,1,0,0,0.7,0.66,0,0,0,0,1,0,1
0,8.0,0,8,11,15,4,8,9,17,0,0,0,0.84,0.92,0,0,0,0,1,0,1
9,9.0,0,0,0,0,0,0,0,4,0,0,0,0.99,0.98,0,0,0,0,1,0,0
9,12.0,6,2,2,2,0,0,0,0,1,0,0,0.58,0.58,0,1,0,0,1,0,0
4,12.0,4,44,76,104,16,38,80,129,15,0,0,0.89,0.78,0,0,0,0,1,0,1
15,2.0,0,0,0,0,0,5,15,18,3,0,0,1.0,0.95,0,0,0,0,1,0,1
6,2.0,0,0,0,0,0,0,0,0,0,0,0,0.48,0.53,0,1,0,1,1,0,0
0,8.0,0,6,8,12,6,7,9,12,0,0,0,0.78,0.86,0,0,0,0,1,0,1
6,4.0,0,0,0,0,0,0,0,0,0,0,0,0.69,0.68,0,1,0,0,1,0,0
3,8.0,0,0,0,1,0,1,1,1,1,0,0,0.46,0.45,0,0,0,0,1,0,0
8,8.0,0,62,77,86,6,12,28,66,0,0,0,0.19,0.5,0,0,0,0,1,0,1
2,8.0,0,19,19,24,28,34,40,65,32,0,0,0.98,0.97,0,0,0,0,1,0,0
1,8.0,0,1,1,1,0,0,1,2,0,0,0,0.79,0.66,0,0,0,0,1,0,1
30,2.0,0,0,0,0,0,0,0,0,0,0,0,0.53,0.54,0,1,0,1,1,0,0
2,12.0,0,1,3,5,1,1,3,5,2,0,0,0.82,0.79,0,0,0,1,1,0,0
73,0.0,0,0,0,0,0,0,0,0,2,0,0,0.0,0.0,0,0,0,0,1,0,0
6,8.0,0,0,1,2,0,2,3,9,1,0,0,0.79,0.66,0,0,0,0,1,0,0
2,2.0,0,0,0,0,1,2,2,4,0,0,0,0.78,0.78,0,0,0,1,1,0,0
150,2.0,21,168,294,504,67,206,431,632,73,0,0,0.95,0.87,0,0,0,0,1,0,0
0,12.0,0,5,7,7,0,0,0,0,0,0,0,0.62,0.73,0,1,0,0,1,0,0
92,8.0,6,340,612,884,88,278,518,754,94,0,0,0.53,0.65,0,0,0,0,1,0,1
6,8.0,0,0,0,0,0,0,0,0,0,0,0,1.0,0.99,0,0,0,0,1,0,0
3,8.0,0,0,0,1,0,1,2,2,0,0,0,0.5,0.4,0,0,0,0,1,0,1
68,8.0,0,1120,1960,2520,323,1089,2042,2974,550,0,0,0.16,0.1,15,0,0,1,1,0,1
0,2.0,0,250,250,250,0,0,0,0,3,0,0,0.94,0.97,0,0,0,1,1,0,1
129,2.0,24,48,168,288,28,71,145,184,14,0,0,0.96,0.95,0,1,0,0,1,0,0
-29,8.0,0,222,354,450,21,36,197,233,69,0,0,0.99,0.99,29,0,0,0,1,0,1
2,8.0,0,0,0,0,0,0,0,0,0,0,0,0.84,0.89,0,0,0,0,1,0,0
10,12.0,0,100,120,160,17,83,149,213,37,0,0,0.82,0.79,0,0,0,1,1,0,1
4,2.0,0,25,25,25,8,8,8,8,3,0,0,0.96,0.95,0,1,0,0,1,0,1
6,9.0,10,2,10,14,1,8,21,28,0,0,0,0.85,0.83,0,0,0,0,1,0,0
3,8.0,0,0,0,0,0,0,0,0,0,0,0,0.17,0.33,0,0,0,0,1,0,0
13,12.0,0,0,0,0,0,0,0,0,1,0,0,0.48,0.48,0,1,0,0,1,0,0
16,2.0,0,0,0,0,0,1,3,3,0,0,0,0.9,0.94,0,1,0,1,1,0,0
87,8.0,19,333,592,745,82,264,475,782,1529,0,22,0.79,0.66,0,0,0,0,1,0,1
6,2.0,0,0,0,0,0,1,2,3,0,0,0,0.99,0.99,0,0,0,0,1,0,0
19,2.0,2,343,483,623,117,183,311,531,102,0,0,0.06,0.5,4,0,0,0,1,0,1
14,8.0,0,0,0,0,0,0,0,0,0,0,0,0.8,0.83,0,0,0,0,1,0,0
-1110,52.0,1,3734,3734,3734,543,1471,1914,2161,624,0,0,0.99,0.99,1122,1,0,0,0,0,0
113,12.0,0,0,0,0,0,1,8,8,0,0,0,0.82,0.79,0,0,0,0,1,0,0
6,8.0,0,0,0,0,0,0,1,2,1,0,0,0.69,0.57,0,0,0,0,1,0,1
12,8.0,0,32,60,88,5,29,60,92,0,0,0,0.66,0.69,0,0,0,0,1,0,1
-35,8.0,0,1385,1385,1665,0,597,915,1429,315,0,131,0.54,0.53,35,0,0,0,1,0,1
8,12.0,0,24,50,83,13,41,69,100,0,0,0,0.78,0.78,0,0,0,0,1,0,1
-28,8.0,0,153,221,290,37,111,193,299,20,1,10,0.23,0.43,29,0,0,1,1,0,1
1,8.0,0,4,6,8,3,6,6,8,0,0,0,0.56,0.46,0,0,0,1,1,0,1
11,8.0,0,0,0,0,0,0,2,2,0,0,0,0.56,0.46,0,0,0,0,1,0,0
44,8.0,0,512,704,896,117,304,422,606,171,0,0,0.84,0.77,1,0,0,0,1,0,1
1,8.0,0,0,0,0,0,1,2,2,0,0,0,0.86,0.68,0,1,0,0,1,0,0
42,2.0,0,0,0,0,3,8,30,39,1,0,0,0.79,0.83,0,0,0,0,1,0,0
460,8.0,39,391,899,1315,169,524,757,757,151,0,1,0.77,0.87,0,0,0,0,1,0,0
9,2.0,0,0,0,0,0,1,5,6,0,0,0,0.85,0.77,0,0,0,1,1,0,1
1,8.0,0,23,23,23,1,1,1,2,0,0,0,0.0,0.0,0,0,0,0,1,0,1
492,12.0,13,111,285,459,89,270,488,738,102,0,0,1.0,1.0,0,0,0,0,1,0,0
1,8.0,0,5,9,13,2,7,10,13,0,0,0,1.0,0.99,0,0,0,0,1,0,1
3,8.0,0,36,71,101,8,34,54,78,9,0,0,0.66,0.66,0,0,0,0,1,0,1
3,4.0,0,1,3,4,1,10,19,24,0,0,0,0.73,0.78,0,0,0,0,1,0,0
15,8.0,0,0,0,0,0,0,1,3,0,0,0,0.79,0.66,0,0,0,0,1,0,0
132,8.0,13,288,612,828,68,201,395,604,62,0,0,0.96,0.93,0,0,0,0,1,0,0
31,2.0,0,0,0,0,0,0,10,13,1,0,0,0.92,0.7,0,0,0,0,1,0,1
37,8.0,0,15,30,60,5,22,44,73,46,0,0,0.99,0.99,0,0,0,0,1,0,0
0,2.0,0,16,16,16,0,0,0,0,1,0,0,0.1,0.17,0,1,0,0,1,0,1
56,10.0,0,2138,3638,5138,767,1990,3095,4483,274,0,0,0.51,0.63,45,0,0,0,1,0,1
7,16.0,0,0,0,0,0,0,0,0,1,0,0,0.38,0.44,0,0,0,0,1,0,0
0,8.0,2,6,10,14,1,5,8,11,0,0,0,0.98,0.95,0,0,0,0,1,0,0
0,2.0,0,30,30,30,0,0,0,0,0,0,0,1.0,1.0,0,1,0,0,1,0,1
9,2.0,0,0,0,0,1,1,1,1,0,0,0,0.99,0.97,0,0,0,0,1,0,0
2,8.0,0,0,0,1,0,0,1,2,1,0,0,0.95,0.89,0,0,0,0,1,0,0
0,12.0,0,2,2,3,2,2,3,3,0,0,0,0.77,0.73,0,0,0,0,1,0,1
1,16.0,0,0,0,0,0,0,1,1,2,0,0,0.44,0.46,0,0,0,0,1,0,0
3,2.0,3,6,6,6,0,0,0,0,0,0,0,1.0,0.96,0,1,0,0,1,0,1
0,2.0,0,4,6,7,2,3,5,6,0,0,0,0.99,0.98,0,1,0,0,1,0,1
32,8.0,0,350,550,550,59,156,337,513,93,0,0,0.19,0.25,0,0,0,0,1,0,1
1,2.0,7,41,90,125,9,24,61,105,0,0,0,1.0,0.99,0,0,0,0,1,0,1
2,8.0,0,1,3,4,1,1,4,6,2,0,0,0.17,0.33,0,0,0,0,1,0,1
9,8.0,6,117,147,192,12,48,118,174,24,0,0,0.05,0.12,0,0,0,1,1,0,1
0,8.0,0,11,20,29,2,11,18,31,6,0,2,0.82,0.75,0,0,0,0,1,0,1
2,2.0,0,0,0,0,1,2,2,2,1,0,0,0.87,0.75,0,0,0,0,1,0,1
3,8.0,0,0,0,0,0,0,0,1,2,0,0,0.87,0.94,0,0,0,0,1,0,0
49,2.0,0,0,0,0,2,6,11,12,1,0,0,0.85,0.77,0,1,0,1,1,0,0
12,2.0,0,0,0,0,0,0,0,0,0,0,0,0.99,0.98,0,1,0,0,1,0,0
5,12.0,5,5,5,5,0,0,0,0,1,0,0,0.58,0.58,0,1,0,0,1,0,0
18,8.0,0,31,59,73,19,48,110,158,21,0,0,0.99,0.99,0,0,0,0,1,0,0
30,8.0,18,496,746,944,105,282,436,680,95,0,0,0.66,0.66,0,0,0,0,1,0,1
10,12.0,3,0,0,0,0,0,0,0,1,0,0,0.58,0.58,0,1,0,0,1,0,0
2,2.0,0,0,0,0,0,0,0,0,0,0,0,0.97,0.93,0,0,0,1,1,0,0
10,2.0,0,0,0,0,1,1,1,2,0,0,0,0.82,0.83,0,1,0,0,1,0,0
2,8.0,0,11,21,27,6,11,19,26,3,0,0,0.82,0.75,0,0,0,0,1,0,1
4,9.0,0,0,0,0,0,0,0,1,0,0,0,0.99,0.96,0,0,0,0,1,0,0
55,9.0,0,0,0,0,2,7,8,11,0,0,0,0.85,0.82,0,1,0,0,1,0,0
27,2.0,0,92,163,230,43,90,154,246,29,0,0,0.0,0.0,0,0,0,0,1,0,1
7,12.0,0,0,0,0,1,2,6,8,0,0,0,0.08,0.12,0,0,0,0,1,0,1
1,2.0,0,3,3,6,0,2,2,4,1,0,0,0.84,0.89,0,0,0,0,1,0,1
3,10.0,0,56,92,134,9,40,90,132,0,0,0,0.89,0.9,0,0,0,0,1,0,1
22,2.0,0,0,20,30,15,44,71,92,2,0,0,0.22,0.22,0,1,0,0,1,0,1
34,8.0,1,0,0,0,2,6,28,61,14,0,0,0.68,0.69,0,0,0,1,1,0,0
132,9.0,0,0,0,0,0,3,3,17,0,0,0,0.91,0.77,0,0,0,0,1,0,0
5,8.0,0,0,0,0,0,0,0,0,1,0,0,0.84,0.89,0,0,0,1,1,0,0
7,3.0,0,0,0,0,0,0,0,0,1,0,0,0.94,0.97,0,1,0,1,1,0,0
0,2.0,0,7,9,12,4,6,8,10,0,0,0,0.5,0.25,0,1,0,0,1,0,1
3,2.0,0,0,0,0,1,1,1,1,1,0,0,0.99,0.99,0,1,0,0,0,0,1
0,8.0,0,7,14,14,1,5,8,8,0,0,0,1.0,0.99,0,0,0,0,1,0,1
276,8.0,3,0,0,0,21,58,106,157,32,0,0,0.98,0.97,0,0,0,0,1,0,0
0,8.0,1,1,1,2,0,2,2,2,0,0,0,0.97,0.98,0,0,0,0,1,0,0
79,8.0,2,7,37,51,11,21,40,78,13,0,0,0.72,0.72,0,0,0,0,1,0,0
10,12.0,10,0,0,0,0,0,0,0,1,0,0,0.58,0.58,0,1,0,0,1,0,0
0,2.0,0,62,110,170,1,2,2,2,0,0,0,0.62,0.62,4,0,0,0,1,0,1
3,8.0,10,10,10,20,2,12,24,33,0,0,0,0.97,0.98,0,0,0,0,1,0,0
-14,8.0,0,48,78,108,8,23,34,50,2,0,18,0.84,0.87,14,1,0,1,1,0,1
25,8.0,26,84,140,189,20,79,125,182,48,0,0,1.0,1.0,0,0,0,0,1,0,0
44,4.0,0,0,0,0,4,18,29,34,1,0,0,0.73,0.78,0,0,0,0,1,0,0
101,11.0,1,60,120,200,18,69,137,233,34,0,0,0.85,0.76,0,0,0,0,1,0,0
4,2.0,0,0,0,0,0,0,0,0,0,0,0,0.42,0.36,0,1,0,0,1,0,0
7,2.0,0,0,0,0,0,0,0,1,0,0,0,0.43,0.23,0,1,0,1,1,0,0
20,12.0,0,0,0,0,0,0,0,0,1,0,0,0.82,0.78,0,1,0,0,1,0,0
19,8.0,0,60,120,140,16,59,101,138,0,0,0,0.64,0.64,0,0,0,0,1,0,1
0,2.0,0,45,45,45,0,0,0,0,0,0,0,0.78,0.83,0,1,0,1,1,0,0
16,2.0,0,0,0,15,1,18,30,47,1,0,0,1.0,0.99,0,0,0,0,1,0,0
1,8.0,0,0,0,0,0,0,1,1,0,0,0,0.99,0.99,0,0,0,0,1,0,1
23,8.0,0,26,52,78,4,23,49,71,7,0,0,0.98,0.99,0,0,0,0,1,0,0
10,12.0,0,0,0,0,0,3,4,6,3,0,0,0.98,0.98,0,0,0,0,1,0,0
41,8.0,0,256,384,448,24,108,196,368,54,0,0,0.0,0.0,1,0,0,0,1,0,1
0,2.0,0,12,12,12,0,0,0,0,0,0,0,1.0,0.99,0,1,0,1,1,0,1
4,8.0,0,0,0,0,8,22,36,55,0,0,0,0.97,0.97,0,0,0,0,1,0,1
-13,8.0,0,1385,1665,2225,101,907,916,1746,315,0,0,0.49,0.5,0,0,0,0,1,0,1
297,2.0,90,104,260,416,37,221,417,530,84,0,0,0.71,0.7,0,0,0,1,1,0,0
2,8.0,0,2,4,6,2,3,5,11,1,0,0,0.79,0.66,0,0,0,0,1,0,1
12,2.0,0,0,0,0,0,0,0,1,1,0,0,0.82,0.89,0,0,0,0,1,0,0
3,8.0,0,0,0,0,0,0,0,0,0,0,0,0.8,0.82,0,0,0,1,1,0,0
0,2.0,0,111,111,111,1,3,5,15,22,0,0,0.1,0.05,0,1,0,1,1,0,1
95,8.0,9,0,40,40,19,50,92,143,45,0,0,0.91,0.94,0,0,0,0,1,0,0
20,2.0,0,36,78,108,12,30,52,78,4,0,0,0.96,0.85,0,0,0,1,1,0,1
75,8.0,23,250,250,250,12,45,92,134,23,0,0,0.99,0.94,0,0,0,0,1,0,0
3,12.0,0,2,6,10,2,3,3,5,0,0,0,0.87,0.59,0,0,0,0,1,0,0
81,12.0,0,4,4,4,1,7,9,11,2,0,0,0.61,0.58,0,0,0,0,1,0,0
7,2.0,0,15,20,25,12,35,52,64,3,0,0,0.99,0.99,0,0,0,0,1,0,1
240,8.0,16,280,600,900,96,289,602,945,83,0,0,0.98,0.98,0,0,0,1,1,0,0
18,8.0,0,22,66,88,11,41,86,123,2,0,0,0.98,0.97,0,0,0,0,1,0,0
9,4.0,0,0,0,4,1,3,10,15,0,0,0,0.78,0.78,0,0,0,0,1,0,1
74,12.0,0,0,0,0,1,3,7,14,0,0,0,0.63,0.72,0,0,0,0,1,0,0
0,2.0,0,10,10,10,0,0,0,0,1,0,0,0.79,0.83,0,1,0,0,1,0,1
0,8.0,0,9,13,19,0,4,10,13,0,0,1,0.82,0.81,0,0,0,0,1,0,1
2,8.0,0,25,25,38,7,20,35,52,0,0,0,0.72,0.72,0,0,0,0,1,0,1
2,9.0,0,0,0,1,0,0,1,1,0,0,0,0.99,0.98,0,0,0,0,1,0,1
1,2.0,0,0,0,0,0,0,0,0,0,0,0,0.37,0.36,0,0,0,0,1,0,1
7,4.0,0,0,0,0,0,0,0,1,0,0,0,0.96,0.85,0,0,0,0,1,0,0
18,9.0,0,22,40,64,3,18,34,87,13,0,0,0.54,0.7,0,0,0,0,1,0,1
3,12.0,0,0,0,0,0,0,0,0,0,0,0,0.63,0.72,0,0,0,0,1,0,0
3,8.0,0,10,20,20,2,6,9,17,1,0,0,1.0,0.88,0,0,0,1,1,0,1
18,12.0,0,0,0,0,0,0,0,0,0,0,0,0.82,0.79,0,0,0,0,1,0,0
0,2.0,0,20,27,27,0,0,0,0,0,0,0,0.69,0.69,0,1,0,0,1,0,1
20,2.0,0,0,0,0,10,10,10,10,0,0,0,0.68,0.64,0,0,0,0,1,0,0
-4,8.0,0,86,108,141,44,49,112,151,0,0,8,0.35,0.36,4,0,0,0,1,0,1
485,8.0,23,0,0,500,60,172,312,486,104,0,0,0.99,0.99,0,0,0,0,1,0,0
1,8.0,0,2,4,6,0,5,5,6,1,0,0,0.96,0.96,0,0,0,0,1,0,1
5,8.0,21,18,26,50,4,21,39,66,0,0,0,0.5,0.52,0,0,0,0,1,0,0
17,8.0,0,146,254,326,18,68,162,240,32,0,16,0.05,0.12,1,0,0,1,1,0,1
0,8.0,0,101,106,106,0,0,0,0,16,0,0,0.72,0.72,0,1,0,1,1,0,0
5,8.0,0,6,18,24,4,7,18,30,0,0,0,0.65,0.67,0,0,0,0,1,0,1
0,8.0,0,4,6,7,1,3,5,6,0,0,0,0.82,0.78,0,0,0,0,1,0,1
5,4.0,0,0,0,0,0,0,0,0,0,0,0,0.73,0.78,0,0,0,0,1,0,0
0,2.0,0,636,636,636,0,0,0,0,0,0,0,-99.0,-99.0,0,0,0,0,1,0,1
6,8.0,0,34,49,58,8,17,30,54,7,0,9,0.28,0.28,0,0,0,0,1,0,1
0,8.0,0,25,25,25,2,3,4,5,0,0,0,0.93,0.95,0,0,0,0,1,0,1
36,6.0,0,0,27,27,5,21,38,71,7,0,0,0.78,0.78,0,0,0,1,1,0,1
0,2.0,0,7,12,17,0,1,1,1,0,0,0,0.78,0.82,0,0,0,1,1,0,1
0,2.0,0,4,7,8,0,0,0,0,0,0,0,0.46,0.35,0,0,0,1,1,0,1
139,8.0,3,1248,1728,2268,279,815,1488,2295,480,0,60,0.61,0.57,0,0,0,1,1,0,1
5,8.0,0,42,72,102,10,31,74,102,0,0,0,0.75,0.74,0,0,0,0,1,0,1
6,2.0,0,10,15,25,8,21,33,35,3,0,0,0.84,0.85,0,0,0,0,1,0,1
1,8.0,0,16,16,16,2,5,11,16,2,0,0,0.05,0.41,0,0,0,0,1,0,1
232,8.0,24,0,100,150,34,106,248,422,32,0,0,0.99,0.98,0,0,0,0,1,0,0
472,4.0,86,168,448,672,68,253,540,833,44,0,0,0.73,0.78,0,0,0,0,1,0,0
6,8.0,0,31,47,59,4,13,27,53,0,0,0,0.82,0.88,0,0,0,0,1,0,1
26,2.0,0,0,0,0,0,0,0,1,0,0,0,0.98,0.99,0,0,0,0,1,0,0
-1,8.0,0,150,200,250,40,80,124,192,0,0,0,1.0,0.99,1,0,0,0,1,0,1
439,8.0,129,200,200,400,72,241,473,698,87,0,0,1.0,0.98,0,0,0,0,1,0,0
5,8.0,0,9,29,49,6,17,28,41,0,0,0,0.99,0.99,0,0,0,1,1,0,1
4,4.0,0,0,4,4,2,10,17,22,1,0,0,0.34,0.68,0,0,0,0,1,0,1
0,8.0,0,936,1598,2013,0,0,0,0,146,0,0,0.69,0.69,0,0,0,1,1,0,1
1,9.0,0,4,7,10,0,10,11,12,0,0,0,0.68,0.66,0,0,0,1,1,0,1
55,8.0,9,0,0,0,0,0,1,1,0,0,0,0.84,0.83,0,0,0,0,1,0,0
0,0.0,0,14,21,29,3,7,14,30,0,0,0,0.93,0.86,0,0,0,1,0,0,1
2,10.0,0,7,15,24,2,7,15,23,2,0,0,0.84,0.86,0,0,0,0,1,0,1
7,8.0,0,0,2,3,0,0,8,9,6,0,0,0.86,0.88,0,0,0,0,1,0,0
4,3.0,0,0,3,3,3,6,12,18,0,0,0,0.89,0.9,0,0,0,0,1,0,1
0,4.0,0,32,38,41,1,3,3,9,0,0,0,0.79,0.67,0,0,0,0,1,0,1
15,4.0,0,63,90,111,17,26,38,39,3,0,0,0.24,0.14,0,1,0,0,1,0,1
0,8.0,0,8,16,16,2,16,24,35,11,0,0,0.89,0.78,0,0,0,0,1,0,1
0,2.0,0,4,6,6,0,2,5,7,0,0,0,0.46,0.35,0,0,0,0,1,0,1
0,8.0,0,10,18,30,4,13,21,29,2,0,0,0.75,0.72,0,0,0,0,1,0,1
2,12.0,0,0,0,0,0,0,0,0,0,0,0,0.43,0.45,0,1,0,0,1,0,0
3,12.0,0,0,0,0,0,0,0,1,0,0,0,0.82,0.79,0,0,0,0,1,0,0
0,2.0,0,7,10,13,0,3,3,6,1,0,0,0.76,0.72,0,1,0,1,1,0,1
6,2.0,0,0,0,0,0,0,0,0,0,0,0,0.81,0.41,0,1,0,0,1,0,1
50,4.0,0,30,70,90,30,61,74,99,0,0,0,0.73,0.78,0,0,0,0,1,0,0
1,9.0,0,2,4,5,2,2,2,4,0,0,0,0.99,0.98,0,0,0,0,1,0,0
3081,6.0,1122,7960,14440,20000,1533,5491,10580,15176,1151,0,0,0.81,0.8,0,0,0,0,1,0,0
5,2.0,0,7,9,9,3,3,3,3,1,0,0,0.58,0.57,0,1,0,1,1,0,1
128,8.0,174,442,957,1575,181,621,1227,1762,108,0,0,0.69,0.68,0,0,0,0,1,0,0
8,4.0,0,0,2,4,2,4,9,15,0,0,0,0.78,0.78,0,0,0,0,1,0,1
0,8.0,0,1,1,1,1,1,1,2,0,0,0,0.99,0.99,0,0,0,0,1,0,1
6,2.0,0,4,8,12,1,10,14,20,0,0,0,0.97,0.92,0,0,0,0,1,0,1
8,8.0,0,10,22,34,1,6,15,18,0,0,0,0.97,0.93,0,0,0,0,1,0,0
0,8.0,0,4,5,7,3,5,7,9,0,0,0,0.42,0.36,0,0,0,0,1,0,0
0,4.0,0,6,10,12,7,11,14,18,0,0,0,0.73,0.76,0,0,0,0,1,0,1
22,2.0,0,0,0,0,0,0,0,0,0,0,0,0.99,0.99,0,0,0,0,1,0,0
1,8.0,0,79,121,131,19,46,93,135,11,0,0,-99.0,-99.0,0,0,0,0,1,0,1
34,2.0,23,12,54,84,50,219,293,376,8,0,0,0.99,0.92,0,0,0,0,1,0,1
3,9.0,0,13,31,46,7,22,43,48,5,0,0,0.9,0.82,0,0,0,0,1,0,1
2,3.0,0,0,2,3,0,1,2,4,0,0,0,0.89,0.9,0,0,0,0,1,0,1
11,9.0,0,0,0,0,0,0,0,0,0,0,0,0.91,0.77,0,0,0,1,1,0,0
0,8.0,0,4,4,8,1,3,4,4,0,0,0,0.94,0.91,0,0,0,0,1,0,1
47,2.0,5,143,218,268,7,10,13,13,1,0,0,0.89,0.94,0,1,0,0,1,0,0
1,3.0,0,3,5,6,2,3,6,6,0,0,0,0.89,0.9,0,0,0,0,1,0,1
3,8.0,0,40,71,99,5,26,49,77,8,0,0,0.9,0.84,0,0,0,0,1,0,1
4,8.0,0,6,11,16,3,15,23,29,2,0,0,0.57,0.74,0,0,0,0,1,0,1
0,2.0,0,111,111,111,1,4,6,16,23,0,0,0.12,0.05,1,1,0,1,1,0,1
2,9.0,0,0,0,0,0,0,0,0,0,0,0,0.86,0.69,0,0,0,0,1,0,0
9,8.0,0,32,48,48,6,27,39,59,3,0,0,0.93,0.95,0,0,0,0,1,0,1
1,8.0,0,1,2,3,1,2,5,7,0,0,0,1.0,0.99,0,0,0,0,1,0,1
0,2.0,0,1,1,1,0,0,1,1,0,0,0,0.15,0.09,0,0,0,0,1,0,1
22,8.0,6,177,291,405,37,129,236,379,41,0,23,0.47,0.62,4,0,0,0,1,0,1
68,52.0,0,0,0,0,0,8,14,16,0,0,0,0.91,0.9,0,1,0,0,1,0,0
4,2.0,0,0,0,0,0,0,0,0,1,0,0,0.93,0.88,0,1,0,0,1,0,1
7,12.0,22,10,30,40,5,15,37,61,2,0,10,0.85,0.83,0,0,0,0,1,0,0
0,2.0,0,5,5,5,0,0,0,0,0,0,0,0.63,0.72,0,1,0,0,1,0,1
17,8.0,0,65,85,105,9,18,41,72,100,0,0,0.45,0.69,0,0,0,0,1,0,1
0,8.0,0,0,0,13,0,0,0,0,0,0,0,1.0,0.99,0,0,0,0,1,0,0
69,2.0,0,0,0,0,0,0,1,2,0,0,0,1.0,1.0,0,0,0,1,1,0,0
7,8.0,0,350,350,350,6,16,49,73,0,0,0,0.67,0.8,0,0,0,0,1,0,1
31,8.0,0,0,0,0,0,0,0,0,0,0,0,1.0,0.85,0,0,0,1,1,0,0
-1,4.0,6,0,2,3,1,9,17,26,3,0,0,0.73,0.78,1,0,0,1,1,0,1
2,12.0,0,0,0,0,0,0,0,0,0,0,0,0.63,0.72,0,0,0,0,1,0,0
7,2.0,0,0,25,25,0,6,7,12,2,0,0,0.81,0.82,0,0,0,0,1,0,0
12,8.0,0,0,0,0,0,0,4,4,1,0,0,0.99,0.97,0,0,0,0,1,0,0
20,2.0,0,15,35,55,12,54,84,126,4,0,0,0.27,0.39,0,0,1,0,1,0,1
4,12.0,0,0,0,0,0,0,0,0,0,0,0,0.63,0.72,0,0,0,0,1,0,0
10731,2.0,1,12000,22500,33000,2539,13331,21251,32924,2397,0,0,1.0,1.0,0,0,0,0,1,0,0
1,9.0,0,0,0,0,0,3,6,8,3,0,0,0.99,0.98,0,0,0,0,1,0,1
98,8.0,12,358,743,951,0,0,0,0,0,0,0,0.76,0.84,0,0,0,0,1,0,0
259,2.0,14,381,820,1272,172,678,1148,1589,173,0,0,0.99,0.99,0,0,0,0,1,0,0
2,12.0,0,152,287,429,18,49,53,53,15,0,0,0.82,0.79,3,1,0,0,1,0,1
21,12.0,12,70,125,180,12,47,109,141,28,0,0,0.78,0.78,0,0,0,0,1,0,1
4,8.0,0,6,12,24,2,12,20,26,2,0,0,0.79,0.76,0,0,0,0,1,0,1
14,8.0,0,0,0,0,0,2,2,4,1,0,0,0.9,0.95,0,0,0,1,1,0,0
61,2.0,0,60,110,160,66,101,172,235,0,0,0,0.85,0.91,0,0,0,0,1,0,1
19,2.0,0,17,52,70,0,0,0,0,0,0,0,0.91,0.94,0,0,0,0,1,0,1
6,8.0,0,0,0,0,0,0,0,0,0,0,0,0.8,0.82,0,0,0,0,1,0,0
0,8.0,0,21,31,41,10,16,23,36,0,0,0,0.98,0.99,0,0,0,0,1,0,1
39,12.0,0,0,0,0,0,0,0,0,0,0,0,0.73,0.76,0,0,0,0,1,0,0
0,2.0,0,5,8,8,0,0,0,0,0,0,0,0.53,0.54,0,1,0,0,1,0,0
63,2.0,0,0,0,0,0,0,0,0,2,0,0,0.0,0.57,0,1,0,0,1,0,0
5,8.0,0,94,94,94,2,9,20,30,0,0,0,0.51,0.53,0,1,0,0,1,0,0
4,2.0,0,37,67,97,6,6,6,6,7,0,0,0.37,0.4,0,0,0,0,1,0,1
0,12.0,0,50,50,50,0,0,0,0,1,0,0,0.58,0.58,0,1,0,0,1,0,1
0,8.0,0,58,58,58,0,0,1,1,0,0,0,0.78,0.78,0,1,0,1,1,0,1
10,12.0,0,0,0,0,1,5,14,24,1,0,0,0.93,0.96,0,1,0,1,1,0,0
7,4.0,0,0,0,0,0,0,0,0,0,0,0,0.73,0.78,0,0,0,0,1,0,0
1799,9.0,184,2149,4606,7063,826,2912,6418,9924,861,0,0,0.99,0.98,0,0,0,1,1,0,0
0,8.0,0,0,0,0,0,0,0,0,0,0,0,1.0,1.0,0,0,0,0,1,0,0
2,9.0,0,0,0,0,0,0,0,0,2,0,0,0.68,0.66,0,0,0,1,1,0,0
5,12.0,0,0,0,0,0,0,2,3,2,0,0,0.78,0.78,0,0,0,0,1,0,0
0,12.0,0,4,6,7,1,2,3,6,0,0,0,0.76,0.73,0,0,0,0,1,0,1
124,8.0,25,155,331,485,59,173,336,504,43,0,0,0.79,0.66,0,0,0,0,1,0,0
4,4.0,11,0,20,20,3,9,15,22,0,0,0,0.9,0.85,0,0,0,0,1,0,0
9,8.0,0,64,64,64,5,14,31,45,0,0,0,0.0,0.0,0,0,0,0,1,0,1
11,8.0,10,10,30,50,5,27,59,85,13,0,0,0.98,0.98,0,0,0,1,1,0,0
199,8.0,0,0,0,0,0,0,0,0,0,0,0,0.9,0.92,0,0,0,0,1,0,0
500,12.0,0,0,0,0,0,0,0,0,0,0,0,0.96,0.86,0,0,0,0,1,0,0
9,9.0,6,9,15,19,0,6,12,18,3,0,0,0.86,0.84,0,0,0,0,1,0,0
0,2.0,0,751,751,751,1,1,2,2,53,0,0,0.86,0.91,1,0,0,1,1,0,1
59,12.0,0,0,0,0,0,0,0,0,0,0,0,0.73,0.69,0,0,0,0,1,0,0
58,12.0,10,60,90,150,20,51,88,146,14,0,0,0.79,0.86,0,0,0,0,1,0,0
5,2.0,0,10,20,30,3,11,24,24,1,0,0,0.95,0.97,0,0,0,0,1,0,0
22,8.0,0,0,0,0,0,1,4,7,0,0,0,0.9,0.83,0,0,0,1,1,0,0
0,2.0,0,80,100,120,0,0,0,0,0,0,0,0.26,0.32,0,0,0,0,1,0,1
7,2.0,0,10,20,40,8,15,25,31,0,0,0,0.98,0.9,0,0,0,0,1,0,1
2,12.0,0,9,15,20,0,3,9,14,0,0,0,0.66,0.69,0,0,0,0,1,0,1
221,8.0,7,62,62,137,22,79,163,288,34,0,0,0.98,0.98,0,0,0,0,1,0,0
14,14.0,0,0,0,0,0,0,0,0,0,0,0,0.99,0.99,0,0,0,0,1,0,0
51,8.0,0,0,0,0,2,4,8,12,5,0,0,0.85,0.87,0,0,0,0,1,0,0
10,8.0,1,195,269,356,38,144,216,216,46,0,24,0.37,0.4,0,0,0,0,1,0,1
8,2.0,0,29,56,80,12,30,59,92,0,0,0,0.99,0.99,0,0,0,0,1,0,1
6,8.0,0,20,20,40,3,7,15,20,2,0,0,0.98,0.99,0,0,0,0,1,0,1
-13,14.0,50,332,596,788,150,366,608,888,83,0,0,0.68,0.69,44,0,0,0,1,0,0
0,2.0,0,2,2,2,0,0,0,0,1,0,0,0.46,0.35,0,0,0,0,1,0,0
0,12.0,0,1,1,1,0,0,0,0,0,0,0,0.95,0.86,0,0,0,1,1,0,1
-2,8.0,0,38,56,80,8,22,36,42,7,0,0,0.74,0.76,2,0,0,0,1,0,1
7,8.0,0,8,12,20,9,20,25,28,0,0,0,0.07,0.24,0,0,0,0,0,0,1
12,12.0,0,0,0,0,2,5,6,8,0,0,0,0.72,0.79,0,0,0,0,1,0,0
24,2.0,0,0,0,0,5,9,15,25,0,0,0,0.93,0.95,0,0,0,0,1,0,1
6,8.0,0,0,0,0,0,0,0,0,1,0,0,0.57,0.74,0,1,0,0,1,0,0
2,3.0,0,0,0,0,1,1,1,1,2,0,0,0.81,0.79,0,0,0,0,1,0,1
6,11.0,2,20,20,24,4,31,51,66,2,0,0,0.85,0.76,0,0,0,0,1,0,1
61,8.0,0,0,0,0,1,4,13,26,0,0,0,0.0,0.0,0,0,0,1,1,0,0
36,12.0,0,0,0,0,2,3,5,7,0,0,0,0.0,0.04,0,1,0,1,1,0,0
5,4.0,0,0,0,0,0,3,6,9,1,0,0,0.89,0.9,0,0,0,0,1,0,0
0,8.0,0,7,19,23,5,14,20,30,4,0,0,0.99,0.99,0,0,0,0,1,0,1
7,5.0,0,0,0,0,2,3,4,14,1,0,0,1.0,0.97,0,0,0,0,1,0,0
4,9.0,0,0,0,0,0,0,0,1,0,0,0,0.99,0.99,0,0,0,0,1,0,0
100,8.0,0,0,0,0,1,2,4,15,2,0,0,0.76,0.78,0,1,0,1,1,0,0
11,2.0,0,0,0,0,2,4,6,11,0,0,0,0.98,0.96,0,1,0,0,1,0,1
11,8.0,0,10,20,30,5,15,31,40,0,0,0,0.98,0.99,0,0,0,0,1,0,1
20,6.0,0,85,115,155,14,41,89,124,17,0,0,0.68,0.69,0,0,0,0,1,0,1
27,8.0,96,960,1440,2040,372,993,1488,2030,226,0,120,0.95,0.96,122,0,0,0,1,0,0
8,6.0,0,48,63,78,11,35,78,124,23,0,0,0.78,0.78,0,0,0,0,1,0,1
9,2.0,0,35,60,90,1,1,1,1,7,0,0,0.37,0.4,0,0,0,0,1,0,1
22,8.0,0,0,0,0,2,5,14,30,3,0,0,0.97,0.98,0,0,0,0,1,0,1
276,2.0,0,0,0,0,23,52,93,136,23,0,0,0.98,0.98,0,0,0,0,1,0,0
19,9.0,0,0,0,0,0,0,0,0,0,0,0,0.87,0.72,0,0,0,0,1,0,0
0,8.0,0,5,5,5,0,0,3,6,0,0,0,0.15,0.34,0,0,0,0,1,0,1
35,9.0,65,0,0,0,0,0,0,0,0,0,0,0.91,0.77,0,0,0,0,1,0,0
0,12.0,0,5,7,7,0,0,0,0,0,0,0,0.63,0.72,0,1,0,0,1,0,1
1,8.0,0,1,1,2,0,0,1,2,0,0,0,0.95,0.97,0,0,0,0,1,0,0
41,2.0,0,8,40,72,7,35,85,119,0,0,0,0.78,0.83,0,0,0,0,1,0,1
0,2.0,0,0,0,0,0,0,0,0,1,0,0,-99.0,-99.0,0,0,0,1,1,0,1
100,12.0,0,0,0,0,0,0,0,0,0,0,0,0.96,0.86,0,0,0,0,1,0,0
6,3.0,0,0,8,12,3,20,38,45,0,0,0,0.99,0.98,0,0,0,0,1,0,1
79,8.0,10,330,618,834,89,313,512,745,74,0,0,0.41,0.46,0,0,0,1,1,0,1
26,2.0,11,195,351,507,26,101,216,313,22,0,18,0.68,0.64,1,0,0,1,1,0,1
0,2.0,6,6,6,6,0,0,0,0,1,0,0,0.7,0.73,0,1,0,1,1,0,1
-6,2.0,0,9,10,11,12,12,16,16,2,0,0,0.0,0.0,6,0,0,0,1,0,1
4,8.0,0,0,0,1,0,1,5,10,0,0,0,0.98,0.97,0,0,0,0,1,0,1
9,2.0,0,0,0,0,0,0,0,0,0,0,0,0.0,0.0,0,1,0,1,1,0,0
2,2.0,0,12,12,12,5,8,12,18,0,0,0,0.65,0.74,0,0,0,0,1,0,1
1854,8.0,0,0,0,0,5,22,49,84,0,0,0,-99.0,-99.0,0,1,0,0,1,0,0
8,8.0,0,11,18,30,6,15,27,38,0,0,0,0.98,0.95,0,0,0,0,1,0,0
6,2.0,0,61,85,133,11,29,82,141,17,0,24,0.45,0.69,0,0,0,1,1,0,1
0,2.0,0,6,6,6,0,2,4,4,0,0,0,0.8,0.82,0,0,0,0,1,0,1
22,8.0,0,230,427,638,74,186,316,413,0,0,3,0.37,0.43,0,0,0,0,1,0,1
9,8.0,7,16,44,65,10,26,48,75,0,0,0,0.85,0.78,0,0,0,0,1,0,1
27,8.0,0,404,404,760,100,226,330,489,21,0,0,0.83,0.85,0,0,0,0,1,0,1
3,8.0,0,0,0,1,0,0,1,3,2,0,0,0.81,0.83,0,0,0,0,1,0,1
-3,8.0,0,12,14,20,0,7,17,19,1,0,0,0.76,0.84,3,0,0,0,1,0,1
7,4.0,0,0,0,0,0,0,0,0,0,0,0,0.73,0.78,0,1,0,0,1,0,0
0,8.0,0,1,2,2,0,1,2,2,1,0,0,0.99,0.97,0,0,0,0,1,0,1
70,8.0,0,0,0,0,3,8,17,22,2,0,0,0.88,0.85,0,0,0,0,1,0,0
0,2.0,0,21,34,42,0,1,2,2,0,0,0,0.09,0.06,0,0,0,0,1,0,1
13,8.0,0,92,137,182,17,65,111,169,19,0,15,0.48,0.57,0,0,0,1,1,0,1
177,8.0,0,224,224,363,30,106,287,525,40,0,0,0.99,0.99,0,0,0,0,1,0,0
0,8.0,0,7,9,13,0,3,5,8,0,0,0,0.0,0.0,0,0,0,0,1,0,1
2,8.0,0,17,32,47,7,21,38,52,3,0,0,0.74,0.38,0,0,0,0,1,0,1
2,2.0,0,0,2,3,2,3,5,6,1,0,0,0.95,0.97,0,0,0,0,1,0,1
156,8.0,0,0,0,150,18,51,109,189,25,0,0,0.44,0.23,0,0,0,1,1,0,1
0,2.0,0,61,61,61,0,0,0,0,1,0,0,0.97,0.98,0,1,0,0,1,0,0
23,8.0,0,340,460,580,48,214,298,488,42,0,0,0.94,0.9,0,0,0,0,1,0,0
1,8.0,0,0,0,0,3,5,6,11,0,0,0,0.99,0.99,0,1,0,0,1,0,0
141,2.0,42,162,324,504,58,162,303,483,59,0,0,0.96,0.93,0,0,0,0,1,0,0
15,16.0,3,58,82,106,10,29,60,96,12,0,0,0.61,0.62,0,0,0,0,1,0,1
0,2.0,0,4,7,7,0,0,0,0,0,0,0,0.99,0.96,0,1,0,0,1,0,1
0,2.0,0,1017,1630,1632,0,0,0,0,84,0,0,0.79,0.67,0,1,0,0,1,0,1
2,8.0,0,0,0,0,0,1,1,1,0,0,0,0.66,0.75,0,1,0,0,1,0,0
310,2.0,80,0,0,0,2,8,65,86,2,0,0,1.0,0.91,0,0,0,0,1,0,0
17,2.0,0,22,44,44,6,10,13,14,1,0,0,1.0,0.52,0,1,0,0,1,0,0
4,8.0,0,31,37,37,2,6,13,27,0,0,3,0.42,0.36,0,0,0,0,1,0,1
2,2.0,0,4,8,16,2,6,14,27,1,0,0,0.98,0.97,0,0,0,0,1,0,1
0,2.0,0,10,10,10,0,0,0,0,0,0,0,0.82,0.81,0,1,0,1,1,0,0
4,9.0,0,0,0,0,0,0,0,0,1,0,0,0.87,0.72,0,0,0,1,1,0,0
10,2.0,0,0,9,9,1,9,12,14,1,0,0,1.0,0.95,0,0,0,0,1,0,1
17,4.0,0,7,7,14,5,14,15,23,5,0,0,0.79,0.66,0,0,0,0,1,0,1
904,2.0,2,15343,25057,35383,2647,7433,14453,14459,2350,1,0,0.54,0.65,76,1,0,1,1,0,1
1,8.0,0,3,6,8,2,4,6,6,1,0,0,0.98,0.98,0,0,0,0,1,0,1
1,9.0,5,17,25,32,2,6,6,6,0,0,0,0.91,0.74,0,1,0,0,1,0,1
6,4.0,0,2,2,2,1,2,2,2,4,0,0,0.22,0.11,0,1,0,1,1,0,0
1,8.0,1,20,20,40,1,8,19,26,1,0,0,0.2,0.15,0,0,0,0,1,0,1
40,0.0,0,1219,1799,2420,221,656,1300,1963,265,0,0,0.0,0.0,11,0,0,0,0,0,1
31,8.0,10,0,0,0,2,8,17,35,1,0,0,0.98,0.99,0,0,0,0,1,0,0
45,2.0,0,285,360,437,74,175,176,176,51,0,0,0.7,0.71,3,0,0,0,1,0,1
0,2.0,0,636,636,636,0,0,0,0,0,0,0,-99.0,-99.0,0,0,0,0,1,0,1
6,4.0,0,0,0,0,0,0,0,0,0,0,0,0.63,0.72,0,1,0,0,1,0,0
0,2.0,0,50,56,58,0,0,0,0,4,0,40,0.67,0.86,0,0,0,0,1,0,1
14,8.0,0,0,0,10,0,3,9,18,0,0,0,0.52,0.78,0,0,0,1,1,0,0
3,4.0,5,1,1,1,0,0,0,0,0,0,0,0.73,0.78,0,1,0,0,1,0,0
24,8.0,0,0,0,0,0,0,0,0,0,0,0,0.99,0.95,0,0,0,0,1,0,0
9,10.0,0,0,0,0,0,0,4,7,0,0,0,0.84,0.86,0,0,0,0,1,0,0
18,14.0,0,0,0,0,0,1,1,2,2,0,0,0.99,0.99,0,0,0,0,1,0,0
0,12.0,0,8,14,17,1,2,11,14,1,0,0,0.73,0.76,0,0,0,0,1,0,1
6,4.0,0,4,4,4,4,7,15,23,0,0,0,0.69,0.68,0,0,0,0,1,0,1
1,8.0,0,25,25,25,3,6,8,8,2,0,0,0.99,0.99,0,0,0,0,1,0,1
12,12.0,0,28,42,70,10,33,51,69,12,0,0,0.78,0.78,0,0,0,0,1,0,1
4,8.0,0,0,1,2,0,1,2,6,0,0,0,1.0,0.99,0,0,0,0,1,0,0
1,2.0,0,8,14,18,4,10,14,18,0,0,0,0.99,0.97,0,0,0,0,1,0,1
5,2.0,0,1,4,8,2,4,4,4,0,0,0,0.5,0.52,0,0,0,0,1,0,1
0,8.0,0,3,3,3,7,18,25,38,0,0,0,0.9,0.89,0,0,0,0,1,0,1
2,13.0,0,9,18,18,3,7,16,18,13,0,0,0.97,0.97,0,0,0,0,1,0,1
86,2.0,0,54,126,180,19,51,116,202,0,0,0,0.88,0.93,0,0,0,0,1,0,1
0,12.0,0,204,204,204,0,0,0,0,0,0,0,0.95,0.86,0,1,0,1,1,0,1
5,0.0,0,169,189,189,6,16,26,42,5,0,0,0.0,0.0,0,0,0,0,0,0,1
17,2.0,0,0,0,0,0,1,1,1,0,0,0,0.0,0.0,0,1,0,0,1,0,0
75,8.0,0,0,0,0,0,0,0,0,2,0,0,1.0,0.99,0,0,0,0,1,0,0
3690,8.0,432,732,3182,5130,338,1146,2828,6359,220,0,0,0.29,0.62,0,0,0,0,1,0,0
13,8.0,0,0,0,0,0,2,4,5,2,0,0,1.0,0.99,0,1,0,0,1,0,0
37,52.0,0,0,0,0,0,1,3,4,2,0,0,0.98,0.94,0,0,0,0,1,0,0
273,8.0,100,200,300,500,36,198,454,624,88,0,0,1.0,1.0,0,0,0,0,1,0,0
13,2.0,0,0,0,0,0,5,11,12,0,0,0,1.0,0.99,0,1,0,0,1,0,1
3,2.0,0,14,14,14,3,4,4,4,1,0,0,0.99,0.9,0,0,0,0,1,0,1
0,2.0,0,5,8,9,0,0,0,0,0,0,0,0.63,0.72,0,0,0,0,1,0,1
13,12.0,0,6,12,18,0,10,20,25,0,0,6,0.07,0.24,0,0,0,0,1,0,0
13,8.0,0,196,196,196,1,2,5,12,0,0,0,0.51,0.53,0,1,0,0,1,0,0
0,8.0,7,12,12,12,0,0,0,0,0,0,0,0.95,0.97,0,1,0,0,1,0,1
12,8.0,0,0,0,0,4,4,4,8,3,0,0,0.96,0.93,0,0,0,0,1,0,1
10,2.0,0,8,24,32,11,41,60,73,0,0,0,0.0,0.0,0,0,0,0,1,0,1
2,8.0,0,2,4,6,2,4,4,7,0,0,0,0.79,0.78,0,0,0,0,1,0,1
15,2.0,0,0,0,0,5,26,37,45,0,0,0,0.99,0.99,0,1,0,0,1,0,0
10,12.0,0,100,100,100,4,22,46,68,4,0,0,0.98,0.96,0,0,0,0,1,0,1
11,2.0,0,0,0,0,0,0,0,0,0,0,0,1.0,0.97,0,0,0,0,1,0,0
19,4.0,0,0,0,0,0,0,0,1,0,0,0,0.73,0.78,0,0,0,0,1,0,0
10,12.0,0,0,0,0,0,0,0,0,0,0,0,0.62,0.73,0,0,0,0,1,0,0
0,2.0,0,5,15,15,0,0,0,0,0,0,0,0.98,0.99,0,0,0,0,1,0,1
0,2.0,0,2926,4420,5536,20,51,786,787,672,0,325,0.98,0.99,20,0,0,0,0,0,1
243,12.0,0,203,397,749,51,199,429,723,94,0,0,0.73,0.76,0,0,0,1,1,0,0
5,8.0,0,4,16,20,6,9,26,42,4,0,0,0.99,0.87,0,0,0,0,1,0,1
58,8.0,10,128,191,254,40,82,144,215,49,0,0,0.98,0.99,0,0,0,0,1,0,0
-15,8.0,0,160,228,334,32,135,237,305,23,0,12,0.98,0.98,18,0,0,0,1,0,1
6,9.0,0,0,0,0,0,0,0,0,0,0,0,0.98,0.98,0,0,0,0,1,0,0
2,8.0,0,11,19,26,4,11,19,24,4,0,0,0.8,0.75,0,0,0,0,1,0,1
3,2.0,0,0,0,0,6,15,24,34,0,0,0,1.0,0.99,0,0,0,0,1,0,1
9,8.0,0,0,0,0,0,0,0,0,0,0,0,0.37,0.36,0,0,0,0,1,0,0
0,2.0,0,72,108,108,0,0,0,0,4,0,0,0.67,0.55,0,1,0,0,0,0,1
8,8.0,0,0,0,0,0,0,0,3,2,0,0,0.97,0.9,0,0,0,0,1,0,0
5,2.0,0,12,12,12,4,11,19,29,1,0,0,0.81,0.83,0,0,0,1,1,0,1
37,2.0,0,12,12,18,8,19,24,27,0,0,0,0.38,0.4,0,1,0,0,1,0,1
0,2.0,0,0,0,0,0,0,0,0,0,0,0,0.22,0.27,0,0,0,0,1,0,0
5,12.0,0,96,112,176,5,26,85,138,12,0,0,0.73,0.76,0,0,0,0,1,0,1
19,9.0,0,0,0,0,0,0,0,0,0,0,0,0.86,0.84,0,0,0,0,1,0,0
0,4.0,0,8,12,12,0,0,0,0,0,0,0,0.82,0.78,0,1,0,1,1,0,1
7,8.0,0,0,0,0,0,0,0,0,0,0,0,0.92,0.96,0,0,0,0,1,0,0
387,8.0,131,576,1152,1152,125,446,785,1148,149,0,0,0.0,0.0,0,0,0,0,1,0,0
0,8.0,0,100,100,100,5,46,57,65,2,0,0,0.98,0.99,0,0,0,0,1,0,1
2,9.0,0,9,15,21,1,6,12,19,4,0,0,0.43,0.45,0,0,0,0,1,0,1
16,8.0,0,0,0,0,0,0,0,1,0,0,0,0.91,0.82,0,0,0,0,1,0,0
37,2.0,0,80,80,160,12,51,114,170,20,0,0,0.99,0.99,0,0,0,0,1,0,1
13,8.0,0,0,0,0,0,0,0,2,0,0,0,0.86,0.94,0,1,0,0,1,0,0
0,4.0,0,0,0,0,0,0,0,0,0,0,0,0.73,0.76,0,0,0,0,1,0,0
1,9.0,0,30,40,60,3,13,21,26,2,0,0,0.96,0.96,0,0,0,1,1,0,1
1,12.0,0,5,5,5,0,1,3,4,0,0,0,0.62,0.73,0,0,0,1,1,0,0
1,8.0,0,8,8,8,1,2,7,11,0,0,0,0.0,0.0,0,0,0,0,1,0,1
0,2.0,0,58,110,166,1,2,2,2,0,0,0,0.62,0.62,4,0,0,0,1,0,1
0,3.0,0,4,4,4,0,2,4,6,0,0,0,0.89,0.9,0,0,0,0,1,0,1
-5,12.0,4,15,21,27,2,30,60,66,1,0,0,0.11,0.13,6,0,0,0,1,0,1
12,2.0,0,725,725,725,0,2,3,5,80,0,0,-99.0,-99.0,0,0,0,0,1,0,0
-31,8.0,0,171,236,335,43,144,249,312,23,0,23,0.98,0.98,32,0,0,0,1,0,1
0,4.0,0,7,8,8,0,0,0,0,1,0,0,0.22,0.14,0,0,0,0,1,0,0
17,8.0,0,0,0,0,0,0,0,0,0,0,0,0.07,0.24,0,0,0,1,1,0,0
0,8.0,0,28,28,28,2,6,14,30,13,0,0,0.81,0.75,0,0,0,0,1,0,1
13,2.0,0,29,58,58,6,13,19,53,4,0,0,0.46,0.64,0,0,0,0,1,0,0
0,2.0,0,0,0,0,2,3,3,5,0,0,0,0.89,0.89,0,0,0,0,1,0,1
0,8.0,0,25,50,50,7,15,28,43,0,0,0,0.99,0.99,0,0,0,0,1,0,1
8,8.0,0,16,24,40,11,24,43,58,6,0,0,0.84,0.92,0,0,0,0,1,0,1
3,2.0,0,2,3,3,0,0,0,0,0,0,0,0.35,0.37,0,1,0,0,1,0,0
14,2.0,0,64,64,64,31,62,92,126,0,0,0,0.93,0.96,0,0,0,0,1,0,1
0,8.0,0,16,16,16,0,0,0,0,0,0,0,1.0,0.91,0,0,0,0,1,0,1
9,2.0,0,0,0,0,0,0,0,0,1,0,0,0.76,0.77,0,0,0,0,1,0,0
10,8.0,1,0,0,0,43,88,90,90,0,0,0,0.9,0.92,0,0,0,0,1,0,1
4,8.0,0,0,0,0,0,0,0,0,0,0,0,0.1,0.13,0,1,0,0,1,0,0
16,8.0,0,0,0,0,0,0,0,0,0,0,0,0.99,0.98,0,0,0,0,1,0,0
5,0.0,0,0,0,0,2,4,4,9,1,0,0,0.0,0.0,0,0,0,0,1,0,1
0,4.0,0,11,18,26,0,0,0,0,0,0,0,0.82,0.78,0,0,0,0,1,0,1
0,2.0,1,2,4,5,1,3,3,3,0,0,0,0.93,0.96,0,0,0,0,1,0,1
8,8.0,0,0,28,28,8,20,30,45,2,0,0,0.97,0.97,0,0,0,0,1,0,1
241,8.0,24,277,419,649,50,166,474,711,56,0,0,0.16,0.1,0,1,0,1,1,0,0
0,12.0,0,0,0,0,0,0,0,0,0,0,0,0.78,0.78,0,0,0,0,1,0,1
4,2.0,0,0,0,10,0,0,3,3,0,0,0,0.53,0.5,0,0,0,1,1,0,0
1,8.0,0,0,0,0,1,1,1,1,0,0,0,0.9,0.95,0,0,0,0,1,0,1
12,2.0,0,0,12,13,11,15,16,16,0,0,0,0.81,0.85,0,0,0,1,1,0,1
14,8.0,0,0,0,0,0,0,0,0,1,0,0,0.84,0.9,0,0,0,0,1,0,0
2,8.0,0,0,0,0,0,1,1,1,1,0,0,0.93,0.96,0,0,0,0,1,0,0
2,8.0,0,2,2,5,1,6,9,11,5,0,0,0.87,0.9,0,0,0,0,1,0,0
397,8.0,0,0,0,0,6,19,29,40,0,0,0,1.0,0.99,0,0,0,0,1,0,0
4,8.0,0,3,7,10,2,4,8,12,0,0,1,0.64,0.69,0,0,0,0,1,0,0
0,8.0,0,30,40,70,4,25,39,46,0,0,0,0.61,0.62,0,0,0,0,1,0,1
7,4.0,0,0,0,0,0,0,0,2,0,0,0,0.73,0.78,0,0,0,0,1,0,1
0,8.0,0,7,11,15,2,6,12,16,0,0,0,0.99,0.93,0,0,0,0,1,0,1
25,8.0,0,180,348,420,48,128,293,357,56,0,20,0.09,0.09,3,0,0,1,1,0,1
10,9.0,12,25,25,31,4,37,55,74,18,0,0,0.91,0.74,0,0,0,0,1,0,0
17,8.0,0,0,9,9,2,8,22,31,0,0,0,0.5,0.53,0,0,0,0,1,0,1
2,12.0,0,1,1,1,1,1,2,2,0,0,0,0.57,0.7,0,0,0,0,1,0,1
-1,8.0,1,7,7,7,1,3,8,12,0,0,0,0.92,0.9,1,0,0,0,1,0,1
10,2.0,0,0,0,0,0,0,1,2,0,0,0,1.0,0.9,0,0,0,0,1,0,0
1,14.0,0,20,32,40,6,21,31,49,15,0,0,0.38,0.44,0,0,0,0,1,0,1
394,12.0,27,0,432,432,63,228,459,700,155,0,0,1.0,1.0,0,0,0,0,1,0,0
-5,8.0,0,37,53,73,3,20,37,44,12,0,14,0.68,0.69,5,0,0,0,1,0,1
11,2.0,0,12,32,52,6,18,37,47,4,0,0,0.9,0.93,0,0,0,0,1,0,1
96,2.0,0,0,0,0,16,529,529,529,0,0,0,0.69,0.75,0,1,0,0,1,0,1
-13,8.0,0,21,26,26,1,14,19,23,16,0,0,0.73,0.73,13,0,0,0,1,0,1
6,8.0,0,0,0,0,0,0,0,0,0,0,0,0.8,0.82,0,0,0,0,1,0,0
10,4.0,5,0,0,0,0,0,0,0,0,0,0,0.7,0.66,0,1,0,0,1,0,0
313,8.0,56,140,378,616,86,298,641,1064,80,0,0,0.95,0.8,0,0,0,0,1,0,0
12,0.0,0,126,256,371,18,88,205,332,31,0,0,0.0,0.0,0,0,0,0,0,0,1
16,8.0,0,0,0,0,0,0,0,0,0,0,0,0.93,0.87,0,0,0,0,1,0,0
55,8.0,5,477,702,927,79,202,329,427,76,0,0,0.0,0.0,0,0,0,0,1,0,1
18,8.0,0,0,0,0,0,0,0,0,0,0,0,0.99,0.99,0,1,0,0,1,0,0
6,12.0,0,0,0,0,0,2,2,3,0,0,0,0.87,0.67,0,0,0,0,1,0,1
10,8.0,0,60,60,60,10,22,37,70,16,0,0,0.95,0.96,0,1,0,0,0,0,0
47,8.0,5,49,75,101,4,67,98,102,18,0,0,0.69,0.68,0,0,0,0,1,0,0
76,2.0,0,226,446,686,7,7,7,7,20,0,0,0.59,0.56,0,1,0,0,1,0,1
2,8.0,0,34,43,43,4,8,14,25,0,0,5,0.37,0.36,0,0,0,0,1,0,1
0,2.0,0,4,7,8,0,0,0,0,0,0,0,0.42,0.36,0,1,0,0,1,0,1
6,8.0,1,30,42,48,22,33,47,67,0,0,0,0.88,0.9,0,0,0,0,1,0,0
0,2.0,0,7,7,7,4,7,11,11,0,0,0,0.95,0.97,0,0,0,0,1,0,1
165,8.0,0,0,0,0,0,0,0,0,0,0,0,0.86,0.93,0,0,0,0,1,0,0
-5,8.0,1,64,112,160,14,49,106,154,22,0,8,0.18,0.41,6,0,0,1,1,0,1
89,8.0,0,0,60,120,6,21,41,55,8,0,0,0.96,0.83,0,0,0,0,1,0,0
0,8.0,0,9,9,18,5,10,17,22,1,0,0,1.0,1.0,0,0,0,0,1,0,1
8,8.0,1,50,50,50,3,12,34,54,4,0,0,0.73,0.77,0,1,0,0,0,0,0
0,2.0,0,30,30,60,5,12,21,27,0,0,0,0.98,0.99,0,0,0,0,1,0,1
0,2.0,0,72,108,108,0,0,0,0,4,0,0,0.67,0.55,0,1,0,0,0,0,1
1,9.0,0,14,23,31,3,9,15,19,0,0,0,0.86,0.84,0,0,0,0,1,0,1
156,12.0,0,0,0,0,14,22,33,38,22,0,0,-99.0,1.0,0,0,0,0,1,0,0
0,8.0,0,0,0,0,0,0,0,0,0,0,0,0.71,0.71,0,0,0,0,1,0,0
9,11.0,0,14,27,40,6,18,28,40,3,0,0,0.88,0.74,0,0,0,0,1,0,1
56,2.0,0,3,44,89,12,35,54,75,1,0,0,1.0,1.0,0,1,0,0,1,0,1
2,8.0,0,1,2,3,1,1,3,4,0,0,0,0.46,0.35,0,0,0,0,1,0,1
1,8.0,0,30,30,30,8,15,23,29,6,0,0,1.0,0.41,0,0,0,1,1,0,1
3,2.0,0,0,0,0,0,2,6,6,0,0,0,0.38,0.4,0,0,0,0,1,0,1
-7,8.0,0,37,40,49,3,22,40,49,3,0,3,0.57,0.74,7,0,0,0,1,0,1
3,10.0,0,0,1,3,0,1,1,4,0,0,0,0.89,0.9,0,0,0,0,1,0,1
15,2.0,0,21,42,70,16,33,60,76,0,0,0,0.5,0.52,0,0,0,1,1,0,0
1,8.0,0,2,3,4,2,3,3,3,0,0,0,0.0,0.0,0,0,0,0,1,0,1
3,8.0,0,0,0,0,0,0,0,0,1,0,0,0.98,0.97,0,0,0,0,1,0,1
145,8.0,8,160,328,464,27,134,319,529,17,0,0,0.66,0.69,0,0,0,0,1,0,0
331,8.0,1,0,0,0,23,146,345,453,62,0,0,0.98,0.99,0,1,0,0,1,0,0
2,14.0,0,36,72,104,15,39,69,94,14,0,0,0.65,0.69,0,0,0,0,1,0,1
3,12.0,8,184,264,328,32,118,219,320,31,0,0,0.63,0.72,1,0,0,0,1,0,1
287,2.0,103,689,1349,2009,196,457,727,871,233,0,0,0.82,0.68,0,1,0,0,1,0,0
0,2.0,0,2,2,2,0,0,0,0,1,0,0,0.1,0.13,0,0,0,1,1,0,1
0,8.0,0,52,103,103,0,0,0,0,15,0,0,0.65,0.4,0,1,0,1,0,0,1
21,8.0,0,0,0,0,0,0,0,0,0,0,0,0.91,0.96,0,0,0,0,1,0,0
0,8.0,0,20,20,20,0,0,0,0,0,0,0,0.51,0.53,0,1,0,1,1,0,0
5,8.0,1,33,51,85,11,36,69,92,15,0,0,0.98,0.98,0,0,0,0,1,0,1
0,9.0,0,3,4,6,0,2,3,3,0,0,0,0.99,0.98,0,0,0,0,1,0,1
4,8.0,0,0,0,0,0,0,1,3,0,0,0,0.78,0.82,0,0,0,0,1,0,0
29,12.0,2,10,20,35,2,25,61,82,11,0,0,0.82,0.79,0,0,0,1,1,0,0
4,9.0,0,15,23,31,5,11,25,42,0,0,0,1.0,1.0,0,0,0,0,1,0,1
1,12.0,0,0,0,0,0,0,0,0,0,0,0,0.78,0.78,0,0,0,0,1,0,0
2,2.0,0,3,5,5,1,1,1,1,0,0,0,0.66,0.69,0,1,0,0,1,0,1
2022,8.0,942,1750,3520,4582,470,1667,3451,5124,455,0,0,0.93,0.94,0,0,0,0,1,0,0
150,8.0,141,732,1368,2172,182,775,1375,1848,174,0,48,0.31,0.18,26,0,0,0,1,0,1
-499,12.0,350,3452,5044,7188,747,2550,3572,4745,401,0,0,0.49,0.72,525,0,0,0,1,0,1
8,8.0,0,0,0,0,0,0,0,0,0,0,0,0.98,0.96,0,0,0,0,1,0,0
7,8.0,0,0,0,0,0,0,2,2,1,0,0,0.81,0.85,0,0,0,0,1,0,0
3,9.0,0,0,0,0,0,0,0,0,0,0,0,0.68,0.66,0,0,0,1,1,0,0
24,2.0,0,0,0,0,0,0,0,0,0,0,0,1.0,1.0,0,1,0,0,1,0,0
11,8.0,0,17,49,85,12,34,74,98,0,0,0,0.56,0.46,0,0,0,0,1,0,1
3,2.0,0,0,3,3,0,1,2,6,0,0,0,0.97,0.93,0,0,0,0,1,0,1
7,12.0,0,0,0,0,1,2,3,4,4,0,0,0.57,0.69,0,0,0,0,1,0,1
2,12.0,0,0,0,1,0,0,1,2,0,0,0,0.73,0.69,0,0,0,0,1,0,0
7,10.0,0,0,0,0,0,0,3,3,2,0,0,0.84,0.86,0,0,0,1,1,0,0
0,2.0,0,368,574,574,0,0,0,0,55,0,0,0.76,0.72,0,0,0,0,1,0,1
204,8.0,0,0,0,0,0,0,0,0,1,0,0,-99.0,-99.0,0,0,0,0,1,0,0
26,2.0,0,18,42,72,16,32,37,81,0,0,0,0.99,0.97,0,0,0,0,1,0,1
133,12.0,0,0,0,0,4,10,22,31,0,0,0,0.78,0.75,0,0,0,0,1,0,0
3,8.0,0,141,213,309,7,59,241,322,20,0,0,0.67,0.61,0,0,0,1,1,0,1
2,8.0,0,1,3,4,1,2,4,6,2,0,0,0.17,0.33,0,0,0,0,1,0,1
4,8.0,0,0,0,0,0,0,1,1,1,0,0,1.0,1.0,0,0,0,0,1,0,1
1,8.0,0,1,1,2,0,1,1,1,0,0,0,0.61,0.61,0,0,0,1,1,0,0
16,2.0,0,0,0,0,2,4,7,7,0,0,0,1.0,0.97,0,0,0,0,1,0,0
6,8.0,0,18,36,72,8,21,38,65,0,0,0,0.99,0.99,0,0,0,0,1,0,1
0,9.0,0,6,6,6,0,2,2,4,0,0,0,0.91,0.77,0,0,0,0,1,0,1
17,52.0,0,0,0,0,1,4,11,16,13,0,0,0.51,0.36,0,1,0,0,1,0,0
56,8.0,21,864,1452,2160,328,868,1363,1755,231,0,0,0.32,0.15,16,0,0,0,1,0,1
3,8.0,0,0,0,0,2,2,2,3,0,0,0,0.99,0.98,0,0,0,0,1,0,1
0,0.0,0,25,49,55,1,1,1,1,5,0,0,-99.0,0.0,0,0,0,0,0,0,1
1,8.0,0,12,26,40,5,14,22,40,2,0,0,0.94,0.91,0,0,0,0,1,0,1
18,4.0,0,19,38,57,8,20,35,56,0,0,0,0.73,0.78,0,0,0,0,1,0,0
4,8.0,2,5,9,11,0,5,6,7,2,0,1,0.99,0.98,0,0,0,0,1,0,0
77,4.0,0,0,0,0,2,3,5,5,2,0,0,0.56,0.55,0,0,0,0,1,0,0
662,8.0,6,0,0,0,22,64,136,220,58,0,0,0.0,0.0,0,0,0,0,1,0,0
60,12.0,0,0,0,0,0,3,6,12,0,0,0,0.44,0.38,0,0,0,0,1,0,0
98,8.0,0,0,0,0,0,3,3,6,0,0,0,0.99,0.99,0,0,0,0,1,0,0
-7,6.0,0,38,38,38,10,31,71,99,4,0,0,0.73,0.76,7,0,0,0,1,0,1
3,12.0,0,30,55,70,2,14,33,51,0,0,0,0.07,0.27,0,0,0,0,1,0,1
6,8.0,0,70,112,154,7,29,64,109,23,1,9,0.76,0.84,0,0,0,0,1,0,1
6,12.0,0,5,5,5,0,9,10,12,1,0,0,0.78,0.78,0,0,0,0,1,0,0
2,8.0,0,0,0,0,1,4,6,8,0,0,0,1.0,0.99,0,1,0,0,1,0,0
-24,8.0,0,1120,1680,1960,211,564,1095,1741,162,0,280,0.09,0.09,36,0,0,0,1,0,1
22,5.0,0,0,0,0,0,0,0,0,1,0,0,0.72,0.68,0,0,0,0,1,0,0
0,8.0,0,2,2,3,2,2,3,6,0,0,0,0.96,0.97,0,0,0,0,1,0,1
6,8.0,0,0,0,0,0,0,1,1,0,0,0,0.76,0.85,0,1,0,0,1,0,0
45,8.0,55,182,297,372,101,237,277,352,92,0,2,0.89,0.93,15,0,0,1,1,0,1
11,2.0,40,75,150,225,27,86,142,196,50,0,0,0.98,0.98,0,0,0,0,1,0,1
8,8.0,0,0,0,0,1,2,3,4,0,0,0,0.85,0.78,0,0,0,0,1,0,0
17,11.0,0,27,54,81,9,38,78,114,13,0,0,0.88,0.74,0,0,0,0,1,0,1
9,12.0,6,92,157,217,26,68,122,170,42,0,15,0.22,0.26,0,0,0,0,1,0,1
41,8.0,0,0,0,0,0,0,0,1,1,0,0,0.6,0.82,0,0,0,0,1,0,0
1,2.0,0,8,8,11,0,3,4,8,2,0,0,-99.0,0.0,0,0,0,0,1,0,1
2,8.0,0,0,0,0,0,0,0,0,0,0,0,0.81,0.85,0,0,0,0,1,0,0
2,2.0,0,0,0,0,0,0,0,0,0,0,0,1.0,1.0,0,0,0,0,1,0,0
300,8.0,1,117,360,576,70,213,395,614,44,0,0,1.0,0.98,0,0,0,0,1,0,0
0,4.0,0,0,10230,17710,0,8,8,8,16,0,0,1.0,1.0,0,0,0,0,1,0,1
22,8.0,0,0,0,0,0,0,0,0,0,0,0,0.99,0.98,0,0,0,0,1,0,0
135,8.0,0,0,100,200,0,0,0,0,0,0,0,0.91,0.74,0,0,0,0,1,0,0
4,0.0,0,189,189,189,6,17,27,41,5,0,0,0.0,0.0,0,0,0,0,0,0,1
0,12.0,0,4,6,9,1,4,6,8,0,0,0,0.73,0.76,0,0,0,0,1,0,1
12,2.0,0,10,30,40,3,17,32,45,1,0,0,0.82,0.68,0,0,0,0,1,0,1
6810,8.0,0,0,0,0,0,0,0,0,0,0,0,0.99,0.93,0,0,0,0,1,0,0
50,8.0,1,40,96,144,13,43,96,145,30,0,0,0.46,0.45,0,0,0,0,1,0,0
0,2.0,0,39,55,75,2,10,14,14,0,0,1,0.81,0.58,5,0,0,0,1,0,1
3,8.0,0,0,0,0,0,0,0,0,0,0,0,0.89,0.88,0,0,0,1,1,0,0
4,8.0,0,0,0,0,0,0,0,0,0,0,0,0.42,0.36,0,1,0,0,1,0,0
0,8.0,0,6,8,12,0,0,0,0,0,0,1,0.96,0.96,0,0,0,0,1,0,1
5,4.0,3,13,25,35,2,9,18,25,5,0,0,1.0,1.0,0,0,0,0,1,0,0
0,12.0,0,5,6,9,0,4,5,6,3,0,0,0.69,0.68,0,0,0,0,1,0,1
-3,8.0,0,5,5,9,21,24,29,31,1,0,0,0.99,0.97,3,0,0,0,1,0,1
7,8.0,19,590,870,1150,100,256,562,847,122,0,42,0.65,0.75,7,0,0,0,1,0,1
4,0.0,0,14,28,42,2,4,10,28,3,0,0,0.0,0.0,0,0,0,0,0,0,1
9,16.0,0,0,0,0,1,3,3,5,6,0,0,0.99,0.99,0,1,0,0,1,0,0
1316,3.0,395,1680,3248,4704,397,1401,2640,3729,332,0,0,0.98,0.99,0,0,0,0,1,0,0
0,8.0,0,3,4,6,0,1,3,4,1,0,0,0.42,0.41,0,0,0,0,1,0,1
296,2.0,0,0,0,0,11,29,40,41,0,0,0,0.79,0.83,0,1,0,0,1,0,0
43,12.0,10,366,659,1011,96,355,821,1003,64,0,0,0.78,0.78,0,0,0,1,1,0,0
100,8.0,0,0,0,0,0,1,1,1,2,0,0,0.95,0.87,0,0,0,1,1,0,0
39,2.0,0,8,40,80,6,36,86,118,0,0,0,0.78,0.83,0,0,0,0,1,0,1
31,8.0,0,305,472,633,39,134,328,583,53,0,0,0.05,0.12,0,0,0,1,1,0,1
-3,8.0,0,33,51,78,12,35,67,99,2,0,0,0.57,0.44,3,0,0,0,1,0,1
3,4.0,0,0,0,0,0,0,0,0,0,0,0,0.73,0.78,0,0,0,0,1,0,0
74,8.0,75,111,258,426,13,85,178,212,51,0,19,0.96,0.96,0,0,0,0,1,0,0
98,10.0,4,0,0,0,4,21,44,68,21,0,0,0.85,0.88,0,0,0,0,1,0,0
10,8.0,0,0,0,0,0,0,0,0,0,0,0,0.66,0.87,0,0,0,0,1,0,0
88,8.0,0,0,0,0,0,0,0,0,0,0,0,-99.0,-99.0,0,0,0,1,1,0,0
1,9.0,0,6,6,6,1,2,3,5,0,0,0,0.94,0.91,0,0,0,0,1,0,1
8,8.0,0,24,40,56,8,21,34,45,0,0,0,0.99,0.99,0,0,0,0,1,0,1
57,8.0,0,0,0,0,0,0,1,1,0,0,0,0.83,0.9,0,0,0,0,1,0,0
5,14.0,0,0,0,0,0,0,0,0,0,0,0,0.99,0.99,0,0,0,0,1,0,0
34,8.0,222,243,303,513,61,206,475,682,88,0,0,0.98,0.97,1,0,0,0,1,0,0
8,2.0,0,0,0,0,0,0,0,0,0,0,0,0.98,0.93,0,1,0,0,1,0,0
45,12.0,8,16,44,64,8,22,65,114,12,0,4,0.78,0.78,0,0,0,1,1,0,0
6,8.0,0,0,0,0,0,0,0,0,0,0,0,0.18,0.31,0,0,0,0,1,0,0
10,8.0,0,2,8,14,4,9,20,65,3,0,0,0.95,0.96,0,0,0,0,1,0,1
8,9.0,0,0,0,0,0,0,0,1,1,0,0,0.99,0.98,0,0,0,0,1,0,0
240,2.0,0,160,320,640,41,144,269,391,0,0,0,0.68,0.64,0,0,0,0,1,0,1
164,10.0,0,0,0,0,0,0,0,0,0,0,0,0.82,0.78,0,0,0,0,1,0,0
1,8.0,0,2,3,4,0,0,0,0,0,0,0,0.0,0.0,0,1,0,0,1,0,1
102,8.0,8,611,851,1091,122,342,623,969,171,0,48,0.67,0.61,0,0,0,1,1,0,1
386,8.0,0,0,0,0,3,4,7,17,2,0,0,0.95,0.97,0,0,0,0,1,0,0
36,8.0,0,0,0,0,0,0,1,2,2,0,0,0.0,0.0,0,0,0,1,1,0,0
-36,2.0,0,400,560,560,97,394,646,933,91,0,0,0.06,0.02,59,0,0,0,1,0,1
89,8.0,65,1569,2178,3488,506,1756,3177,4166,315,0,100,0.7,0.71,10,0,0,0,1,0,1
7,8.0,0,7,7,14,4,7,16,17,2,0,0,0.74,0.84,0,0,0,0,1,0,1
8,8.0,0,0,0,0,0,0,0,1,1,0,0,1.0,0.94,0,1,0,0,1,0,0
2,8.0,0,8,8,8,0,1,6,10,0,0,8,0.0,0.0,0,0,0,0,1,0,1
0,12.0,0,12,12,12,0,0,0,0,3,0,0,0.82,0.79,0,1,0,0,1,0,1
0,8.0,0,2,4,5,2,3,3,3,1,0,0,0.81,0.82,0,0,0,0,1,0,1
11,2.0,0,10,20,30,0,2,9,11,0,0,0,0.99,0.98,0,1,0,0,1,0,1
12,8.0,0,0,7,14,2,6,16,27,2,0,0,0.64,0.75,0,0,0,0,1,0,0
0,2.0,1,33,33,33,1,2,5,5,0,0,0,0.33,0.29,0,1,0,0,0,0,1
48,2.0,0,0,0,0,0,0,0,0,0,0,0,0.68,0.64,0,0,0,0,1,0,0
1536,8.0,0,0,0,0,4,12,15,44,1,0,0,0.99,0.99,0,0,0,0,1,0,0
0,2.0,0,5,5,5,0,0,0,0,0,0,0,0.0,0.0,0,1,0,1,1,0,1
0,0.0,0,49,89,129,22,51,84,109,5,0,0,0.0,0.0,1,0,0,0,0,0,1
-2,8.0,0,176,265,356,54,147,268,351,46,0,14,0.82,0.75,4,0,0,1,1,0,1
11,8.0,0,0,40,40,3,18,41,60,5,0,0,0.9,0.92,0,0,0,0,1,0,0
0,4.0,0,4,4,4,0,0,0,0,0,0,0,0.68,0.66,0,1,0,0,1,0,0
94,5.0,40,94,209,347,21,87,191,296,38,0,0,0.36,0.25,0,0,0,0,1,0,0
0,8.0,0,10,20,20,1,6,10,15,1,0,0,0.45,0.41,0,1,0,0,0,0,1
1,8.0,0,18,27,36,5,9,22,30,1,0,0,0.76,0.77,0,0,0,0,1,0,1
10,8.0,0,0,0,0,0,0,0,0,0,0,0,0.96,0.97,0,0,0,0,1,0,0
135,8.0,0,0,0,0,0,10,24,34,2,0,0,1.0,0.8,0,1,0,0,1,0,0
28,8.0,20,0,0,0,5,12,26,45,2,0,0,0.95,0.95,0,0,0,1,1,0,0
0,2.0,0,53,53,53,0,4,4,4,0,0,0,0.0,0.25,0,1,0,0,1,0,1
4,12.0,0,0,0,0,0,0,0,0,0,0,0,0.62,0.73,0,0,0,0,1,0,0
0,8.0,0,0,0,0,0,0,0,0,0,0,0,0.82,0.78,0,0,0,0,1,0,0
16,2.0,0,50,80,110,7,32,64,95,27,0,0,0.05,0.41,0,0,0,0,1,0,1
2,12.0,0,20,30,60,1,11,28,32,0,0,0,0.87,0.88,0,0,0,0,1,0,1
2,2.0,0,2,5,6,3,10,17,36,3,0,0,0.92,0.95,0,0,0,0,1,0,1
4,8.0,0,48,96,152,5,29,44,48,0,0,0,0.53,0.5,0,0,0,1,1,0,1
4,8.0,4,78,126,158,19,61,116,194,24,0,5,0.3,0.26,0,0,0,0,1,0,1
4,9.0,0,0,0,0,0,0,4,4,0,0,0,0.91,0.77,0,0,0,0,1,0,0
2,8.0,0,2,4,7,2,4,5,5,0,0,0,0.97,0.98,0,0,0,0,1,0,1
9,8.0,4,16,32,44,9,30,61,100,0,0,4,0.64,0.69,0,0,0,0,1,0,1
8,2.0,0,0,50,50,8,17,35,53,1,0,0,0.99,0.98,0,0,0,0,1,0,1
58,8.0,9,30,94,130,11,31,95,147,18,0,0,0.92,0.96,0,0,0,0,1,0,0
9958,8.0,1378,0,0,0,545,1517,3266,5481,346,0,0,0.99,0.99,0,0,0,0,1,0,0
2,12.0,0,0,0,0,0,0,0,0,0,0,0,0.57,0.7,0,0,0,0,1,0,0
0,2.0,0,99,131,131,0,0,0,0,5,0,0,0.47,0.55,0,1,0,0,1,0,1
20,9.0,0,9,9,9,0,0,5,8,0,0,0,0.91,0.74,0,1,0,0,1,0,0
2,2.0,0,60,67,96,5,6,6,6,1,0,0,0.81,0.83,0,1,0,0,1,0,1
34,8.0,0,0,0,0,0,0,0,0,3,0,0,1.0,0.85,0,0,0,1,1,0,0
114,8.0,1,500,500,500,30,47,134,254,24,0,0,0.98,0.97,0,0,0,0,1,0,0
14,9.0,0,0,24,24,2,6,10,15,2,0,0,0.99,0.98,0,0,0,0,1,0,0
0,2.0,0,21,21,21,0,0,0,0,1,0,0,0.24,0.28,0,0,0,0,1,0,1
67,8.0,4,0,40,80,15,34,66,99,22,0,0,1.0,0.99,0,0,0,0,1,0,0
7,8.0,0,3,4,6,0,6,11,20,1,0,0,0.2,0.16,0,0,0,0,1,0,1
53,4.0,0,0,0,13,3,22,36,55,0,0,0,0.77,0.8,0,0,0,0,1,0,0
0,12.0,0,22,33,48,3,9,22,34,0,0,1,0.73,0.76,0,0,0,0,1,0,1
0,8.0,0,7,13,14,0,4,7,10,1,0,0,0.99,0.83,0,0,0,0,1,0,1
5,4.0,0,9,18,24,2,8,11,22,2,0,0,0.82,0.91,0,0,0,0,1,0,1
2,10.0,0,0,0,0,0,0,2,2,0,0,0,0.89,0.9,0,0,0,0,1,0,1
0,2.0,0,241,403,432,0,0,0,0,0,0,0,1.0,1.0,0,0,0,0,1,0,1
1,8.0,0,11,17,23,1,4,12,17,4,0,0,0.33,0.29,0,0,0,0,1,0,1
1,8.0,0,6,13,15,0,4,7,10,1,0,0,1.0,0.81,0,0,0,0,1,0,1
6,2.0,0,25,50,75,5,24,61,87,2,0,0,0.79,0.7,0,0,0,0,1,0,1
6,8.0,0,19,19,30,7,16,32,68,0,0,0,0.17,0.33,0,0,0,0,1,0,1
11,8.0,0,5,5,10,7,10,19,27,4,0,0,0.98,0.94,0,0,0,0,1,0,1
-1,8.0,0,174,174,232,4,59,180,231,29,0,164,0.66,0.64,2,0,0,0,1,0,1
0,2.0,0,480,840,1208,4,11,11,11,39,0,0,0.66,0.69,0,0,0,0,1,0,1
10,8.0,0,8,19,29,8,19,57,66,0,0,0,0.71,0.75,0,0,0,0,1,0,1
0,8.0,0,10,10,10,5,6,7,9,0,0,0,0.17,0.33,0,0,0,0,1,0,1
1,4.0,0,8,12,16,5,14,18,24,0,0,0,0.89,0.9,0,0,0,0,1,0,1
1,2.0,0,9,13,13,3,6,9,12,0,0,0,0.33,0.44,0,0,0,0,1,0,1
298,8.0,0,0,0,0,3,8,11,16,1,0,0,1.0,0.88,0,0,0,0,1,0,0
5,2.0,0,0,0,0,0,0,0,0,0,0,0,0.74,0.76,0,1,0,0,1,0,0
4,8.0,0,0,0,0,0,0,0,0,0,0,0,0.95,0.97,0,0,0,1,1,0,0
0,8.0,0,4,4,4,2,2,5,9,0,0,0,0.07,0.07,0,0,0,1,1,0,1
6,12.0,0,0,0,0,0,0,0,0,0,0,0,0.63,0.72,0,0,0,0,1,0,0
0,12.0,0,4,4,4,1,5,5,5,1,0,0,0.68,0.64,0,0,0,0,1,0,1
0,8.0,0,0,0,0,3,5,5,5,5,0,0,0.9,0.9,0,1,0,0,1,0,0
91,2.0,58,1920,3280,4640,467,470,472,472,448,0,0,0.99,0.98,14,0,0,0,0,0,1
0,4.0,0,125,203,238,0,0,0,0,22,0,0,1.0,0.98,0,0,0,0,1,0,1
3,4.0,0,0,0,0,0,0,0,0,0,0,0,0.77,0.8,0,0,0,0,1,0,0
3,8.0,0,31,54,77,5,20,44,70,0,0,14,0.33,0.32,0,0,0,0,1,0,1
1,2.0,0,1,2,2,0,1,1,2,0,0,0,0.83,0.71,0,0,0,1,1,0,0
98,8.0,0,0,0,0,0,0,0,0,0,0,0,-99.0,-99.0,0,0,0,0,1,0,0
315,8.0,0,0,0,0,15,63,153,242,51,0,0,0.58,0.47,0,0,0,0,1,0,0
3,2.0,0,10,20,25,4,11,21,26,0,0,0,0.64,0.68,0,0,0,0,1,0,1
0,9.0,0,2,3,4,0,2,2,2,0,0,0,1.0,0.99,0,0,0,0,1,0,1
5,9.0,0,10,14,18,4,10,15,15,0,0,0,0.91,0.77,0,1,0,0,1,0,1
2,8.0,0,4,4,4,0,3,3,3,1,0,0,0.96,0.93,0,0,0,0,1,0,0
5,3.0,0,0,0,0,0,0,0,0,0,0,0,0.61,0.71,0,1,0,0,1,0,0
151,2.0,0,0,0,0,0,0,0,0,0,0,0,0.99,0.91,0,0,0,0,1,0,0
98,8.0,0,0,0,0,0,0,2,2,1,0,0,0.81,0.87,0,0,0,0,1,0,0
594,8.0,0,1200,1200,1200,0,0,3,3,2,0,0,0.5,0.8,0,0,0,0,1,0,1
0,2.0,0,15,15,15,10,22,31,40,0,0,0,0.84,0.78,0,0,0,0,1,0,1
46,8.0,0,0,0,0,55,94,94,94,0,0,0,0.9,0.94,0,0,0,0,1,0,1
105,2.0,15,855,1505,2155,235,711,1202,1724,181,0,0,0.03,0.09,0,0,0,0,1,0,1
57,8.0,0,24,60,96,7,33,80,110,21,0,0,0.86,0.88,0,0,0,0,1,0,0
0,12.0,0,8,8,8,0,9,10,11,0,0,0,0.78,0.78,0,0,0,0,1,0,1
3,9.0,0,0,0,0,0,1,1,1,1,0,0,0.68,0.66,0,0,0,1,1,0,0
7,8.0,0,0,0,0,0,0,1,2,0,0,0,1.0,0.94,0,0,0,0,1,0,0
1,2.0,0,12,12,12,6,17,26,36,0,0,0,1.0,0.99,0,0,0,0,1,0,1
5,2.0,0,6,6,6,0,0,0,0,0,0,0,0.44,0.62,0,1,0,0,1,0,0
2,2.0,0,19,33,54,3,11,38,62,0,0,0,1.0,1.0,0,0,0,0,1,0,1
0,2.0,0,582,1009,1295,0,0,0,0,51,0,0,0.69,0.68,0,0,0,0,1,0,1
43,9.0,0,0,0,0,0,0,0,0,0,0,0,0.68,0.66,0,0,0,0,1,0,0
1,12.0,0,5,8,12,0,3,7,7,0,0,0,0.78,0.78,0,1,0,0,0,0,1
289,8.0,0,0,0,0,0,0,1,2,2,0,0,0.86,0.9,0,0,0,0,1,0,0
5,2.0,0,24,41,61,4,7,7,7,0,0,1,0.48,0.67,0,0,0,0,1,0,0
1,14.0,0,8,8,8,0,0,4,8,0,0,1,0.89,0.9,0,0,0,0,1,0,1
6,2.0,0,0,5,5,0,2,2,2,1,0,0,0.92,0.95,0,1,0,0,1,0,0
-7,12.0,0,10,11,11,0,3,6,8,5,0,0,0.73,0.69,7,0,0,0,1,0,1
94,8.0,0,0,0,0,1,3,3,6,0,0,0,0.82,0.89,0,0,0,1,1,0,1
1,8.0,0,0,0,0,0,0,0,0,0,0,0,0.8,0.82,0,0,0,0,1,0,0
0,8.0,0,0,0,50,0,0,0,0,0,0,0,0.99,0.97,0,0,0,0,1,0,0
0,2.0,0,5,5,5,0,0,0,0,0,0,0,0.0,0.0,0,1,0,0,1,0,1
653,8.0,0,0,0,0,12,48,99,156,26,0,0,0.98,0.96,0,0,0,0,1,0,0
0,4.0,0,9,9,9,0,0,0,0,0,0,0,0.24,0.14,0,1,0,0,1,0,1
0,8.0,0,3,4,6,1,2,3,3,0,0,0,0.8,0.83,0,0,0,0,1,0,1
105,12.0,0,0,13,26,6,22,33,48,27,0,0,0.68,0.59,0,0,0,0,1,0,0
7,8.0,0,0,0,0,0,0,0,0,0,0,0,0.82,0.87,0,0,0,0,1,0,0
0,8.0,0,0,0,0,0,0,0,0,0,0,0,1.0,1.0,0,0,0,1,1,0,0
1,8.0,0,12,12,17,1,3,11,17,14,0,0,0.97,0.93,0,1,0,0,1,0,1
231,8.0,0,62,62,62,25,86,173,295,34,0,0,0.97,0.98,0,0,0,0,1,0,0
0,8.0,6,0,0,0,3,43,121,182,0,0,0,0.95,0.91,0,0,0,0,1,0,1
495,8.0,0,0,0,0,3,15,33,50,15,0,0,1.0,0.99,0,0,0,0,1,0,0
0,8.0,0,8,8,8,0,0,0,0,4,0,0,0.79,0.71,0,1,0,1,1,0,1
1,3.0,1,1,2,3,0,1,2,3,0,0,0,0.98,0.98,0,0,0,0,1,0,1
5,12.0,0,4,6,10,0,3,8,24,5,0,0,0.85,0.93,0,0,0,0,1,0,0
10,2.0,0,0,2,2,0,0,0,0,0,0,0,0.95,0.97,0,0,0,0,1,0,0
59,2.0,0,238,468,698,61,173,262,325,63,0,0,0.73,0.69,0,1,0,0,1,0,1
4,2.0,0,30,30,30,2,11,19,23,0,0,0,0.97,0.99,0,0,0,0,1,0,1
1,9.0,0,3,3,3,2,9,17,21,0,0,0,0.93,0.74,0,0,0,0,1,0,1
6,9.0,0,0,0,0,0,0,0,0,0,0,0,0.91,0.77,0,1,0,0,1,0,0
264,12.0,0,0,0,0,1,2,2,3,2,0,0,-99.0,1.0,0,0,0,0,1,0,0
2,12.0,0,3,5,5,1,3,4,4,0,0,0,0.78,0.78,0,1,0,0,1,0,0
274,8.0,1,0,0,0,21,55,92,132,20,0,0,0.99,0.97,0,0,0,0,1,0,0
14,8.0,0,6,6,18,0,6,11,25,0,0,0,1.0,0.96,0,0,0,0,1,0,0
4,4.0,0,0,0,0,0,1,1,1,0,0,0,0.89,0.9,0,1,0,0,1,0,0
2,8.0,0,5,30,50,0,6,33,43,0,0,0,0.48,0.57,0,0,0,0,1,0,1
26,4.0,47,21,70,119,10,50,60,70,0,0,0,0.73,0.78,0,0,0,0,1,0,0
36,12.0,0,0,0,0,0,1,8,13,2,0,0,0.0,0.0,0,0,0,0,1,0,0
5,8.0,0,0,0,5,0,1,3,4,0,0,0,1.0,0.99,0,0,0,0,1,0,0
0,12.0,0,20,40,40,6,10,21,24,0,0,0,0.73,0.76,0,0,0,0,1,0,1
-1,2.0,0,8,8,8,1,2,2,2,0,0,0,0.33,0.59,1,0,0,0,1,0,1
93,2.0,27,135,297,405,34,119,321,449,41,0,0,0.89,0.94,0,0,0,1,1,0,0
0,2.0,0,0,0,0,0,0,0,0,0,0,0,0.97,0.9,0,0,0,0,1,0,1
0,2.0,0,5,5,5,0,1,2,2,1,0,0,0.42,0.36,0,1,0,0,1,0,1
170,12.0,0,0,0,0,0,3,7,10,0,0,0,0.73,0.76,0,0,0,0,1,0,0
27,2.0,0,0,0,0,0,0,0,0,0,0,0,1.0,1.0,0,0,0,0,1,0,0
561,8.0,175,1228,2028,3128,558,1800,2966,4143,374,0,112,0.71,0.72,0,0,0,0,1,0,1
11,2.0,0,11,11,11,0,0,0,0,0,0,0,0.79,0.57,0,1,0,1,1,0,0
224,52.0,0,0,0,0,0,0,3,4,0,0,0,-99.0,-99.0,0,1,0,0,1,0,0
16,9.0,0,6,12,18,4,9,13,26,0,0,0,0.85,0.83,0,0,0,0,1,0,0
53,8.0,57,1711,2767,4359,476,1692,2951,3853,458,0,0,0.93,0.94,20,0,0,0,1,0,1
1,12.0,0,0,0,1,1,1,2,2,0,0,0,0.98,0.98,0,0,0,0,1,0,0
26,8.0,16,0,12,24,1,7,20,29,0,0,0,0.8,0.83,0,0,0,1,1,0,0
1,8.0,0,7,10,13,1,4,8,12,0,0,0,0.76,0.77,0,0,0,0,1,0,1
1,8.0,0,5,8,11,0,4,9,11,2,0,2,0.0,0.49,0,0,0,0,1,0,1
12,8.0,0,0,0,0,0,0,1,1,0,0,0,1.0,0.92,0,0,0,0,1,0,1
970,52.0,0,0,0,0,0,0,0,0,1,0,0,0.5,0.67,0,1,0,0,1,0,0
1,8.0,0,48,72,120,12,26,56,76,0,0,0,0.98,0.88,0,0,0,0,1,0,1
-1194,12.0,0,3787,3787,3787,3,11,26,35,30,0,0,0.0,0.0,1267,0,0,0,1,0,1
6,2.0,0,20,60,80,6,17,47,63,4,0,0,0.0,0.0,0,0,0,0,1,0,1
2,9.0,0,0,0,0,0,0,0,0,2,0,0,0.69,0.68,0,0,0,0,1,0,0
-22,8.0,32,357,621,867,133,341,611,845,63,0,23,0.69,0.69,46,0,0,0,1,0,1
4,8.0,0,0,0,0,0,0,0,0,0,0,0,0.8,0.83,0,0,0,0,1,0,0
0,2.0,0,5,5,5,0,0,0,0,0,0,0,0.0,0.0,0,1,0,1,1,0,1
193,14.0,21,42,105,147,35,99,162,247,40,0,0,0.99,0.99,0,0,0,0,1,0,0
0,8.0,0,19,28,40,5,12,20,30,0,0,0,0.78,0.76,0,0,0,0,1,0,1
10,2.0,0,3,3,9,9,20,23,25,0,0,0,0.56,0.56,0,1,0,0,1,0,0
0,8.0,0,70,100,100,0,0,0,0,13,0,0,0.81,0.88,0,0,0,1,1,0,1
39,52.0,0,0,0,0,0,1,5,8,0,0,0,0.98,0.93,0,1,0,0,1,0,0
1,8.0,0,2,2,3,0,0,0,0,0,0,0,0.0,0.0,0,1,0,0,1,0,1
21,8.0,0,13,26,39,6,16,25,49,0,0,0,1.0,1.0,0,0,0,0,1,0,0
0,9.0,0,4,4,4,0,1,1,2,1,0,1,0.69,0.68,0,0,0,1,1,0,1
123,8.0,3,100,200,300,27,82,167,253,23,0,0,0.85,0.56,0,0,0,0,1,0,0
0,13.0,0,0,0,0,0,0,0,0,0,0,0,0.8,0.82,0,1,0,1,1,0,0
-4,8.0,0,166,226,326,31,131,241,303,24,0,10,0.99,0.98,15,0,0,0,1,0,1
0,12.0,0,5,9,11,0,5,11,17,0,0,0,0.77,0.78,0,0,0,0,1,0,1
0,9.0,0,1,1,2,0,0,2,3,1,0,0,0.34,0.41,0,1,0,1,0,0,1
0,8.0,0,0,0,0,0,2,17,21,4,0,0,0.89,0.94,0,1,0,1,1,0,0
2,9.0,0,0,0,0,0,0,0,0,0,0,0,0.43,0.45,0,0,0,0,1,0,0
0,9.0,0,3,4,5,0,2,2,2,0,0,0,1.0,0.99,0,0,0,0,1,0,1
4,2.0,0,0,0,0,0,0,0,0,1,0,0,1.0,0.99,0,0,0,0,1,0,0
46,2.0,0,60,140,230,19,52,94,107,0,0,0,0.27,0.35,0,1,0,0,1,0,0
900,8.0,0,0,1000,2000,115,395,706,1055,210,0,0,1.0,1.0,0,0,0,0,1,0,0
2,8.0,0,20,38,56,15,28,43,58,0,0,0,0.08,0.16,0,0,0,0,1,0,1
89,9.0,0,25,79,124,18,48,102,149,11,0,0,0.86,0.84,0,0,0,0,1,0,1
1,2.0,0,0,0,0,0,0,0,0,1,0,0,1.0,1.0,0,0,0,0,1,0,0
0,8.0,0,0,0,0,0,0,1,4,0,0,0,0.79,0.66,0,1,0,0,1,0,0
5,2.0,0,0,1,2,0,1,4,4,0,0,0,0.66,0.67,0,0,0,0,1,0,1
30,2.0,0,0,0,0,1,6,18,24,0,0,0,1.0,0.99,0,0,0,0,1,0,0
2,2.0,0,0,0,0,0,1,1,1,0,0,0,0.79,0.84,0,0,0,0,1,0,1
10,2.0,0,0,3,3,12,20,29,40,0,0,0,0.97,0.98,0,0,0,0,1,0,1
0,8.0,0,5,5,5,0,0,0,2,0,0,0,0.37,0.36,0,1,0,0,1,0,1
15,2.0,0,0,0,0,3,13,22,30,0,0,0,0.89,0.93,0,0,0,0,1,0,0
10,8.0,5,81,121,151,3,39,78,130,34,0,0,0.59,0.59,0,0,0,0,1,0,1
1,8.0,0,42,60,90,9,28,43,69,0,0,0,0.51,0.53,0,0,0,0,1,0,1
13,8.0,8,17,31,52,16,39,55,71,6,0,0,0.97,0.98,0,0,0,0,1,0,1
391,8.0,153,456,984,1416,144,517,1106,1633,155,0,0,0.96,0.96,0,0,0,0,1,0,0
5,8.0,15,130,195,250,92,209,268,308,35,0,0,0.91,0.93,20,0,0,1,1,0,1
3,2.0,0,4,8,12,3,6,12,18,0,0,0,0.97,0.92,0,0,0,0,1,0,1
0,8.0,0,3,5,7,0,0,3,7,2,0,0,0.84,0.78,0,0,0,1,1,0,1
3,3.0,0,1,3,5,0,1,4,7,1,0,0,0.89,0.9,0,0,0,0,1,0,1
32,2.0,16,32,91,154,2,33,62,63,0,0,0,0.58,0.45,0,0,0,0,1,0,0
3,8.0,0,9,16,26,4,10,18,29,2,0,0,0.43,0.46,0,0,0,0,1,0,1
0,8.0,0,1,2,2,5,5,5,5,0,0,0,-99.0,0.93,0,0,0,0,1,0,1
1,8.0,0,50,77,107,4,17,45,51,0,0,0,0.7,0.75,0,0,0,0,1,0,1
287,8.0,190,535,755,1070,190,444,554,757,196,0,0,0.89,0.93,0,0,0,1,1,0,1
2,2.0,1,16,28,44,7,34,71,73,0,0,4,0.79,0.87,0,0,0,0,1,0,1
2747,4.0,549,10721,18232,24525,3109,6796,15723,24640,984,0,0,0.9,0.94,0,0,0,0,1,0,0
5,12.0,0,7,13,19,2,6,14,19,0,0,0,0.78,0.78,0,0,0,0,1,0,0
2,9.0,0,0,0,0,0,0,0,0,1,0,0,0.69,0.68,0,0,0,0,1,0,0
13,2.0,0,0,0,0,0,0,0,0,1,0,0,0.92,0.92,0,1,0,0,1,0,0
-33,8.0,0,293,433,530,33,144,287,480,38,0,23,0.57,0.6,44,0,0,0,1,0,1
119,8.0,0,0,0,0,1,8,27,44,2,0,0,0.99,0.99,0,0,0,0,1,0,0
0,4.0,0,11,12,12,0,0,0,0,0,0,0,0.63,0.72,0,1,0,0,1,0,1
8,8.0,0,20,36,52,3,13,33,60,0,0,4,0.66,0.69,0,0,0,0,1,0,0
0,8.0,0,31,45,59,2,15,27,40,2,0,0,0.0,0.0,0,0,0,0,1,0,1
0,8.0,0,5,5,6,0,0,2,5,2,0,0,0.76,0.78,0,0,0,0,1,0,1
194,8.0,181,720,1344,2124,229,777,1360,1844,177,0,84,0.31,0.18,23,0,0,0,1,0,1
4,4.0,0,5,10,10,3,7,17,25,0,0,0,0.68,0.66,0,0,0,0,1,0,1
1,8.0,0,10,20,30,2,12,20,21,0,0,0,0.15,0.34,0,0,0,0,1,0,1
34,8.0,7,0,25,46,5,26,45,61,24,0,0,0.74,0.68,0,0,0,0,1,0,0
4,2.0,0,4,8,16,1,4,12,26,1,0,0,0.98,0.96,0,0,0,0,1,0,1
52,2.0,0,0,0,0,5,7,8,8,0,0,0,0.91,0.82,0,0,0,0,1,0,0
68,2.0,21,28,82,136,15,61,126,175,26,0,0,1.0,1.0,0,0,0,0,1,0,0
4,2.0,0,9,9,9,2,3,8,12,0,0,0,-99.0,0.0,0,0,0,0,1,0,1
21,8.0,0,0,0,0,1,3,3,11,1,0,0,0.94,0.9,0,1,0,0,1,0,0
3,2.0,1,0,0,0,1,3,5,5,0,0,0,0.95,0.87,0,1,0,0,1,0,0
0,5.0,0,462,631,631,0,2,2,2,41,0,0,0.65,0.69,0,0,0,0,1,0,1
0,2.0,0,21,36,40,0,0,0,0,1,0,0,0.76,0.72,0,1,0,1,1,0,0
5,12.0,0,6,6,12,1,4,7,10,0,0,0,0.98,0.98,0,0,0,0,1,0,0
1,8.0,0,0,0,0,4,4,4,4,0,0,0,0.91,0.96,0,0,0,0,1,0,0
171,8.0,0,105,364,630,70,268,539,808,59,0,0,0.84,0.82,0,0,0,0,1,0,0
2,2.0,0,22,44,44,7,17,42,59,1,0,0,0.99,0.99,0,0,0,0,1,0,1
9,2.0,0,20,40,60,7,20,47,67,11,0,0,0.98,0.99,0,0,0,0,1,0,1
34,8.0,0,0,0,0,0,0,0,0,0,0,0,0.84,0.9,0,0,0,1,1,0,0
2,9.0,0,0,0,0,0,0,0,0,0,0,0,0.68,0.66,0,0,0,0,1,0,0
7,4.0,0,0,0,0,0,0,0,0,0,0,0,0.73,0.78,0,1,0,0,1,0,0
10,12.0,0,0,0,0,0,0,0,1,0,0,0,0.77,0.73,0,0,0,0,1,0,0
0,8.0,0,14,21,21,3,10,12,19,0,0,0,0.6,0.57,0,0,0,0,1,0,1
0,2.0,0,8,8,8,0,0,0,0,2,0,0,0.03,0.09,0,1,0,1,1,0,1
7,2.0,0,203,203,203,0,0,0,0,0,0,0,0.0,0.0,0,1,0,1,1,0,0
18,2.0,0,0,0,0,2,4,4,4,1,0,0,0.98,0.98,0,1,0,1,1,0,1
2,8.0,0,3,6,9,4,4,4,8,0,0,0,0.84,0.89,0,0,0,0,1,0,1
9,12.0,4,25,49,73,6,17,34,57,0,0,0,0.98,0.98,0,0,0,0,1,0,0
0,2.0,1,1,1,2,0,1,1,1,0,0,0,0.37,0.36,0,0,0,0,1,0,1
23,8.0,0,0,0,0,0,1,2,2,0,0,0,-99.0,-99.0,0,0,0,0,1,0,0
35,8.0,0,0,0,8,5,9,11,22,3,0,0,0.46,0.18,0,0,0,0,0,0,1
11,4.0,0,0,4,8,1,4,6,9,0,0,0,0.73,0.78,0,1,0,0,1,0,0
36,4.0,0,0,0,0,0,1,2,3,0,0,0,0.73,0.78,0,0,0,0,1,0,0
3069,8.0,432,129,1127,1849,459,1338,2539,3560,535,0,0,0.69,0.59,0,0,0,0,1,0,0
2,8.0,0,0,0,0,0,0,0,0,0,0,0,0.82,0.81,0,0,0,0,1,0,0
0,12.0,0,5,5,5,1,3,5,6,0,0,0,0.77,0.78,0,0,0,0,1,0,1
25,2.0,0,0,0,0,0,0,0,0,0,0,0,0.66,0.6,0,0,0,0,1,0,0
0,12.0,0,0,0,0,0,0,0,0,0,0,0,0.78,0.78,0,0,0,0,1,0,1
62,8.0,0,22,42,62,5,22,40,56,28,0,0,0.96,0.92,0,0,0,0,1,0,0
161,8.0,59,271,479,726,118,338,605,941,109,0,0,0.76,0.88,0,0,0,0,1,0,0
3,2.0,1,4,8,12,3,9,10,14,0,0,0,0.66,0.67,0,1,0,0,1,0,1
1,8.0,0,13,20,27,6,13,18,27,0,0,0,0.94,0.97,0,0,0,0,1,0,1
31,2.0,0,17,29,29,0,0,0,0,0,0,0,0.95,0.97,0,1,0,0,1,0,0
0,8.0,0,28,56,56,3,13,29,46,0,0,0,0.95,0.91,0,0,0,0,1,0,1
7,12.0,0,0,0,0,1,1,3,3,4,0,0,0.57,0.69,0,0,0,0,1,0,1
0,5.0,0,0,0,0,0,4,22,31,9,0,0,0.99,0.97,0,1,0,0,1,0,0
0,2.0,0,6,6,6,0,0,0,0,1,0,0,0.93,0.92,0,1,0,0,1,0,0
2,4.0,0,168,168,168,16,34,57,83,0,0,0,0.85,0.88,0,0,0,0,1,0,1
15,9.0,10,21,35,56,5,20,37,87,13,0,0,0.61,0.71,0,0,0,0,1,0,1
7,4.0,0,0,0,0,0,0,0,0,0,0,0,0.73,0.78,0,1,0,0,1,0,0
0,12.0,0,4,4,4,0,0,0,0,0,0,0,0.57,0.7,0,0,0,0,1,0,1
0,2.0,0,16,40,40,0,1,1,1,0,0,16,0.85,0.88,0,1,0,1,1,0,1
4,2.0,0,0,6,6,3,4,4,4,0,0,0,0.31,0.34,0,1,0,0,1,0,1
3,8.0,0,14,24,35,6,15,27,42,2,0,0,0.17,0.33,0,0,0,0,1,0,1
2,14.0,0,4,6,10,0,6,7,10,1,0,0,0.85,0.77,0,0,0,0,1,0,1
0,9.0,0,1,1,1,0,0,0,3,1,0,0,0.43,0.45,0,1,0,1,0,0,1
0,12.0,0,20,30,50,2,8,23,34,0,0,0,0.9,0.9,0,0,0,0,1,0,1
0,9.0,0,2,2,3,0,1,2,2,2,0,0,0.68,0.66,0,0,0,0,1,0,1
23,4.0,0,0,0,0,0,0,0,0,0,0,0,0.73,0.78,0,0,0,0,1,0,0
3,2.0,0,4,6,9,2,4,5,7,0,0,1,0.5,0.25,0,1,0,0,1,0,1
140,12.0,0,0,0,0,0,0,0,0,0,0,0,0.92,0.89,0,0,0,1,1,0,0
10,8.0,0,0,0,0,0,0,0,0,0,0,0,0.5,0.52,0,0,0,0,1,0,0
9,2.0,0,0,0,0,0,0,0,1,0,0,0,0.97,0.98,0,0,0,0,1,0,0
1,2.0,30,30,30,30,26,83,135,180,40,0,0,1.0,0.99,0,0,0,0,1,0,1
121,4.0,371,0,0,68,33,149,250,275,0,0,0,0.73,0.78,0,1,0,0,1,0,0
6,12.0,0,0,0,0,0,0,0,0,0,0,0,0.78,0.78,0,1,0,0,1,0,0
0,8.0,0,207,207,207,0,0,0,0,5,0,0,0.0,0.0,0,0,0,0,1,0,1
25,2.0,0,0,0,0,2,26,37,45,0,0,0,1.0,0.96,0,0,0,0,1,0,1
5,12.0,0,0,1,1,0,0,0,0,0,0,0,0.73,0.76,0,1,0,0,1,0,0
0,2.0,0,0,0,0,1,3,5,6,0,0,0,0.99,0.99,0,0,0,0,1,0,1
123,52.0,0,0,0,0,0,1,1,1,1,0,0,0.83,0.91,0,1,0,0,0,0,0
42,8.0,0,0,0,0,3,15,23,33,2,0,0,0.98,0.99,0,0,0,0,1,0,0
2,2.0,0,63,70,84,21,23,29,29,16,0,0,0.28,0.28,0,1,0,0,1,0,1
0,12.0,0,5,8,9,0,0,0,0,0,0,0,0.82,0.79,0,1,0,0,1,0,0
0,2.0,0,1987,2467,3007,1,1,1,1,74,0,0,0.66,0.4,0,0,0,0,1,0,1
4,2.0,0,1,1,1,1,4,4,4,0,0,0,0.53,0.54,0,1,0,0,1,0,1
20,4.0,4,0,0,0,0,0,0,0,1,0,0,0.22,0.11,0,1,0,0,1,0,0
1,9.0,0,13,13,13,3,18,19,19,0,0,0,0.85,0.82,0,0,0,0,1,0,1
1682,10.0,0,0,0,0,0,0,0,0,0,0,0,0.77,0.85,0,0,0,0,1,0,0
1,8.0,0,2,4,6,0,5,5,6,1,0,0,0.96,0.96,0,0,0,0,1,0,1
191,2.0,60,300,600,990,99,360,736,1064,97,0,0,1.0,0.99,0,0,0,0,1,0,0
8,2.0,0,0,0,0,1,1,2,2,0,0,0,0.97,0.98,0,1,0,0,1,0,0
1,2.0,1,186,319,472,16,48,78,81,37,0,0,-99.0,-99.0,0,1,0,0,1,0,1
12,8.0,0,65,85,105,9,21,44,72,99,0,0,0.44,0.64,0,0,0,0,1,0,1
8,8.0,0,96,96,96,7,27,52,77,0,0,0,0.91,0.84,0,0,0,0,1,0,1
0,2.0,0,5,7,9,0,0,0,0,0,0,0,0.99,0.99,0,1,0,1,1,0,0
10,8.0,0,0,0,0,25,45,47,47,0,0,0,0.88,0.92,0,0,0,0,1,0,1
4,4.0,41,1,1,1,4,7,7,7,1,0,0,0.24,0.14,0,1,0,0,1,0,0
453,12.0,19,273,273,473,78,216,389,560,74,0,12,0.94,0.87,0,0,0,1,1,0,0
6,8.0,0,2,4,8,1,1,7,14,1,0,0,0.95,0.89,0,0,0,0,1,0,0
12,2.0,0,0,0,0,0,1,1,1,0,0,0,0.98,0.97,0,1,0,0,1,0,0
5000,52.0,0,0,0,0,0,0,0,0,0,0,0,0.95,0.86,0,1,0,1,0,0,0
14,8.0,0,0,0,0,0,0,0,0,2,0,0,0.99,0.97,0,0,0,0,1,0,0
21,12.0,0,0,0,0,0,0,0,1,0,0,0,0.78,0.75,0,0,0,0,1,0,0
7,8.0,0,0,3,6,1,2,6,13,1,0,0,1.0,0.92,0,0,0,0,1,0,0
296,12.0,1,25,175,350,110,304,663,1041,33,0,0,0.9,0.72,0,0,0,0,1,0,0
-1,8.0,5,68,112,164,12,29,82,126,17,0,0,0.16,0.1,8,0,0,1,1,0,1
9,12.0,0,0,0,0,0,0,0,0,1,0,0,0.63,0.63,0,1,0,0,1,0,0
4,8.0,0,0,0,0,0,0,0,0,1,0,0,0.5,0.5,0,0,0,0,1,0,0
7,9.0,0,0,4,6,3,8,12,14,0,0,0,0.91,0.74,0,1,0,1,1,0,0
1,8.0,0,1,1,2,0,2,3,4,0,0,0,0.11,0.47,0,0,0,0,1,0,1
126,8.0,0,0,0,0,0,0,0,0,0,0,0,0.25,0.36,0,0,0,0,1,0,0
0,8.0,0,0,0,0,0,0,0,0,0,0,0,-99.0,0.65,0,0,0,0,1,0,0
-43,8.0,0,182,239,312,22,99,202,293,20,1,2,0.18,0.38,43,0,0,1,1,0,1
57,12.0,38,428,676,996,105,345,588,859,36,0,24,0.66,0.69,0,0,0,0,1,0,1
0,5.0,0,48,71,71,0,0,0,0,11,0,0,0.64,0.67,0,0,0,0,1,0,1
28,9.0,0,0,0,0,1,1,3,5,0,0,0,0.85,0.82,0,0,0,0,1,0,0
1,8.0,0,10,10,10,0,1,1,1,1,0,0,0.99,0.96,0,1,0,0,1,0,0
0,5.0,0,1825,3216,5093,0,0,0,0,188,0,0,0.69,0.68,0,0,0,0,1,0,1
342,8.0,0,222,222,222,0,0,0,0,0,0,0,1.0,0.99,0,0,0,0,1,0,0
3,9.0,0,0,0,0,0,0,1,2,0,0,0,0.93,0.74,0,0,0,0,1,0,0
0,8.0,6,102,156,211,16,45,48,48,25,0,2,0.59,0.56,1,0,0,0,1,0,1
39,9.0,0,0,0,48,7,30,49,86,13,0,0,1.0,0.95,0,0,0,0,1,0,1
2,8.0,2,18,36,54,4,19,32,55,6,0,0,0.96,0.96,0,0,0,0,1,0,1
17,12.0,0,0,0,0,0,2,6,6,0,0,0,0.73,0.76,0,0,0,0,1,0,0
7,9.0,0,0,0,0,0,0,0,0,0,0,0,0.91,0.77,0,1,0,0,1,0,0
0,2.0,0,10,10,10,0,0,0,0,0,0,0,0.5,0.52,0,0,0,1,1,0,1
0,2.0,0,16,27,49,2,7,13,16,0,0,0,0.42,0.36,0,0,0,0,1,0,1
4,52.0,0,0,0,0,0,1,2,3,1,0,0,0.68,0.66,0,1,0,0,1,0,0
0,2.0,0,0,0,0,55,325,935,1388,8,0,0,0.99,0.96,0,0,0,0,1,0,1
-59,8.0,9,513,837,1113,74,364,619,1008,287,0,12,0.83,0.86,64,0,0,0,1,0,1
8,2.0,0,0,0,0,0,1,4,4,0,0,0,0.98,0.98,0,1,0,0,1,0,0
31,4.0,41,41,41,69,24,58,100,140,13,0,41,0.77,0.8,0,0,0,0,1,0,1
55,16.0,11,414,792,1224,109,349,617,799,0,0,0,0.96,0.96,0,0,0,0,1,0,1
13,8.0,1,48,72,120,25,57,90,127,0,0,0,0.97,0.96,0,0,0,0,1,0,1
13,8.0,0,0,0,0,1,5,12,16,0,0,0,0.99,0.99,0,0,0,0,1,0,0
-14,8.0,2,1297,1697,2017,203,598,1305,2304,1298,0,32,0.51,0.45,19,0,0,0,1,0,1
0,2.0,0,30,60,75,5,8,12,26,0,0,0,0.98,0.99,0,0,0,0,1,0,0
203,12.0,85,508,980,1492,175,563,1088,1563,11,0,0,0.63,0.72,0,0,0,0,1,0,1
17,2.0,0,42,78,114,12,33,55,79,4,0,0,0.96,0.85,0,0,0,1,1,0,1
1,12.0,0,43,57,78,11,23,41,55,2,0,0,0.78,0.78,0,0,0,1,1,0,1
12,8.0,28,66,80,122,23,71,99,134,35,0,0,0.73,0.73,2,0,0,1,1,0,0
74,8.0,0,345,587,746,75,269,478,771,1530,0,23,0.79,0.66,0,0,0,0,1,0,1
256,52.0,0,0,0,0,0,8,137,143,1,0,0,0.95,0.96,0,1,0,0,0,0,0
22,15.0,0,106,196,262,19,62,100,143,43,0,0,0.93,0.91,0,0,0,0,1,0,1
8,8.0,0,0,0,4,1,2,8,13,2,0,0,0.46,0.45,0,0,0,0,1,0,0
11,8.0,10,0,0,0,1,1,3,5,3,0,0,0.66,0.72,0,0,0,0,1,0,0
1,8.0,0,3,5,7,0,2,3,3,0,0,0,0.96,0.94,0,0,0,0,1,0,1
756,8.0,0,0,0,0,0,1,2,3,5,0,0,0.85,0.77,0,0,0,0,1,0,0
0,2.0,5,46,70,90,5,37,77,144,0,0,14,0.69,0.68,0,0,0,0,1,0,1
36,8.0,0,0,0,12,3,8,25,32,3,0,0,0.62,0.63,0,1,0,0,0,0,0
171,8.0,84,294,588,924,106,297,596,893,67,0,0,0.98,0.92,0,0,0,0,1,0,0
11,12.0,2,0,0,0,0,0,0,0,1,0,0,0.63,0.63,0,1,0,0,1,0,0
0,8.0,0,19,28,46,4,8,17,28,0,0,10,0.17,0.33,0,0,0,0,1,0,1
34,8.0,0,0,0,0,1,6,20,30,0,0,0,0.97,0.97,0,0,0,0,1,0,0
1,2.0,0,18,18,18,1,6,11,14,0,0,0,1.0,1.0,0,0,0,0,1,0,1
6,2.0,0,0,0,0,0,0,0,0,0,0,0,0.65,0.37,0,1,0,0,1,0,1
0,8.0,0,26,44,66,16,39,59,78,0,0,0,0.95,0.96,0,0,0,0,1,0,1
38,8.0,8,376,676,1000,83,318,641,895,37,0,16,0.66,0.67,1,0,0,0,1,0,1
0,2.0,0,0,0,0,0,0,0,0,1,0,0,-99.0,-99.0,0,1,0,0,1,0,1
3,12.0,0,0,0,0,0,0,1,1,0,0,0,0.82,0.79,0,0,0,0,1,0,0
4,2.0,0,0,3,3,0,0,0,0,0,0,0,1.0,0.99,0,1,0,1,1,0,1
12,8.0,0,948,1584,2424,191,717,1374,1882,147,0,48,0.31,0.2,25,0,0,0,1,0,1
7,2.0,0,0,0,0,0,0,0,0,0,0,0,0.76,0.78,0,1,0,0,1,0,0
0,4.0,0,100,100,100,0,22,22,32,0,0,0,0.73,0.78,0,0,0,0,1,0,1
35,2.0,0,0,0,0,0,8,8,8,2,0,0,0.45,0.69,0,1,0,0,1,0,1
33,8.0,0,0,0,0,0,0,0,0,0,0,0,0.88,0.92,0,0,0,0,1,0,0
1,8.0,0,14,34,53,6,16,25,36,3,0,0,0.96,0.96,0,0,0,0,1,0,1
16,8.0,0,0,0,0,0,0,0,0,0,0,0,1.0,0.88,0,0,0,0,1,0,0
5,2.0,0,50,50,50,4,19,38,46,1,0,0,0.99,0.99,0,0,0,0,1,0,1
85,8.0,30,370,505,595,58,201,349,554,109,0,45,0.58,0.47,0,0,0,0,1,0,1
0,2.0,0,40,60,60,0,0,0,0,0,0,0,0.26,0.32,0,0,0,0,1,0,1
1,12.0,0,3,3,4,1,2,4,4,0,0,0,0.62,0.73,0,0,0,0,1,0,1
4,10.0,0,0,0,0,0,0,0,0,0,0,0,0.89,0.9,0,1,0,0,1,0,0
0,8.0,0,17,24,38,6,16,31,43,2,0,0,0.99,0.99,0,0,0,0,1,0,1
0,8.0,0,5,5,5,0,0,2,5,0,0,0,0.17,0.33,0,0,0,0,1,0,1
55,8.0,0,26,51,63,11,31,50,95,17,0,0,0.95,0.93,0,0,0,1,1,0,0
34,12.0,0,0,0,0,0,0,0,0,0,0,0,0.76,0.63,0,0,0,0,1,0,0
3,8.0,0,4,8,14,1,6,8,12,3,0,0,0.82,0.87,0,0,0,0,1,0,1
24,12.0,0,4,4,4,1,8,8,8,1,0,0,0.66,0.55,0,0,0,0,1,0,0
182,2.0,0,0,0,0,0,2,4,5,0,0,0,0.92,0.7,0,0,0,0,1,0,0
25,8.0,0,254,347,409,27,104,191,349,50,0,4,0.0,0.0,1,0,0,0,1,0,1
1,2.0,0,0,1,1,1,1,1,1,0,0,0,0.91,0.94,0,0,0,0,1,0,0
7,8.0,0,0,10,15,4,7,9,15,0,0,0,0.99,0.97,0,0,0,0,1,0,0
-29,8.0,3,864,1404,2208,278,924,1482,1867,200,0,0,0.31,0.18,53,0,0,0,1,0,1
88,4.0,0,0,0,0,6,18,18,18,2,0,0,0.24,0.14,0,1,0,0,1,0,1
93,8.0,5,0,29,58,10,35,90,137,14,0,0,0.94,0.92,0,0,0,0,1,0,0
-1,8.0,9,103,159,217,10,37,93,138,15,0,0,0.57,0.74,2,0,0,0,1,0,1
2,12.0,0,0,0,0,0,0,0,0,0,0,0,0.78,0.78,0,0,0,0,1,0,0
40,52.0,0,0,0,0,0,1,1,1,2,0,0,0.97,0.95,0,1,0,1,0,0,0
6,2.0,0,0,0,0,0,0,0,0,1,0,0,0.99,0.9,0,1,0,1,1,0,0
4,2.0,0,0,0,0,0,0,0,0,0,0,0,0.98,0.97,0,0,0,0,1,0,1
15,8.0,0,0,0,0,0,0,0,1,1,0,0,0.99,0.99,0,1,0,0,1,0,0
1,8.0,0,1,2,3,1,3,3,4,0,0,0,0.82,0.87,0,0,0,0,1,0,1
0,2.0,0,62,114,170,1,2,2,2,0,0,4,0.66,0.63,4,0,0,0,1,0,1
0,8.0,0,5,13,13,0,0,9,17,4,0,0,0.97,0.9,0,0,0,0,1,0,1
17,8.0,0,0,0,0,0,0,0,0,0,0,0,0.96,0.97,0,0,0,0,1,0,0
36,9.0,0,0,0,0,0,0,1,1,0,0,0,0.91,0.77,0,1,0,0,0,0,0
1,8.0,0,3,5,7,14,44,47,48,2,0,0,0.91,0.93,0,0,0,0,1,0,1
18,2.0,0,6,14,24,4,23,25,25,0,0,0,0.97,0.98,0,0,0,0,1,0,1
0,2.0,0,5,8,8,1,1,1,1,0,0,0,0.99,0.96,1,1,0,0,1,0,1
11,15.0,2,11,13,19,2,9,20,36,1,0,5,0.9,0.91,0,0,0,0,1,0,0
45,8.0,0,0,0,0,0,0,0,0,1,0,0,1.0,0.92,0,0,0,0,1,0,0
643,8.0,0,0,0,0,0,3,9,15,4,0,0,1.0,0.75,0,0,0,0,1,0,0
1662,8.0,854,471,921,1947,293,1614,2648,4221,508,0,0,0.13,0.09,0,0,0,1,1,0,0
0,2.0,0,17,35,44,5,11,19,23,2,0,0,0.85,0.76,0,0,0,0,1,0,1
1,8.0,0,2,4,5,1,3,3,5,0,0,0,0.79,0.87,0,0,0,1,1,0,1
0,8.0,0,8,10,14,1,3,7,9,2,0,1,0.81,0.82,0,0,0,0,1,0,1
0,2.0,0,5,8,8,1,2,2,2,0,0,1,0.73,0.76,0,1,0,0,1,0,1
1627,8.0,89,243,1269,1863,336,1210,2531,3793,254,0,0,0.61,0.59,0,0,0,1,1,0,0
-9,8.0,0,257,383,467,51,163,277,373,50,0,1,0.41,0.46,9,0,0,0,1,0,1
13,2.0,0,0,0,0,0,1,1,1,0,0,0,0.91,0.86,0,0,0,0,1,0,0
141,2.0,0,0,0,0,0,1,1,1,2,0,0,0.9,0.91,0,0,0,0,1,0,0
2,12.0,0,0,0,0,0,0,0,0,0,0,0,0.73,0.76,0,0,0,0,1,0,0
14,2.0,0,0,0,0,0,2,4,4,0,0,0,0.92,0.94,0,0,0,0,1,0,0
0,9.0,0,2,2,2,0,0,0,0,0,0,0,0.69,0.68,0,1,0,0,1,0,0
11,4.0,0,1,6,9,2,6,7,7,0,0,0,0.73,0.78,0,0,0,0,1,0,0
5,8.0,0,0,0,0,0,0,0,0,1,0,0,0.37,0.38,0,0,0,0,1,0,0
10,2.0,0,0,0,0,0,0,1,1,0,0,0,0.0,0.0,0,1,0,0,1,0,0
469,8.0,168,1111,1715,2319,323,1060,1553,2111,253,0,329,0.79,0.9,0,0,0,0,1,0,0
32,8.0,0,0,0,0,0,0,1,3,2,0,0,0.83,0.83,0,0,0,0,1,0,0
0,2.0,0,5,8,9,0,0,0,0,0,0,0,0.63,0.72,0,1,0,0,1,0,1
2,8.0,0,15,15,15,1,1,4,4,2,0,0,0.98,0.94,0,0,0,0,1,0,0
1,4.0,0,0,0,0,0,0,0,0,0,0,0,0.68,0.66,0,1,0,0,1,0,0
0,8.0,0,13,22,31,6,11,20,26,2,0,0,0.99,0.99,0,0,0,0,1,0,1
-2,8.0,0,20,30,45,3,14,23,28,3,0,0,0.74,0.7,2,0,0,0,1,0,0
0,8.0,0,13,13,13,2,5,11,17,3,0,0,0.02,0.12,0,0,0,1,1,0,1
28,2.0,0,0,0,0,6,13,21,28,0,0,0,0.61,0.57,0,0,0,0,1,0,0
1,4.0,0,15,15,21,4,9,15,22,2,0,0,0.87,0.91,0,0,0,0,1,0,1
2,8.0,0,0,1,3,0,1,1,3,0,0,0,0.92,0.85,0,0,0,0,1,0,0
3,12.0,0,0,0,0,0,0,0,0,0,0,0,0.63,0.72,0,0,0,0,1,0,0
7,8.0,0,0,0,0,0,1,2,3,0,0,0,1.0,0.98,0,0,0,0,1,0,1
11,9.0,0,0,0,0,0,0,0,0,0,0,0,0.86,0.84,0,0,0,0,1,0,0
1,8.0,0,12,16,26,3,11,20,25,4,0,0,0.82,0.68,0,0,0,0,1,0,1
24,8.0,0,208,416,416,30,91,177,298,27,0,0,0.83,0.83,0,0,0,0,1,0,1
4,2.0,0,1,2,2,0,0,0,0,0,0,0,0.1,0.13,0,1,0,0,1,0,0
24,12.0,0,663,1063,1503,105,386,786,1192,90,0,0,0.88,0.86,10,0,0,1,1,0,1
2,9.0,0,4,5,6,1,9,13,17,0,0,0,1.0,0.99,0,0,0,0,1,0,1
26,10.0,14,74,96,107,23,66,93,142,20,0,0,0.89,0.9,0,0,0,1,1,0,1
6393,2.0,0,0,0,0,32,125,234,336,70,0,0,1.0,1.0,0,0,0,0,1,0,0
0,8.0,0,11,11,15,3,5,9,14,0,0,0,0.9,0.94,0,0,0,0,1,0,1
64,8.0,16,256,256,512,44,132,247,408,24,0,0,0.76,0.69,0,0,0,0,1,0,0
1,2.0,1,0,1,2,0,2,2,3,0,0,0,0.99,0.99,0,0,0,0,1,0,1
111,12.0,26,60,120,180,28,105,252,324,40,0,0,0.97,0.89,0,0,0,0,1,0,0
100,12.0,0,0,0,0,0,0,0,0,0,0,0,0.94,0.87,0,0,0,0,1,0,0
-1,8.0,0,25,25,26,1,3,18,29,13,0,0,0.97,0.96,2,0,0,0,1,0,1
0,8.0,0,0,0,0,0,0,0,0,1,0,0,0.97,0.97,0,0,0,0,1,0,0
7,8.0,0,774,1260,1733,166,530,1056,1552,170,0,0,0.57,0.74,12,0,0,1,1,0,1
122,8.0,0,0,0,0,1,2,6,13,13,0,0,0.66,0.7,0,1,0,0,1,0,0
178,8.0,0,0,400,600,0,0,0,0,0,0,0,0.82,0.83,0,0,0,0,1,0,0
205,8.0,0,37,158,226,14,77,210,273,66,0,0,1.0,0.99,0,0,0,0,1,0,0
2,8.0,0,120,120,120,1,3,4,8,0,0,0,1.0,0.98,0,0,0,0,1,0,0
51,8.0,0,0,0,0,0,0,0,0,0,0,0,0.73,0.73,0,0,0,0,1,0,0
5,8.0,0,0,0,0,0,0,0,0,0,0,0,0.82,0.81,0,0,0,1,1,0,0
7,2.0,0,0,0,0,0,0,0,0,1,0,0,0.81,0.89,0,0,0,1,1,0,0
1,9.0,10,15,35,50,8,13,20,28,0,0,0,0.99,0.99,0,0,0,0,1,0,1
3,2.0,0,0,0,0,0,0,5,5,0,0,0,0.99,0.99,0,0,0,0,1,0,0
87,2.0,0,0,150,150,25,59,75,77,0,0,0,0.43,0.45,0,1,0,0,1,0,1
3,8.0,1,1,4,6,1,3,6,7,1,0,0,0.97,0.97,0,0,0,0,1,0,0
0,8.0,0,3,4,6,1,3,4,6,0,0,0,0.79,0.66,0,0,0,0,1,0,1
2,2.0,1,2,6,10,1,5,7,11,0,0,0,0.82,0.83,0,0,0,0,1,0,0
0,8.0,0,6,6,6,0,0,0,0,0,0,0,0.8,0.82,0,0,0,0,1,0,1
0,8.0,0,290,418,567,0,0,0,0,39,0,14,0.98,0.99,0,1,0,0,1,0,0
2,2.0,0,10,10,10,1,1,2,2,0,0,0,0.99,0.99,0,1,0,0,1,0,1
128,2.0,0,0,0,0,3,3,12,24,1,0,0,0.75,0.72,0,1,0,0,1,0,0
0,2.0,0,106,176,260,0,0,0,0,17,0,1,0.87,0.91,0,0,0,0,1,0,1
12,2.0,0,12,24,36,8,19,27,37,0,0,0,0.99,0.98,0,0,0,0,1,0,1
0,2.0,0,37,37,37,0,0,0,0,1,0,0,0.12,0.1,0,1,0,1,1,0,1
10,8.0,0,0,0,0,0,1,1,1,0,0,0,0.99,0.99,0,0,0,0,1,0,0
0,2.0,0,0,0,0,0,0,0,0,1,0,0,-99.0,-99.0,0,1,0,0,1,0,1
11,2.0,0,20,40,70,6,23,39,53,2,0,0,1.0,0.99,0,0,0,0,1,0,0
2,8.0,0,0,0,0,0,0,0,0,0,0,0,0.78,0.82,0,0,0,0,1,0,0
0,9.0,0,2,3,4,1,2,2,3,0,0,0,0.99,0.98,0,0,0,0,1,0,1
2990,2.0,1693,5688,11376,16920,1913,5654,5950,5970,1678,0,0,0.99,0.99,0,0,0,0,1,0,0
16,2.0,0,168,182,280,26,50,109,147,0,0,168,0.02,0.1,0,0,0,0,1,0,1
-44,8.0,41,1744,2800,4488,450,1687,3007,3906,448,0,88,0.93,0.94,46,0,0,0,1,0,1
8,2.0,0,24,52,80,11,36,53,63,0,0,0,0.97,0.86,0,0,0,0,1,0,1
0,12.0,0,1,2,2,0,0,0,0,0,0,0,0.82,0.79,0,0,0,1,1,0,1
4,2.0,10,0,0,0,9,9,9,9,0,0,0,0.95,0.95,0,1,0,0,1,0,0
65,8.0,0,31,31,48,3,9,13,34,14,0,0,0.45,0.45,0,0,0,0,1,0,0
3082,52.0,0,0,0,0,11,45,111,171,27,0,0,0.98,0.92,0,1,0,0,0,0,0
51,0.0,2,400,400,400,15,53,118,179,20,0,0,0.0,0.0,0,0,0,0,0,0,0
14,0.0,0,0,0,0,1,1,3,5,1,0,0,0.0,0.0,0,0,0,1,0,0,0
7,8.0,0,8,8,16,0,3,6,16,2,0,0,0.61,0.62,0,0,0,1,1,0,0
7,2.0,0,14,42,42,4,8,17,35,0,0,0,0.84,0.66,0,0,0,0,1,0,0
-1,3.0,0,950,1779,1779,1,4,4,4,89,0,0,0.54,0.7,2,0,0,0,1,0,1
96,52.0,0,0,0,0,4,11,31,51,1,0,0,0.82,0.89,0,1,0,0,0,0,0
0,2.0,0,24,29,29,0,9,17,21,0,0,0,0.22,0.38,0,1,0,0,0,0,1
3,12.0,0,36,46,56,12,23,39,56,2,0,0,0.82,0.79,0,0,0,1,1,0,1
2,9.0,0,0,1,2,1,1,2,4,0,0,0,0.99,0.98,0,0,0,0,1,0,0
11,2.0,0,0,0,0,0,0,1,4,1,0,0,0.65,0.67,0,1,0,0,1,0,0
7,6.0,0,8,16,24,2,5,16,35,5,0,0,0.78,0.78,0,0,0,0,1,0,1
3,8.0,0,0,1,1,0,1,2,3,0,0,0,1.0,0.99,0,0,0,0,1,0,1
4,8.0,0,264,264,264,0,1,11,17,0,0,0,0.51,0.53,0,1,0,0,1,0,1
54,12.0,0,75,75,75,7,19,45,66,18,0,0,-99.0,0.0,0,0,0,0,1,0,0
4,2.0,0,16,16,16,10,24,28,28,0,0,0,0.24,0.31,0,1,0,1,1,0,1
4,8.0,0,100,100,100,12,30,47,63,3,0,0,0.99,0.99,0,0,0,1,1,0,1
1,12.0,0,6,7,10,0,3,4,7,0,0,0,0.78,0.78,0,0,0,0,1,0,1
0,2.0,1,4,6,8,1,2,7,8,0,0,0,0.62,0.78,0,0,0,0,1,0,1
0,8.0,0,12,12,24,0,3,10,15,1,0,0,0.97,0.97,0,0,0,0,1,0,1
-1,9.0,0,20,32,44,9,17,18,20,3,0,0,0.68,0.66,1,0,0,0,1,0,1
41,3.0,0,0,18,32,4,14,25,27,2,0,0,-99.0,-99.0,0,1,0,0,0,0,0
2,14.0,0,1,4,7,4,6,7,12,1,0,0,0.88,0.74,0,0,0,0,1,0,1
0,2.0,0,24,30,32,0,0,0,0,2,0,0,0.85,0.88,0,0,0,0,1,0,1
37,8.0,13,127,217,325,44,128,238,339,28,0,0,0.79,0.66,0,0,0,0,1,0,0
18,52.0,0,0,0,0,0,0,0,2,2,0,0,-99.0,-99.0,0,1,0,1,0,0,0
-4,12.0,0,54,81,99,23,44,68,87,19,0,0,0.73,0.76,4,1,0,1,0,0,1
3,2.0,29,28,63,98,17,48,95,132,3,0,0,0.97,0.98,0,0,0,0,1,0,1
32,2.0,0,30,60,90,15,48,81,93,0,0,0,0.64,0.68,0,1,0,0,1,0,1
4,8.0,8,1,1,1,2,10,16,22,3,0,0,0.94,0.88,0,0,0,0,1,0,0
7,12.0,0,48,72,72,6,23,34,63,15,0,0,0.82,0.79,0,0,0,0,1,0,1
0,2.0,0,43,63,63,0,0,0,0,4,0,0,0.95,0.96,0,1,0,0,1,0,0
0,8.0,0,5,9,11,1,4,6,10,8,0,0,0.99,0.99,0,0,0,0,1,0,1
324,2.0,6,93,316,580,93,233,461,689,93,0,0,0.83,0.9,0,0,0,0,1,0,0
20,12.0,0,0,0,0,0,0,0,0,1,0,0,0.63,0.63,0,1,0,0,1,0,0
8,8.0,0,12,18,30,1,7,13,23,0,0,0,0.95,0.97,0,0,0,0,1,0,0
3,4.0,4,0,0,0,0,0,0,0,0,0,0,0.73,0.78,0,1,0,0,1,0,0
108,8.0,1,100,250,350,52,135,253,393,78,0,0,0.23,0.63,0,0,0,0,1,0,0
126,8.0,0,0,0,0,0,0,0,0,0,0,0,0.89,0.9,0,0,0,0,1,0,0
2,4.0,0,4,6,9,3,6,10,11,1,0,0,0.89,0.9,0,0,0,0,1,0,1
2,9.0,0,0,0,0,1,4,7,9,1,0,0,0.68,0.66,0,1,0,0,1,0,0
2,8.0,0,0,0,1,0,1,1,1,0,0,0,0.1,0.12,0,0,0,0,1,0,0
17,8.0,0,0,5,5,0,2,9,22,0,0,0,1.0,1.0,0,0,0,0,1,0,1
1,4.0,0,0,0,0,0,0,0,0,1,0,0,0.96,0.85,0,0,0,0,1,0,0
9,2.0,0,25,50,75,2,25,61,85,2,0,0,0.83,0.7,0,0,0,0,1,0,1
27,8.0,0,0,0,0,1,6,9,22,0,0,0,1.0,0.9,0,0,0,1,1,0,0
31,12.0,0,220,372,522,46,164,381,596,81,0,0,0.21,0.27,0,0,0,0,1,0,1
4,2.0,2,4,8,14,0,5,9,15,0,0,0,0.9,0.85,0,0,0,1,1,0,1
5,8.0,0,21,30,45,4,14,25,40,4,0,0,0.96,0.98,0,0,0,0,1,0,1
641,2.0,262,240,336,480,108,446,795,818,194,0,0,0.99,0.99,0,0,0,1,1,0,0
198,2.0,0,0,0,0,0,3,4,13,12,0,0,0.65,0.39,0,1,0,0,1,0,0
154,8.0,0,0,0,0,0,0,1,1,2,0,0,0.61,0.57,0,0,0,1,1,0,0
126,8.0,0,0,0,0,0,2,4,6,1,0,0,0.99,0.94,0,0,0,0,1,0,0
3,17.0,0,19,31,31,1,3,10,21,1,0,0,0.05,0.37,0,0,0,0,1,0,1
35,8.0,0,0,0,0,0,1,1,1,1,0,0,0.74,0.76,0,0,0,0,1,0,0
2,9.0,0,0,0,0,0,0,0,0,1,0,0,0.99,0.98,0,0,0,0,1,0,0
3,3.0,0,6,6,12,2,5,6,10,0,0,0,0.86,0.69,0,1,0,0,1,0,0
11,2.0,0,0,0,0,0,0,0,0,0,0,0,0.0,0.0,0,0,0,0,1,0,0
285,2.0,0,0,0,0,7,17,17,17,0,0,0,0.25,0.35,0,0,0,1,1,0,0
74,2.0,56,267,505,505,0,0,0,0,0,0,0,0.24,0.28,0,0,0,0,1,0,0
0,8.0,0,56,88,120,2,30,58,96,0,0,0,0.69,0.71,0,0,0,0,1,0,1
4,2.0,0,2,4,8,0,5,11,14,0,0,0,0.99,0.99,0,0,0,0,1,0,1
1,8.0,0,12,17,26,11,19,30,42,5,0,0,1.0,0.98,0,0,0,1,1,0,1
5,8.0,0,0,0,0,0,0,6,7,0,0,0,0.91,0.9,0,0,0,0,1,0,0
1,8.0,0,24,36,48,5,15,23,38,0,0,0,0.88,0.74,0,0,0,0,1,0,1
10,2.0,0,0,0,0,0,0,0,0,2,0,0,0.99,0.98,0,0,0,0,1,0,0
32,3.0,0,0,0,0,0,0,1,2,1,0,0,0.43,0.46,0,1,0,1,1,0,0
3,8.0,0,0,0,0,0,0,0,0,0,0,0,0.86,0.88,0,0,0,0,1,0,0
4311,8.0,0,1600,1600,1600,5,14,24,38,1,0,0,1.0,0.91,0,0,0,0,1,0,0
0,8.0,0,840,1200,1200,0,0,0,0,60,0,840,0.69,0.69,0,1,0,0,1,0,1
22,0.0,0,0,0,0,1,9,29,37,1,0,0,0.0,0.0,0,0,0,0,0,0,0
20,2.0,0,0,0,0,0,0,1,1,0,0,0,0.83,0.86,0,0,0,0,1,0,0
4,8.0,0,377,569,840,66,225,395,567,85,0,22,0.84,0.89,9,0,0,0,1,0,1
2,12.0,0,0,0,0,0,0,0,0,0,0,0,0.63,0.72,0,0,0,0,1,0,0
0,8.0,0,50,76,103,5,15,41,52,0,0,0,0.71,0.75,0,0,0,0,1,0,1
98,9.0,48,11,11,11,4,16,56,88,0,0,0,0.85,0.83,0,0,0,0,1,0,0
52,8.0,0,0,0,0,0,0,0,0,2,0,0,0.95,0.96,0,1,0,0,1,0,0
-1,8.0,0,22,38,48,0,4,23,34,0,0,2,0.66,0.57,1,0,0,0,1,0,1
5,2.0,0,20,48,60,5,19,36,60,3,0,0,0.48,0.32,0,0,0,0,1,0,1
12,8.0,0,33,57,87,16,37,52,53,0,0,0,0.78,0.74,0,0,0,0,1,0,1
0,8.0,0,0,0,0,0,0,0,0,0,0,0,0.98,0.99,0,1,0,0,1,0,0
-1,3.0,0,989,1754,1754,1,4,4,4,89,0,0,0.61,0.71,2,0,0,0,1,0,1
3,8.0,0,24,30,36,9,17,27,42,10,0,0,0.97,0.93,0,0,0,0,1,0,1
3,10.0,0,0,0,0,0,0,0,0,0,0,0,0.89,0.9,0,1,0,0,1,0,0
6,8.0,0,34,49,55,5,15,29,49,7,0,1,0.28,0.28,0,0,0,0,1,0,1
4,8.0,0,0,0,0,0,0,0,0,0,0,0,0.95,0.86,0,0,0,0,1,0,0
0,2.0,0,50,50,50,1,4,6,6,0,0,0,0.83,0.88,0,0,0,1,1,0,1
5,8.0,0,10,40,56,2,23,35,64,2,0,0,1.0,1.0,0,0,0,0,1,0,1
100,2.0,0,0,0,0,145,208,239,289,106,0,0,0.43,0.64,0,0,0,0,1,0,1
153,8.0,2,0,106,159,15,64,148,246,37,0,0,0.99,0.98,0,0,0,0,1,0,0
1,14.0,0,4,4,4,2,5,10,12,8,0,0,0.68,0.69,0,0,0,0,1,0,0
1,12.0,0,8,12,12,0,3,8,12,3,0,0,0.82,0.79,0,0,0,0,1,0,1
5,2.0,0,2,10,12,3,10,15,26,1,0,0,0.98,0.99,0,0,0,0,1,0,1
0,4.0,0,0,0,0,0,0,0,0,0,0,0,0.73,0.78,0,0,0,0,1,0,0
11,8.0,0,0,0,0,1,6,7,24,4,0,0,0.89,0.93,0,1,0,0,1,0,0
3988,12.0,0,0,0,0,37,263,562,723,163,0,0,0.97,0.96,0,0,0,0,1,0,0
21,4.0,0,10,20,20,70,90,100,140,0,0,0,0.73,0.78,0,0,0,0,1,0,1
2,12.0,0,0,0,0,0,0,0,0,0,0,0,0.73,0.76,0,0,0,0,1,0,0
1,8.0,0,3,5,8,3,4,5,11,0,0,0,0.99,0.99,0,0,0,0,1,0,1
126,8.0,0,0,0,0,0,0,0,0,3,0,0,0.89,0.94,0,0,0,0,1,0,0
0,8.0,0,4,6,8,1,2,4,4,0,0,0,0.46,0.35,0,1,0,0,1,0,1
0,2.0,0,17,25,25,1,4,4,4,0,0,0,0.33,0.64,4,0,0,0,1,0,1
0,2.0,0,1,1,1,2,2,3,3,0,0,0,0.91,0.86,0,1,0,0,1,0,1
12,8.0,0,0,0,0,1,8,19,29,0,0,0,0.65,0.67,0,0,0,0,1,0,1
5,2.0,0,0,24,24,2,4,7,15,0,0,0,0.99,0.98,0,0,0,0,1,0,1
4,0.0,0,0,0,1,2,3,4,4,1,0,0,0.0,0.0,0,0,0,0,0,0,1
3,8.0,0,0,0,0,0,0,0,0,0,0,0,0.72,0.75,0,1,0,0,1,0,0
1,8.0,0,5,8,11,4,10,15,17,0,0,0,0.87,0.78,0,0,0,0,1,0,1
0,2.0,0,10,12,12,0,1,1,1,0,0,0,0.05,0.24,0,1,0,1,1,0,1
0,8.0,1,22,32,38,6,15,30,40,0,0,0,0.98,0.95,0,0,0,0,1,0,1
4,8.0,0,0,0,0,0,0,0,0,0,0,0,0.62,0.8,0,0,0,0,1,0,1
10,8.0,0,0,0,0,0,1,1,1,0,0,0,0.79,0.89,0,0,0,0,1,0,0
54,8.0,0,64,128,208,0,0,0,0,0,0,0,0.97,0.97,0,0,0,0,1,0,1
-3,12.0,0,3,3,3,3,4,4,4,0,0,0,0.62,0.73,3,0,0,0,1,0,1
4,2.0,0,4,12,28,1,7,12,16,0,0,0,1.0,0.99,0,0,0,0,1,0,1
0,4.0,3,6,7,7,0,0,0,0,0,0,0,0.73,0.78,0,1,0,0,1,0,0
1,8.0,0,1,1,2,1,2,2,2,0,0,0,0.97,0.98,0,0,0,0,1,0,0
59,8.0,0,0,0,0,0,0,0,0,0,0,0,0.99,0.97,0,0,0,0,1,0,0
0,8.0,0,24,35,46,3,11,22,34,0,0,0,0.82,0.87,0,0,0,0,1,0,1
1,8.0,0,0,0,0,0,0,0,0,1,0,0,0.71,0.75,0,0,0,0,1,0,0
153,52.0,0,0,0,0,3,13,26,44,0,0,0,0.07,0.28,0,1,0,0,1,0,0
17,4.0,0,20,55,90,6,23,79,105,10,0,0,0.82,0.91,0,0,0,0,1,0,1
23976,8.0,1236,0,0,0,2258,5818,9238,14840,3908,0,0,0.9,0.82,0,0,0,1,1,0,0
0,2.0,0,28,46,56,0,0,0,0,0,0,0,1.0,1.0,0,0,0,0,1,0,1
8,0.0,4,375,750,1065,69,264,618,766,92,0,0,0.0,0.0,4,0,0,0,0,0,1
8,8.0,4,6,17,27,9,19,58,64,0,0,0,0.71,0.75,0,0,0,0,1,0,1
3,4.0,0,0,0,0,0,10,10,10,0,0,0,0.73,0.78,0,0,0,1,1,0,0
1,12.0,0,0,0,0,0,0,0,0,0,0,0,0.57,0.7,0,0,0,1,1,0,0
0,8.0,2,105,175,210,11,41,101,146,39,0,0,0.78,0.82,1,0,0,0,1,0,1
16,4.0,11,2,2,2,2,10,24,37,2,0,0,0.73,0.78,0,0,0,0,1,0,0
5,13.0,0,0,0,0,0,1,1,1,0,0,0,0.99,0.99,0,0,0,0,1,0,0
326,52.0,0,0,0,0,8,25,46,79,24,0,0,0.79,0.66,0,1,0,0,1,0,0
16,8.0,0,66,106,147,18,50,96,131,20,0,0,0.97,0.95,0,0,0,0,1,0,1
1,8.0,0,2,4,5,1,2,3,6,0,0,0,0.96,0.94,0,0,0,0,1,0,1
0,8.0,0,102,116,160,0,3,3,3,18,0,0,0.92,0.93,0,0,0,0,1,0,1
3,2.0,0,36,72,108,6,42,57,70,0,0,0,0.8,0.82,0,0,0,0,1,0,1
18,4.0,0,0,0,0,3,10,14,33,0,0,0,0.73,0.78,0,0,0,0,1,0,0
152,8.0,0,0,0,150,20,51,110,188,24,0,0,0.44,0.23,0,0,0,1,1,0,1
0,8.0,2,26,34,44,8,22,28,33,0,0,0,0.87,0.78,0,0,0,0,1,0,0
0,8.0,0,11,17,23,1,4,12,17,3,0,0,0.3,0.3,0,0,0,0,1,0,1
2,9.0,0,0,0,0,0,0,0,0,1,0,0,0.68,0.66,0,0,0,0,1,0,0
9,2.0,0,0,5,5,9,18,30,43,6,0,0,0.99,0.99,0,0,0,0,1,0,0
0,12.0,0,9,9,9,1,1,4,5,0,0,0,0.46,0.35,0,0,0,0,1,0,1
2,9.0,0,1,1,1,0,0,0,0,0,0,0,0.68,0.66,0,0,0,0,1,0,0
-17,2.0,0,109,169,229,50,82,185,277,35,0,0,0.73,0.73,17,0,0,0,1,0,1
2,8.0,0,60,60,60,11,27,45,74,19,0,0,0.97,0.95,0,0,0,0,1,0,1
0,8.0,0,24,36,48,0,5,14,23,0,0,0,0.78,0.74,0,0,0,0,1,0,1
12,2.0,0,26,33,40,21,28,30,30,12,0,0,0.98,0.93,0,1,0,0,1,0,0
0,8.0,1,5,5,5,0,4,5,7,1,0,0,0.98,0.98,0,0,0,1,1,0,1
55,8.0,22,161,255,369,28,98,202,293,43,0,0,0.97,0.9,0,0,0,0,1,0,0
0,12.0,0,62,62,62,0,0,0,0,1,0,0,0.68,0.57,0,0,0,0,1,0,1
1,8.0,0,0,0,0,1,1,5,5,1,0,0,0.43,0.46,0,1,0,0,1,0,0
2,9.0,0,3,3,3,0,0,0,0,0,0,0,0.69,0.68,0,1,0,0,1,0,0
11,2.0,0,18,36,54,10,23,34,50,0,0,0,0.94,0.9,0,0,0,0,1,0,0
7,8.0,0,0,0,0,0,0,0,0,0,0,0,0.95,0.97,0,0,0,0,1,0,0
2,2.0,0,4,6,10,3,11,13,19,2,0,0,0.99,0.99,0,0,0,0,1,0,1
1,2.0,0,0,0,3,0,2,2,4,1,0,0,0.84,0.9,0,0,0,0,1,0,1
18,8.0,0,320,560,832,0,0,0,0,0,0,0,0.97,0.97,0,0,0,0,1,0,1
123,8.0,0,0,0,0,0,2,7,12,1,0,0,0.92,0.94,0,0,0,0,1,0,0
566,2.0,484,876,1944,3060,449,1288,2132,2923,336,0,0,0.95,0.97,0,0,0,0,1,0,0
3759,8.0,0,0,0,0,7,26,99,149,1,0,0,0.99,0.99,0,0,0,0,1,0,0
0,5.0,0,1933,3291,5134,0,0,0,0,185,0,0,0.73,0.69,0,0,0,0,1,0,1
9,8.0,0,0,0,0,0,2,3,4,0,0,0,0.66,0.63,0,0,0,0,1,0,0
-11,12.0,0,33,39,45,2,7,16,22,9,0,0,0.21,0.27,11,0,0,0,1,0,1
38,2.0,0,0,0,0,0,1,1,1,1,0,0,0.81,0.82,0,0,0,0,1,0,0
12,8.0,0,0,0,0,0,1,1,2,0,0,0,0.0,0.0,0,0,0,0,1,0,1
10,12.0,0,96,128,176,9,33,108,140,12,0,0,0.82,0.79,0,0,0,0,1,0,1
-182,8.0,0,391,441,533,44,161,360,494,100,0,0,0.09,0.09,182,1,0,0,1,0,1
14,2.0,0,0,0,0,0,2,4,4,0,0,0,0.9,0.95,0,1,0,0,1,0,0
0,8.0,0,4,4,4,1,2,5,9,0,0,0,0.12,0.1,0,0,0,1,1,0,1
32,2.0,0,28,63,105,13,46,93,130,3,0,0,0.97,0.98,0,0,0,0,1,0,1
22,8.0,0,19,32,46,4,14,26,45,3,0,0,0.31,0.21,0,0,0,0,1,0,0
4,4.0,40,0,0,7,0,32,35,38,0,0,0,0.73,0.78,0,1,0,0,1,0,0
0,8.0,0,298,372,477,0,0,0,0,21,0,0,0.77,0.77,0,1,0,0,1,0,1
1,8.0,0,2,4,5,0,2,3,4,0,0,0,0.12,0.38,0,0,0,0,1,0,1
1,2.0,0,3,5,8,1,2,9,13,0,0,0,0.33,0.42,0,0,0,0,1,0,1
5,8.0,0,52,104,130,3,21,49,79,24,1,0,0.85,0.87,0,0,0,0,1,0,1
1,2.0,0,90,90,148,13,40,65,98,28,0,10,0.05,0.32,0,0,0,0,1,0,1
0,3.0,0,4,4,4,0,0,0,0,0,0,0,0.42,0.46,0,1,0,1,1,0,1
31,2.0,0,0,0,0,0,0,0,0,0,0,0,0.79,0.77,0,0,0,0,1,0,0
7,12.0,0,0,0,0,1,1,3,3,4,0,0,0.74,0.71,0,0,0,0,1,0,1
0,4.0,0,0,0,0,0,0,0,0,0,0,0,0.84,0.62,0,0,0,1,1,0,0
3,9.0,0,10,10,15,1,3,7,12,0,0,0,1.0,1.0,0,0,0,0,1,0,0
4,8.0,0,145,264,332,15,66,152,238,33,0,0,0.02,0.12,0,0,0,1,1,0,1
0,8.0,0,19,28,46,3,8,17,28,0,0,0,0.17,0.33,0,0,0,0,1,0,1
0,8.0,0,13,21,29,3,8,11,18,2,0,2,1.0,1.0,0,0,0,0,1,0,0
3,12.0,0,6,12,15,3,10,25,38,0,0,0,0.96,0.88,0,0,0,0,1,0,1
1,8.0,0,1,2,3,1,3,4,4,0,0,0,0.7,0.74,0,0,0,0,1,0,1
297,8.0,0,0,0,0,0,0,0,0,0,0,0,0.72,0.7,0,0,0,1,1,0,0
6,12.0,0,0,0,0,0,0,0,2,0,0,0,1.0,1.0,0,0,0,0,1,0,0
4,4.0,0,0,0,0,0,0,0,0,0,0,0,0.7,0.66,0,1,0,0,1,0,0
0,8.0,0,0,419,711,1,1,1,1,20,0,0,0.69,0.69,0,1,0,0,0,0,1
0,3.0,0,5,6,9,0,0,0,0,0,0,0,0.52,0.41,0,0,0,0,1,0,1
25,12.0,0,0,0,0,0,0,0,0,1,0,0,0.58,0.58,0,1,0,0,1,0,0
1368,2.0,804,800,2400,4000,469,1438,2877,4548,466,0,0,1.0,0.99,0,0,0,0,1,0,0
0,8.0,0,1,1,1,0,0,1,1,0,0,0,0.93,0.95,0,0,0,1,1,0,0
2,3.0,0,0,0,0,1,1,1,1,2,0,0,0.84,0.78,0,0,0,0,1,0,1
20,8.0,0,0,0,0,0,0,0,0,2,0,0,0.99,0.99,0,0,0,0,1,0,0
11,8.0,0,0,24,24,0,0,0,0,0,0,0,1.0,0.97,0,0,0,0,1,0,0
10,4.0,0,0,0,0,0,0,0,0,0,0,0,0.73,0.78,0,1,0,0,1,0,0
87,8.0,0,0,0,0,0,0,0,0,2,0,0,0.97,0.98,0,0,0,0,1,0,0
2,2.0,0,20,40,50,11,21,41,53,1,0,0,0.67,0.69,0,0,0,0,1,0,1
5,9.0,0,84,110,143,14,44,71,109,16,0,0,0.86,0.84,1,1,0,0,1,0,0
11,12.0,0,0,3,6,1,2,8,14,4,0,0,0.74,0.72,0,0,0,0,1,0,0
1,12.0,0,3,4,5,0,1,4,4,0,0,1,0.63,0.72,0,0,0,0,1,0,1
372,2.0,129,300,620,960,91,338,628,974,105,0,0,0.96,0.96,0,0,0,0,1,0,0
3,2.0,0,2,6,8,4,12,20,24,2,0,0,0.7,0.73,0,0,0,0,1,0,1
1,8.0,1,14,29,41,2,13,24,37,0,0,0,0.74,0.76,0,0,0,0,1,0,1
12,2.0,0,0,0,0,0,0,0,0,0,0,0,0.53,0.54,0,1,0,0,1,0,0
8,2.0,0,0,9,9,2,9,13,14,1,0,0,0.98,0.94,0,0,0,0,1,0,1
0,8.0,0,4755,7819,10701,0,0,0,0,0,0,0,0.96,0.96,0,0,0,0,1,0,1
2,12.0,0,0,0,0,0,0,0,1,0,0,0,0.73,0.76,0,0,0,0,1,0,0
2,8.0,0,13,13,13,0,7,13,18,13,0,0,-99.0,-99.0,0,0,0,0,1,0,1
1,8.0,0,2,3,3,3,5,14,19,1,0,0,0.98,0.95,0,0,0,0,1,0,1
6,8.0,0,0,0,0,0,0,0,0,1,0,0,0.76,0.78,0,0,0,0,1,0,0
10,2.0,0,63,63,84,15,16,22,22,18,0,0,0.28,0.28,0,1,0,0,1,0,1
56,2.0,0,0,0,0,1,8,15,17,0,0,0,1.0,0.99,0,0,0,0,1,0,0
35,8.0,0,0,0,0,1,1,3,5,0,0,0,0.9,0.86,0,1,0,0,1,0,0
2,8.0,0,0,0,0,1,2,2,4,2,0,0,0.75,0.86,0,1,0,0,1,0,0
69,10.0,0,0,0,0,2,9,18,26,2,0,0,0.98,0.98,1,0,0,0,1,0,0
2,8.0,0,0,0,0,0,0,0,0,1,0,0,0.98,0.79,0,0,0,0,1,0,0
2,8.0,0,25,37,37,5,10,16,35,0,0,0,0.84,0.87,0,0,0,0,1,0,1
43,8.0,2,18,41,63,13,37,67,106,13,0,0,0.99,0.99,0,0,0,0,1,0,0
2,2.0,0,6,15,24,2,8,14,17,0,0,0,0.99,0.99,0,0,0,0,1,0,1
12,2.0,0,12,24,36,9,19,29,38,0,0,0,0.99,0.98,0,0,0,0,1,0,1
2,2.0,0,77,137,207,14,32,55,56,0,0,17,0.51,0.53,0,1,0,0,1,0,1
12,8.0,0,0,0,0,1,1,1,2,0,0,0,0.0,0.0,0,0,0,0,1,0,1
30,12.0,0,11,23,35,2,9,14,22,0,0,0,0.76,0.73,0,0,0,0,1,0,0
102,12.0,0,0,0,0,0,3,14,23,0,0,0,0.62,0.73,0,0,0,0,1,0,0
237,8.0,119,256,512,832,102,304,593,918,112,0,0,0.99,0.99,0,0,0,1,1,0,0
509,2.0,455,210,540,870,85,211,211,211,112,0,0,0.64,0.69,3,0,0,1,1,0,0
34,9.0,2,28,52,60,12,24,59,85,4,0,2,0.91,0.77,0,0,0,0,1,0,0
7,9.0,0,0,3,6,3,7,12,23,1,0,0,0.99,0.99,0,0,0,0,1,0,1
17,4.0,0,0,0,0,6,16,16,17,0,0,0,0.77,0.8,0,0,0,0,1,0,1
17,8.0,0,60,120,140,14,57,98,139,0,0,0,0.64,0.64,0,0,0,0,1,0,1
0,0.0,0,5,7,10,2,3,7,9,1,0,0,0.0,0.0,0,0,0,0,1,0,1
2,2.0,0,2,5,6,0,0,0,0,0,0,0,0.84,0.89,0,1,0,1,1,0,0
1,2.0,0,3,5,7,2,4,7,9,0,0,0,0.91,0.94,0,0,0,0,1,0,1
0,12.0,0,0,0,0,0,0,0,0,0,0,0,0.78,0.78,0,0,0,0,1,0,1
0,4.0,0,49,95,153,11,39,87,109,5,0,0,0.87,0.92,0,0,0,1,1,0,1
2,8.0,0,10,16,22,0,7,10,12,0,0,0,0.87,0.78,0,0,0,0,1,0,0
28,2.0,14,57,161,271,42,120,152,152,0,0,0,0.96,0.96,0,0,0,0,1,0,1
6,2.0,0,0,40,40,0,0,0,0,0,0,0,1.0,1.0,0,1,0,0,1,0,1
288,8.0,41,1173,1803,2478,226,655,1296,1991,181,0,45,0.97,0.94,0,0,0,0,1,0,1
0,8.0,0,5,7,7,0,0,0,0,0,0,0,0.42,0.36,0,1,0,0,1,0,1
-3,8.0,0,12,13,20,1,8,17,21,1,0,0,0.86,0.88,3,0,0,0,1,0,1
2,8.0,20,40,100,140,14,56,116,173,0,0,0,0.93,0.8,0,0,0,0,1,0,1
8,2.0,0,32,48,80,5,16,26,41,0,0,0,0.95,0.95,0,0,0,0,1,0,1
1,12.0,2,0,1,2,1,1,3,5,0,0,0,0.82,0.79,0,0,0,1,1,0,1
20,4.0,0,10,20,30,0,10,10,26,0,0,0,0.77,0.8,0,0,0,0,1,0,1
0,2.0,0,14,20,26,1,4,13,24,2,0,0,0.0,0.0,0,0,0,0,1,0,1
0,2.0,0,10,10,10,0,4,5,5,0,0,0,0.56,0.56,0,1,0,1,1,0,1
17,8.0,0,254,347,409,31,101,191,337,49,0,0,0.0,0.0,1,0,0,0,1,0,1
11,4.0,0,0,0,0,1,1,1,1,0,0,0,0.73,0.78,0,0,0,0,1,0,0
120,8.0,0,0,0,100,3,24,50,86,23,0,0,1.0,1.0,0,0,0,0,1,0,0
0,2.0,0,4,7,8,0,0,0,0,0,0,0,0.42,0.36,0,1,0,1,1,0,0
13,8.0,0,0,0,0,2,4,10,18,0,0,0,0.79,0.67,0,1,0,0,0,0,0
7781,9.0,3194,6480,13080,19560,2363,7086,14035,22753,1656,0,0,0.91,0.74,0,0,0,0,1,0,0
2,2.0,0,15,25,35,6,11,26,34,0,0,0,1.0,0.99,0,0,0,0,1,0,1
119,4.0,0,0,0,0,0,0,0,0,0,0,0,0.92,0.92,0,0,0,0,1,0,0
197,8.0,54,178,414,563,25,141,346,585,66,0,0,0.93,0.96,0,0,0,0,1,0,0
142,8.0,70,93,163,303,20,87,191,272,37,0,0,1.0,0.99,0,0,0,0,1,0,0
0,2.0,0,19,29,34,0,0,0,0,0,0,0,0.8,0.82,0,0,0,1,1,0,1
7,4.0,0,0,0,0,0,0,0,0,0,0,0,0.63,0.72,0,0,0,0,1,0,0
8,2.0,0,12,24,36,10,18,35,45,0,0,0,0.82,0.75,0,0,0,0,1,0,1
45,2.0,0,0,0,0,1,7,11,22,0,0,0,0.94,0.97,0,0,0,0,1,0,0
19,0.0,13,297,510,703,93,216,380,565,48,0,0,0.93,0.88,6,0,0,0,0,0,1
14,8.0,0,95,140,225,34,96,171,209,21,0,25,0.79,0.67,2,0,0,0,1,0,1
22,8.0,0,0,0,0,0,0,0,0,1,0,0,0.98,0.98,0,0,0,0,1,0,0
7,8.0,0,20,40,60,10,28,41,70,9,0,0,1.0,1.0,0,0,0,0,1,0,1
41,2.0,0,80,80,160,16,49,116,168,20,0,0,0.99,0.99,0,0,0,0,1,0,1
1,0.0,0,51,56,56,11,20,30,41,1,0,0,0.0,0.0,0,0,0,0,0,0,1
0,9.0,0,2,3,4,0,0,2,4,1,0,0,0.87,0.72,0,0,0,0,1,0,1
463,6.0,25,540,1050,1458,147,581,1244,2085,141,0,0,0.79,0.66,0,0,0,0,1,0,0
514,2.0,54,0,0,378,2,713,1418,1658,209,0,0,0.97,0.98,134,0,0,0,1,0,1
6,2.0,0,0,0,5,0,2,8,15,0,0,0,0.98,0.97,0,1,0,0,1,0,1
4,8.0,0,32,32,32,5,18,33,46,3,0,0,0.97,0.98,0,0,0,0,1,0,1
83,2.0,0,0,0,0,6,13,23,30,0,0,0,0.93,0.89,0,0,0,0,1,0,0
149,8.0,0,0,0,0,0,0,0,1,14,0,0,0.93,0.91,0,0,0,0,1,0,0
0,2.0,0,14,20,26,1,5,14,24,2,0,0,0.0,0.0,0,0,0,0,1,0,1
209,8.0,10,72,378,846,30,217,665,852,161,0,0,0.96,0.97,0,0,0,0,1,0,0
0,8.0,0,3,3,3,0,0,2,2,0,0,0,0.19,0.5,0,0,0,0,1,0,0
3,12.0,0,0,0,0,0,0,0,0,0,0,0,1.0,1.0,0,0,0,0,1,0,0
6,9.0,0,0,0,0,0,0,0,0,1,0,0,0.7,0.66,0,0,0,0,1,0,0
-34,8.0,0,222,311,365,12,35,127,237,69,0,0,0.99,0.99,34,0,0,0,1,0,1
0,8.0,0,8,10,14,1,3,6,10,3,0,0,0.81,0.82,0,0,0,0,1,0,1
3,8.0,0,0,4,4,0,1,2,3,0,0,0,0.64,0.69,0,0,0,0,1,0,0
1983,4.0,0,10,10,10,68,259,297,318,9,0,0,0.73,0.78,0,0,0,0,0,0,0
5,8.0,0,53,73,105,7,26,62,95,17,0,0,0.98,0.97,0,1,0,0,0,0,1
13,8.0,0,18,36,54,5,16,24,35,2,0,0,0.77,0.44,0,0,0,0,1,0,1
3,8.0,0,0,0,0,0,1,1,1,1,0,0,0.96,0.94,0,0,0,0,1,0,0
2,4.0,0,0,1,1,1,1,2,2,0,0,0,0.73,0.78,0,0,0,0,1,0,0
52,8.0,0,0,0,0,0,0,0,0,0,0,0,0.85,0.78,0,0,0,0,1,0,0
0,8.0,0,0,0,0,0,0,0,0,0,0,0,0.62,0.36,0,0,0,0,1,0,0
8,2.0,0,0,0,0,0,0,0,0,0,0,0,0.94,0.9,0,1,0,0,1,0,0
39,8.0,50,74,145,205,21,86,147,227,32,0,0,0.87,0.89,0,0,0,0,1,0,0
4,2.0,0,2,6,8,1,4,7,7,0,0,0,0.97,0.93,0,0,0,0,1,0,0
-1,2.0,0,8,8,8,1,1,2,2,0,0,0,0.36,0.57,1,0,0,0,1,0,1
0,5.0,0,1911,3278,5071,0,0,0,0,187,0,38,0.69,0.69,0,0,0,0,1,0,1
11,2.0,0,0,0,0,0,0,0,0,0,0,0,0.99,0.99,0,1,0,1,1,0,0
-1193,12.0,0,3787,3787,3787,3,11,26,34,29,0,0,0.0,0.0,1267,0,0,0,1,0,1
3,9.0,0,0,0,0,0,0,0,0,1,0,0,0.68,0.66,0,0,0,0,1,0,0
5,8.0,0,0,0,0,2,3,6,12,1,0,0,0.99,0.98,0,0,0,0,1,0,1
9,8.0,0,34,34,34,4,9,24,35,0,0,0,0.97,0.95,0,0,0,1,1,0,1
5,2.0,0,2,3,4,2,5,5,5,1,0,0,0.97,0.96,0,0,0,0,1,0,1
1,8.0,0,12,20,20,5,10,13,21,0,0,0,0.64,0.69,0,0,0,0,1,0,1
94,8.0,0,0,0,0,13,29,43,65,8,0,0,0.0,0.59,0,0,0,0,1,0,0
746,8.0,0,0,0,0,0,0,0,0,0,0,0,0.83,0.91,0,0,0,0,1,0,0
0,8.0,7,42,77,112,12,38,68,96,11,0,0,0.74,0.76,0,0,0,0,1,0,0
2,2.0,0,96,96,96,32,47,48,48,51,0,48,0.27,0.2,0,1,0,1,1,0,1
0,2.0,0,14,21,35,3,8,16,27,0,0,0,0.94,0.89,0,0,0,0,1,0,1
2,8.0,0,0,0,0,0,0,0,0,0,0,0,0.94,0.91,0,0,0,0,1,0,0
29,2.0,0,0,0,0,0,0,0,0,0,0,0,0.43,0.66,0,1,0,1,1,0,1
0,12.0,0,9,14,20,1,6,6,11,0,0,0,0.78,0.78,0,0,0,0,1,0,1
100,2.0,0,33,99,132,17,75,155,251,34,0,0,0.61,0.62,0,0,0,0,1,0,0
2,8.0,0,0,0,0,0,0,0,0,0,0,0,0.31,0.11,0,0,0,0,1,0,0
137,12.0,0,0,0,0,4,13,109,138,26,0,0,0.98,0.95,0,0,0,0,1,0,0
389,52.0,0,0,0,0,7,34,69,105,18,0,0,0.79,0.66,0,1,0,1,1,0,0
0,2.0,0,11,11,11,0,0,2,2,1,0,0,0.0,0.0,0,1,0,0,1,0,1
7,2.0,0,6,12,12,6,20,22,23,0,0,0,0.38,0.4,0,1,0,0,1,0,0
5,8.0,0,10,25,37,0,10,14,17,0,0,2,0.78,0.82,0,0,0,0,1,0,0
213,8.0,0,0,0,0,6,16,32,67,18,0,0,0.83,0.83,0,0,0,0,1,0,0
0,9.0,0,3,5,6,1,2,4,6,2,0,0,0.68,0.66,0,0,0,1,1,0,1
2,8.0,0,45,75,105,15,30,59,86,5,0,0,0.75,0.74,0,0,0,0,1,0,1
0,12.0,0,17,27,39,0,9,15,16,0,0,1,0.66,0.69,0,0,0,0,1,0,1
16,2.0,0,37,50,63,4,8,15,29,0,0,0,1.0,1.0,0,0,0,0,1,0,1
-3,8.0,0,5,5,9,20,24,27,30,1,0,0,0.99,0.97,3,0,0,0,1,0,1
0,12.0,0,5,7,10,3,5,8,11,1,0,0,0.86,0.88,0,0,0,0,1,0,1
0,2.0,0,5,5,5,0,0,0,0,1,0,0,0.25,0.2,0,1,0,1,1,0,1
5,8.0,0,75,119,155,11,37,74,123,25,0,0,0.06,0.13,0,0,0,1,1,0,1
0,8.0,0,5,5,5,0,0,0,0,1,0,0,0.25,0.31,0,1,0,0,1,0,1
28,8.0,0,0,0,0,0,7,19,35,0,0,0,0.98,0.99,0,0,0,0,1,0,0
8,8.0,0,0,0,0,0,0,1,1,1,0,0,0.42,0.36,0,0,0,0,1,0,0
18,2.0,0,31,93,124,16,41,85,130,9,0,0,0.93,0.96,0,0,0,0,1,0,0
92,14.0,0,72,144,216,24,76,157,255,44,0,0,0.93,0.94,0,0,0,0,1,0,0
12,52.0,0,0,0,0,0,0,0,0,0,0,0,0.87,0.9,0,1,0,0,1,0,0
11,2.0,0,10,20,30,1,3,10,11,0,0,0,0.99,0.98,0,1,0,0,1,0,1
6,4.0,0,10,20,30,3,10,27,40,0,0,0,0.91,0.93,0,0,0,0,1,0,1
92,8.0,2,29,89,149,21,77,149,219,38,0,0,0.99,0.98,0,0,0,0,1,0,0
3,8.0,0,0,0,0,0,2,3,4,1,0,0,0.99,0.99,0,0,0,0,1,0,1
0,12.0,0,24,48,60,3,16,36,50,0,0,0,0.78,0.78,0,0,0,0,1,0,1
17,8.0,0,0,0,0,0,2,12,15,0,0,0,0.78,0.76,0,0,0,0,1,0,0
3,12.0,0,50,50,50,4,19,38,56,6,0,0,0.73,0.69,0,0,0,0,1,0,1
12,8.0,1,74,123,196,24,80,140,197,28,0,7,0.79,0.66,1,0,0,0,1,0,1
81,2.0,8,78,169,273,21,57,144,156,37,0,0,0.97,0.95,0,1,0,0,1,0,0
197,2.0,108,432,864,1296,179,475,839,1187,139,0,0,1.0,0.98,0,0,0,0,1,0,0
10,8.0,0,0,0,0,0,0,0,0,0,0,0,0.99,0.96,0,1,0,0,1,0,0
0,8.0,0,1,1,1,0,1,1,1,0,0,0,0.98,0.95,0,0,0,0,1,0,1
3,0.0,0,22,33,44,5,13,23,36,1,0,0,0.0,0.0,0,0,0,0,0,0,1
492,8.0,0,0,0,0,11,34,54,101,8,0,0,0.97,0.95,0,0,0,0,1,0,0
7,8.0,0,80,124,160,17,52,97,136,14,0,4,0.61,0.57,0,0,0,1,1,0,1
113,8.0,0,0,0,0,0,0,0,0,1,0,0,0.98,0.96,0,0,0,0,1,0,0
324,8.0,74,193,600,941,78,340,717,1175,113,0,0,0.73,0.73,0,0,0,0,1,0,0
1,9.0,0,13,23,33,3,8,18,33,0,0,0,0.5,0.39,0,0,0,0,1,0,1
3,2.0,0,0,50,50,0,1,2,4,0,0,0,0.83,0.86,0,0,0,0,1,0,0
0,2.0,0,72,108,108,0,0,0,0,5,0,0,0.59,0.49,0,1,0,0,0,0,1
141,2.0,16,154,367,611,66,271,485,703,88,0,0,0.97,0.96,0,0,0,0,1,0,0
2,12.0,0,0,0,0,0,0,0,0,0,0,0,0.57,0.7,0,0,0,0,1,0,0
8,8.0,0,5,5,5,0,12,14,14,0,0,0,0.84,0.83,0,0,0,0,1,0,0
158,12.0,0,0,0,0,1,1,7,10,1,0,0,0.95,0.86,0,0,0,0,1,0,0
0,12.0,0,200,280,380,56,149,263,359,55,1,0,0.51,0.51,0,0,0,0,1,0,1
47,8.0,0,47,71,95,10,36,90,122,21,0,0,0.99,0.98,0,0,0,0,1,0,0
0,8.0,0,0,3,3,0,0,0,0,0,0,0,0.84,0.83,0,0,0,1,0,0,0
0,2.0,0,72,108,108,0,0,0,0,5,0,0,0.59,0.49,0,1,0,0,0,0,1
1,8.0,0,15,27,37,5,16,23,35,0,0,0,0.97,0.95,0,0,0,0,1,0,1
13,12.0,8,0,0,0,0,0,0,0,1,0,0,0.63,0.63,0,1,0,0,1,0,0
0,8.0,0,102,126,168,0,3,3,3,21,0,0,0.89,0.92,0,0,0,0,1,0,1
219,10.0,2,7,7,7,10,30,63,106,16,0,0,0.89,0.9,0,0,0,0,1,0,0
10,9.0,0,40,43,43,9,19,34,58,3,0,0,0.35,0.47,0,0,0,0,1,0,1
33,2.0,0,0,0,0,1,3,4,7,0,0,0,0.48,0.32,0,0,0,0,1,0,0
5,12.0,0,50,50,50,3,22,36,55,6,0,0,0.69,0.69,0,0,0,0,1,0,1
8,8.0,0,89,183,266,17,68,129,182,0,0,0,0.71,0.75,0,0,0,1,1,0,1
0,4.0,0,23,43,67,5,23,40,50,0,0,3,0.79,0.87,0,0,0,1,1,0,1
2,12.0,0,0,0,0,0,0,1,1,0,0,0,0.82,0.79,0,0,0,0,1,0,0
7,8.0,0,0,0,0,0,0,0,0,0,0,0,1.0,0.99,0,0,0,0,1,0,0
11,2.0,0,0,0,0,0,1,1,1,1,0,0,0.98,0.83,0,1,0,0,1,0,0
0,8.0,6,18,18,18,2,12,20,28,0,0,0,1.0,0.97,0,0,0,0,1,0,1
1,9.0,0,10,14,18,4,7,7,7,0,0,0,0.86,0.84,0,0,0,0,1,0,1
11,2.0,0,0,0,0,1,5,12,12,0,0,0,0.98,0.97,0,1,0,0,1,0,0
12,8.0,0,92,137,182,17,61,109,166,18,0,0,0.48,0.57,0,0,0,1,1,0,1
2,2.0,0,17,35,51,3,14,29,41,0,0,1,0.9,0.88,0,0,0,0,1,0,1
499,8.0,0,0,0,1300,33,33,45,76,2,0,0,1.0,1.0,0,0,0,0,1,0,0
12,2.0,0,0,0,0,0,1,1,2,0,0,0,0.98,0.99,0,0,0,0,1,0,0
1,8.0,0,18,36,63,5,18,35,44,4,0,0,0.82,0.87,0,0,0,0,1,0,1
19,8.0,0,44,44,44,19,61,96,125,20,0,16,0.96,0.85,0,0,0,1,1,0,1
4,2.0,0,88,176,220,39,72,140,214,5,0,0,0.96,0.92,0,0,0,0,1,0,1
0,8.0,0,7,9,12,2,7,13,21,0,0,0,0.65,0.74,0,0,0,0,1,0,1
32,4.0,0,0,0,0,0,0,0,0,0,0,0,0.73,0.78,0,0,0,0,1,0,0
3,4.0,16,0,0,0,0,4,5,7,0,0,0,0.73,0.78,0,1,0,0,1,0,0
20,2.0,0,19,38,38,23,28,56,74,0,0,0,0.51,0.3,0,0,0,0,1,0,1
0,8.0,0,7,7,7,1,4,5,7,0,0,0,0.0,0.0,0,0,0,0,1,0,1
442,8.0,0,0,0,0,6,25,68,136,154,0,0,0.83,0.84,0,0,0,0,1,0,0
1,2.0,2,6,10,14,4,8,11,17,0,0,0,0.99,0.97,0,0,0,0,1,0,1
0,8.0,0,72,96,136,0,0,0,0,18,0,0,0.95,0.94,0,0,0,0,1,0,1
-1,8.0,0,44,62,62,8,19,33,44,7,0,3,0.25,0.31,1,0,0,0,1,0,1
274,8.0,0,0,0,0,4,7,13,19,2,0,0,0.98,0.98,0,1,0,1,1,0,0
472,0.0,197,792,1494,2142,256,764,1461,2218,292,0,0,0.0,0.0,0,0,0,1,0,0,0
4,2.0,0,0,0,0,1,2,2,2,1,0,0,0.95,0.96,0,1,0,0,1,0,0
16,9.0,7,29,35,35,13,25,73,101,12,0,0,0.88,0.94,0,0,0,0,1,0,0
1499,2.0,67,2884,6384,9884,947,3309,6798,10421,371,0,0,0.93,0.9,0,0,0,0,1,0,0
62,8.0,0,320,512,656,62,202,372,533,130,0,16,0.97,0.94,4,0,0,0,1,0,1
4,2.0,7,42,84,119,9,23,64,106,0,0,0,1.0,0.99,0,0,0,0,1,0,1
2,8.0,0,0,0,1,2,2,5,9,1,0,0,0.37,0.36,0,0,0,0,1,0,1
4,2.0,0,0,0,0,5,13,17,17,0,0,0,0.98,0.98,0,1,0,0,1,0,1
208,2.0,377,825,1525,2175,396,880,1594,2544,289,0,0,0.9,0.9,24,0,0,0,1,0,0
73,8.0,0,0,0,0,0,0,0,0,0,0,0,0.97,0.98,0,0,0,0,1,0,0
0,8.0,0,52,82,122,10,34,75,101,0,0,0,0.78,0.74,0,0,0,0,1,0,1
40,8.0,0,0,15,15,7,23,49,66,0,0,0,1.0,0.99,0,0,0,0,1,0,0
2,8.0,0,0,0,0,0,0,0,0,2,0,0,0.91,0.85,0,0,0,0,1,0,0
30,8.0,0,0,0,0,0,0,0,0,1,0,0,0.99,0.99,0,0,0,0,1,0,0
65,9.0,0,0,0,0,0,0,0,0,0,0,0,0.86,0.84,0,0,0,0,1,0,0
38,8.0,13,611,851,1139,116,344,647,945,141,0,48,0.61,0.57,5,0,0,1,1,0,1
2,8.0,0,24,48,60,7,18,38,57,7,0,0,0.94,0.97,0,0,0,0,1,0,1
15,8.0,0,100,200,250,15,56,94,171,0,0,0,1.0,0.99,0,0,0,0,1,0,1
71,2.0,33,44,110,187,21,67,129,180,33,0,0,0.99,0.99,0,0,0,0,1,0,0
13,8.0,0,27,54,81,5,20,38,60,1,0,0,0.98,0.98,0,0,0,0,1,0,0
97,52.0,0,0,0,0,0,0,5,7,1,0,0,0.92,0.89,0,1,0,1,1,0,0
13,8.0,0,0,0,0,0,0,0,0,0,0,0,0.46,0.35,0,0,0,0,1,0,0
6,8.0,0,0,9,9,5,13,20,24,4,0,0,0.85,0.91,0,0,0,0,1,0,1
336,8.0,742,800,1400,1800,170,642,1378,2103,185,0,0,0.96,0.88,0,0,0,0,1,0,0
1,9.0,0,0,0,0,0,0,0,0,0,0,0,0.98,0.98,0,0,0,0,1,0,1
0,5.0,0,14,23,25,0,0,0,0,0,0,0,0.68,0.69,0,1,0,1,1,0,1
28,8.0,0,0,0,0,4,8,14,19,0,0,0,0.68,0.49,0,0,0,0,1,0,0
16,2.0,0,0,0,0,0,0,0,1,1,0,0,0.99,0.98,0,0,0,0,1,0,0
53,2.0,0,24,64,64,3,5,5,5,0,0,0,0.98,0.98,0,1,0,0,1,0,0
136,8.0,2,65,150,205,15,51,179,298,34,0,0,0.28,0.18,0,0,0,0,1,0,0
262,8.0,0,0,0,0,1,1,5,7,0,0,0,1.0,0.98,0,0,0,0,1,0,0
1,2.0,0,6,18,24,2,6,13,16,0,0,0,1.0,0.99,0,0,0,0,1,0,1
0,9.0,0,2,3,4,1,2,4,5,1,0,0,0.69,0.68,0,0,0,0,1,0,0
89,12.0,2,79,140,192,15,50,92,191,28,0,0,0.66,0.69,0,0,0,1,1,0,0
26,2.0,0,0,0,0,0,1,6,9,0,0,0,0.96,0.98,0,0,0,0,1,0,0
0,8.0,0,4,6,8,4,5,7,8,0,0,0,0.75,0.86,0,0,0,0,1,0,1
6,2.0,0,0,0,0,0,1,1,1,0,0,0,0.94,0.97,0,0,0,0,1,0,0
2,12.0,0,0,0,0,0,0,0,1,0,0,0,0.73,0.69,0,0,0,0,1,0,1
0,3.0,0,30,30,30,0,0,0,0,0,0,0,0.43,0.46,0,1,0,1,1,0,1
1,15.0,0,3,3,3,0,3,4,11,11,0,0,1.0,0.96,0,0,0,0,0,0,1
15,8.0,51,371,596,878,74,298,572,732,59,0,33,0.79,0.66,4,0,0,0,1,0,1
0,2.0,0,6,7,7,0,0,0,0,0,0,0,0.53,0.54,0,1,0,0,1,0,1
0,8.0,0,60,100,130,7,23,40,64,1,0,0,0.68,0.81,0,0,0,0,1,0,1
2,8.0,0,0,0,0,0,1,1,1,0,0,0,0.89,0.88,0,1,0,0,1,0,0
24,2.0,0,0,0,0,0,4,7,8,0,0,0,0.62,0.69,0,1,0,0,1,0,0
15635,2.0,4469,9514,25770,38186,2620,11044,24837,31332,2831,0,298,0.13,0.14,0,0,0,0,1,0,0
913,2.0,447,1254,2640,4092,484,1230,2360,3601,766,0,0,0.98,0.98,0,0,0,1,1,0,0
0,10.0,1,2,3,4,0,2,3,3,0,0,0,0.89,0.9,0,0,0,0,1,0,0
58,10.0,0,56,112,196,15,43,73,96,28,0,0,0.84,0.86,0,1,0,1,1,0,0
1,8.0,0,1,2,4,0,1,2,3,1,0,0,0.99,0.98,0,0,0,0,1,0,0
5,9.0,0,0,1,2,3,5,5,9,0,0,0,0.85,0.83,0,0,0,0,1,0,1
1,8.0,0,2,3,5,1,3,5,5,0,0,0,0.79,0.66,0,0,0,0,1,0,1
2,8.0,0,0,0,1,0,0,2,2,1,0,0,0.87,0.9,0,0,0,0,1,0,1
-87,8.0,36,216,288,378,60,240,244,251,7,0,0,0.96,0.92,106,0,0,0,1,0,0
1,8.0,0,10,20,30,0,2,12,16,0,0,0,1.0,0.94,0,0,0,0,1,0,1
23,2.0,0,0,0,0,2,3,35,36,0,0,0,0.99,0.97,0,0,0,0,1,0,0
15,2.0,0,201,357,519,27,105,220,314,21,0,6,0.83,0.66,0,0,0,1,1,0,1
26,8.0,0,0,0,0,0,0,0,0,0,0,0,0.99,0.94,0,0,0,0,1,0,0
12,2.0,5,7,12,18,7,17,19,19,2,0,0,1.0,0.91,0,1,0,1,1,0,1
0,2.0,0,11,20,23,0,0,0,0,0,0,1,0.71,0.75,0,0,0,1,1,0,1
77,9.0,0,0,0,0,5,15,56,78,0,0,0,0.94,0.91,0,1,0,0,1,0,0
-2,8.0,0,772,1072,1447,78,236,374,479,88,0,75,0.0,0.0,8,0,0,0,1,0,1
2,12.0,0,0,0,0,0,0,0,0,0,0,0,0.78,0.78,0,0,0,0,1,0,0
7,9.0,0,0,0,0,0,0,0,0,0,0,0,0.91,0.77,0,0,0,0,1,0,0
7,4.0,0,0,0,0,0,0,0,0,1,0,0,0.24,0.14,0,1,0,0,1,0,0
43,8.0,39,18,54,72,12,34,60,83,21,0,0,0.31,0.21,0,0,0,0,1,0,0
0,12.0,0,322,322,322,0,0,0,0,0,0,0,0.57,0.7,0,1,0,0,1,0,1
0,8.0,0,18,18,18,0,0,0,0,0,0,0,0.77,0.81,0,1,0,0,0,0,1
0,8.0,0,16,32,40,5,13,21,31,0,0,0,0.18,0.31,0,0,0,0,1,0,1
1,2.0,0,10,30,30,3,5,12,25,0,0,0,0.93,0.97,0,0,0,0,1,0,1
4,8.0,0,14,26,34,3,9,19,27,0,0,0,0.78,0.74,0,0,0,0,1,0,1
0,2.0,0,6,6,6,0,0,0,0,0,0,0,0.7,0.74,0,1,0,1,1,0,0
10,2.0,0,0,0,0,0,0,0,0,0,0,0,0.43,0.71,0,1,0,0,1,0,0
384,8.0,168,768,1280,1856,219,600,1117,1823,305,0,0,0.99,0.99,0,0,0,0,1,0,0
699,8.0,389,943,2047,3199,433,1494,2921,4427,888,0,0,0.94,0.9,0,0,0,0,1,0,0
0,8.0,0,0,0,0,0,0,0,0,0,0,0,0.97,0.98,0,0,0,0,1,0,0
138,12.0,0,54,138,150,13,30,57,207,1,0,0,0.82,0.89,0,0,0,0,1,0,0
132,8.0,0,0,0,0,0,4,16,19,3,0,0,0.09,0.07,0,0,0,0,1,0,0
-182,8.0,0,391,431,533,43,154,340,472,101,0,0,0.08,0.08,183,1,0,0,1,0,1
13,12.0,0,0,0,0,0,0,1,1,0,0,0,0.69,0.8,0,1,0,0,1,0,0
540,8.0,0,9910,9910,9910,24,28,50,104,1,0,0,1.0,0.93,0,0,0,0,1,0,1
2010,8.0,0,0,0,0,24,74,148,298,18,0,0,0.95,0.98,0,0,0,0,1,0,0
11,2.0,9,36,78,108,18,36,60,84,4,0,0,0.96,0.86,0,0,0,1,1,0,1
10,8.0,0,0,0,0,0,0,0,0,2,0,0,-99.0,-99.0,0,0,0,0,1,0,0
0,2.0,0,16,40,40,0,1,1,1,0,0,0,0.84,0.86,0,1,0,1,1,0,1
1,12.0,0,8,12,16,0,6,9,10,0,0,0,0.78,0.78,0,0,0,0,1,0,1
-479,5.0,5,2591,3891,4991,584,1349,2187,3421,246,0,225,0.69,0.69,501,0,0,0,1,0,1
10,12.0,0,0,0,0,0,0,0,0,1,0,0,0.58,0.58,0,1,0,0,1,0,0
6,8.0,0,0,0,0,0,0,0,0,0,0,0,0.09,0.06,0,0,0,0,1,0,0
123,8.0,0,0,0,0,6,16,34,49,1,0,0,0.74,0.74,0,0,0,0,0,0,1
0,2.0,0,20,26,26,0,0,0,0,0,0,0,0.69,0.69,0,1,0,0,1,0,1
1,0.0,0,8,8,8,0,5,11,12,1,0,0,0.0,0.0,3,0,0,1,0,0,1
2,8.0,0,0,0,0,0,0,0,0,0,0,0,0.8,0.82,0,0,0,0,1,0,0
8,8.0,0,0,0,0,0,0,0,0,0,0,0,0.6,0.47,0,0,0,1,1,0,0
13,2.0,0,42,70,112,9,38,84,107,0,0,0,0.0,0.0,0,0,0,1,1,0,1
0,8.0,0,0,0,0,0,0,0,0,0,0,0,0.96,0.94,0,0,0,0,1,0,1
2,2.0,0,1,2,3,1,1,2,2,0,0,0,0.9,0.93,0,1,0,1,1,0,1
50,2.0,0,0,0,0,0,0,0,0,3,0,0,0.85,0.9,0,0,0,0,1,0,0
8,8.0,0,60,80,120,14,61,90,108,0,0,0,0.98,0.98,0,0,0,0,1,0,1
-27,2.0,0,400,480,560,95,395,652,932,90,0,0,0.06,0.03,59,0,0,0,1,0,1
0,12.0,0,6,12,12,1,2,6,8,0,1,0,0.44,0.38,0,0,0,0,1,0,1
32,2.0,0,0,0,0,1,1,3,3,5,0,0,0.82,0.89,0,1,0,0,1,0,0
2,2.0,1,1,1,1,3,6,8,8,0,0,0,0.99,0.99,0,1,0,0,1,0,1
40,8.0,2,0,0,0,0,4,13,22,4,0,0,0.99,0.99,0,0,0,0,1,0,0
0,8.0,0,4,6,8,1,3,3,4,0,0,0,0.79,0.66,0,0,0,0,1,0,1
9,2.0,0,0,0,0,1,1,2,2,0,0,0,0.86,0.81,0,0,0,0,1,0,0
35019,16.0,37,0,0,0,96,304,713,1006,126,0,0,1.0,0.95,0,0,0,0,1,0,0
4,8.0,0,32,50,74,13,31,52,82,0,0,0,0.95,0.79,0,0,0,0,1,0,1
5,8.0,0,4,10,13,2,6,13,20,0,0,0,1.0,0.92,0,0,0,0,1,0,0
1,2.0,0,0,0,0,1,1,1,2,0,0,0,0.99,0.99,0,0,0,0,1,0,0
1,8.0,0,0,0,0,0,0,0,0,2,0,0,0.37,0.36,0,1,0,0,1,0,0
3,12.0,0,10,10,14,2,11,20,25,0,0,0,0.82,0.79,0,0,0,1,1,0,1
26,8.0,1,24,47,77,6,27,42,72,12,0,5,0.86,0.88,0,0,0,0,1,0,0
2,6.0,0,19,38,38,10,31,73,97,4,0,0,0.82,0.79,0,0,0,0,1,0,1
208,8.0,49,0,0,200,18,53,120,163,24,0,0,0.99,0.96,0,0,0,0,1,0,0
0,8.0,0,0,0,0,0,0,0,0,0,0,0,0.99,0.98,0,0,0,0,1,0,1
638,8.0,207,550,1150,1750,288,827,1556,2321,229,0,0,0.98,0.98,0,0,0,0,1,0,0
72,12.0,0,68,292,471,0,0,0,0,0,0,0,0.93,0.89,0,0,0,0,1,0,1
654,2.0,0,0,0,272,0,14,664,864,33,0,0,1.0,1.0,0,0,0,0,1,0,0
-1,12.0,0,31,59,75,11,34,60,97,7,0,0,0.8,0.77,6,0,0,0,1,0,1
1,8.0,0,2,3,4,1,2,2,3,0,0,0,0.98,0.97,0,0,0,0,1,0,1
219,8.0,0,0,0,0,1,3,7,9,0,0,0,-99.0,-99.0,0,0,0,0,1,0,0
207,4.0,73,1047,1959,2775,326,797,1057,1058,135,0,84,0.62,0.73,0,0,0,0,1,0,1
0,8.0,2,1,3,5,0,3,4,6,0,0,0,0.93,0.96,0,0,0,0,1,0,1
369,8.0,0,0,0,0,9,26,49,70,0,0,0,0.75,0.74,0,0,0,0,1,0,0
0,8.0,0,5,6,6,0,0,0,0,0,0,1,0.42,0.36,0,0,0,0,1,0,1
13,8.0,1,0,0,0,2,4,8,9,0,0,0,0.99,0.99,0,0,0,0,1,0,0
7,8.0,0,40,90,150,4,27,50,65,0,0,0,0.99,0.94,0,0,0,0,1,0,1
94,8.0,67,140,275,410,53,169,319,457,68,0,0,0.99,0.99,0,0,0,0,1,0,0
16,9.0,0,0,0,0,0,0,0,0,0,0,0,0.69,0.68,0,1,0,0,1,0,0
1,12.0,0,8,8,8,0,2,7,10,0,0,0,0.73,0.76,0,0,0,0,1,0,1
17,2.0,0,100,100,200,24,74,89,121,0,0,0,0.8,0.84,0,0,0,0,1,0,1
3018,8.0,67,5000,10000,10000,967,3283,6200,9307,975,0,0,0.97,0.96,0,0,0,0,1,0,0
46,2.0,0,0,24,54,6,15,25,53,5,0,0,0.99,0.94,0,0,0,0,1,0,0
148,8.0,24,463,847,1185,148,441,885,1462,28,0,0,0.99,0.98,0,0,0,0,1,0,0
3,9.0,0,0,0,0,0,0,1,1,0,0,0,0.95,0.89,0,0,0,0,1,0,0
45,8.0,4,29,67,103,7,32,70,114,12,0,0,0.79,0.66,0,0,0,0,1,0,0
0,2.0,0,4,4,4,2,5,8,13,0,0,0,0.23,0.23,0,0,0,0,1,0,1
1,8.0,0,30,40,60,17,26,51,65,0,0,0,1.0,0.94,0,0,0,0,1,0,1
22,8.0,0,10,38,62,7,19,33,45,11,0,0,0.84,0.77,0,0,0,1,1,0,0
14,8.0,0,18,31,44,5,17,31,39,5,0,0,0.97,0.46,0,0,0,1,1,0,0
0,2.0,0,6,6,6,0,0,1,1,0,0,0,0.42,0.36,0,1,0,0,1,0,1
0,8.0,0,0,0,0,0,4,4,4,1,0,0,0.96,0.97,0,0,0,0,1,0,1
12,2.0,2,120,232,360,36,65,75,75,0,0,0,0.99,0.99,0,1,0,0,1,0,1
10,8.0,0,0,5,5,0,4,6,8,0,0,0,0.46,0.61,0,0,0,0,1,0,0
2297,8.0,0,0,0,615,394,780,1401,2133,115,0,0,0.79,0.66,0,0,0,0,1,0,0
0,2.0,0,12,27,27,0,0,0,0,1,0,0,0.81,0.87,0,0,0,1,1,0,1
7,8.0,0,8,26,35,1,6,12,27,1,0,0,1.0,0.99,0,0,0,0,1,0,1
91,2.0,0,3538,5372,7206,680,1702,3286,5144,176,0,0,0.0,0.0,0,0,0,1,1,0,1
0,2.0,0,48,72,96,17,40,64,84,0,0,0,0.0,0.0,0,0,0,0,1,0,1
-1,9.0,0,5,8,10,2,4,6,7,1,0,0,0.99,0.96,1,0,0,0,1,0,1
47,9.0,0,0,0,0,0,0,0,0,1,0,0,0.86,0.84,0,0,0,1,1,0,0
0,8.0,0,0,0,0,0,0,0,0,0,0,0,0.95,0.94,0,0,0,1,1,0,0
10,9.0,0,0,0,0,0,0,0,0,2,0,0,0.92,0.83,0,0,0,0,1,0,0
34,2.0,0,0,0,0,0,0,0,8,0,0,0,0.86,0.86,0,1,0,0,1,0,0
5,8.0,0,13,22,34,3,10,18,26,0,0,0,0.78,0.74,0,0,0,0,1,0,1
12,2.0,0,0,0,0,3,8,16,20,3,0,0,1.0,0.95,0,0,0,0,1,0,1
24,2.0,0,300,450,600,65,105,137,140,0,0,0,0.51,0.51,0,1,0,0,1,0,1
25,9.0,0,0,0,0,0,0,0,0,0,0,0,0.68,0.66,0,0,0,0,1,0,0
48,8.0,0,0,0,0,5,10,11,30,1,0,0,0.87,0.91,0,0,0,0,1,0,0
13,8.0,0,0,14,14,2,5,17,30,0,0,0,1.0,0.99,0,0,0,0,1,0,0
20,8.0,0,0,0,0,0,0,0,0,0,0,0,0.97,0.91,0,0,0,0,1,0,0
13,12.0,0,21,35,49,8,24,25,25,0,0,0,0.38,0.47,0,0,0,0,0,0,1
0,2.0,0,50,50,50,0,0,0,0,0,0,0,0.99,0.99,0,1,0,1,1,0,0
135,8.0,25,23,115,207,29,72,207,333,26,0,0,0.69,0.69,0,0,0,0,1,0,0
5,8.0,14,70,133,178,17,58,116,191,28,0,9,0.32,0.27,2,0,0,0,1,0,1
17,2.0,0,0,0,0,2,4,7,9,1,0,0,0.37,0.46,0,1,0,0,1,0,0
2,4.0,0,0,0,1,0,0,0,2,0,0,0,0.89,0.9,0,0,0,0,1,0,1
-7,12.0,0,10,10,10,0,3,6,7,5,0,0,0.74,0.74,7,0,0,0,1,0,1
1,2.0,0,14,14,14,4,17,26,26,0,0,0,0.24,0.28,0,1,0,0,1,0,1
4,2.0,0,8,18,26,2,5,11,18,1,0,0,0.89,0.92,0,0,0,0,1,0,1
1,2.0,0,2,3,4,1,1,2,2,0,0,1,0.14,0.32,0,0,0,0,1,0,1
0,12.0,0,204,204,204,0,0,0,0,0,0,0,0.96,0.86,0,1,0,1,1,0,1
1,8.0,0,0,0,0,0,0,0,0,1,0,0,0.89,0.93,0,0,0,0,1,0,0
1049,2.0,601,738,1962,3348,260,633,633,633,322,0,0,0.93,0.96,0,0,0,0,1,0,0
14,8.0,0,384,576,768,44,187,326,605,71,0,0,0.0,0.0,1,0,0,0,1,0,1
2,2.0,0,0,0,1,0,0,2,3,0,0,0,0.68,0.64,0,0,0,0,1,0,1
0,8.0,0,28,52,63,0,0,0,0,0,0,0,0.95,0.97,0,1,0,0,1,0,1
-10,8.0,0,630,918,1350,102,315,604,943,129,0,7,0.74,0.76,14,0,0,0,1,0,1
-5,8.0,0,603,908,1152,87,265,550,906,102,0,0,0.06,0.13,8,0,0,1,1,0,1
37,8.0,1,80,144,208,29,79,128,174,32,0,0,0.84,0.77,0,0,0,0,1,0,1
4,8.0,0,0,3,6,0,1,8,8,1,0,0,0.87,0.9,0,0,0,0,1,0,0
0,8.0,0,8,12,16,0,5,9,14,0,0,0,0.9,0.94,0,0,0,0,1,0,1
0,8.0,0,9,15,18,3,7,12,15,1,0,0,0.98,0.92,0,0,0,1,1,0,1
54,8.0,0,0,0,0,1,1,4,4,0,0,0,1.0,1.0,0,0,0,0,1,0,0
8,17.0,0,6,6,6,2,4,11,13,0,0,0,0.82,0.83,0,0,0,0,1,0,0
28,8.0,0,0,0,0,2,4,9,11,0,0,0,0.89,0.54,0,0,0,0,1,0,0
4,9.0,0,14,35,42,9,17,34,59,4,0,0,0.98,0.9,0,0,0,0,1,0,1
39,9.0,1,25,25,40,6,6,48,55,0,0,0,0.86,0.84,0,0,0,0,1,0,0
117,3.0,0,144,216,216,51,52,52,52,0,0,0,0.94,0.9,0,1,0,0,1,0,0
3,8.0,0,4,9,14,1,4,10,14,0,0,0,0.78,0.74,0,0,0,0,1,0,1
0,2.0,0,54,54,54,0,0,0,0,0,0,0,1.0,0.98,0,1,0,1,1,0,1
148,2.0,3,160,394,628,67,233,584,774,107,0,0,0.79,0.89,0,0,0,0,1,0,0
3,2.0,1,1,3,3,0,0,0,0,0,0,0,0.82,0.83,0,1,0,0,1,0,0
14,8.0,1,0,50,50,2,4,10,24,1,0,0,0.99,0.97,0,0,0,0,1,0,0
12,8.0,0,44,44,44,20,63,103,130,18,0,0,0.96,0.85,0,0,0,1,1,0,1
133,2.0,0,750,1250,1750,92,244,394,487,142,0,0,0.98,0.93,0,1,0,0,1,0,0
3,8.0,6,117,147,177,10,46,113,167,26,0,0,0.02,0.12,0,0,0,1,1,0,1
6,2.0,0,252,252,252,6,19,34,34,0,0,0,0.44,0.44,0,1,0,0,1,0,1
8,16.0,0,64,64,64,9,29,49,64,11,0,0,0.44,0.23,0,0,0,0,1,0,1
9,8.0,0,0,0,0,0,0,0,0,0,0,0,0.96,0.96,0,0,0,0,1,0,0
107,9.0,0,0,0,0,0,1,4,4,1,0,0,0.86,0.84,0,0,0,0,1,0,0
0,2.0,0,7,7,8,0,0,0,0,0,0,0,0.0,0.14,0,1,0,0,1,0,1
0,3.0,0,4,4,6,1,4,5,6,0,0,0,0.89,0.9,0,0,0,0,1,0,1
5,12.0,0,0,0,0,0,0,0,0,0,0,0,0.57,0.7,0,0,0,0,1,0,0
4693,8.0,3040,2670,4470,7845,239,2143,4300,6242,902,0,0,0.84,0.91,0,0,0,0,1,0,0
0,8.0,0,12,12,12,0,0,0,0,12,0,0,0.81,0.87,0,0,0,1,1,0,1
3,2.0,0,0,0,0,0,0,0,0,0,0,0,0.98,0.95,0,1,0,0,1,0,0
0,2.0,0,8,9,9,0,0,0,0,0,0,5,-99.0,0.28,0,1,0,0,1,0,1
0,2.0,0,11,11,11,0,0,0,0,1,0,0,0.97,0.99,0,1,0,0,1,0,1
2,4.0,0,0,0,0,0,0,0,2,0,0,0,0.89,0.9,0,0,0,0,1,0,1
1,9.0,0,0,0,0,0,0,0,0,1,0,0,0.68,0.66,0,0,0,0,1,0,0
11,2.0,0,0,0,0,0,0,0,0,0,0,0,0.98,0.99,0,1,0,0,1,0,0
212,8.0,0,144,144,288,46,155,300,492,40,0,0,0.92,0.92,0,0,0,0,1,0,0
438,8.0,9,160,480,800,93,350,853,1236,302,0,0,0.85,0.76,0,0,0,0,1,0,0
8,8.0,0,0,0,0,0,1,1,4,0,0,0,0.8,0.82,0,0,0,0,1,0,0
0,8.0,0,30,50,60,10,38,54,68,0,0,0,0.99,0.99,0,0,0,0,1,0,1
0,8.0,0,2,3,5,1,2,2,2,0,0,0,0.8,0.82,0,0,0,0,1,0,1
111,9.0,0,0,0,0,0,0,0,0,0,0,0,0.94,0.79,0,0,0,0,1,0,0
6,8.0,0,0,2,5,0,1,3,6,0,0,0,0.84,0.87,0,0,0,0,1,0,0
299,8.0,0,1120,1680,2240,313,1082,2029,2906,595,0,0,0.13,0.09,0,0,0,1,1,0,1
10,2.0,0,0,0,0,4,14,19,21,0,0,0,0.97,0.95,0,1,0,0,1,0,1
3,8.0,0,1,4,5,1,4,7,10,0,0,0,0.87,0.89,0,0,0,0,1,0,1
55,8.0,0,0,0,0,5,18,42,64,2,0,0,0.84,0.87,0,0,0,0,1,0,0
551,8.0,30,0,0,675,54,172,331,503,54,0,0,0.99,0.98,0,0,0,0,1,0,0
8,8.0,0,28,43,68,14,32,56,77,8,0,0,0.84,0.89,0,0,0,0,1,0,1
2,12.0,0,3,5,8,2,4,8,9,1,0,0,0.93,0.96,0,0,0,0,1,0,1
7,9.0,0,0,0,0,0,0,0,4,0,0,0,0.99,0.98,0,0,0,0,1,0,0
6,2.0,0,4,4,4,3,6,6,6,0,0,0,0.33,0.25,0,1,0,0,1,0,1
0,8.0,0,103,117,145,0,0,0,0,13,0,0,0.91,0.93,0,0,0,0,1,0,1
13,8.0,0,0,0,0,1,2,7,9,1,0,0,0.99,0.96,0,0,0,0,1,0,0
0,2.0,10,10,20,20,0,0,0,0,0,0,0,0.16,0.5,0,1,0,0,1,0,1
43,8.0,0,35,35,70,7,23,54,83,14,0,0,0.99,0.99,0,0,0,0,1,0,0
0,8.0,0,6,6,6,0,0,0,0,0,0,0,0.99,0.94,0,0,0,0,1,0,0
18,2.0,16,8,24,48,5,10,21,27,5,0,0,0.88,0.85,0,1,0,0,1,0,0
2,8.0,0,99,99,99,1,10,18,25,0,0,0,0.0,0.18,0,0,0,0,1,0,1
5,8.0,3,300,300,300,10,37,81,114,22,0,0,0.97,0.91,0,0,0,0,1,0,1
2,8.0,0,24,44,60,7,19,38,57,7,0,0,0.94,0.97,0,0,0,0,1,0,1
0,2.0,0,0,0,0,0,0,0,0,0,0,0,0.57,0.7,0,0,0,0,1,0,1
4,8.0,0,0,0,0,0,0,2,4,0,0,0,0.76,0.78,0,0,0,0,1,0,0
10,2.0,0,12,24,46,2,8,22,38,0,0,1,0.85,0.89,0,0,0,1,1,0,1
0,2.0,0,5,5,5,0,0,0,0,1,0,0,0.0,0.0,0,1,0,1,1,0,0
142,2.0,0,0,0,0,0,6,6,8,1,0,0,0.95,0.96,0,0,0,0,1,0,0
23,8.0,0,0,14,28,3,9,20,26,0,0,0,1.0,0.99,0,1,0,0,1,0,0
226,8.0,0,3000,3000,3000,303,858,1332,2023,160,0,0,-99.0,-99.0,0,0,0,0,1,0,1
155,8.0,0,0,0,0,2,3,10,17,10,0,0,0.95,0.96,0,1,0,0,1,0,0
-623,4.0,928,1964,3244,5036,209,2243,2456,2982,55,0,0,0.93,0.91,752,0,0,0,1,0,0
3,12.0,0,0,0,0,1,1,1,1,0,0,0,0.62,0.73,0,0,0,0,1,0,0
0,2.0,0,2,2,2,3,3,3,4,2,0,0,0.73,0.77,0,0,0,0,1,0,1
3,8.0,0,0,0,0,0,0,0,0,0,0,0,0.82,0.88,0,0,0,0,1,0,0
98,8.0,0,0,0,0,5,16,28,44,6,0,0,0.95,0.93,0,0,0,0,1,0,0
495,2.0,0,0,0,0,0,0,0,0,1,0,0,-99.0,-99.0,0,0,0,0,1,0,0
1,8.0,0,1,2,3,1,2,2,3,0,0,0,0.8,0.83,0,0,0,0,1,0,1
5,2.0,0,4,8,12,2,11,15,19,0,0,0,0.97,0.93,0,0,0,0,1,0,1
15,8.0,5,5,15,20,5,11,24,42,7,0,0,0.63,0.56,0,0,0,0,1,0,0
202,8.0,50,400,800,1200,127,475,820,1140,135,0,0,0.99,0.94,0,0,0,0,1,0,0
5,8.0,0,14,23,32,8,15,27,42,2,0,0,0.96,0.97,0,0,0,0,1,0,1
3,2.0,0,29,53,73,28,65,94,138,3,0,0,0.27,0.39,0,0,1,0,1,0,1
0,2.0,0,6,6,18,9,15,31,35,0,0,0,0.92,0.95,0,0,0,0,1,0,1
12,12.0,1,15,39,75,13,37,68,102,0,0,0,0.82,0.79,0,0,0,0,1,0,1
33,8.0,1,96,192,240,20,58,165,270,28,0,0,0.82,0.91,0,0,0,0,1,0,1
7,2.0,0,48,48,48,30,34,38,38,6,0,0,0.43,0.63,0,1,0,0,1,0,1
6,8.0,0,0,0,0,3,4,4,4,0,0,0,0.78,0.74,0,1,0,0,1,0,0
0,2.0,0,0,14,20,1,2,2,2,0,0,0,0.84,0.74,0,1,0,1,1,0,1
130,10.0,0,0,0,0,4,7,17,21,5,0,0,0.83,0.75,0,0,0,0,1,0,0
3,8.0,0,55,74,107,7,40,63,100,0,0,3,0.96,0.96,0,0,0,0,1,0,1
0,8.0,0,47,47,47,1,2,8,16,2,0,0,0.95,0.95,0,0,0,0,1,0,1
8,4.0,0,0,0,0,0,0,0,4,1,0,0,0.22,0.11,0,1,0,0,1,0,0
35,8.0,40,0,0,0,30,63,65,65,0,0,0,0.9,0.94,0,0,0,0,1,0,1
11,4.0,0,36,54,90,19,38,86,132,10,0,0,0.97,0.91,0,0,0,0,1,0,1
-5,8.0,133,1116,1980,3156,320,1163,2096,2819,243,0,84,0.31,0.18,45,0,0,0,1,0,1
5,8.0,0,2,6,10,1,2,10,11,0,0,0,0.57,0.44,0,0,0,0,1,0,1
3,9.0,2,0,4,10,2,3,8,11,0,0,0,0.99,0.98,0,0,0,0,1,0,0
74,8.0,0,100,200,200,1,1,1,1,38,0,0,0.5,0.51,0,1,0,0,1,0,1
1,8.0,0,16,24,32,3,15,23,36,12,0,0,0.92,0.75,0,0,0,0,1,0,1
7,8.0,0,0,6,10,0,4,8,12,0,0,0,0.99,0.99,0,0,0,1,1,0,1
7,8.0,0,0,0,0,2,2,2,2,0,0,0,0.96,0.85,0,1,0,0,1,0,1
6,8.0,0,3,6,12,7,10,15,26,2,0,0,0.94,0.97,0,0,0,0,1,0,1
0,8.0,0,2,3,4,1,3,3,4,0,0,0,0.8,0.83,0,0,0,0,1,0,1
0,2.0,0,0,0,0,3,3,3,3,0,0,0,0.99,0.98,0,0,0,0,1,0,1
14,12.0,0,11,11,24,4,11,19,26,0,0,0,0.57,0.7,0,0,0,0,1,0,0
1,8.0,0,11,23,29,2,6,12,26,3,0,0,0.99,0.96,0,0,0,0,1,0,1
0,14.0,3,303,498,700,67,211,408,581,75,0,6,0.64,0.67,4,0,0,1,1,0,1
527,12.0,3,24,24,94,64,335,713,987,41,0,0,0.89,0.71,0,0,0,0,1,0,0
32,2.0,0,0,0,0,0,0,0,0,0,0,0,0.9,0.92,0,1,0,0,1,0,0
70,12.0,3,583,1023,1463,127,386,789,1221,92,0,32,0.88,0.86,2,0,0,1,1,0,1
2,2.0,0,0,0,0,3,6,16,29,0,0,0,0.92,0.89,0,0,0,0,1,0,1
0,2.0,0,0,18,18,0,0,0,0,1,0,0,0.9,0.86,0,1,0,1,1,0,1
88,2.0,0,162,324,567,39,117,144,227,21,0,81,0.78,0.73,0,0,0,0,1,0,0
10,9.0,5,8,22,36,2,10,32,43,0,0,0,0.68,0.66,0,0,0,0,1,0,0
10,8.0,0,0,0,0,0,0,2,3,0,0,0,0.91,0.63,0,0,0,0,1,0,0
0,8.0,0,7,9,13,0,3,6,9,0,0,1,0.0,0.0,0,0,0,0,1,0,1
33,8.0,13,65,121,191,16,52,99,156,15,0,0,0.72,0.72,0,0,0,0,1,0,0
0,2.0,0,65,65,65,0,0,0,0,0,0,0,0.98,0.94,0,1,0,0,1,0,1
3,8.0,0,18,28,38,7,11,19,30,0,0,0,1.0,0.99,0,0,0,0,1,0,1
0,2.0,0,5,6,6,0,0,0,0,0,0,0,0.54,0.56,0,1,0,0,1,0,1
1320,8.0,10,0,0,0,13,31,86,157,14,0,0,0.95,0.79,0,0,0,0,1,0,0
10,8.0,14,0,0,0,1,4,16,18,0,0,0,0.56,0.58,0,0,0,0,1,0,0
-224,8.0,0,700,900,1200,245,589,883,1210,99,0,0,0.45,0.47,227,0,0,0,1,0,1
10,4.0,0,0,0,0,0,0,0,0,0,0,0,0.73,0.78,0,0,0,0,1,0,0
2,8.0,0,0,0,1,0,7,9,14,1,0,0,0.97,0.98,0,0,0,0,1,0,1
1763,8.0,122,0,0,0,67,196,523,775,65,0,0,0.69,0.59,0,0,0,0,1,0,0
5,8.0,0,0,0,0,0,2,3,4,0,0,0,0.82,0.81,0,0,0,0,1,0,0
2,8.0,0,1,3,4,0,3,6,8,1,0,0,0.87,0.9,0,0,0,0,1,0,1
4985,52.0,0,0,0,0,0,0,2,2,0,0,0,0.94,0.87,0,1,0,0,0,0,0
223,8.0,20,520,880,1240,146,428,868,1316,138,0,40,0.82,0.82,0,0,0,0,1,0,1
85,8.0,20,116,236,336,36,113,215,339,36,0,0,0.9,0.95,0,0,0,0,1,0,0
4,8.0,0,0,0,0,0,0,0,0,0,0,0,0.37,0.36,0,0,0,0,1,0,0
58,8.0,4,322,482,626,50,157,334,524,598,0,16,0.4,0.64,0,0,0,1,1,0,1
46,2.0,0,0,0,0,0,0,3,6,2,0,0,0.97,0.96,0,1,0,0,1,0,0
30,12.0,0,0,0,0,0,0,0,0,1,0,0,0.48,0.48,0,1,0,0,1,0,0
1,9.0,0,0,0,0,0,0,0,0,1,0,0,0.43,0.45,0,0,0,1,1,0,0
5,12.0,0,6,6,10,7,8,14,20,1,0,0,0.92,0.95,0,0,0,0,1,0,1
1,2.0,0,8,8,11,0,3,4,8,2,0,0,-99.0,0.0,0,0,0,0,1,0,1
83,2.0,0,144,288,288,36,111,201,292,49,0,0,0.97,0.98,0,0,0,0,1,0,0
3,2.0,0,90,90,90,3,5,5,5,0,0,0,0.95,0.97,0,1,0,0,1,0,1
12,8.0,0,0,0,0,0,0,0,1,1,0,0,1.0,0.98,0,1,0,1,1,0,0
595,8.0,349,1288,2128,3136,406,1143,2021,3156,389,0,0,1.0,1.0,0,0,0,0,1,0,0
4,4.0,0,0,1,2,1,1,2,12,0,0,0,0.63,0.72,0,0,0,0,1,0,1
6,12.0,0,0,0,0,0,1,2,3,0,0,0,0.87,0.67,0,0,0,0,1,0,1
0,8.0,0,21,33,48,5,14,18,25,1,0,0,0.95,0.96,0,0,0,1,1,0,1
32,8.0,16,64,128,192,11,52,104,140,18,0,0,0.99,0.99,0,0,0,0,1,0,0
13,8.0,0,18,25,53,14,33,55,70,6,0,0,0.97,0.98,0,0,0,0,1,0,1
48,8.0,0,24,46,76,19,47,77,125,17,0,0,0.5,0.49,0,0,0,0,1,0,0
1,2.0,0,18,19,19,6,12,12,12,0,0,0,0.69,0.69,0,1,0,0,1,0,1
22,8.0,0,10,30,50,7,21,39,52,12,0,0,0.71,0.66,0,0,0,0,1,0,0
0,2.0,0,0,0,0,0,0,0,0,0,0,0,1.0,0.99,0,0,0,0,1,0,1
0,5.0,0,16,16,16,1,1,1,1,0,0,0,0.68,0.69,0,1,0,1,1,0,1
0,8.0,0,14,21,28,3,7,11,16,1,0,0,0.89,0.9,0,0,0,0,1,0,1
5,4.0,0,0,0,1,1,4,7,9,1,0,0,0.89,0.9,0,0,0,0,1,0,1
16,8.0,0,0,0,0,2,9,16,21,3,0,0,1.0,1.0,0,0,0,0,1,0,0
14,4.0,0,0,0,0,0,4,7,7,1,0,0,0.68,0.66,0,1,0,0,1,0,0
8,4.0,0,0,0,0,0,0,0,0,0,0,0,0.73,0.78,0,1,0,0,1,0,0
0,8.0,0,11,19,23,10,12,36,42,1,0,0,0.97,0.97,0,0,0,0,1,0,1
4,8.0,0,0,0,0,0,0,1,1,1,0,0,1.0,1.0,0,0,0,0,1,0,1
2,9.0,0,0,0,0,0,0,0,0,0,0,0,0.68,0.66,0,0,0,0,1,0,0
21,8.0,0,0,0,0,0,0,0,0,2,0,0,0.96,0.97,0,0,0,1,1,0,0
28,8.0,0,0,0,0,0,0,0,0,0,0,0,0.98,0.96,0,0,0,0,1,0,0
0,8.0,0,1750,1750,1750,0,0,0,0,85,0,0,0.41,0.47,0,1,0,0,1,0,1
3,9.0,0,0,0,0,0,0,0,0,0,0,0,0.99,0.98,0,0,0,0,1,0,0
1,8.0,0,2,4,5,0,1,2,4,2,0,0,0.78,0.74,0,0,0,0,1,0,1
0,2.0,0,17,21,21,0,4,4,4,0,0,0,0.33,0.59,4,0,0,0,1,0,1
0,2.0,0,3,3,3,0,0,0,0,0,0,0,0.42,0.36,0,1,0,1,1,0,1
23,2.0,0,4,21,28,0,2,2,2,0,0,0,0.99,0.96,0,0,0,0,1,0,0
38,2.0,0,56,112,144,22,46,99,142,0,0,0,0.96,0.98,0,0,0,0,1,0,0
0,17.0,0,0,0,0,0,0,0,0,0,0,0,-99.0,-99.0,0,0,0,0,1,0,0
0,16.0,0,0,0,0,0,0,0,0,0,0,0,0.38,0.44,0,0,0,0,1,0,0
4,8.0,0,6,18,30,10,20,35,44,0,0,0,0.79,0.66,0,0,0,0,1,0,1
51,8.0,0,0,44,44,9,23,57,75,0,0,0,0.96,0.92,0,0,0,0,1,0,0
50,9.0,0,0,0,0,2,2,2,34,0,0,0,0.86,0.84,0,0,0,0,1,0,0
7,8.0,0,0,0,0,0,0,0,0,0,0,0,0.8,0.82,0,0,0,0,1,0,0
4,17.0,0,19,31,31,0,3,10,21,1,0,1,0.05,0.41,0,0,0,0,1,0,1
54,8.0,124,213,367,508,62,172,326,499,86,0,24,0.91,0.9,2,0,0,1,1,0,0
56,8.0,0,0,0,0,2,5,9,16,3,0,0,1.0,0.99,0,0,0,0,1,0,0
0,9.0,0,6,9,9,0,0,0,0,2,0,0,0.91,0.77,0,1,0,0,1,0,0
10,2.0,0,5,10,10,0,7,8,8,0,0,0,1.0,1.0,0,0,0,0,1,0,1
19,2.0,0,10,20,40,8,40,58,58,0,0,0,0.51,0.47,0,0,0,0,1,0,1
1,2.0,0,20,20,20,2,3,3,3,0,0,0,0.98,0.97,0,0,0,0,1,0,1
3,6.0,0,0,0,0,0,0,0,0,1,0,0,0.79,0.66,0,0,0,0,1,0,0
0,2.0,0,20,20,20,0,0,0,0,0,0,0,0.94,0.86,0,1,0,1,1,0,0
-32,8.0,15,747,1123,1611,338,694,1104,1451,236,0,0,0.92,0.93,41,0,0,0,1,0,1
1,8.0,0,1,2,3,0,1,1,1,0,0,0,0.8,0.82,0,0,0,0,1,0,1
7,4.0,4,0,8,16,2,7,11,15,1,0,0,0.43,0.7,0,0,0,0,1,0,0
258,12.0,0,0,0,0,0,0,2,4,30,0,0,0.0,0.15,0,0,0,1,1,0,0
-10,8.0,0,466,598,730,61,170,360,554,108,0,40,0.47,0.47,11,1,0,0,1,0,1
0,2.0,0,22,28,28,0,0,1,14,15,0,0,0.69,0.71,0,1,0,1,1,0,0
162,2.0,0,0,0,0,0,0,0,0,1,0,0,0.86,0.89,0,1,0,0,1,0,0
199,8.0,2,3000,3000,3000,261,779,1326,1952,157,0,0,-99.0,-99.0,6,0,0,0,1,0,1
8,8.0,4,272,412,556,43,146,297,461,58,0,0,0.45,0.69,3,0,0,0,1,0,1
0,8.0,0,2,3,3,1,2,2,3,0,0,0,0.98,0.96,0,0,0,0,1,0,1
11,8.0,0,0,0,0,0,1,4,9,1,0,0,0.8,0.83,0,0,0,0,1,0,0
873,2.0,0,0,0,0,0,1,3,3,24,0,0,-99.0,-99.0,0,0,0,0,1,0,0
85,2.0,61,60,180,270,13,55,244,316,45,0,0,0.96,0.92,0,0,0,0,1,0,0
6,8.0,0,14,23,29,6,14,38,52,1,0,0,0.99,0.99,0,0,0,0,1,0,1
16,4.0,0,0,0,0,0,0,0,0,0,0,0,0.77,0.8,0,0,0,0,1,0,0
3,8.0,0,0,0,0,0,0,0,0,0,0,0,0.8,0.83,0,0,0,0,1,0,0
4,2.0,0,36,72,108,9,34,49,71,0,0,0,0.95,0.91,0,0,0,0,1,0,1
2,4.0,0,46,72,98,15,43,87,113,0,0,0,0.78,0.78,0,0,0,0,1,0,1
-1,6.0,0,4,4,4,4,7,13,36,0,0,0,0.78,0.78,1,0,0,0,1,0,1
14,2.0,0,11,22,33,0,11,29,52,5,0,0,0.79,0.83,0,0,0,0,1,0,1
62,8.0,0,0,0,0,1,1,1,10,1,0,0,1.0,1.0,0,0,0,0,1,0,0
12,2.0,0,100,200,250,15,47,81,102,2,0,0,0.1,0.2,0,1,0,0,1,0,1
2,8.0,0,10,15,20,6,18,28,38,6,0,0,0.5,0.87,0,0,0,0,1,0,1
4,8.0,0,318,518,733,79,263,504,751,57,0,21,0.79,0.67,9,0,0,0,1,0,1
17,4.0,0,3,10,10,0,0,0,0,0,0,0,0.85,0.78,0,1,0,0,1,0,0
0,2.0,0,20,30,30,0,2,2,2,0,0,0,0.51,0.47,0,0,0,1,1,0,1
0,2.0,0,4,5,7,2,4,5,5,0,0,0,0.85,0.93,0,0,0,0,1,0,1
8,12.0,0,0,0,0,0,0,0,0,0,0,0,0.73,0.79,0,0,0,0,1,0,0
17,8.0,0,35,35,35,7,12,32,57,4,0,0,0.93,0.94,0,0,0,0,1,0,0
1,9.0,0,2,3,5,1,3,3,6,0,0,0,0.43,0.45,0,0,0,0,1,0,1
0,8.0,4,47,89,131,13,30,52,82,0,0,0,0.79,0.87,0,0,0,0,1,0,1
-1,9.0,0,11,11,13,2,21,24,28,3,0,0,0.58,0.44,1,0,0,0,1,0,1
0,2.0,0,16,17,17,0,0,0,0,0,0,0,0.78,0.74,0,1,0,0,1,0,1
4,3.0,0,0,0,0,0,0,0,0,0,0,0,0.94,0.9,0,1,0,0,1,0,0
0,8.0,0,5,8,10,0,2,4,7,0,0,0,0.48,0.53,0,0,0,0,1,0,1
0,8.0,0,15,27,34,0,9,18,25,4,0,0,0.99,0.99,0,0,0,0,1,0,1
-1,12.0,0,99,152,219,26,78,135,184,20,0,0,0.82,0.79,1,0,0,0,1,0,1
4,8.0,0,0,0,0,0,0,0,0,0,0,0,0.8,0.82,0,0,0,0,1,0,0
0,4.0,0,0,0,0,0,0,0,0,0,0,0,0.73,0.78,0,0,0,0,1,0,1
11,9.0,0,0,0,0,1,1,3,4,0,0,0,0.34,0.41,0,0,0,0,1,0,0
61,12.0,0,36,36,72,9,22,54,81,13,0,0,0.88,0.93,0,0,0,0,1,0,0
4,8.0,0,100,100,100,15,31,49,63,3,0,0,0.99,0.99,0,0,0,1,1,0,1
9,2.0,0,0,15,15,1,4,6,9,0,0,0,1.0,0.55,0,0,0,0,1,0,0
15,12.0,0,0,0,0,0,0,0,0,0,0,0,0.74,0.74,0,0,0,0,1,0,1
2,12.0,0,0,0,0,0,0,0,0,0,0,0,0.63,0.72,0,0,0,0,1,0,0
3942,8.0,660,1320,2310,2310,0,0,0,0,0,0,0,0.44,0.53,0,0,0,0,1,0,0
27,8.0,0,0,0,0,0,0,0,0,0,0,0,0.73,0.73,0,0,0,0,1,0,0
13,8.0,0,0,0,0,0,0,0,0,0,0,0,0.52,0.63,0,0,0,1,1,0,0
0,2.0,0,5,5,5,0,1,1,1,0,0,0,0.0,0.0,0,1,0,1,1,0,1
111,2.0,104,174,324,444,108,201,266,313,92,0,0,0.1,0.04,0,1,0,1,1,0,1
0,2.0,0,7,11,16,0,0,0,0,0,0,0,0.54,0.56,0,1,0,0,1,0,1
-33,8.0,1,499,787,1075,145,343,800,1140,56,0,22,0.73,0.73,36,0,0,0,1,0,1
11,2.0,0,0,0,0,1,2,3,3,0,0,0,0.99,0.98,0,0,0,0,1,0,1
50,0.0,27,192,353,505,73,193,374,556,44,0,0,0.93,0.86,5,0,0,0,0,0,1
53,8.0,32,324,604,924,91,337,632,910,41,0,8,0.66,0.69,0,0,0,0,1,0,1
0,2.0,10,32,60,88,17,54,116,152,26,0,0,1.0,0.99,0,0,0,0,1,0,1
13,12.0,0,0,0,0,0,0,0,0,1,0,0,0.63,0.63,0,1,0,0,1,0,0
2,3.0,0,0,1,2,0,0,1,1,0,0,0,0.69,0.68,0,0,0,0,1,0,1
10,2.0,0,16,48,80,7,25,39,64,0,0,0,0.97,0.87,0,0,0,0,1,0,1
2,9.0,0,0,0,0,0,0,0,0,0,0,0,0.7,0.66,0,0,0,0,1,0,0
9,8.0,0,40,80,140,12,26,50,65,0,0,0,1.0,0.94,0,0,0,0,1,0,1
0,8.0,0,58,58,58,0,1,1,1,0,0,0,0.76,0.77,0,1,0,1,1,0,1
2,8.0,0,4,7,8,2,5,7,14,0,0,0,0.79,0.66,0,0,0,0,1,0,1
15,2.0,0,60,90,120,6,10,12,12,4,0,0,1.0,1.0,0,1,0,0,1,0,0
11,4.0,0,0,0,0,0,0,0,0,0,0,0,0.77,0.8,0,0,0,0,1,0,0
0,0.0,0,50,100,100,6,11,29,33,1,0,0,0.0,0.0,0,0,0,0,0,0,1
2,9.0,0,0,0,0,0,0,0,0,0,0,0,0.99,0.98,0,0,0,0,1,0,0
51,52.0,0,0,0,0,0,0,1,1,0,0,0,-99.0,-99.0,0,1,0,1,1,0,0
0,4.0,5,4,4,4,0,0,0,0,0,0,2,0.73,0.78,0,1,0,0,1,0,0
114,4.0,147,116,261,377,120,284,512,769,3,0,0,0.77,0.8,0,0,0,0,1,0,0
278,2.0,43,0,88,176,29,107,219,332,37,0,0,0.98,0.98,0,0,0,0,1,0,0
0,8.0,0,25,25,35,1,10,20,29,13,0,14,0.96,0.96,1,0,0,0,1,0,1
98,12.0,0,76,166,228,21,77,152,266,27,0,0,0.82,0.79,0,0,0,0,1,0,0
4668,17.0,0,0,0,0,108,169,213,373,51,0,0,-99.0,-99.0,0,0,0,0,1,0,0
3,2.0,0,0,0,0,0,0,0,0,0,0,0,0.15,0.34,0,1,0,0,1,0,0
1,8.0,0,8,8,8,1,2,5,11,0,0,0,0.0,0.0,0,0,0,0,1,0,1
147,8.0,29,39,182,296,20,90,205,301,28,0,0,0.99,0.99,0,0,0,0,1,0,0
0,2.0,0,17,17,27,0,0,0,0,0,0,0,0.82,0.83,0,1,0,0,1,0,1
84,9.0,0,0,0,0,1,9,20,49,0,0,0,0.85,0.83,0,0,0,0,1,0,0
10,3.0,0,0,0,0,0,1,1,1,0,0,0,0.99,0.96,0,0,0,0,1,0,0
41,9.0,0,0,0,0,4,6,7,10,0,0,0,0.95,0.89,0,0,0,1,1,0,0
1,3.0,0,8,13,19,1,7,15,18,0,0,0,0.99,0.98,0,0,0,1,1,0,1
18,8.0,0,0,0,0,0,0,1,1,0,0,0,0.76,0.77,0,0,0,0,1,0,0
37,12.0,0,0,0,0,0,0,0,0,2,0,0,0.93,0.96,0,0,0,0,1,0,0
60,9.0,0,0,0,0,0,20,25,25,0,0,0,0.86,0.84,0,1,0,0,0,0,0
2,2.0,0,12,24,36,5,10,19,22,0,0,0,0.94,0.89,0,0,0,0,1,0,1
3,9.0,0,0,1,2,0,1,2,3,0,0,0,0.9,0.82,0,0,0,0,1,0,1
0,8.0,0,6,10,13,0,5,6,9,0,0,0,1.0,0.94,0,0,0,0,1,0,1
19,2.0,56,1334,2051,2742,463,1104,2093,3235,278,0,120,0.6,0.68,44,0,0,0,1,0,1
0,9.0,0,0,0,0,0,0,0,0,0,0,0,0.86,0.84,0,0,0,0,1,0,1
133,2.0,0,0,0,0,2,131,137,142,0,0,0,0.94,0.87,0,0,0,0,1,0,0
5,8.0,0,17,27,37,5,15,25,50,0,0,0,0.92,0.96,0,0,0,0,1,0,1
-1,4.0,2,7,13,17,4,9,18,21,0,0,1,0.54,0.48,1,0,0,0,1,0,1
0,2.0,0,1,6,6,0,0,0,0,0,0,0,0.78,0.82,0,0,0,1,1,0,1
0,8.0,0,2,3,4,1,1,3,3,1,0,0,0.1,0.13,0,0,0,0,1,0,1
456,2.0,8,154,462,770,39,190,544,705,64,0,0,1.0,1.0,0,0,0,0,1,0,0
0,8.0,0,200,200,200,0,0,0,0,0,0,0,0.93,0.87,0,0,0,0,1,0,1
0,8.0,0,3,3,4,0,1,2,4,1,0,0,0.17,0.34,0,0,0,0,1,0,1
310,2.0,130,225,525,675,47,204,417,628,72,0,0,1.0,0.98,0,0,0,0,1,0,0
28,2.0,0,30,30,60,7,22,49,76,0,0,0,0.68,0.82,0,0,0,0,1,0,0
155,8.0,3,0,0,0,7,40,75,102,43,0,0,0.82,0.75,0,0,0,0,1,0,0
9,9.0,0,0,0,10,2,5,9,9,1,0,0,1.0,0.99,0,0,0,0,1,0,0
0,10.0,0,1,2,2,2,2,3,3,0,0,0,0.89,0.9,0,0,0,0,1,0,1
24,4.0,0,21,63,105,15,40,95,138,18,0,0,1.0,0.99,0,0,0,0,1,0,1
8,8.0,0,0,0,0,0,0,0,0,0,0,0,0.78,0.86,0,0,0,0,1,0,0
0,8.0,0,200,320,440,13,63,197,326,60,0,0,0.0,0.0,1,0,0,0,0,0,1
4,9.0,0,0,0,0,0,0,0,1,0,0,0,0.98,0.98,0,0,0,0,1,0,0
9,8.0,0,9,27,49,8,26,51,68,3,0,0,0.78,0.86,0,0,0,0,1,0,1
0,8.0,0,3,4,6,0,3,3,4,0,0,0,0.83,0.91,0,0,0,0,1,0,1
30,0.0,0,611,899,1151,148,361,692,1060,271,0,0,0.0,0.0,6,0,0,0,0,0,1
643,8.0,0,0,0,0,1,3,10,16,4,0,0,1.0,0.7,0,0,0,0,1,0,0
2,8.0,0,0,0,0,4,10,32,47,1,0,0,0.88,0.92,0,0,0,0,0,0,1
9,8.0,0,0,10,10,1,4,8,9,0,0,0,0.97,0.98,0,0,0,0,1,0,0
18,8.0,0,0,0,0,0,0,0,5,1,0,0,0.91,0.96,0,0,0,0,1,0,0
2,3.0,0,108,216,324,42,95,137,183,0,0,0,0.93,0.9,0,0,0,0,1,0,1
2,9.0,0,0,0,0,0,0,0,0,0,0,0,0.98,0.98,0,0,0,0,1,0,0
50,8.0,0,550,850,1150,26,278,469,807,0,0,0,0.59,0.78,0,0,0,0,1,0,1
6,8.0,0,75,119,152,9,48,90,157,21,0,0,0.0,0.19,0,0,0,0,1,0,1
5,8.0,0,12,24,24,7,13,18,28,0,0,0,0.98,0.98,0,0,0,0,1,0,1
4,2.0,0,0,6,6,1,1,3,5,0,0,0,0.79,0.86,0,0,0,0,1,0,0
1,8.0,0,60,84,96,15,33,66,121,39,0,6,0.7,0.73,0,0,0,0,1,0,1
11,2.0,0,0,0,0,0,0,0,0,1,0,0,0.95,0.96,0,0,0,1,1,0,1
0,2.0,0,40,40,40,0,0,0,0,0,0,0,0.6,0.49,0,1,0,1,1,0,1
13,2.0,8,8,16,24,0,7,13,20,0,0,0,1.0,0.95,0,0,0,0,1,0,0
0,8.0,0,15,15,18,0,8,17,23,2,0,0,1.0,1.0,0,0,0,0,1,0,1
5,12.0,0,20,26,36,8,20,30,49,3,0,0,0.9,0.95,0,0,0,0,1,0,1
18,8.0,0,532,877,1159,124,277,435,719,123,0,0,0.99,0.86,22,0,0,0,1,0,1
18,8.0,0,0,0,0,0,4,9,10,0,0,0,0.99,0.99,0,1,0,0,1,0,0
616,9.0,0,0,0,0,11,36,75,222,80,0,0,0.85,0.83,0,0,0,0,1,0,0
7,12.0,0,0,0,0,0,0,0,0,0,0,0,0.73,0.69,0,0,0,1,1,0,0
0,2.0,0,776,776,776,0,0,1,1,53,0,0,0.82,0.9,0,0,0,1,1,0,1
28,4.0,0,0,0,0,0,0,0,0,0,0,0,0.73,0.78,0,0,0,0,1,0,0
1,2.0,0,2,5,7,3,9,12,20,2,0,0,0.99,0.98,0,0,0,0,1,0,1
3,6.0,0,5,7,11,0,8,12,16,0,0,0,0.78,0.78,0,0,0,0,1,0,0
2,9.0,0,4,4,4,0,2,3,5,0,0,0,1.0,0.99,0,0,0,0,1,0,0
0,2.0,0,636,636,636,0,0,0,0,0,0,636,-99.0,-99.0,0,0,0,0,1,0,1
1,8.0,0,2,4,5,0,2,2,4,2,0,1,0.78,0.74,0,0,0,0,1,0,1
360,8.0,61,156,300,516,84,294,585,841,145,0,0,0.08,0.05,0,0,0,1,1,0,0
0,9.0,0,6,7,7,0,0,0,0,0,0,1,0.7,0.66,0,0,0,0,1,0,0
24,2.0,1,77,137,212,9,15,32,69,9,0,0,0.4,0.6,0,0,0,0,1,0,1
208,8.0,10,1125,2067,2941,286,920,1897,2920,228,0,0,0.57,0.74,0,0,0,1,1,0,0
4,12.0,0,0,0,0,0,1,2,2,2,0,0,0.78,0.78,0,1,0,0,1,0,0
764,2.0,479,1800,3380,5000,605,1672,2856,4299,518,0,0,1.0,1.0,0,0,0,0,1,0,0
0,2.0,0,11,11,11,0,0,0,0,0,0,0,0.0,0.0,0,1,0,0,1,0,1
12,10.0,0,0,0,0,0,0,0,1,0,0,0,0.89,0.9,0,0,0,0,1,0,0
2,12.0,0,0,0,0,0,0,0,0,0,0,0,0.63,0.72,0,1,0,0,1,0,0
3,12.0,0,0,2,3,1,1,3,5,0,0,0,0.77,0.68,0,0,0,0,1,0,1
1194,2.0,423,1239,2646,4116,405,1267,1988,2523,445,0,0,0.82,0.68,0,1,0,0,1,0,0
15,4.0,0,0,12,28,0,4,12,18,1,0,0,0.85,0.77,0,0,0,0,1,0,1
0,8.0,0,20,34,34,0,4,4,7,0,0,2,0.8,0.75,0,0,0,0,1,0,1
19,8.0,0,0,12,24,1,9,15,37,3,0,0,0.88,0.74,0,0,0,0,1,0,0
1,10.0,0,9,14,24,0,7,10,13,0,0,0,0.89,0.9,0,0,0,0,1,0,1
5,8.0,0,36,54,72,4,18,35,65,0,0,0,0.99,0.99,0,0,0,0,1,0,1
91,8.0,6,55,112,150,21,73,125,203,30,0,0,0.98,0.98,0,0,0,1,1,0,0
66,8.0,8,1145,1873,2665,213,688,1329,1891,237,0,72,0.58,0.57,0,0,0,0,1,0,1
27,2.0,30,56,84,140,45,123,222,267,47,0,0,0.27,0.39,4,0,0,0,1,0,1
1,8.0,0,0,0,0,5,7,10,11,0,0,0,0.7,0.74,0,0,0,0,1,0,1
11310,8.0,49,0,0,0,27,208,292,401,157,0,0,-99.0,-99.0,0,0,0,1,1,0,0
2,8.0,0,0,0,0,0,0,0,0,0,0,0,0.78,0.82,0,0,0,1,1,0,0
87,2.0,0,18,72,108,16,98,173,241,48,0,0,0.77,0.74,0,0,0,0,1,0,1
0,8.0,0,14,27,38,3,14,18,31,0,0,0,0.37,0.54,0,0,0,0,1,0,1
2,2.0,0,3,5,8,1,3,3,3,0,0,0,0.83,0.86,0,0,0,1,1,0,1
1,8.0,0,100,100,100,6,14,40,63,0,0,0,-99.0,-99.0,0,0,0,0,1,0,1
5,0.0,0,0,0,0,1,2,3,3,1,0,0,0.0,0.0,0,0,0,0,0,0,1
8,4.0,0,5,7,8,15,26,32,33,1,0,0,0.24,0.14,0,1,0,0,1,0,1
535,12.0,0,0,0,0,0,0,0,0,0,0,0,0.95,0.86,0,0,0,0,1,0,0
3,4.0,0,0,0,0,0,0,0,0,0,0,0,0.73,0.78,0,0,0,0,1,0,0
290,12.0,0,0,0,0,0,0,0,0,0,0,0,0.63,0.58,0,0,0,0,1,0,0
74,8.0,11,26,68,138,16,55,111,162,25,0,0,0.86,0.84,0,0,0,0,1,0,0
-15,6.0,0,122,151,180,31,97,223,271,39,0,0,0.82,0.79,15,0,0,0,1,0,1
8,2.0,0,0,0,2,1,6,15,18,2,0,0,0.85,0.92,0,0,0,0,1,0,1
0,12.0,0,1,1,1,0,0,1,1,0,0,0,0.63,0.72,0,0,0,1,1,0,1
179,8.0,0,196,289,475,33,154,367,594,57,0,0,0.9,0.9,0,0,0,0,1,0,0
25,2.0,0,0,0,0,0,0,0,9,0,0,0,0.96,0.96,0,0,0,1,1,0,0
3,12.0,0,0,0,0,0,0,0,0,0,0,0,0.57,0.7,0,0,0,0,1,0,0
1,8.0,0,0,0,20,14,31,48,64,0,0,0,0.97,0.93,0,0,0,0,1,0,1
3,8.0,0,0,0,0,0,0,0,0,0,0,0,0.86,0.88,0,0,0,0,1,0,0
14,2.0,0,0,0,0,0,0,0,2,2,0,0,0.99,0.99,0,0,0,0,1,0,0
27,2.0,0,501,923,1399,89,224,262,310,44,0,23,0.69,0.69,2,0,0,0,1,0,1
8,14.0,4,28,64,96,15,43,64,91,14,0,0,0.68,0.69,0,0,0,0,1,0,1
5,2.0,0,6,12,12,0,0,0,0,0,0,0,0.51,0.47,0,1,0,1,1,0,0
103,8.0,19,136,199,262,27,97,211,361,245,0,0,1.0,1.0,0,0,0,0,1,0,0
16,2.0,0,0,0,0,0,0,1,1,0,0,0,0.31,0.34,0,1,0,0,1,0,0
0,8.0,0,6,6,6,0,0,0,0,1,0,0,0.37,0.36,0,0,0,0,1,0,1
180,9.0,120,0,85,170,39,134,207,346,0,0,0,0.86,0.84,0,0,0,0,1,0,0
-9,8.0,0,123,123,132,2,6,68,134,0,0,3,0.84,0.91,9,0,0,0,1,0,1
0,2.0,0,751,751,751,7,7,8,8,53,0,0,0.86,0.91,1,0,0,1,1,0,1
494,8.0,4,0,0,0,25,100,291,402,31,0,0,0.95,0.88,0,0,0,0,1,0,0
45,0.0,0,15,15,15,0,5,8,17,1,0,0,0.0,0.0,0,0,0,0,1,0,0
0,12.0,0,7,7,10,0,2,5,10,5,0,2,0.78,0.78,0,0,0,1,1,0,1
10,12.0,0,0,0,0,0,0,0,0,1,0,0,0.58,0.58,0,1,0,0,1,0,0
34,8.0,0,0,0,0,0,0,0,0,0,0,0,0.28,0.12,0,0,0,0,1,0,0
0,16.0,0,0,0,0,0,0,0,0,1,0,0,0.44,0.46,0,0,0,1,1,0,0
6,12.0,0,14,24,31,5,13,18,29,0,0,0,0.78,0.78,0,0,0,0,1,0,0
10,12.0,10,0,0,0,0,0,0,0,1,0,0,0.63,0.63,0,1,0,0,1,0,0
4,8.0,0,9,17,25,3,10,12,20,2,0,0,1.0,0.98,0,0,0,0,1,0,1
53681,4.0,0,36000,63000,81000,27,96,330,931,189,0,0,0.97,0.96,0,0,0,0,1,0,0
188,2.0,3,79,215,322,47,170,403,584,61,0,0,0.93,0.95,0,0,0,0,1,0,0
87,8.0,0,0,0,0,1,2,4,11,2,0,0,0.96,0.96,0,0,0,0,1,0,0
17,2.0,0,0,0,0,2,6,11,11,1,0,0,0.66,0.68,0,1,0,0,1,0,1
12,12.0,0,13,29,61,8,23,41,59,0,0,0,0.78,0.78,0,0,0,0,1,0,1
5,4.0,0,5,5,10,1,6,16,20,0,0,0,0.43,0.45,0,0,0,0,1,0,1
1,8.0,0,0,0,0,0,0,0,1,2,0,0,0.96,0.97,0,0,0,0,1,0,0
3,3.0,0,5,10,10,3,5,12,17,0,0,0,0.42,0.46,0,0,0,0,1,0,1
0,12.0,0,2,4,5,0,1,2,3,0,0,0,0.63,0.72,0,0,0,1,1,0,1
-21,8.0,0,173,341,552,65,207,414,549,40,0,75,0.09,0.17,21,0,0,0,1,0,1
8,8.0,0,96,96,96,9,20,35,58,6,0,0,0.82,0.78,0,0,0,0,1,0,1
-30,8.0,0,360,360,540,0,110,398,773,125,0,0,0.15,0.15,30,0,0,0,1,0,1
9,9.0,0,5,9,12,4,6,11,11,0,0,0,0.91,0.74,0,1,0,0,1,0,1
0,4.0,0,0,0,0,0,0,0,0,0,0,0,0.77,0.8,0,0,0,0,1,0,1
3,8.0,0,0,0,0,0,0,0,0,0,0,0,0.9,0.95,0,0,0,0,1,0,0
0,12.0,0,1,1,1,0,2,2,2,0,0,0,0.82,0.79,0,0,0,1,1,0,1
8,8.0,0,0,0,0,0,0,1,2,0,0,0,0.91,0.93,0,0,0,1,1,0,0
0,8.0,0,15,30,40,3,11,27,40,0,0,5,0.78,0.82,0,0,0,0,1,0,1
8,8.0,0,31,31,31,0,1,3,3,0,0,0,0.51,0.53,0,1,0,0,1,0,0
105,9.0,41,51,107,131,22,56,107,175,26,0,0,0.98,0.98,0,0,0,0,1,0,0
4,9.0,0,0,0,0,0,0,0,0,1,0,0,0.68,0.66,0,0,0,0,1,0,0
39,9.0,0,0,0,0,0,4,8,11,0,0,0,0.85,0.82,0,0,0,0,1,0,0
22,8.0,0,0,0,0,0,0,0,0,2,0,0,0.02,0.1,0,0,0,0,1,0,0
0,8.0,0,1,1,2,0,1,1,2,1,0,0,0.43,0.46,0,0,0,0,1,0,1
0,2.0,0,8,16,16,0,0,0,0,0,0,0,0.75,0.89,0,1,0,1,1,0,1
0,9.0,0,3,5,7,2,4,6,8,0,0,0,0.7,0.78,0,0,0,0,1,0,1
22,8.0,2,479,845,989,19,119,354,563,0,0,15,0.98,0.93,0,0,0,0,1,0,1
0,8.0,0,5,5,5,0,0,0,0,1,0,0,0.31,0.33,0,1,0,0,1,0,1
16,9.0,0,18,36,36,3,11,21,39,7,0,0,0.95,0.9,0,0,0,0,1,0,0
0,12.0,0,8,8,12,2,6,9,13,3,0,0,0.82,0.79,0,0,0,0,1,0,1
163,2.0,0,0,0,0,0,2,3,5,4,0,0,0.88,0.9,0,0,0,0,1,0,0
1,8.0,6,3,6,9,0,4,9,14,0,0,0,0.78,0.83,0,0,0,0,1,0,0
6,8.0,0,108,216,288,49,68,140,181,32,0,0,1.0,0.99,0,0,0,0,1,0,1
1,9.0,0,1,2,3,1,1,1,2,1,0,0,0.7,0.66,0,0,0,0,1,0,0
7,9.0,0,16,32,48,1,6,13,13,0,0,0,0.99,0.98,0,1,0,1,1,0,0
10,12.0,0,0,0,0,0,0,0,0,1,0,0,0.48,0.48,0,1,0,0,1,0,0
56,9.0,0,0,0,0,0,0,2,2,0,0,0,0.86,0.84,0,0,0,0,1,0,0
1,8.0,0,23,39,59,4,20,36,54,5,0,0,0.69,0.71,0,0,0,0,1,0,1
9,4.0,0,0,0,0,0,0,0,0,0,0,0,0.24,0.14,0,1,0,0,1,0,0
0,2.0,3,47,72,122,0,0,0,0,0,0,0,0.85,0.74,0,0,0,0,1,0,1
0,12.0,0,93,93,93,1,1,1,1,0,0,0,0.78,0.78,1,0,0,0,1,0,1
2,8.0,0,0,0,0,0,0,0,0,0,0,0,0.99,0.99,0,0,0,0,1,0,0
0,9.0,0,3,5,6,1,2,4,6,2,0,0,0.68,0.66,0,0,0,1,1,0,1
2,5.0,13,83,172,266,15,44,76,99,0,0,0,0.7,0.75,0,0,0,0,1,0,0
3,12.0,0,0,0,0,0,0,0,0,0,0,0,0.57,0.7,0,0,0,0,1,0,0
9,12.0,0,0,0,0,0,0,1,1,0,0,0,0.98,0.98,0,0,0,0,1,0,0
9,2.0,0,42,84,126,6,21,62,105,0,0,0,1.0,0.99,0,0,0,0,1,0,1
19,4.0,0,25,36,36,0,16,30,51,0,0,0,0.73,0.78,0,0,0,0,1,0,0
4,2.0,0,15,25,35,8,14,22,22,0,0,0,0.97,0.97,0,0,0,0,1,0,1
24,2.0,0,0,0,0,2,4,7,19,0,0,0,0.68,0.64,0,0,0,0,1,0,0
38,9.0,0,0,0,0,0,0,4,5,0,0,0,0.86,0.84,0,0,0,0,1,0,0
2,8.0,0,99,99,99,1,12,18,25,0,0,0,0.0,0.18,0,0,0,0,1,0,1
18,2.0,0,40,80,160,13,31,61,81,0,0,0,0.99,0.99,0,0,0,0,1,0,1
113,8.0,0,200,350,650,67,188,383,4196,18,0,0,0.82,0.91,0,0,0,0,1,0,1
0,2.0,0,1017,1647,1842,0,0,0,0,86,0,0,0.79,0.66,0,1,0,0,1,0,1
7,2.0,0,0,0,0,0,0,0,0,0,0,0,0.78,0.81,0,0,0,1,1,0,0
0,2.0,0,54,54,54,0,0,0,0,0,0,0,1.0,0.98,0,1,0,1,1,0,1
8,2.0,0,0,0,0,0,2,3,4,0,0,0,1.0,1.0,0,0,0,0,1,0,0
2,2.0,10,0,10,10,5,10,12,23,0,0,0,0.98,0.98,0,0,0,0,1,0,0
23,12.0,0,0,0,0,0,0,1,5,0,0,0,0.62,0.73,0,0,0,0,1,0,0
-1,3.0,4,208,348,460,141,202,441,613,87,0,0,0.5,0.39,5,0,0,0,1,0,1
93,8.0,0,50,100,200,23,126,218,268,25,0,0,0.77,0.65,0,0,0,1,1,0,0
-1,8.0,0,24,39,54,6,17,29,40,2,0,2,0.18,0.33,1,0,0,0,1,0,1
27,2.0,0,0,0,0,2,6,12,24,2,0,0,1.0,1.0,0,0,0,0,1,0,0
1,9.0,0,1,2,3,0,1,1,2,0,0,0,0.99,0.98,0,0,0,0,1,0,1
96,8.0,20,425,735,1010,205,427,535,769,131,0,0,0.91,0.93,6,0,0,0,1,0,1
6,12.0,0,0,0,0,0,1,2,2,0,0,0,0.86,0.69,0,0,0,0,1,0,1
3,8.0,0,2,2,2,2,5,9,9,1,0,0,0.97,0.9,0,1,0,0,1,0,1
2,8.0,0,8,12,16,3,6,11,18,0,0,0,0.99,0.98,0,0,0,0,1,0,1
2,8.0,5,76,101,131,10,42,72,118,34,0,5,0.62,0.58,0,0,0,0,1,0,1
7,2.0,0,12,24,48,4,14,25,29,0,0,0,0.89,0.91,0,0,0,0,1,0,1
55,2.0,0,0,0,0,1,3,5,8,0,0,0,0.98,0.99,0,0,0,0,1,0,0
2,8.0,0,12,12,12,1,5,13,18,0,0,0,0.17,0.33,0,0,0,0,1,0,1
137,8.0,0,0,0,0,0,0,2,2,1,0,0,-99.0,-99.0,0,0,0,0,1,0,0
3,9.0,0,0,0,0,0,0,0,0,2,0,0,0.85,0.82,0,0,0,0,1,0,0
0,2.0,0,8,8,8,0,0,0,0,0,0,0,0.0,0.0,0,1,0,1,1,0,1
12,9.0,0,180,255,315,29,82,147,285,52,0,30,0.68,0.66,1,0,0,0,1,0,1
485,2.0,0,0,0,0,0,0,0,5,0,0,0,0.68,0.77,0,0,0,0,1,0,0
0,8.0,0,14,28,34,1,11,18,27,4,0,0,0.99,0.99,0,0,0,0,1,0,1
4,8.0,0,25,25,50,6,13,29,42,0,0,0,0.99,0.98,0,0,0,0,1,0,1
0,9.0,0,4,5,7,3,4,6,7,0,0,2,0.68,0.66,0,0,0,0,1,0,1
27,8.0,1,291,291,291,22,488,510,537,103,0,0,0.23,0.63,0,0,0,0,1,0,1
13,9.0,0,6,6,14,2,7,17,29,2,0,0,0.99,0.98,0,0,0,1,1,0,0
2,2.0,0,14,14,14,4,18,25,25,0,0,0,0.24,0.28,0,1,0,0,1,0,1
0,2.0,0,37,67,77,0,0,0,0,0,0,0,0.96,0.9,0,0,0,0,1,0,1
0,4.0,0,6,9,10,0,0,0,0,0,0,0,0.89,0.9,0,1,0,0,1,0,1
0,8.0,0,20,32,44,7,20,43,57,3,0,0,0.95,0.98,0,0,0,0,1,0,1
1,4.0,0,0,0,0,0,0,0,0,0,0,0,0.73,0.78,0,0,0,0,1,0,0
18,12.0,0,12,12,24,0,5,10,19,0,0,0,0.82,0.79,0,0,0,0,1,0,0
1851,8.0,63,0,0,0,102,397,877,1541,170,0,0,0.71,0.7,0,0,0,0,1,0,0
6,8.0,0,0,0,0,0,0,0,0,0,0,0,0.94,0.85,0,0,0,0,1,0,0
4,2.0,0,5,10,20,4,9,19,24,0,0,0,0.99,0.92,0,0,0,1,1,0,1
26,9.0,6,0,0,0,18,19,19,19,4,0,0,0.85,0.83,0,0,0,0,1,0,1
14,2.0,0,0,11,11,13,21,29,59,2,0,0,0.81,0.83,0,0,0,0,1,0,1
1,8.0,0,0,0,1,0,0,1,1,1,0,0,0.99,0.99,0,0,0,0,1,0,1
0,8.0,0,0,0,0,0,0,0,0,0,0,0,0.74,0.59,0,0,0,0,1,0,0
2071,2.0,0,0,0,0,16,42,91,140,3,0,0,1.0,0.99,0,0,0,0,1,0,0
4,0.0,0,0,0,1,2,3,4,4,1,0,0,0.0,0.0,0,0,0,0,0,0,1
14,8.0,0,18,28,58,4,11,30,39,2,0,0,0.76,0.82,0,0,0,0,1,0,0
155,8.0,0,205,309,413,60,168,304,423,127,0,0,0.96,0.98,0,0,0,0,1,0,1
1,8.0,0,2,4,4,1,3,4,5,0,0,0,0.98,0.97,0,0,0,0,1,0,1
76,8.0,133,412,712,1012,114,514,773,1059,73,0,0,1.0,0.97,0,0,0,0,1,0,1
2,2.0,0,1,3,4,0,1,4,5,0,0,0,0.99,0.95,0,1,0,0,1,0,1
5,9.0,0,0,0,0,0,2,2,2,0,0,0,0.91,0.77,0,1,0,0,1,0,0
40,2.0,0,0,0,0,1,1,1,5,0,0,0,0.14,0.14,0,1,0,0,1,0,0
4,9.0,0,0,2,5,3,5,5,6,0,0,0,0.7,0.78,0,0,0,0,1,0,0
7,2.0,0,0,0,0,0,0,0,0,0,0,0,1.0,1.0,0,1,0,0,1,0,0
2,2.0,0,38,56,56,6,12,16,30,0,0,0,0.94,0.9,0,0,0,0,1,0,1
19,2.0,0,0,0,0,1,6,11,13,0,0,0,-99.0,0.0,0,0,0,0,1,0,0
3,2.0,0,2,6,10,1,3,5,11,0,0,0,0.66,0.6,0,0,0,0,1,0,1
6,8.0,0,89,149,204,37,94,155,226,0,0,0,1.0,1.0,0,0,0,0,1,0,1
1,8.0,0,0,0,0,0,0,0,0,2,0,0,1.0,0.99,0,0,0,0,1,0,0
138,8.0,3,0,0,0,6,26,52,79,14,0,0,0.95,0.87,0,0,0,0,1,0,0
334,8.0,0,0,120,240,57,220,510,766,74,0,0,0.66,0.65,0,0,0,0,1,0,0
53,4.0,0,203,331,464,71,161,264,394,32,0,47,0.79,0.66,0,0,0,0,1,0,1
6,8.0,4,16,36,48,3,17,32,47,5,0,0,0.7,0.84,0,0,0,0,1,0,0
1,10.0,0,0,0,0,0,0,0,0,0,0,0,0.89,0.9,0,0,0,1,1,0,0
34,8.0,0,0,45,45,8,33,65,86,5,0,0,1.0,1.0,0,0,0,0,1,0,0
303,8.0,15,1520,2280,3040,297,983,1814,2547,236,0,0,0.9,0.94,0,0,0,1,1,0,0
0,2.0,0,11,11,11,0,0,0,0,0,0,0,0.99,0.98,0,1,0,0,1,0,0
68,8.0,0,0,0,0,2,8,14,18,1,0,0,0.9,0.92,0,1,0,0,0,0,0
5,52.0,0,0,0,0,0,5,14,21,7,0,0,0.98,0.98,0,1,0,1,1,0,0
0,12.0,0,8,8,8,0,9,10,11,0,0,0,0.82,0.79,0,0,0,0,1,0,1
12,12.0,0,28,42,70,9,33,51,67,12,0,0,0.73,0.76,0,0,0,0,1,0,1
3,8.0,0,0,0,0,0,0,0,0,1,0,0,0.96,0.97,0,0,0,0,1,0,0
3,3.0,0,0,0,0,1,4,4,4,14,0,0,0.92,0.84,0,0,0,0,1,0,1
329,4.0,0,0,276,552,19,207,617,764,74,0,0,0.86,0.91,0,0,0,0,1,0,0
377,8.0,87,189,335,554,87,200,384,636,88,0,0,0.94,0.96,0,0,0,0,1,0,0
2,12.0,0,0,0,0,0,0,0,0,0,0,0,0.78,0.78,0,0,0,0,1,0,0
16,8.0,24,36,60,96,8,44,92,128,0,0,0,0.97,0.97,0,0,0,0,1,0,0
11,8.0,0,0,0,0,1,5,11,26,3,0,0,0.66,0.69,0,0,0,0,1,0,1
0,12.0,0,0,0,0,0,0,0,0,0,0,0,0.73,0.76,0,0,0,1,1,0,0
60,8.0,13,88,139,191,11,53,92,141,28,0,15,0.95,0.97,0,0,0,0,1,0,0
2,3.0,0,5,9,13,4,6,12,19,0,0,0,0.89,0.9,0,0,0,0,1,0,1
2,10.0,0,0,0,0,0,0,0,0,0,0,0,0.89,0.9,0,0,0,0,1,0,0
2,9.0,0,0,0,0,0,0,0,0,0,0,0,0.68,0.66,0,0,0,0,1,0,0
11,2.0,0,9,18,27,5,14,20,22,0,0,0,0.99,0.99,0,1,0,0,1,0,0
0,9.0,0,3,4,5,0,1,2,4,1,0,0,0.86,0.69,0,0,0,0,1,0,1
47,8.0,3,18,54,72,6,22,52,87,13,0,0,0.99,0.99,0,0,0,0,1,0,0
10,2.0,0,0,0,0,1,1,1,1,0,0,0,-99.0,-99.0,0,1,0,0,1,0,0
0,8.0,1,57,57,57,3,3,8,8,2,0,0,0.51,0.53,0,1,0,0,1,0,1
36,8.0,0,0,0,0,0,0,0,0,0,0,0,0.9,0.92,0,0,0,0,1,0,0
0,12.0,0,9,14,19,3,8,13,15,2,0,0,0.57,0.7,0,0,0,1,1,0,1
1046,2.0,19,0,0,0,0,0,0,5,16,0,0,0.54,0.69,0,1,0,0,1,0,0
56,8.0,35,406,446,494,14,45,109,164,23,0,0,0.87,0.78,0,0,0,0,1,0,0
39,8.0,0,0,0,0,0,1,8,12,0,0,0,1.0,0.97,0,1,0,0,1,0,0
1,2.0,0,0,0,0,0,0,0,0,0,0,0,0.79,0.89,0,0,0,0,1,0,0
538,17.0,169,568,568,1000,260,642,1187,1853,117,0,0,0.99,0.99,2,0,0,0,1,0,0
3,8.0,0,4,6,12,1,4,8,13,0,0,0,0.95,0.87,0,0,0,0,1,0,0
2,2.0,0,1,1,1,3,6,9,9,0,0,0,0.99,0.99,0,1,0,0,1,0,1
3,8.0,0,0,0,0,0,0,0,0,1,0,0,1.0,0.91,0,0,0,0,1,0,0
0,2.0,0,859,1552,1971,0,0,0,0,67,0,0,0.69,0.68,0,0,0,1,1,0,1
-2,8.0,0,28,44,60,5,14,26,48,0,0,4,0.37,0.34,2,0,0,0,1,0,1
1,3.0,0,1,1,2,2,2,3,4,0,0,0,0.99,0.92,0,1,0,0,1,0,1
0,2.0,0,54,72,72,0,0,0,0,4,0,0,0.67,0.61,0,0,0,1,1,0,1
519,8.0,18,0,0,0,26,82,169,279,39,0,0,0.98,0.92,0,0,0,0,1,0,0
48,9.0,0,0,0,0,0,0,0,2,0,0,0,0.86,0.84,0,0,0,0,1,0,0
3,12.0,0,0,0,0,0,0,0,0,0,0,0,0.78,0.78,0,0,0,0,1,0,0
0,4.0,0,19,31,35,0,0,0,0,0,0,0,0.61,0.61,0,1,0,1,1,0,1
34,8.0,0,0,200,200,14,30,49,70,11,0,0,0.82,0.82,0,0,0,0,1,0,1
6,2.0,0,34,51,68,14,33,54,54,0,0,0,0.48,0.53,0,1,0,0,1,0,1
12,12.0,0,0,0,0,0,1,1,2,0,0,0,0.74,0.74,0,0,0,0,1,0,0
27,2.0,0,42,42,84,13,37,45,49,2,0,0,0.62,0.63,0,0,0,0,1,0,0
29,8.0,0,0,0,0,0,0,0,0,0,0,0,0.7,0.74,0,0,0,0,1,0,0
13,13.0,0,0,0,0,1,1,1,1,0,0,0,0.61,0.73,0,0,0,0,1,0,0
289,8.0,0,0,0,0,0,0,0,0,0,0,0,1.0,1.0,0,0,0,0,1,0,0
0,5.0,0,18,20,20,0,0,0,0,1,0,0,0.65,0.71,0,0,0,1,1,0,0
3,8.0,0,0,4,7,1,4,7,10,2,0,0,0.73,0.77,0,0,0,0,1,0,0
0,2.0,0,17,32,47,8,15,27,34,2,0,0,0.46,0.61,0,0,0,0,1,0,1
1,8.0,0,2,2,2,0,0,1,2,0,0,0,0.0,0.0,0,0,0,0,1,0,1
2,12.0,0,0,0,0,0,0,0,0,0,0,0,0.73,0.69,0,0,0,0,1,0,1
10,2.0,0,0,0,0,0,1,1,1,1,0,0,0.98,0.97,0,1,0,0,1,0,0
36,8.0,7,6,20,34,7,18,45,72,7,0,0,0.99,0.99,0,0,0,0,1,0,0
2,2.0,0,0,0,0,0,0,0,0,0,0,0,0.95,0.97,0,1,0,0,1,0,0
3,12.0,0,2,5,5,0,0,0,0,0,0,0,0.78,0.78,0,1,0,0,1,0,0
2,8.0,0,1,3,5,1,3,3,7,1,0,0,0.56,0.46,0,0,0,0,1,0,1
2,9.0,0,0,0,0,0,0,0,0,0,0,0,0.7,0.78,0,0,0,0,1,0,0
33,8.0,0,0,0,0,0,0,0,0,2,0,0,0.93,0.95,0,0,0,0,1,0,0
2,8.0,0,20,20,20,0,0,0,0,0,0,0,0.5,0.52,0,1,0,0,1,0,0
80,2.0,26,113,251,392,8,8,8,8,39,0,0,0.99,0.98,0,0,0,0,1,0,0
0,2.0,0,15,15,15,0,0,4,4,1,0,0,0.91,0.94,4,1,0,0,1,0,0
0,2.0,0,142,142,142,0,0,0,0,24,0,0,0.1,0.17,0,0,0,0,1,0,1
2,2.0,0,0,0,0,0,0,0,0,0,0,0,0.99,0.99,0,0,0,1,1,0,0
17,8.0,0,0,0,150,3,9,16,30,2,0,0,0.84,0.86,0,0,0,0,1,0,0
0,8.0,0,2833,4743,5751,1,1,3,7,15,0,0,0.8,0.8,0,0,0,0,1,0,1
0,2.0,0,4,7,9,2,4,8,11,0,0,0,1.0,1.0,0,0,0,0,1,0,1
9,4.0,0,0,0,0,0,0,0,0,0,0,0,0.77,0.8,0,0,0,0,1,0,0
0,4.0,0,0,0,0,0,2,16,18,0,0,0,0.77,0.8,0,0,0,0,1,0,1
7,4.0,0,4,4,4,1,2,2,2,0,0,0,0.77,0.8,0,0,0,0,1,0,0
71,12.0,0,0,0,0,0,0,0,0,12,0,0,0.74,0.74,0,0,0,0,1,0,0
-1,8.0,0,137,209,281,47,114,158,223,0,0,0,0.91,0.84,1,0,0,0,1,0,1
4,8.0,0,0,0,4,0,4,4,4,0,0,0,0.87,0.78,0,0,0,0,1,0,1
8,8.0,1,210,354,498,48,129,216,331,63,0,0,0.42,0.46,0,0,0,1,1,0,1
0,9.0,0,19,24,29,7,12,16,23,0,0,0,0.86,0.84,0,0,0,0,1,0,1
3,8.0,0,61,61,61,0,0,1,4,0,0,0,0.51,0.53,0,1,0,0,1,0,1
18,2.0,53,40,99,173,18,71,100,150,32,0,0,0.98,0.98,0,0,0,0,1,0,0
2,4.0,8,23,35,35,5,14,30,46,0,0,0,0.73,0.78,0,0,0,0,1,0,0
0,2.0,0,0,0,0,0,1,2,2,0,0,0,0.0,0.0,0,0,0,0,1,0,1
0,8.0,1,2,3,4,0,1,1,1,0,0,0,1.0,0.99,0,0,0,0,1,0,0
2,8.0,0,0,0,0,0,0,2,2,0,0,0,0.82,0.81,0,0,0,1,1,0,1
153,12.0,169,910,1680,2520,358,1131,2030,2961,208,0,0,0.98,0.64,1,0,0,0,1,0,0
8,8.0,0,154,226,335,21,93,207,274,23,0,0,0.48,0.53,2,0,0,0,1,0,1
14,16.0,0,0,0,0,0,2,3,4,1,0,0,0.31,0.42,0,0,0,0,1,0,0
2,12.0,0,0,16,16,4,12,24,29,1,0,0,0.79,0.86,0,0,0,0,1,0,0
0,2.0,0,30,30,70,4,9,18,30,4,0,0,-99.0,-99.0,0,0,0,0,1,0,1
8,4.0,0,0,0,0,1,3,3,3,1,0,0,0.24,0.14,0,1,0,0,1,0,1
30,12.0,0,0,0,0,0,18,34,38,34,0,0,0.59,0.59,0,1,0,0,1,0,0
0,5.0,0,19,33,41,0,0,0,0,0,0,0,0.68,0.69,0,1,0,1,1,0,0
0,14.0,0,20,20,20,0,4,7,9,0,1,0,0.44,0.38,0,0,0,0,1,0,1
74,8.0,0,0,0,0,0,0,1,1,0,0,0,0.87,0.84,0,0,0,0,1,0,0
231,8.0,0,0,0,0,4,4,4,4,8,0,0,0.9,0.94,0,1,0,0,1,0,0
276,8.0,8,161,366,578,67,279,494,781,81,0,0,0.99,0.97,0,0,0,0,1,0,0
8,8.0,0,0,0,2,2,7,12,14,0,0,0,0.96,0.98,0,0,0,0,1,0,0
-2,12.0,0,52,52,52,4,18,39,66,1,0,0,0.47,0.39,2,0,0,0,1,0,1
22,8.0,0,0,0,0,1,1,4,7,0,0,0,0.95,0.8,0,0,0,0,1,0,0
-3,8.0,0,240,240,240,28,47,84,120,3,0,0,0.5,0.33,3,0,0,0,1,0,1
0,8.0,0,8,12,12,1,7,12,18,0,0,0,0.6,0.54,0,0,0,1,1,0,1
7,8.0,0,6,6,6,1,5,12,27,2,0,0,0.85,0.9,0,0,0,0,1,0,0
0,8.0,0,5,6,6,0,0,0,0,0,0,2,0.1,0.13,0,0,0,0,1,0,1
18,8.0,0,84,152,192,8,52,91,140,13,0,4,0.67,0.61,0,0,0,1,1,0,1
28,8.0,0,0,0,0,1,1,1,4,2,0,0,0.91,0.9,0,0,0,0,1,0,0
0,12.0,0,1,1,1,0,0,0,0,0,0,0,0.95,0.86,0,0,0,1,1,0,1
3,2.0,1,40,40,60,5,19,21,21,3,0,0,0.96,0.83,0,0,0,0,0,0,1
25,8.0,0,0,0,0,0,0,0,1,1,0,0,0.77,0.72,0,0,0,0,1,0,0
0,12.0,0,62,62,62,0,0,0,0,1,0,2,0.68,0.57,0,0,0,0,1,0,1
1,4.0,0,4,8,16,4,7,18,21,0,0,0,0.96,0.85,0,0,0,1,1,0,1
0,12.0,0,5,8,8,0,0,0,0,0,0,0,0.57,0.7,0,1,0,0,1,0,1
0,2.0,0,3454,4388,4388,1,1,1,1,264,0,0,0.83,0.86,1,1,0,0,1,0,1
2,8.0,0,15,23,31,0,7,14,20,0,0,5,0.15,0.34,0,0,0,0,1,0,1
0,2.0,0,1412,2245,3042,0,0,0,0,67,0,0,0.99,0.99,0,0,0,0,1,0,1
8,12.0,0,0,0,0,0,0,0,0,0,0,0,0.99,0.99,0,0,0,0,1,0,0
0,8.0,0,0,0,0,0,0,0,0,0,0,0,0.95,0.97,0,0,0,0,1,0,0
6,8.0,1,12,12,24,19,37,43,50,1,0,0,0.93,0.96,0,0,0,0,1,0,1
202,8.0,53,218,446,636,75,205,381,658,78,0,0,0.85,0.77,0,0,0,0,1,0,0
0,8.0,0,7,7,7,0,1,4,4,0,0,0,0.42,0.36,0,0,0,0,1,0,1
12,8.0,0,0,0,0,0,0,2,5,2,0,0,1.0,1.0,0,1,0,0,1,0,0
4,12.0,0,0,0,0,0,0,0,0,0,0,0,0.63,0.72,0,0,0,0,1,0,0
3,2.0,0,20,20,40,2,7,22,34,0,0,0,0.07,0.07,0,1,0,1,1,0,1
4,8.0,0,0,0,0,0,0,0,0,0,0,0,0.83,0.86,0,0,0,0,1,0,0
0,4.0,0,5,5,5,0,0,0,0,0,0,0,0.69,0.68,0,1,0,1,1,0,1
0,8.0,0,2,3,3,1,3,3,3,0,0,0,0.89,0.88,0,0,0,0,1,0,1
17,2.0,0,3,3,3,1,4,4,4,0,0,0,0.78,0.74,0,1,0,0,1,0,0
3,4.0,0,0,0,0,0,0,0,1,0,0,0,0.73,0.78,0,0,0,0,1,0,0
30,9.0,0,0,0,0,0,0,3,3,0,0,0,0.91,0.77,0,0,0,0,1,0,0
1,8.0,0,1,2,2,1,1,4,4,0,0,0,0.85,0.59,0,0,0,0,1,0,1
104,8.0,6,22,22,61,12,37,65,106,34,0,0,0.21,0.38,0,0,0,0,1,0,0
10,4.0,0,30,55,80,1,8,14,16,0,0,0,0.84,0.86,0,1,0,1,1,0,0
14,9.0,0,0,0,0,0,0,0,0,0,0,0,0.86,0.84,0,0,0,0,1,0,0
382,2.0,124,510,995,1480,152,522,1218,1748,160,0,0,0.95,0.96,0,0,0,0,1,0,0
79,8.0,0,0,0,0,0,9,22,32,1,0,0,0.95,0.97,0,0,0,1,1,0,0
0,8.0,0,36,52,72,7,21,57,94,18,0,0,0.73,0.86,0,1,0,1,1,0,1
64,0.0,0,0,0,0,0,5,26,39,3,0,0,0.0,0.0,0,0,0,0,0,0,0
69,8.0,0,0,25,25,8,22,44,67,0,0,0,-99.0,0.05,0,0,0,0,1,0,0
72,2.0,0,0,0,0,0,2,3,3,14,0,0,0.93,0.94,0,0,0,1,1,0,0
146,4.0,0,15,15,15,85,85,85,85,0,0,0,0.79,0.66,0,0,0,0,1,0,1
146,12.0,108,0,252,432,4,48,416,594,34,0,0,0.97,0.98,0,0,0,0,1,0,0
3,12.0,12,17,26,32,2,10,17,24,5,0,1,0.09,0.25,0,0,0,0,1,0,1
0,12.0,0,0,0,0,0,0,0,0,0,0,0,0.85,0.94,0,0,0,1,1,0,0
0,8.0,0,4,5,7,1,6,6,8,3,0,0,0.94,0.97,0,0,0,0,1,0,1
0,8.0,0,11,29,44,4,19,39,51,2,0,0,0.84,0.77,0,0,0,0,1,0,1
13,12.0,0,0,0,0,0,0,0,0,1,0,0,0.48,0.48,0,1,0,0,1,0,0
1,8.0,0,4,7,10,1,6,6,15,2,0,0,1.0,0.91,0,0,0,1,1,0,0
0,2.0,0,3,3,3,0,0,0,0,0,0,0,0.0,0.0,0,1,0,1,1,0,1
0,8.0,0,0,0,0,0,0,0,0,0,0,0,0.97,0.95,0,0,0,0,1,0,0
0,12.0,0,7,10,14,0,2,8,9,0,0,2,0.98,0.98,0,0,0,0,1,0,1
1,12.0,0,0,0,0,0,1,1,1,0,0,0,0.73,0.76,0,1,0,0,1,0,0
1,8.0,0,4,4,8,2,5,11,11,0,0,0,0.9,0.9,0,0,0,0,1,0,1
30,4.0,0,0,0,0,25,69,130,167,0,0,0,0.73,0.78,0,0,0,0,1,0,0
2,8.0,0,5,7,10,4,6,8,9,0,0,0,0.82,0.88,0,0,0,0,1,0,1
71,4.0,27,96,264,391,28,142,340,471,30,0,0,0.98,0.96,0,0,0,0,1,0,0
39,2.0,0,0,0,0,62,196,282,328,67,0,0,1.0,0.99,0,0,0,0,1,0,1
50,8.0,0,17,32,32,1,17,34,60,12,0,0,0.79,0.87,0,0,0,0,1,0,0
215,8.0,0,0,0,0,12,28,57,74,11,0,0,0.15,0.24,0,1,0,0,1,0,0
26,9.0,0,0,0,0,0,2,6,9,0,0,0,0.86,0.84,0,0,0,0,1,0,0
0,8.0,0,2,3,4,3,3,6,6,0,0,0,0.92,0.95,0,0,0,0,1,0,1
4,2.0,0,0,0,0,2,3,3,3,0,0,0,1.0,0.99,0,1,0,0,1,0,1
-10,12.0,0,33,35,39,0,4,14,20,9,0,0,0.21,0.27,10,0,0,0,1,0,1
1,12.0,3,510,510,706,49,215,430,633,42,0,0,0.52,0.41,11,1,0,0,1,0,1
18,8.0,0,93,134,197,37,99,170,209,21,0,0,0.79,0.66,0,0,0,0,1,0,1
-4,14.0,0,151,200,270,64,114,171,231,33,0,0,0.64,0.67,8,0,0,0,1,0,1
23,12.0,0,0,0,0,0,0,0,0,0,0,0,0.77,0.73,0,0,0,0,1,0,0
1,9.0,0,3,3,3,0,1,1,2,0,0,0,0.85,0.82,0,0,0,0,1,0,0
-1,8.0,9,246,377,522,46,144,297,446,35,0,43,0.73,0.73,14,0,0,1,1,0,1
257,2.0,0,0,0,0,0,0,1,1,0,0,0,0.84,0.77,0,0,0,0,1,0,0
6,8.0,0,0,0,0,0,0,1,2,1,0,0,0.69,0.57,0,0,0,0,1,0,1
3,2.0,0,3,6,8,1,1,1,1,0,0,0,0.8,0.82,0,0,0,0,1,0,0
26,2.0,0,0,0,0,0,4,8,8,1,0,0,0.99,0.99,0,0,0,1,1,0,1
39,8.0,0,21,45,74,6,18,55,88,14,0,0,0.9,0.95,0,0,0,0,1,0,0
18,9.0,0,0,0,0,0,0,1,2,0,0,0,0.98,0.98,0,0,0,0,1,0,0
10,12.0,0,0,0,0,0,0,0,0,1,0,0,0.77,0.73,0,0,0,1,1,0,0
4,2.0,0,5,5,5,0,0,0,0,0,0,0,0.8,0.82,0,1,0,0,1,0,0
25,2.0,0,525,525,525,30,66,147,230,12,0,0,0.98,0.91,0,0,0,0,1,0,1
45,12.0,0,9,9,9,0,0,0,1,1,0,0,0.23,0.26,0,1,0,0,1,0,0
1,9.0,0,2,3,5,2,3,3,10,0,0,0,0.99,0.98,0,0,0,0,1,0,1
4,12.0,0,0,0,0,0,0,0,0,0,0,0,0.78,0.78,0,0,0,0,1,0,0
100,8.0,0,972,1788,2672,202,605,1173,1596,0,0,0,0.7,0.75,0,0,0,0,1,0,1
-3,13.0,0,81,81,108,2,24,49,76,0,0,0,0.0,0.0,3,0,0,1,1,0,1
131,2.0,0,0,0,0,8,23,40,52,0,0,0,0.98,0.9,0,0,0,0,1,0,0
6,13.0,0,0,0,0,0,2,3,3,0,0,0,0.8,0.82,0,0,0,1,1,0,0
140,8.0,11,85,214,289,29,103,238,396,46,0,0,0.05,0.12,0,0,0,1,1,0,0
-13,2.0,0,165,315,465,17,38,40,40,0,0,15,0.22,0.27,0,1,0,0,1,0,1
12,8.0,0,19,30,41,12,28,48,85,14,0,0,0.79,0.66,0,0,0,0,1,0,0
0,2.0,0,10,10,10,0,0,0,0,1,0,0,0.57,0.61,0,1,0,1,1,0,1
0,8.0,0,100,190,320,13,20,34,34,0,0,0,0.51,0.47,0,0,0,1,1,0,1
0,2.0,0,13,23,33,0,0,1,1,0,0,0,0.82,0.81,0,0,0,1,1,0,1
0,2.0,0,9,9,9,0,0,0,0,1,0,0,0.33,0.25,0,1,0,1,1,0,1
3,8.0,0,0,0,0,0,0,0,0,1,0,0,0.99,0.99,0,1,0,0,1,0,0
20,3.0,0,0,0,0,0,1,1,1,0,0,0,0.99,0.98,0,0,0,0,1,0,0
195,52.0,0,0,0,0,0,2,2,5,1,0,0,-99.0,0.5,0,1,0,0,1,0,0
-1,8.0,0,8,16,24,1,14,27,41,0,0,0,0.97,0.98,1,0,0,0,1,0,1
4,8.0,0,2,5,7,1,4,6,7,8,0,0,0.81,0.82,0,0,0,0,1,0,1
27,8.0,0,120,200,260,22,78,135,168,33,0,0,0.81,0.77,0,0,0,0,1,0,1
617,4.0,179,134,314,589,196,509,1171,1913,62,0,0,0.73,0.78,0,0,0,0,1,0,0
9,2.0,0,30,42,66,8,18,24,24,3,0,0,0.21,0.36,0,1,0,0,1,0,0
5,8.0,0,2,3,5,1,5,7,7,27,0,0,0.98,0.97,0,0,0,0,1,0,0
0,2.0,0,4,6,8,5,6,8,9,0,0,0,0.49,0.41,0,1,0,0,1,0,1
18,8.0,0,121,198,262,41,112,217,330,78,0,16,0.86,0.88,1,0,0,0,1,0,1
120,2.0,0,0,48,48,123,275,345,360,0,0,0,0.96,0.96,0,0,0,0,1,0,1
-2,8.0,9,768,1104,1488,143,466,897,1278,145,0,96,0.53,0.54,15,0,0,1,1,0,1
4,8.0,0,5,5,5,0,1,5,6,0,0,0,0.98,0.99,0,0,0,0,1,0,1
10,2.0,0,0,0,0,0,0,1,2,0,0,0,0.48,0.32,0,1,0,0,1,0,0
-4,9.0,0,53,86,112,8,50,79,115,13,0,9,0.54,0.7,4,0,0,0,1,0,1
7,2.0,0,0,0,0,1,4,9,9,0,0,0,0.53,0.54,0,1,0,0,1,0,1
139115,2.0,60,0,40000,100000,561,61816,120593,174278,7095,0,0,0.99,0.99,0,0,0,0,1,0,0
10,2.0,0,0,0,0,0,0,0,0,1,0,0,0.99,0.97,0,1,0,0,1,0,0
0,8.0,0,0,0,0,0,0,0,0,0,0,0,0.92,0.92,0,0,0,0,1,0,0
47,8.0,0,225,325,475,39,118,253,435,48,0,25,0.06,0.13,0,0,0,1,1,0,1
0,2.0,0,3,3,6,0,0,2,2,0,0,0,0.57,0.42,0,1,0,0,1,0,1
4,2.0,0,2,3,3,2,6,9,11,0,0,0,0.68,0.66,0,1,0,0,1,0,1
7,8.0,0,0,0,0,0,0,0,0,0,0,0,0.5,0.4,0,0,0,0,1,0,0
2,12.0,0,0,2,3,1,2,3,5,1,0,0,0.82,0.79,0,0,0,0,1,0,0
34,2.0,0,66,143,220,10,29,32,32,0,0,0,0.76,0.78,0,1,0,0,1,0,0
5,8.0,0,14,35,56,8,25,54,71,3,0,0,0.79,0.87,0,0,0,0,1,0,1
33,8.0,0,0,0,0,0,0,0,0,0,0,0,0.82,0.92,0,0,0,0,1,0,0
2,4.0,0,120,120,120,6,9,9,9,2,0,0,0.74,0.71,0,1,0,0,1,0,1
6,2.0,0,298,470,650,57,181,300,301,53,0,0,0.9,0.95,2,0,0,0,1,0,1
4,8.0,0,2,3,3,1,1,3,8,3,0,0,0.98,0.99,0,0,0,0,1,0,0
26,2.0,0,0,0,0,0,0,0,0,0,0,0,0.94,0.97,0,0,0,0,1,0,0
4,12.0,0,2,3,3,1,2,2,2,0,0,0,0.82,0.79,0,0,0,0,1,0,1
2,12.0,0,3,5,5,0,0,0,0,0,0,0,0.82,0.79,0,1,0,0,1,0,0
55,2.0,8,109,225,335,35,96,199,311,27,0,0,0.97,0.95,0,0,0,0,1,0,0
6,2.0,0,25,25,25,3,13,28,44,2,0,0,0.81,0.82,0,0,0,0,1,0,1
26,4.0,0,429,429,429,1,1,1,1,0,0,260,0.22,0.21,0,0,0,0,1,0,0
4,2.0,0,25,25,25,8,8,8,8,3,0,0,0.96,0.95,0,1,0,0,1,0,1
100,12.0,0,0,0,0,1,6,8,10,20,0,0,0.89,0.78,0,0,0,0,1,0,0
12,8.0,0,0,0,0,6,11,37,54,8,0,0,0.88,0.74,0,0,0,0,1,0,1
29,8.0,0,0,40,80,16,36,56,84,4,0,0,0.5,0.35,0,0,0,0,1,0,0
12,2.0,0,0,0,0,0,0,0,0,0,0,0,0.55,0.55,0,1,0,0,1,0,0
0,8.0,0,4,6,7,0,6,6,6,1,0,0,0.35,0.37,0,0,0,0,1,0,1
3,2.0,3,5,5,5,0,0,0,0,1,0,0,0.99,0.98,0,1,0,0,1,0,0
2,8.0,0,0,0,0,0,0,0,0,0,0,0,0.96,0.97,0,0,0,0,1,0,0
13,12.0,0,0,0,0,0,0,0,0,1,0,0,0.58,0.58,0,1,0,0,1,0,0
2,9.0,0,0,0,0,0,0,0,0,0,0,0,0.68,0.66,0,0,0,0,1,0,0
0,12.0,0,6,10,13,1,5,6,10,0,0,0,0.78,0.78,0,0,0,1,1,0,1
629,9.0,0,0,0,0,17,57,122,188,20,0,0,0.92,0.83,0,1,0,0,1,0,0
74,8.0,10,36,80,136,15,53,122,185,24,0,0,0.8,0.85,0,0,0,0,1,0,0
0,8.0,0,3,4,5,0,1,3,4,0,0,0,0.17,0.33,0,0,0,0,1,0,1
6,8.0,0,21,45,69,1,12,23,33,2,0,0,1.0,0.99,0,0,0,0,1,0,0
62,52.0,0,0,0,0,0,2,3,6,1,0,0,-99.0,0.0,0,1,0,1,1,0,0
6,8.0,0,0,0,1,0,1,6,8,0,0,0,0.75,0.66,0,0,0,0,1,0,0
5000,52.0,0,0,0,0,0,0,0,0,0,0,0,0.95,0.86,0,1,0,0,0,0,0
4,2.0,0,0,0,2,0,1,1,2,0,0,0,0.99,0.99,0,0,0,0,1,0,0
-1,8.0,0,41,76,106,12,37,57,82,9,0,0,0.66,0.66,1,0,0,0,1,0,1
26,8.0,3,68,116,152,14,50,84,111,27,0,0,0.72,0.72,0,0,0,0,1,0,0
11,8.0,0,110,197,284,42,94,154,237,8,0,0,0.98,0.98,0,0,0,1,1,0,1
0,2.0,0,4,24,24,0,0,0,0,1,0,0,-99.0,-99.0,0,0,0,0,1,0,1
13,8.0,0,5,8,14,2,7,18,32,1,0,0,0.86,0.89,0,0,0,0,1,0,0
2,8.0,0,0,0,0,2,5,6,7,2,0,0,0.98,0.98,0,1,0,0,1,0,0
27,8.0,0,40,80,80,1,19,51,58,13,0,0,1.0,1.0,0,0,0,0,1,0,0
17,3.0,0,18,48,72,5,22,36,51,3,0,0,0.97,0.98,0,0,0,0,1,0,0
124,8.0,0,0,0,0,0,8,16,22,1,0,0,0.99,0.99,0,0,0,0,1,0,0
593,8.0,8,0,0,0,24,67,126,185,31,0,0,0.74,0.86,0,0,0,0,1,0,0
-1,2.0,0,10,10,10,6,7,7,7,1,0,0,0.93,0.86,1,1,0,0,1,0,1
1,16.0,0,1,1,1,0,0,0,0,1,0,0,0.31,0.42,0,0,0,0,1,0,0
0,3.0,0,0,0,0,0,0,0,0,0,0,0,0.88,0.91,0,0,0,1,1,0,0
1,2.0,0,2,4,5,2,2,4,6,2,0,0,0.98,0.97,0,0,0,0,1,0,1
2,8.0,0,3,6,9,0,4,4,7,0,0,0,0.7,0.73,0,0,0,0,1,0,1
97,9.0,18,113,173,233,27,68,120,214,38,0,0,0.99,0.98,0,0,0,0,1,0,0
26,12.0,42,208,360,488,75,152,283,402,52,0,0,0.55,0.43,0,0,0,0,1,0,1
0,2.0,0,17,17,17,0,0,0,0,0,0,0,1.0,1.0,0,1,0,0,1,0,0
0,9.0,0,0,0,0,0,0,0,0,1,0,0,0.68,0.66,0,0,0,0,1,0,0
0,2.0,0,21,34,38,0,1,2,2,0,0,0,0.13,0.09,0,0,0,0,1,0,1
1,2.0,0,0,1,1,0,0,1,1,1,0,0,0.5,0.5,0,0,0,0,1,0,0
0,8.0,0,184,230,230,0,0,0,0,5,0,0,0.0,0.0,0,0,0,0,1,0,1
0,9.0,0,2,2,2,0,0,0,0,0,0,0,0.34,0.41,0,1,0,0,1,0,1
-18,8.0,2,33,39,48,5,13,24,38,2,0,0,0.43,0.46,18,0,0,0,1,0,1
19,2.0,0,40,80,160,14,33,60,82,0,0,0,0.99,0.99,0,0,0,0,1,0,1
18,4.0,0,0,0,0,0,0,0,1,1,0,0,0.24,0.14,0,1,0,0,1,0,0
3,12.0,0,11,17,23,3,9,14,19,0,0,0,0.78,0.78,0,0,0,1,1,0,1
5,12.0,0,3,9,12,3,8,23,36,0,0,0,0.96,0.88,0,0,0,0,1,0,1
10,4.0,0,0,0,0,0,0,0,0,0,0,0,0.77,0.8,0,1,0,0,1,0,0
1,8.0,0,1,1,2,1,1,3,3,0,0,0,0.82,0.81,0,0,0,0,1,0,0
0,8.0,0,1,1,1,1,1,1,2,1,0,0,0.96,0.97,0,0,0,1,1,0,1
0,12.0,0,9,9,9,1,8,9,18,0,0,0,0.78,0.78,0,0,0,1,1,0,1
10,4.0,0,40,60,80,18,37,82,109,0,0,0,0.82,0.79,0,0,0,0,1,0,1
6,2.0,0,0,0,0,4,11,18,18,0,0,0,0.97,0.94,0,1,0,0,1,0,1
18,8.0,0,0,0,0,0,0,0,0,0,0,0,0.69,0.79,0,0,0,0,1,0,0
14,4.0,0,0,0,0,2,4,5,5,0,0,0,0.68,0.66,0,1,0,0,1,0,0
0,8.0,0,2,3,4,2,3,5,6,0,0,0,0.91,0.95,0,0,0,0,1,0,1
0,2.0,0,26,44,64,0,0,0,0,0,0,0,0.99,0.91,0,0,0,1,1,0,1
28,16.0,0,6,40,49,5,16,34,61,12,0,0,0.92,0.91,0,0,0,0,1,0,0
96,8.0,5,290,514,668,45,197,465,791,89,0,18,0.23,0.23,0,0,0,0,1,0,1
39,8.0,0,0,0,0,0,1,1,1,0,0,0,0.17,0.33,0,0,0,0,1,0,0
4,8.0,0,0,0,1,0,0,2,2,0,0,0,0.37,0.36,0,0,0,0,1,0,0
27900,8.0,180,1805,19475,32775,2499,9731,22904,42410,3386,0,0,0.98,0.99,8,0,0,0,1,0,1
3,8.0,0,0,0,0,0,0,0,0,1,0,0,0.42,0.36,0,0,0,0,1,0,0
2,4.0,0,0,1,2,0,0,2,2,0,0,0,0.79,0.67,0,0,0,0,1,0,0
0,2.0,0,0,0,0,0,0,1,1,1,0,0,0.54,0.36,0,0,0,0,1,0,0
0,8.0,0,21,21,21,0,6,15,22,4,0,0,0.33,0.29,0,0,0,0,1,0,1
11,2.0,32,40,80,120,18,64,115,151,0,0,0,0.99,0.98,0,0,0,1,1,0,1
10,8.0,0,40,61,89,16,47,73,107,0,0,0,0.67,0.61,0,0,0,0,1,0,1
30,8.0,0,299,407,551,142,261,415,531,125,0,0,0.97,0.98,2,0,0,0,1,0,1
0,2.0,0,4,4,4,0,1,1,1,0,0,0,0.69,0.68,0,1,0,1,1,0,1
1,8.0,0,0,1,1,0,1,1,1,0,0,0,0.8,0.82,0,0,0,0,1,0,1
3,8.0,0,2,6,10,1,3,5,8,1,0,0,0.78,0.86,0,0,0,0,1,0,0
-5,12.0,0,663,1103,1503,107,381,775,1186,87,0,40,0.72,0.8,20,0,0,1,1,0,1
5,8.0,0,0,12,12,4,7,9,15,2,0,0,0.96,0.93,0,0,0,0,1,0,1
7,12.0,12,57,105,153,20,54,97,136,0,0,0,0.88,0.93,0,0,0,0,1,0,0
11,2.0,0,0,0,0,0,0,1,3,2,0,0,0.92,0.93,0,0,0,0,1,0,0
0,12.0,0,48,84,120,7,45,81,130,11,0,0,0.98,0.89,0,0,0,0,1,0,1
341,8.0,0,75,450,800,33,201,802,1120,54,0,0,0.72,0.81,0,0,0,0,1,0,0
8,4.0,0,0,2,2,1,3,4,9,0,0,0,0.73,0.78,0,0,0,0,1,0,0
12,8.0,0,0,0,0,0,6,12,19,2,0,0,0.99,0.99,0,0,0,0,1,0,0
1,2.0,2,6,12,18,1,8,11,16,0,0,0,0.99,0.97,0,0,0,0,1,0,1
44,17.0,0,0,0,0,1,7,12,17,0,0,0,-99.0,-99.0,0,0,0,0,1,0,0
0,2.0,0,20,40,55,4,16,31,46,0,0,6,0.0,0.0,0,0,0,0,1,0,1
2,8.0,0,0,0,0,0,0,0,0,0,0,0,0.5,0.25,0,0,0,0,1,0,0
10,2.0,0,0,0,0,0,0,0,0,2,0,0,0.0,0.01,0,1,0,0,1,0,0
16,8.0,0,0,0,0,0,3,6,14,1,0,0,0.7,0.74,0,0,0,0,1,0,0
4,2.0,0,2,6,10,0,8,12,14,0,0,0,0.99,0.99,0,0,0,0,1,0,1
2464,8.0,0,0,0,0,1,2,5,10,0,0,0,0.56,0.72,0,1,0,0,1,0,0
138,8.0,0,107,282,492,0,0,0,0,0,0,4,0.75,0.74,0,0,0,0,1,0,0
16,8.0,0,35,35,35,0,0,30,50,0,0,0,0.89,0.78,0,0,0,0,1,0,0
0,2.0,0,32,32,32,0,0,0,0,1,0,0,0.07,0.07,0,1,0,1,1,0,1
0,12.0,0,2,3,5,1,5,7,11,0,0,0,0.78,0.78,0,0,0,0,1,0,1
-3,12.0,0,3,3,3,0,3,4,4,0,0,0,0.63,0.72,3,0,0,0,1,0,1
0,9.0,2,65,100,128,6,18,25,27,0,0,0,0.91,0.77,0,1,0,0,1,0,1
0,8.0,0,103,145,159,0,0,0,0,13,0,0,0.91,0.93,0,0,0,0,1,0,1
39,3.0,0,36,90,144,20,68,108,162,0,0,0,0.94,0.91,0,0,0,0,1,0,1
19,9.0,0,0,0,0,0,0,0,0,0,0,0,0.85,0.82,0,0,0,0,1,0,0
47,8.0,17,194,313,429,68,166,290,444,52,0,18,0.81,0.87,13,0,0,0,1,0,1
12,2.0,0,0,12,24,1,10,31,37,2,0,0,0.92,0.91,0,0,0,0,1,0,0
5,8.0,1,0,0,0,0,1,1,1,0,0,0,0.94,0.9,0,0,0,0,1,0,0
3,8.0,0,13,29,45,3,9,13,23,1,0,0,0.97,0.94,0,0,0,0,1,0,1
46,2.0,0,0,0,0,1,2,2,4,0,0,0,0.68,0.64,0,0,0,0,1,0,0
56,2.0,0,0,0,0,0,0,0,1,0,0,0,0.96,0.97,0,0,0,0,1,0,0
0,8.0,0,0,0,0,0,0,0,0,1,0,0,0.89,0.93,0,0,0,0,1,0,0
31,12.0,0,0,0,0,0,0,2,3,2,0,0,0.86,0.69,0,0,0,1,1,0,0
1,9.0,0,3,7,8,4,6,13,15,5,0,0,0.86,0.84,0,0,0,0,1,0,1
4,4.0,0,1,3,6,1,3,5,9,0,0,0,0.68,0.66,0,0,0,0,1,0,0
14,4.0,0,0,10,22,1,2,8,18,1,0,0,0.88,0.78,0,0,0,0,1,0,1
0,8.0,0,10,14,18,5,12,13,14,0,0,0,0.79,0.87,0,0,0,0,1,0,1
497,8.0,0,0,0,1200,39,141,279,475,44,0,0,0.98,0.98,0,0,0,0,1,0,0
2,16.0,0,0,0,0,0,0,0,0,1,0,0,0.31,0.42,0,0,0,0,1,0,0
3,2.0,0,5,6,7,1,2,4,12,0,0,0,0.0,0.0,0,0,0,0,1,0,1
10,8.0,0,392,794,1196,0,0,0,0,0,0,0,0.95,0.97,0,0,0,1,1,0,0
0,8.0,0,2,4,5,1,3,5,5,0,0,0,1.0,1.0,0,0,0,0,1,0,1
3,8.0,0,0,0,0,0,0,0,0,0,0,0,0.79,0.66,0,0,0,0,1,0,0
5,2.0,0,6,6,12,4,9,15,16,0,0,0,0.94,0.92,0,1,0,0,1,0,1
0,2.0,0,20,24,24,0,0,0,0,0,0,0,0.75,0.74,0,1,0,0,1,0,1
-110,8.0,0,600,900,1100,141,490,792,1101,156,0,0,0.45,0.47,118,0,0,0,1,0,1
0,2.0,0,5,15,15,0,0,0,0,0,0,0,0.93,0.95,0,1,0,0,1,0,0
0,2.0,0,6,9,9,0,0,0,0,0,0,0,0.46,0.35,0,1,0,1,1,0,1
-21,12.0,0,86,96,106,35,38,68,90,10,0,0,0.78,0.78,21,0,0,1,1,0,1
11,2.0,0,0,0,0,0,0,0,0,0,0,0,0.84,0.71,0,1,0,1,1,0,0
-1,2.0,0,1,1,1,1,4,4,4,0,0,0,0.97,0.93,1,0,0,0,1,0,1
215,2.0,36,2184,2184,2184,64,196,411,610,94,0,2184,0.8,0.78,0,0,0,0,1,0,0
26,8.0,1,291,291,291,7,489,510,536,46,0,0,0.23,0.63,0,0,0,0,1,0,1
212,2.0,0,0,0,0,10,13,14,19,3,0,0,0.65,0.39,0,1,0,1,1,0,0
22,4.0,0,13,26,26,9,18,33,54,0,0,0,0.77,0.8,0,0,0,0,1,0,0
11,8.0,0,10,10,20,2,11,18,26,1,0,0,1.0,0.94,0,0,0,0,1,0,0
36,4.0,0,0,0,0,0,0,0,0,0,0,0,0.73,0.78,0,0,0,0,1,0,0
22,2.0,0,0,64,64,29,54,86,121,0,0,0,0.93,0.96,0,0,0,0,1,0,1
0,8.0,0,0,0,0,0,0,0,0,0,0,0,0.71,0.66,0,0,0,0,0,0,0
3,3.0,0,0,0,0,2,2,4,4,0,0,0,0.98,0.98,0,0,0,0,1,0,1
12,8.0,0,0,0,0,0,0,0,0,0,0,0,1.0,1.0,0,0,0,0,1,0,0
21,2.0,0,20,30,50,18,68,93,95,0,0,0,0.83,0.8,0,1,0,0,1,0,0
0,8.0,0,3,3,3,0,0,0,0,0,0,0,0.84,0.86,0,0,0,1,1,0,0
2,12.0,0,0,0,0,0,0,0,0,0,0,0,0.78,0.78,0,1,0,0,1,0,0
4,2.0,3,24,52,68,5,19,38,61,3,0,0,0.39,0.27,0,0,0,0,1,0,1
1,8.0,0,5,9,12,1,3,7,14,0,0,1,0.0,0.0,0,0,0,0,1,0,1
2,8.0,0,15,22,36,0,5,13,18,0,0,1,0.17,0.33,0,0,0,0,1,0,1
85,8.0,4,176,300,428,24,87,223,370,42,0,12,0.34,0.3,0,0,0,0,1,0,0
1,8.0,0,2,4,6,0,2,3,4,0,0,0,0.79,0.66,0,0,0,0,1,0,1
2,8.0,0,0,0,0,0,0,2,2,0,0,0,0.99,0.98,0,0,0,0,1,0,0
0,2.0,0,0,40,40,2,9,17,25,2,0,0,-99.0,-99.0,0,0,0,0,1,0,1
0,8.0,0,30,30,30,12,17,25,36,12,0,0,1.0,0.99,0,0,0,0,1,0,1
8,8.0,0,20,20,20,4,11,15,17,0,0,0,0.99,0.94,0,0,0,0,1,0,0
2373,9.0,294,1217,3917,5489,274,1190,3806,5710,435,0,4,0.94,0.79,0,0,0,0,1,0,0
0,8.0,0,4,4,4,1,5,9,12,1,0,0,0.94,0.97,0,0,0,0,1,0,1
3,12.0,0,0,2,4,1,2,3,5,0,0,0,0.73,0.76,0,0,0,0,1,0,0
0,2.0,0,44,66,88,9,26,40,52,4,0,22,0.2,0.33,0,0,0,0,1,0,1
10,9.0,0,0,0,0,1,2,5,7,0,0,0,1.0,0.25,0,1,0,0,1,0,0
544,8.0,144,1350,2340,3330,442,1443,2818,4446,147,0,0,0.83,0.83,0,0,0,1,1,0,0
1,8.0,1,104,104,104,0,6,11,18,15,0,0,0.95,0.97,0,0,0,1,1,0,1
-3,0.0,0,8,8,16,1,5,11,12,1,0,0,0.0,0.0,3,0,0,1,0,0,1
229,12.0,0,0,0,0,1,1,4,4,0,0,0,0.63,0.72,0,0,0,0,1,0,0
8,8.0,0,54,72,90,9,23,40,72,18,0,0,0.17,0.34,0,0,0,0,1,0,1
3,12.0,0,44,80,120,14,35,73,96,2,0,0,0.51,0.51,0,0,0,0,1,0,1
3,8.0,0,13,13,27,3,9,14,17,0,0,0,1.0,0.99,0,0,0,0,1,0,1
17,8.0,0,2,2,7,2,11,26,37,0,0,0,0.78,0.86,0,0,0,0,1,0,0
1,12.0,0,0,0,0,0,0,0,0,0,0,0,0.73,0.76,0,0,0,1,1,0,0
20,12.0,0,8,32,48,2,22,45,59,3,0,0,0.94,0.89,0,0,0,0,1,0,0
144,9.0,0,0,0,0,0,0,3,3,0,0,0,0.91,0.77,0,0,0,0,1,0,0
86,8.0,11,48,138,198,34,82,180,274,26,0,0,0.99,0.97,0,0,0,0,1,0,0
5,8.0,0,0,0,0,0,0,0,0,1,0,0,0.84,0.9,0,0,0,0,1,0,0
21,8.0,0,0,0,0,0,0,0,0,1,0,0,0.53,0.68,0,0,0,1,1,0,0
44,0.0,1,177,292,410,65,152,250,309,62,0,0,0.0,0.0,0,0,0,0,0,0,1
4,14.0,0,0,0,0,0,0,0,0,0,0,0,0.5,0.48,0,0,0,1,1,0,0
7,2.0,16,26,42,58,29,57,64,64,0,0,0,0.99,0.99,0,1,0,0,1,0,1
9,4.0,10,0,0,0,0,15,15,15,0,0,0,0.73,0.78,0,0,0,0,1,0,0
6,8.0,0,0,0,0,0,0,1,2,1,0,0,0.74,0.59,0,0,0,0,1,0,1
0,12.0,0,1,1,1,0,0,0,0,0,0,0,0.63,0.72,0,0,0,0,1,0,1
325,8.0,0,0,0,0,0,2,4,6,1,0,0,0.97,0.9,0,0,0,0,1,0,0
13,8.0,0,243,362,462,67,171,308,445,49,0,0,0.79,0.87,6,0,0,0,1,0,1
0,2.0,0,10,14,14,0,1,1,1,1,0,0,0.56,0.56,0,1,0,0,1,0,1
39,8.0,0,87,132,177,20,53,96,143,23,0,0,0.98,0.98,1,0,0,0,1,0,0
60,8.0,1,611,851,1139,132,350,642,955,141,0,48,0.61,0.57,0,0,0,1,1,0,1
3,8.0,0,16,25,28,6,9,16,33,3,0,0,0.99,0.99,0,0,0,0,1,0,1
0,2.0,0,4,5,7,2,3,4,7,0,0,0,1.0,0.99,0,0,0,0,1,0,1
0,2.0,0,4,7,8,0,0,0,0,0,0,0,0.99,0.96,0,1,0,0,1,0,1
1,12.0,0,2,4,6,1,3,3,4,0,0,0,0.99,0.99,0,0,0,0,1,0,0
3,2.0,0,0,0,0,1,1,2,3,0,0,0,0.78,0.49,0,1,0,0,1,0,0
2,8.0,0,0,1,2,0,1,1,2,0,0,0,0.95,0.97,0,0,0,0,1,0,1
3,12.0,0,9,12,16,0,5,10,12,2,0,0,0.63,0.72,0,0,0,1,1,0,1
44,8.0,0,0,0,0,0,0,0,1,2,0,0,0.94,0.97,0,0,0,0,1,0,0
3,8.0,0,0,1,2,0,0,2,3,0,0,0,1.0,0.99,0,0,0,0,1,0,1
32,8.0,0,0,0,7,5,12,14,25,3,0,0,0.46,0.18,0,0,0,0,0,0,1
6,2.0,0,0,0,0,0,0,0,0,0,0,0,0.99,0.95,0,0,0,1,1,0,0
-4,8.0,6,172,274,362,27,113,233,353,30,0,0,0.19,0.5,5,0,0,0,1,0,1
0,8.0,0,60,60,81,0,1,3,69,0,0,0,0.0,0.0,0,1,1,0,1,0,1
12,2.0,0,0,0,0,0,0,0,0,0,0,0,0.42,0.36,0,1,0,0,1,0,0
4,8.0,0,0,0,0,1,3,6,7,1,0,0,0.48,0.36,0,0,0,0,1,0,1
171,2.0,19,790,1440,2090,224,672,1173,1702,176,0,0,0.02,0.1,0,0,0,0,1,0,1
12,12.0,0,0,0,0,0,2,5,9,0,0,0,0.74,0.74,0,0,0,0,1,0,0
-5,8.0,0,78,94,127,11,43,81,125,27,0,0,0.91,0.96,5,0,0,0,1,0,1
4775,8.0,0,0,0,0,10,30,76,94,0,0,0,0.64,0.8,0,0,0,0,1,0,0
70,16.0,0,0,27,45,3,18,49,83,8,0,0,0.92,0.91,0,0,0,0,1,0,0
94,8.0,1,39,106,203,28,97,181,281,34,0,0,0.98,0.93,0,0,0,0,1,0,0
1,8.0,0,0,0,0,0,0,0,0,0,0,0,0.8,0.83,0,0,0,0,1,0,0
11940,4.0,0,0,0,0,2,8,32,43,0,0,0,-99.0,-99.0,0,0,0,0,1,0,0
3,2.0,0,0,0,0,1,1,1,1,1,0,0,0.87,0.68,0,0,0,0,1,0,1
1,8.0,0,2,3,5,2,2,3,3,0,0,0,0.99,0.99,0,0,0,0,1,0,1
0,9.0,0,31,55,99,15,50,70,79,7,0,0,0.7,0.66,0,0,0,0,1,0,1
7,16.0,0,64,64,64,8,26,45,62,15,0,0,0.44,0.21,0,0,0,0,1,0,1
58,8.0,0,80,160,160,17,52,95,147,39,0,0,1.0,0.95,0,0,0,0,1,0,0
1,8.0,0,3,5,8,3,4,5,11,0,0,0,0.99,0.99,0,0,0,0,1,0,1
4,15.0,0,0,0,0,0,0,0,0,0,0,0,1.0,0.96,0,0,0,0,1,0,0
21,8.0,0,0,0,0,0,0,0,0,0,0,0,0.13,0.15,0,0,0,0,1,0,0
1,8.0,0,3,5,7,1,2,3,3,0,0,0,0.89,0.94,0,0,0,0,1,0,1
145,2.0,48,168,360,552,46,192,380,539,66,0,0,0.72,0.75,0,0,0,0,1,0,0
24,12.0,18,48,114,169,11,52,111,139,28,0,0,0.78,0.78,0,0,0,0,1,0,1
86,2.0,0,13,26,26,6,17,35,81,0,0,0,0.37,0.29,0,0,0,0,1,0,0
6,8.0,0,7,7,21,5,8,17,18,2,0,0,0.74,0.84,0,0,0,0,1,0,1
0,8.0,0,20,36,36,3,4,4,8,0,0,0,0.82,0.75,0,0,0,0,1,0,1
87,2.0,2,50,150,200,12,62,118,176,27,0,0,0.79,0.91,0,0,0,0,1,0,0
19,8.0,0,117,181,245,23,82,155,219,28,1,4,0.96,0.91,0,0,0,0,1,0,1
14,8.0,0,18,33,45,2,12,26,44,0,0,0,0.5,0.52,0,0,0,0,1,0,0
21,4.0,0,0,0,0,1,3,5,5,0,0,0,0.73,0.78,0,0,0,0,1,0,0
2,8.0,0,30,30,30,0,6,13,17,4,0,0,0.77,0.87,0,0,0,0,1,0,1
71,4.0,131,76,186,274,20,80,152,185,56,0,0,0.73,0.78,0,0,0,0,1,0,0
7,4.0,1,14,30,44,5,21,38,45,5,0,0,0.51,0.78,0,0,0,0,1,0,1
109,8.0,0,0,0,0,2,2,3,6,0,0,0,0.56,0.72,0,1,0,0,1,0,0
9,8.0,0,0,0,0,0,1,1,3,0,0,0,0.74,0.74,0,0,0,0,1,0,0
3,8.0,0,0,0,0,0,0,0,0,0,0,0,0.82,0.87,0,0,0,0,1,0,0
10,2.0,0,0,0,0,0,0,0,0,0,0,0,0.99,0.98,0,1,0,0,1,0,0
4,2.0,0,0,2,3,1,1,5,10,0,0,0,1.0,0.99,0,0,0,0,1,0,0
0,2.0,0,2,2,2,0,0,0,1,0,0,0,0.0,0.02,0,0,0,0,1,0,1
1,12.0,0,3,3,3,0,1,3,8,0,0,0,0.82,0.79,0,0,0,1,1,0,1
166,52.0,0,0,0,0,0,0,0,0,0,0,0,0.56,0.72,0,1,0,0,0,0,0
3,2.0,9,15,27,27,3,10,20,25,0,0,0,0.96,0.88,0,0,0,0,1,0,0
4,8.0,0,0,0,0,3,3,6,13,1,0,0,0.99,0.98,0,0,0,0,1,0,1
2205,4.0,44,4721,7081,8733,196,455,2178,8031,195,0,0,0.79,0.66,0,0,0,0,1,0,0
1,8.0,0,0,0,0,0,0,0,0,1,0,0,0.7,0.74,0,0,0,0,1,0,0
9,8.0,0,0,0,0,0,0,0,0,1,0,0,0.96,0.97,0,1,0,0,1,0,0
0,2.0,0,8,13,18,0,0,1,1,0,0,0,0.78,0.82,0,0,0,1,1,0,1
0,2.0,0,4,7,8,0,0,0,0,0,0,0,0.42,0.36,0,0,0,0,1,0,1
0,2.0,0,3,7,10,3,5,8,12,0,0,0,0.78,0.82,0,0,0,0,1,0,1
4,8.0,0,0,0,0,0,0,0,0,0,0,0,0.62,0.58,0,1,0,1,1,0,0
33,8.0,0,0,0,0,0,1,5,5,1,0,0,0.58,0.57,0,0,0,0,1,0,0
34,2.0,0,0,0,12,2,10,21,36,0,0,0,1.0,0.99,0,0,0,0,1,0,0
0,8.0,0,3,4,6,0,0,3,7,2,0,0,0.84,0.77,0,0,0,1,1,0,1
674,8.0,0,1400,2800,2800,456,1551,1909,2347,483,0,0,0.97,0.91,0,0,0,0,1,0,1
64,8.0,0,0,0,0,0,0,3,5,2,0,0,1.0,1.0,0,0,0,0,1,0,0
0,8.0,0,6,6,12,3,5,6,7,0,0,0,0.9,0.88,0,0,0,0,1,0,1
8,2.0,10,135,210,305,15,57,78,119,47,0,15,0.88,0.74,0,0,0,0,1,0,1
6,8.0,0,0,0,0,0,0,0,0,0,0,0,0.37,0.36,0,0,0,0,1,0,0
3,3.0,0,16,24,32,6,13,24,34,0,0,0,0.89,0.9,0,0,0,0,1,0,1
10,2.0,0,0,0,0,2,7,14,14,0,0,0,0.97,0.94,0,1,0,0,1,0,1
0,4.0,0,9,9,9,0,0,0,0,0,0,0,0.24,0.14,0,1,0,0,1,0,1
1,8.0,0,1,1,2,1,2,2,2,1,0,0,0.81,0.83,0,0,0,0,1,0,1
50,9.0,0,0,0,0,0,0,0,0,0,0,0,0.97,0.98,0,0,0,0,1,0,0
8,2.0,0,20,60,80,6,18,45,63,5,0,0,0.0,0.0,0,0,0,0,1,0,1
3,8.0,0,0,0,0,0,0,0,0,0,0,0,0.99,0.99,0,0,0,0,1,0,0
2,12.0,0,0,0,0,0,0,0,0,0,0,0,0.78,0.78,0,0,0,0,1,0,0
4,12.0,0,0,0,0,0,0,0,0,0,0,0,0.92,0.89,0,0,0,1,1,0,0
2,6.0,0,40,64,96,8,22,51,72,14,0,8,0.68,0.69,0,0,0,0,1,0,1
227,8.0,0,0,0,0,2,3,5,8,1,0,0,0.91,0.9,0,1,0,0,0,0,0
3,8.0,0,0,0,0,0,0,0,0,0,0,0,0.0,0.0,0,0,0,0,1,0,0
6,8.0,0,0,0,0,0,0,0,0,0,0,0,0.85,0.56,0,0,0,1,1,0,0
169,12.0,64,684,1332,1940,237,743,1155,1156,122,0,40,0.63,0.72,0,0,0,0,1,0,1
0,2.0,0,4,6,6,0,1,5,7,0,0,0,0.42,0.36,0,0,0,0,1,0,1
66,8.0,17,89,159,231,21,76,136,221,21,0,1,0.7,0.7,0,0,0,0,1,0,0
50,12.0,0,0,0,0,0,0,0,0,1,0,0,0.77,0.73,0,0,0,0,1,0,0
1,8.0,0,12,12,18,4,8,12,26,0,0,0,0.93,0.96,0,0,0,0,1,0,1
7,2.0,3,13,28,43,10,30,48,67,5,0,0,0.99,0.97,0,0,0,0,1,0,1
65,2.0,1,0,30,75,10,27,46,65,1,0,0,1.0,0.99,0,1,0,0,1,0,1
0,9.0,0,14,26,38,2,12,17,23,0,0,0,0.96,0.95,0,0,0,0,1,0,1
0,4.0,0,4,7,8,0,1,2,2,0,0,0,0.89,0.9,0,1,0,1,1,0,1
6,2.0,0,16,32,32,7,19,42,59,1,0,0,0.98,0.99,0,0,0,0,1,0,1
11,2.0,10,23,48,78,9,35,67,86,4,0,0,0.98,0.98,0,0,0,0,1,0,1
39,2.0,0,0,0,0,0,1,1,11,0,0,0,0.2,0.33,0,1,0,0,1,0,0
2,12.0,0,10,16,22,2,9,20,37,0,0,0,0.99,0.99,0,0,0,0,1,0,1
0,2.0,0,61,81,81,0,1,2,2,13,0,0,0.0,0.0,0,0,0,0,1,0,1
1,3.0,0,4,7,9,0,3,6,6,0,0,0,0.89,0.9,0,0,0,0,1,0,1
80,12.0,0,0,0,0,5,8,22,22,0,0,0,0.0,0.02,0,0,0,0,1,0,0
0,8.0,0,12,22,29,2,9,17,22,2,0,0,0.99,0.98,0,0,0,0,1,0,1
0,8.0,0,3,5,6,1,2,3,3,0,0,0,0.96,0.97,0,0,0,0,1,0,1
11,9.0,0,0,0,0,0,0,0,0,0,0,0,0.91,0.77,0,1,0,0,1,0,0
2,4.0,0,0,0,0,0,0,0,0,0,0,0,0.73,0.78,0,0,0,0,1,0,0
4,12.0,2,8,8,8,4,7,9,15,0,0,0,0.97,0.93,0,0,0,0,1,0,0
1,8.0,0,52,73,94,5,16,47,77,24,0,0,0.83,0.85,0,0,0,0,1,0,1
2,9.0,0,0,0,1,0,0,1,1,0,0,0,0.99,0.98,0,0,0,0,1,0,1
0,2.0,12,0,0,0,0,0,0,0,1,0,0,0.84,0.86,0,1,0,0,1,0,0
2,3.0,0,2,4,6,3,4,5,8,1,0,0,0.98,0.98,0,0,0,0,1,0,1
2,8.0,0,0,0,0,1,1,2,3,1,0,0,0.92,0.93,0,0,0,0,1,0,1
1,8.0,0,0,0,0,0,1,1,2,0,0,0,0.46,0.35,0,0,0,0,1,0,0
3,8.0,0,0,1,3,5,5,6,8,2,0,0,0.63,0.64,0,0,0,0,1,0,1
0,8.0,0,23,23,23,1,1,1,2,0,0,0,0.0,0.0,0,0,0,0,1,0,1
2,8.0,0,532,856,982,28,134,359,578,0,0,30,0.97,0.94,0,0,0,0,1,0,1
6,8.0,0,1,6,11,1,6,8,12,0,0,0,0.85,0.78,0,0,0,0,1,0,1
28,8.0,0,10,32,53,69,112,112,112,0,0,0,0.9,0.92,0,0,0,0,1,0,1
3,4.0,0,0,0,0,0,0,1,1,0,0,0,0.73,0.78,0,1,0,0,1,0,0
69,4.0,0,0,0,0,2,2,2,2,0,0,0,0.77,0.8,0,0,0,0,1,0,0
0,6.0,0,5,5,5,0,2,5,5,0,0,0,0.79,0.66,0,0,0,0,1,0,0
100,8.0,0,500,500,500,55,99,189,334,21,0,0,0.97,0.95,0,0,0,0,1,0,1
20,12.0,0,0,0,0,0,0,0,0,1,0,0,0.48,0.48,0,1,0,0,1,0,0
2,8.0,0,6,12,16,1,5,10,12,1,0,0,0.92,0.96,0,0,0,0,1,0,1
41,2.0,20,288,638,1021,109,304,556,667,0,0,0,1.0,0.68,0,0,0,0,1,0,1
672,2.0,63,1530,3015,4280,428,1346,2528,3746,364,0,0,0.98,0.99,0,0,0,0,1,0,0
0,2.0,0,289,289,289,1,1,2,2,0,0,0,0.0,0.0,1,1,0,0,1,0,1
195,10.0,0,0,0,0,0,0,0,1,0,0,0,0.89,0.9,0,0,0,0,1,0,0
0,2.0,0,60,60,80,0,0,0,0,0,0,0,0.22,0.27,0,0,0,0,1,0,1
0,2.0,0,0,0,0,1,3,5,6,0,0,0,0.99,0.99,0,0,0,0,1,0,1
2,12.0,0,0,0,0,0,0,0,0,0,0,0,0.57,0.7,0,0,0,0,1,0,0
4,12.0,0,18,36,36,22,32,43,62,3,0,0,0.73,0.68,0,0,0,0,1,0,1
7,12.0,0,0,0,0,1,1,6,8,0,0,0,0.11,0.13,0,0,0,0,1,0,1
55,9.0,0,0,0,0,0,0,0,0,0,0,0,0.86,0.84,0,0,0,0,1,0,0
14,2.0,0,0,10,20,2,6,17,22,0,0,0,0.82,0.81,0,0,0,0,1,0,0
3,8.0,0,12,12,12,0,3,5,5,0,0,0,1.0,0.94,0,0,0,0,1,0,1
780,2.0,0,500,1000,1000,921,962,981,13004,292,0,0,0.5,0.66,0,0,0,1,1,0,1
3,14.0,0,0,0,0,0,0,0,1,0,0,0,0.89,0.9,0,0,0,0,1,0,0
0,2.0,0,35,63,79,0,0,0,0,0,0,4,0.62,0.62,0,0,0,0,1,0,1
136,8.0,12,61,128,195,32,87,147,224,59,0,0,0.94,0.95,0,0,0,0,1,0,0
8,8.0,0,0,0,0,4,7,18,28,3,0,0,0.48,0.48,0,1,0,0,1,0,0
-3,2.0,4,12,12,12,11,36,39,39,0,0,0,0.62,0.62,3,0,0,0,1,0,1
-1,8.0,0,18,18,18,0,6,15,21,1,0,0,0.14,0.32,1,0,0,0,1,0,1
173,2.0,0,0,0,0,5,13,19,25,2,0,0,0.68,0.88,0,0,0,0,1,0,0
2,12.0,0,0,0,0,0,0,0,0,0,0,0,0.78,0.78,0,0,0,0,1,0,0
4,8.0,0,0,2,3,4,4,9,10,0,0,0,0.94,0.97,0,0,0,0,1,0,1
9,2.0,0,0,0,0,0,0,0,0,0,0,0,0.25,0.11,0,1,0,0,1,0,0
9,8.0,0,24,24,48,7,15,27,37,3,0,0,0.93,0.96,0,0,0,0,1,0,1
2,8.0,0,27,44,65,1,18,27,39,1,0,0,0.79,0.9,0,0,0,0,1,0,1
0,2.0,0,20,20,20,1,3,3,3,0,0,0,1.0,0.98,0,1,0,0,1,0,1
2,8.0,0,80,120,120,19,37,79,134,33,0,0,0.84,0.82,0,0,0,0,1,0,1
0,2.0,0,1,1,1,0,0,0,0,0,0,0,0.18,0.31,0,1,0,0,1,0,1
-1,2.0,0,88,88,88,35,72,72,72,0,0,8,0.62,0.62,1,1,0,0,1,0,1
0,2.0,0,10,10,10,0,0,0,0,2,0,0,0.9,0.93,0,1,0,1,1,0,1
15,8.0,0,86,129,172,14,43,93,149,8,0,0,0.17,0.33,0,0,0,0,1,0,1
8,12.0,1,5,5,5,0,0,0,0,1,0,5,0.63,0.63,0,1,0,0,1,0,0
3,8.0,0,5,5,10,4,8,12,19,0,0,0,0.99,0.99,0,0,0,0,1,0,1
361,8.0,60,156,216,276,25,102,217,318,43,0,0,0.06,0.09,0,0,0,1,1,0,0
6,8.0,0,0,0,0,0,0,0,0,0,0,0,0.82,0.81,0,0,0,0,1,0,0
2,13.0,0,9,18,18,1,7,16,18,13,0,0,0.97,0.97,0,0,0,0,1,0,1
495,12.0,0,0,0,0,0,0,81,81,0,0,0,0.95,0.86,0,0,0,0,1,0,0
2,8.0,0,1,2,3,1,1,3,4,1,0,0,0.54,0.65,0,0,0,0,1,0,0
25,8.0,0,0,50,50,3,12,21,27,1,0,0,0.99,0.98,0,0,0,0,1,0,1
4,8.0,0,0,0,0,0,0,3,7,1,0,0,0.42,0.36,0,0,0,0,1,0,1
56,10.0,12,44,44,60,8,13,13,23,0,0,0,1.0,1.0,0,0,0,0,1,0,0
9,8.0,0,85,182,262,22,71,128,181,0,0,10,0.71,0.75,0,0,0,1,1,0,1
0,2.0,0,11,17,19,0,0,0,0,0,0,6,0.5,0.32,0,0,0,0,1,0,1
359,8.0,2,0,0,0,18,57,122,225,28,0,0,0.97,0.98,0,0,0,0,1,0,0
1,8.0,0,16,25,34,4,12,17,28,2,0,0,0.94,0.94,0,0,0,0,1,0,1
2,8.0,0,0,0,0,0,1,1,1,0,0,0,0.82,0.83,0,1,0,0,1,0,0
20,12.0,20,0,0,0,0,0,0,0,1,0,0,0.58,0.58,0,1,0,0,1,0,0
15,4.0,0,0,0,0,0,0,0,0,0,0,0,0.73,0.78,0,0,0,0,1,0,0
4,8.0,0,18,30,42,2,8,15,25,0,0,0,0.97,0.98,0,0,0,0,1,0,1
10,2.0,0,0,0,0,0,0,0,0,2,0,0,0.84,0.83,0,0,0,1,1,0,0
10,2.0,0,0,0,0,0,0,0,0,0,0,0,0.18,0.31,0,1,0,1,1,0,1
7,8.0,0,0,0,0,0,1,1,1,0,0,0,0.8,0.82,0,0,0,0,1,0,0
79,14.0,8,48,48,84,10,44,74,121,21,0,0,0.93,0.94,0,0,0,0,1,0,0
0,12.0,0,8,12,18,3,6,8,15,0,0,0,0.63,0.72,0,0,0,1,1,0,1
2,8.0,0,24,37,50,2,14,27,45,0,0,0,0.97,0.94,0,0,0,0,1,0,1
1,2.0,1,0,0,0,1,3,5,5,0,0,0,0.83,0.88,0,0,0,0,1,0,1
4,2.0,0,10,20,30,1,3,9,23,0,0,0,0.92,0.91,0,0,0,0,1,0,1
2,12.0,0,0,0,0,0,0,0,0,0,0,0,0.78,0.78,0,0,0,0,1,0,1
211,8.0,65,216,480,720,86,334,635,991,126,0,0,0.98,0.94,0,0,0,0,1,0,0
52,8.0,156,0,0,0,10,34,65,97,17,0,0,0.95,0.93,0,0,0,0,1,0,0
28,2.0,0,0,0,0,0,0,0,0,0,0,0,1.0,0.99,0,0,0,0,1,0,0
1619,2.0,26,0,0,0,85,355,693,1132,69,0,0,0.89,0.95,0,0,0,0,1,0,0
0,2.0,0,8,14,14,0,0,0,0,0,0,0,0.8,0.82,0,0,0,0,1,0,0
0,8.0,0,24,37,50,7,17,21,31,1,0,0,0.73,0.77,0,0,0,0,1,0,1
6,8.0,0,9,15,21,6,13,23,31,0,0,0,0.93,0.95,0,0,0,0,1,0,1
85,2.0,0,52,152,232,11,58,98,124,13,0,0,0.97,0.97,0,1,0,0,1,0,0
80,8.0,12,228,403,580,62,199,380,537,89,0,12,0.93,0.94,0,0,0,1,1,0,1
11,9.0,0,0,0,0,0,0,0,1,0,0,0,0.85,0.83,0,0,0,0,1,0,0
0,8.0,0,180,180,180,0,0,0,0,0,0,0,0.99,0.98,0,1,0,1,1,0,1
4,2.0,0,0,0,0,0,0,0,0,0,0,0,0.98,0.97,0,0,0,0,1,0,1
16,8.0,0,8,19,41,2,9,23,35,7,0,0,0.98,0.99,0,0,0,0,1,0,0
7,12.0,0,0,0,0,0,0,0,0,0,0,0,0.97,0.93,0,0,0,0,1,0,0
3,3.0,0,0,0,0,2,4,4,4,14,0,0,0.96,0.84,0,0,0,0,1,0,1
0,8.0,0,3,5,6,1,2,3,3,0,0,0,0.96,0.97,0,0,0,0,1,0,1
4,2.0,0,0,0,0,0,0,0,0,0,0,0,0.87,0.95,0,1,0,0,1,0,0
0,2.0,0,100,100,100,0,0,0,0,0,0,0,0.62,0.62,0,0,0,0,1,0,1
0,8.0,0,12,24,36,2,10,19,29,0,0,0,-99.0,0.0,0,0,0,0,1,0,1
0,2.0,0,4,7,8,0,0,0,0,0,0,0,0.99,0.96,0,1,0,0,1,0,1
-3,8.0,4,256,372,472,43,146,300,459,52,0,16,0.44,0.64,5,0,0,0,1,0,1
39,2.0,0,0,0,21,5,43,76,102,4,0,0,0.99,0.99,0,0,0,0,1,0,0
3,2.0,0,0,3,3,0,1,2,6,0,0,0,0.97,0.93,0,0,0,0,1,0,1
-6,2.0,8,12,12,12,11,37,42,42,0,0,0,0.62,0.62,6,0,0,0,1,0,1
0,8.0,0,17,30,37,5,11,21,30,0,0,0,1.0,0.92,0,0,0,0,1,0,1
1,8.0,0,16,34,52,5,9,29,42,0,0,0,0.87,0.83,0,0,0,0,1,0,1
3,5.0,0,21,21,21,0,0,0,0,0,0,0,0.0,0.0,0,1,0,0,1,0,0
17,3.0,0,10,40,60,3,16,46,80,0,0,0,0.3,0.32,0,0,0,0,1,0,1
0,4.0,0,0,0,0,0,1,2,3,0,0,0,0.78,0.78,0,0,0,0,1,0,1
48,8.0,1,68,110,140,17,46,90,148,23,0,0,0.86,0.88,0,0,0,0,1,0,0
0,2.0,0,32,32,32,1,1,1,2,1,0,0,0.97,0.98,0,0,0,0,1,0,1
0,9.0,0,1,1,2,2,2,3,3,1,0,0,0.7,0.78,0,0,0,0,1,0,0
11,12.0,0,0,0,0,4,9,9,9,1,0,0,0.58,0.58,0,1,0,0,1,0,1
22,8.0,0,0,0,0,1,3,3,3,1,0,0,1.0,0.87,0,0,0,0,1,0,0
2,9.0,0,0,0,0,1,1,1,1,0,0,0,0.98,0.98,0,0,0,0,1,0,0
20,8.0,20,20,40,60,10,24,39,61,2,0,0,0.98,0.79,0,0,0,0,1,0,1
0,12.0,0,9,18,27,1,7,17,21,2,0,0,0.78,0.78,0,0,0,0,1,0,1
60,8.0,0,0,0,0,0,0,0,0,1,0,0,1.0,0.91,0,1,0,0,0,0,0
35,2.0,0,6,18,18,6,10,10,10,0,0,0,1.0,1.0,0,1,0,0,1,0,1
9,4.0,0,5,10,15,5,11,21,29,0,0,0,0.73,0.78,0,0,0,0,1,0,0
3,8.0,0,0,0,0,0,0,0,0,1,0,0,0.99,0.98,0,0,0,0,1,0,0
2,9.0,0,0,0,0,0,0,0,0,1,0,0,0.7,0.66,0,0,0,0,1,0,0
0,2.0,24,5,5,5,0,0,0,0,0,0,0,0.96,0.98,0,1,0,0,1,0,0
5,4.0,0,0,0,0,0,0,0,0,0,0,0,0.68,0.66,0,1,0,0,1,0,0
1,10.0,0,1,3,4,1,2,3,3,0,0,0,0.89,0.9,0,0,0,0,1,0,1
3,8.0,0,1,2,3,1,3,4,7,0,0,0,0.97,0.88,0,0,0,0,1,0,1
12,9.0,0,0,7,14,2,6,18,21,5,0,0,0.69,0.68,0,0,0,0,1,0,0
744,4.0,0,0,0,0,5,12,64,73,0,0,0,0.97,0.96,0,0,0,0,1,0,0
122,8.0,20,0,0,0,4,16,36,51,1,0,0,0.73,0.69,0,0,0,0,0,0,1
4,4.0,0,0,0,0,1,2,3,5,0,0,0,0.78,0.78,0,0,0,0,1,0,1
0,8.0,0,5,5,5,0,0,0,0,1,0,0,0.2,0.31,0,1,0,0,1,0,1
0,8.0,0,2,4,5,1,2,3,3,0,0,0,0.7,0.74,0,0,0,0,1,0,1
7,10.0,0,0,0,0,0,0,0,0,0,0,0,0.89,0.9,0,0,0,1,1,0,0
44,8.0,3,0,0,0,8,18,38,65,5,0,0,1.0,0.99,0,0,0,0,1,0,0
150,8.0,0,325,625,1225,196,438,949,1243,0,0,0,0.99,0.93,0,0,0,0,1,0,1
48,2.0,6,66,78,78,0,0,0,0,0,0,0,0.95,0.93,0,1,0,0,1,0,0
104,2.0,0,0,0,0,0,0,0,0,0,0,0,1.0,1.0,0,0,0,0,1,0,0
586,2.0,10,0,0,0,18,105,258,401,58,0,0,0.66,0.5,0,0,0,0,1,0,0
0,12.0,0,2,2,3,2,2,3,3,0,0,0,0.74,0.74,0,0,0,0,1,0,1
3,9.0,0,0,0,0,0,0,0,1,1,0,0,0.68,0.66,0,0,0,1,1,0,0
32,2.0,0,0,0,0,0,0,13,13,0,0,0,1.0,1.0,0,1,0,0,1,0,0
405,2.0,4,0,0,0,1,10,42,68,38,0,0,0.14,0.14,0,0,0,0,1,0,0
12,8.0,0,4,4,4,5,5,14,27,0,0,0,1.0,1.0,0,0,0,0,1,0,1
75,52.0,0,0,0,0,0,0,2,4,1,0,0,0.0,0.0,0,1,0,0,0,0,0
3,4.0,0,0,0,0,0,0,0,0,0,0,0,0.63,0.72,0,1,0,0,1,0,0
22,8.0,0,0,0,0,0,0,0,0,0,0,0,0.69,0.79,0,0,0,0,1,0,0
79,4.0,1,18,18,33,6,14,20,38,9,0,18,0.73,0.78,0,0,0,0,1,0,0
2,2.0,0,8,8,8,0,3,3,3,1,0,0,0.99,0.98,0,0,0,0,1,0,0
1,12.0,0,6,11,13,3,7,15,22,0,0,0,0.66,0.69,0,0,0,0,1,0,1
2,12.0,0,0,0,0,0,0,0,0,0,0,0,0.77,0.73,0,0,0,0,1,0,0
33,8.0,1,6,6,6,11,31,49,75,2,0,0,0.99,0.98,0,0,0,0,1,0,0
1,8.0,0,1,1,2,1,2,3,5,1,0,0,0.97,0.93,0,0,0,0,1,0,1
33,8.0,2,26,78,104,5,18,74,132,2,0,0,0.86,0.9,0,0,0,0,1,0,0
11,9.0,0,9,18,27,0,6,8,14,0,0,0,0.99,0.98,0,0,0,0,1,0,0
6,2.0,0,10,15,25,7,21,46,65,0,0,0,0.8,0.82,0,0,0,0,1,0,1
4488,4.0,32,0,0,0,377,1068,2101,3193,297,0,0,0.97,0.91,0,0,0,0,1,0,0
7,12.0,0,0,0,0,0,0,0,0,0,0,0,0.62,0.73,0,0,0,0,1,0,0
0,8.0,0,19,26,33,3,24,37,50,4,0,0,0.73,0.73,0,0,0,0,1,0,1
2,2.0,0,0,0,0,0,0,0,2,0,0,0,1.0,0.83,0,0,0,0,1,0,1
440,12.0,0,0,0,0,0,3,5,11,3,0,0,0.74,0.74,0,0,0,0,1,0,0
0,9.0,0,3,3,3,0,1,1,1,0,0,0,0.87,0.72,0,0,0,1,1,0,1
26,2.0,22,60,120,180,29,106,179,231,41,0,0,0.73,0.82,0,0,0,0,1,0,1
0,8.0,0,5,5,5,0,0,0,0,1,0,0,0.2,0.31,0,1,0,0,1,0,1
681,8.0,0,0,0,0,0,0,0,1,2,0,0,0.88,0.93,0,0,0,1,1,0,0
3,8.0,0,0,1,2,0,1,2,2,0,0,0,0.78,0.86,0,0,0,0,1,0,1
6,2.0,0,16,16,16,11,19,22,22,0,0,4,0.24,0.28,0,1,0,0,1,0,1
68,8.0,0,0,0,0,0,1,5,16,4,0,0,0.97,0.94,0,0,0,0,1,0,0
496,12.0,0,0,0,0,1,4,4,4,1,0,0,0.58,0.58,0,1,0,0,1,0,0
0,2.0,0,200,200,200,0,0,0,0,56,0,0,0.99,0.98,0,0,0,1,1,0,1
20,2.0,0,0,0,0,0,0,0,0,0,0,0,0.98,0.99,0,1,0,1,1,0,0
4,8.0,0,12,18,18,6,13,26,38,0,0,0,0.98,0.99,0,0,0,0,1,0,1
262,8.0,136,300,624,948,15,271,553,748,126,0,0,0.33,0.37,0,0,0,0,1,0,0
2,8.0,0,45,73,101,6,25,58,95,0,0,0,0.46,0.35,0,0,0,0,1,0,1
57,8.0,0,0,0,0,0,0,0,0,0,0,0,0.74,0.76,0,0,0,0,1,0,0
45,8.0,0,0,0,0,0,8,10,10,0,0,0,0.83,0.83,0,0,0,0,1,0,0
43,8.0,0,0,0,0,0,0,0,0,0,0,0,1.0,1.0,0,0,0,1,1,0,0
174,12.0,0,544,1020,1528,169,546,1066,1545,11,0,0,0.63,0.72,1,0,0,0,1,0,1
7,3.0,0,0,0,0,0,0,0,0,0,0,0,0.89,0.9,0,0,0,0,1,0,0
0,12.0,0,1,2,2,1,1,2,2,0,0,0,0.63,0.72,0,0,0,0,1,0,1
1,8.0,0,3,5,7,0,2,4,5,3,0,0,0.82,0.68,0,0,0,0,1,0,1
19,12.0,0,0,0,0,0,0,0,0,0,0,0,0.78,0.78,0,0,0,0,1,0,0
0,8.0,0,8,11,14,0,5,7,13,0,0,0,0.9,0.92,0,0,0,0,1,0,1
76,8.0,1,64,64,128,11,42,89,129,30,0,0,0.43,0.46,0,0,0,0,1,0,0
59,8.0,0,0,0,0,0,0,0,1,1,0,0,0.86,0.94,0,0,0,0,0,0,0
1,12.0,0,29,60,80,5,36,53,97,10,0,0,0.83,0.75,0,0,0,0,1,0,1
23,2.0,0,84,144,204,31,116,212,233,0,1,6,0.96,0.83,0,0,0,0,1,0,1
2,2.0,0,0,0,1,0,0,1,2,0,0,0,0.83,0.66,0,0,0,0,1,0,1
0,2.0,0,5,7,7,0,0,0,0,0,0,0,0.42,0.36,0,1,0,0,1,0,1
170,8.0,0,0,144,144,15,65,156,250,31,0,0,0.52,0.52,0,0,0,0,1,0,0
0,12.0,0,69,85,133,2,37,59,89,1,0,0,0.78,0.78,0,0,0,0,1,0,1
24,9.0,0,0,0,0,0,0,0,0,0,0,0,0.91,0.77,0,1,0,0,1,0,0
35,9.0,0,0,0,0,0,0,0,25,0,0,0,0.91,0.77,0,0,0,0,1,0,0
0,2.0,0,64,72,79,0,0,0,0,0,0,0,0.59,0.73,0,0,0,0,1,0,1
419,12.0,0,0,0,0,0,3,5,7,0,0,0,-99.0,-99.0,0,0,0,0,1,0,0
0,12.0,0,5,8,10,0,0,0,0,0,0,0,0.82,0.79,0,0,0,0,1,0,1
221,2.0,0,64,256,320,39,117,262,339,42,0,0,0.99,0.96,0,0,0,0,1,0,0
0,0.0,0,2,4,6,2,2,3,5,0,0,0,0.0,0.0,0,0,0,0,0,0,1
23,6.0,0,80,107,152,13,40,85,121,17,0,2,0.68,0.69,0,0,0,0,1,0,1
154,4.0,3,288,444,626,21,68,263,264,62,0,26,0.23,0.21,0,1,0,0,1,0,0
1,12.0,0,6,7,10,1,3,4,8,0,0,0,0.78,0.78,0,0,0,0,1,0,1
4,2.0,0,0,0,0,0,0,0,0,0,0,0,1.0,0.99,0,1,0,0,1,0,0
1,3.0,0,17,26,35,6,14,24,36,0,0,0,0.89,0.9,0,0,0,0,1,0,1
100,8.0,0,875,1350,2300,97,412,947,1263,0,0,0,0.99,0.93,0,0,0,0,1,0,1
4,8.0,0,7,13,19,2,5,11,18,1,0,0,0.99,0.93,0,0,0,0,1,0,1
1,8.0,0,0,0,0,1,8,24,31,0,0,0,1.0,1.0,0,1,0,0,1,0,0
0,8.0,0,24,36,54,7,17,22,37,2,0,0,0.78,0.74,0,0,0,0,1,0,1
-5,8.0,20,182,257,362,87,258,304,384,69,0,0,0.91,0.93,25,0,0,1,1,0,1
0,2.0,0,16,40,40,0,1,1,1,0,0,0,0.84,0.86,0,1,0,1,1,0,1
10,8.0,0,0,0,0,1,4,6,6,0,0,0,0.98,0.97,0,0,0,0,1,0,0
56,8.0,0,0,0,0,47,47,47,47,0,0,0,0.82,0.81,0,0,0,0,1,0,0
0,2.0,0,7,7,7,0,0,0,0,0,0,0,0.49,0.45,0,0,0,0,1,0,1
2,2.0,0,16,16,16,10,25,28,28,0,0,7,0.22,0.27,0,1,0,0,1,0,1
0,2.0,0,18,54,54,3,14,21,29,0,0,0,0.87,0.83,0,0,0,0,1,0,1
-110,12.0,0,2645,4149,5949,133,133,133,133,278,0,0,0.74,0.76,132,0,0,0,1,0,1
0,2.0,0,8,8,8,0,1,1,1,0,0,0,0.33,0.64,0,0,0,0,1,0,1
-4,2.0,2,42,84,133,32,89,99,103,0,0,0,0.4,0.65,4,0,0,0,1,0,1
3,2.0,0,10,10,10,0,3,5,6,0,0,0,0.49,0.45,0,0,0,1,1,0,0
5,8.0,0,33,50,67,7,20,36,65,0,0,0,0.99,0.99,0,0,0,0,1,0,1
13,8.0,0,53,71,83,2,9,26,69,0,0,0,0.37,0.54,0,0,0,0,1,0,1
2095,2.0,0,0,93,220,3,7,9,16,1,0,0,0.83,0.92,0,0,0,0,1,0,0
0,8.0,0,10,20,20,2,7,10,15,1,0,0,0.25,0.36,0,1,0,0,0,0,1
15,2.0,0,0,0,0,0,0,0,0,0,0,0,0.85,0.56,0,0,0,0,1,0,0
9,8.0,0,0,0,0,1,9,14,24,0,0,0,0.97,0.98,0,0,0,0,1,0,0
5,0.0,0,0,0,0,0,0,0,1,0,0,0,0.0,0.0,0,0,0,1,1,0,0
9,4.0,0,0,0,1,11,25,27,28,0,0,0,0.73,0.78,0,0,0,0,1,0,1
145,8.0,25,183,333,483,49,181,385,594,179,0,0,1.0,1.0,0,0,0,0,1,0,0
7,9.0,0,0,0,0,0,0,0,0,0,0,0,0.68,0.66,0,0,0,1,1,0,0
233,8.0,195,157,344,476,89,222,435,664,142,0,0,1.0,1.0,0,0,0,0,1,0,0
6,12.0,0,0,0,0,0,0,0,0,0,0,0,0.74,0.74,0,0,0,0,1,0,0
0,8.0,0,12,25,35,9,16,26,34,0,0,0,0.7,0.74,0,0,0,0,1,0,1
1,2.0,0,0,0,0,0,0,0,0,0,0,0,0.38,0.4,0,1,0,0,1,0,1
0,2.0,0,16,28,32,1,2,2,2,0,0,0,0.49,0.45,0,0,0,1,1,0,1
179,8.0,0,0,0,0,0,1,2,7,2,0,0,0.91,0.95,0,0,0,0,1,0,0
2,2.0,0,3,8,16,2,16,21,26,0,0,0,0.78,0.86,0,0,0,0,1,0,1
4,2.0,0,0,0,0,2,5,5,5,1,0,0,0.69,0.68,0,0,0,0,1,0,1
635,16.0,1,0,0,450,17,93,204,413,54,0,0,0.93,0.94,0,0,0,0,1,0,0
9,8.0,36,110,178,239,51,145,263,346,41,0,0,0.43,0.46,3,0,0,0,1,0,1
196,2.0,0,0,0,0,0,3,10,13,0,0,0,0.99,0.95,0,0,0,0,1,0,0
4,12.0,0,1,3,3,1,1,2,2,0,0,0,0.78,0.78,0,1,0,0,1,0,0
55,8.0,0,0,0,0,1,2,2,5,3,0,0,0.57,0.74,0,0,0,0,1,0,0
4,8.0,0,0,2,4,1,1,4,7,0,0,0,0.68,0.49,0,0,0,0,1,0,0
56,12.0,0,0,0,0,0,0,0,0,0,0,0,0.77,0.73,0,0,0,0,1,0,0
293,8.0,48,0,192,360,9,32,90,140,54,0,0,0.97,0.97,0,0,0,0,1,0,0
0,3.0,0,30,30,30,0,0,0,0,0,0,0,0.43,0.46,0,1,0,1,1,0,1
310,8.0,80,150,375,600,73,235,446,725,131,0,0,0.93,0.96,0,0,0,0,1,0,0
98,8.0,36,474,606,756,98,342,521,614,0,0,0,0.93,0.93,0,0,0,0,1,0,0
10,2.0,0,0,0,0,0,0,0,0,0,0,0,0.64,0.29,0,0,0,0,1,0,0
2,8.0,0,5,10,14,0,2,7,14,0,0,0,0.0,0.0,0,0,0,0,1,0,1
7,9.0,0,0,0,0,1,2,2,4,0,0,0,0.86,0.69,0,0,0,0,1,0,0
0,4.0,0,18,30,34,2,2,2,2,0,0,0,0.62,0.73,2,1,0,1,1,0,1
0,4.0,0,2,2,2,0,0,0,0,0,0,0,0.7,0.66,0,0,0,0,1,0,0
12,2.0,0,0,0,0,0,0,0,0,1,0,0,0.98,0.83,0,1,0,0,1,0,0
295,4.0,136,240,360,480,35,140,311,548,60,0,0,0.73,0.78,0,0,0,0,1,0,0
54,8.0,0,0,0,0,3,10,17,26,15,0,0,0.84,0.83,0,0,0,1,1,0,0
86,12.0,0,0,0,0,6,21,35,46,11,0,0,0.93,0.95,0,0,0,0,1,0,0
107,8.0,6,216,432,648,50,176,389,627,27,0,0,0.85,0.82,0,0,0,0,1,0,0
2,8.0,0,13,19,28,4,9,20,26,2,0,0,0.99,0.99,0,0,0,0,1,0,1
0,8.0,0,3,5,6,1,4,4,5,0,0,0,0.86,0.88,0,0,0,0,1,0,1
6,4.0,0,0,0,0,0,0,0,0,0,0,0,0.73,0.78,0,0,0,0,1,0,0
5,8.0,0,25,25,38,6,18,34,50,0,0,0,0.72,0.72,0,0,0,0,1,0,1
7,4.0,0,0,0,0,0,0,0,2,0,0,0,0.73,0.78,0,0,0,0,1,0,1
0,8.0,0,2,2,3,2,2,3,6,0,0,0,0.96,0.97,0,0,0,0,1,0,1
0,9.0,0,2,3,4,0,0,2,4,1,0,0,0.87,0.72,0,0,0,0,1,0,1
6,8.0,0,10,20,30,3,4,10,27,2,0,0,1.0,0.92,0,0,0,0,1,0,1
0,12.0,0,2,4,5,0,1,2,3,0,0,1,0.63,0.72,0,0,0,1,1,0,1
4,14.0,0,0,0,0,0,0,0,0,3,0,0,0.99,0.99,0,0,0,0,1,0,0
11,2.0,0,0,0,0,0,0,0,0,2,0,0,0.31,0.18,0,1,0,0,1,0,0
0,8.0,0,11,11,11,0,0,1,1,1,0,0,0.42,0.36,0,0,0,0,1,0,1
41,2.0,0,0,0,0,1,4,11,15,2,0,0,0.0,0.0,0,1,0,0,1,0,0
39,8.0,0,0,18,36,8,18,25,42,5,0,0,1.0,0.96,0,0,0,0,1,0,0
4,8.0,0,0,0,0,0,0,0,0,0,0,0,0.95,0.97,0,0,0,1,1,0,0
257,8.0,21,320,640,960,42,195,431,685,76,0,0,0.97,0.96,0,0,0,0,1,0,0
4,2.0,0,0,0,0,1,1,1,1,0,0,0,0.53,0.54,0,1,0,0,1,0,0
0,2.0,0,8,8,8,0,2,3,3,1,0,0,0.85,0.83,1,0,0,0,1,0,1
-1,8.0,0,10,15,19,2,4,7,16,0,0,0,0.74,0.76,1,0,0,0,1,0,1
6,9.0,0,12,24,33,5,16,40,54,2,0,0,0.7,0.66,0,0,0,0,1,0,1
17,12.0,16,168,264,328,40,116,208,333,36,0,4,0.62,0.73,0,0,0,0,1,0,1
9,8.0,0,1621,2321,2951,286,855,1503,2283,319,0,70,0.05,0.12,32,0,0,0,1,0,1
0,8.0,0,0,0,0,0,0,0,0,0,0,0,0.91,0.94,0,0,0,0,1,0,0
0,8.0,0,12,12,24,1,4,11,15,1,0,0,0.97,0.97,0,0,0,0,1,0,1
13,52.0,0,0,0,0,0,0,0,0,2,0,0,0.9,0.95,0,1,0,0,1,0,0
2,0.0,0,29,43,57,3,16,30,50,3,0,0,0.0,0.0,0,0,0,0,0,0,1
2,8.0,0,0,0,0,3,3,3,3,1,0,0,0.42,0.41,0,0,0,0,1,0,1
5,8.0,0,0,0,0,0,0,0,0,1,0,0,0.76,0.77,0,0,0,0,1,0,0
9,8.0,0,14,22,38,9,17,35,55,14,0,0,1.0,0.89,0,0,0,0,1,0,1
3,8.0,0,0,0,0,0,0,0,0,1,0,0,0.42,0.36,0,0,0,0,1,0,0
1,8.0,0,0,0,0,0,0,0,0,1,0,0,0.8,0.82,0,0,0,0,1,0,0
23,8.0,0,30,60,60,14,56,88,121,0,0,0,0.82,0.78,0,0,0,0,1,0,1
2,2.0,0,2,2,2,4,6,8,14,0,0,0,0.5,0.25,0,1,0,0,1,0,1
19,8.0,2,455,722,1028,78,286,655,963,68,0,24,0.73,0.68,6,0,0,0,1,0,1
5,2.0,2,20,44,68,2,15,24,31,4,0,0,1.0,0.93,0,0,0,0,1,0,1
6,12.0,0,0,0,0,0,0,0,0,0,0,0,0.74,0.74,0,0,0,1,1,0,0
5,8.0,0,0,0,0,0,2,3,5,1,0,0,0.95,0.97,0,1,0,0,1,0,0
0,12.0,0,8,12,18,3,6,10,14,0,0,0,0.66,0.69,0,0,0,0,1,0,1
10,2.0,0,0,0,0,5,33,33,33,0,0,0,0.69,0.69,0,0,0,0,1,0,1
0,8.0,0,7,7,7,0,0,4,4,0,0,2,0.37,0.36,0,0,0,0,1,0,1
8,8.0,4,12,24,40,1,12,26,37,8,0,0,0.43,0.46,0,0,0,0,1,0,0
96,12.0,0,0,0,0,0,0,1,1,0,0,0,0.96,0.86,0,0,0,0,1,0,0
8,8.0,0,0,0,0,1,2,3,9,0,0,0,0.71,0.75,0,0,0,0,1,0,0
0,8.0,0,10,10,10,0,2,4,9,0,0,0,0.17,0.33,0,0,0,0,1,0,1
-55,8.0,2,428,526,606,25,100,205,387,52,0,0,-99.0,-99.0,56,0,0,0,1,0,1
1250,12.0,0,0,0,0,0,0,0,0,1,0,0,0.63,0.63,0,1,0,0,1,0,0
2,8.0,0,0,0,0,0,0,0,0,0,0,0,0.83,0.86,0,0,0,0,1,0,0
9,2.0,0,0,0,0,0,1,1,1,0,0,0,0.8,0.82,0,1,0,0,1,0,0
2,12.0,0,0,0,0,0,0,0,0,0,0,0,0.63,0.72,0,0,0,0,1,0,0
3,8.0,0,7,14,14,3,6,15,18,0,0,0,1.0,1.0,0,0,0,0,1,0,1
0,2.0,0,12,18,18,0,0,0,0,1,0,0,0.94,0.95,0,0,0,1,1,0,1
144,12.0,0,0,0,0,1,8,13,23,1,0,0,0.93,0.88,0,0,0,0,1,0,0
0,8.0,1,7,7,7,0,4,8,11,0,0,2,0.92,0.89,0,0,0,0,1,0,1
459,8.0,194,320,640,960,101,311,591,969,99,0,0,0.95,0.96,0,0,0,1,1,0,0
2,9.0,0,43,64,85,2,15,37,51,3,0,0,0.54,0.47,0,0,0,0,1,0,1
3076,8.0,0,600,3000,3600,334,1067,2691,5130,615,0,0,0.25,0.31,0,0,0,0,1,0,0
2,12.0,0,0,0,0,0,0,0,0,0,0,0,0.57,0.7,0,0,0,0,1,0,0
19,2.0,0,0,0,0,1,1,4,5,2,0,0,0.87,0.93,0,0,0,0,1,0,0
9,9.0,0,0,0,0,0,1,1,1,1,0,0,0.99,0.98,0,0,0,0,1,0,0
6,10.0,0,0,0,0,0,0,0,0,0,0,0,0.89,0.9,0,0,0,0,1,0,0
6,2.0,8,28,56,70,11,21,33,91,0,0,0,0.97,0.92,0,0,0,0,1,0,1
12,2.0,0,0,0,0,0,2,2,5,0,0,0,0.53,0.54,0,1,0,0,1,0,0
0,12.0,0,20,30,50,2,11,24,34,0,0,0,0.9,0.89,0,0,0,0,1,0,1
0,3.0,0,4,4,4,0,2,4,5,0,0,0,0.89,0.9,0,0,0,0,1,0,1
8,2.0,0,0,15,30,1,6,12,14,0,0,0,0.76,0.78,0,0,0,1,1,0,0
0,52.0,0,0,0,0,0,0,0,0,0,0,0,0.99,0.97,0,1,0,0,0,0,0
2,8.0,0,3,5,8,1,3,6,7,0,0,0,0.8,0.82,0,0,0,0,1,0,1
2,8.0,0,2,4,6,2,4,4,8,1,0,0,0.97,0.93,0,0,0,0,1,0,1
7,6.0,0,0,0,0,0,0,0,0,2,0,0,0.81,0.87,0,0,0,0,1,0,0
354,2.0,568,1680,3360,5250,706,2350,3783,5140,289,0,0,0.69,0.69,6,0,0,0,1,0,0
0,8.0,0,4,4,4,4,4,6,6,1,0,0,0.99,0.9,0,0,0,0,1,0,1
6,2.0,0,48,72,96,15,41,58,80,0,0,0,0.0,0.0,0,0,0,0,1,0,1
34,2.0,0,0,0,0,4,6,6,9,0,0,0,1.0,0.78,0,1,0,0,1,0,0
13,6.0,0,6,13,20,1,14,31,45,2,0,0,0.89,0.89,0,0,0,0,1,0,0
236,2.0,0,0,0,0,0,1,1,1,0,0,0,-99.0,-99.0,0,0,0,1,1,0,0
19,10.0,0,0,0,0,0,0,1,2,2,0,0,0.98,0.98,0,0,0,1,1,0,0
0,8.0,0,15,25,35,10,15,15,15,2,0,0,1.0,0.94,0,0,0,0,1,0,1
47,2.0,0,0,0,0,2,2,3,7,0,0,0,-99.0,0.32,0,1,0,0,1,0,0
60,30.0,0,0,0,0,8,26,48,67,3,0,0,0.86,0.86,0,0,0,1,1,0,0
151,8.0,14,98,278,386,28,127,276,420,64,0,0,0.95,0.97,0,0,0,0,1,0,0
245,8.0,122,588,1506,2208,585,1566,3082,4410,121,0,0,0.31,0.41,0,0,0,1,1,0,1
1,8.0,0,2,3,4,0,1,1,3,0,0,0,0.14,0.14,0,0,0,1,1,0,1
245,4.0,190,159,318,318,62,197,413,646,40,0,0,0.73,0.78,0,0,0,0,1,0,0
0,12.0,0,2,4,5,0,1,2,3,0,0,0,0.78,0.78,0,0,0,1,1,0,1
5,2.0,0,4,12,20,8,13,20,32,2,0,0,0.98,0.95,0,0,0,0,1,0,1
0,2.0,0,33,71,104,0,0,0,0,0,0,0,-99.0,-99.0,0,0,0,0,1,0,1
3,8.0,0,0,0,0,0,0,0,0,1,0,0,0.13,0.09,0,0,0,0,1,0,0
2,8.0,0,4,7,11,0,6,9,12,0,0,0,0.98,0.88,0,0,0,0,1,0,1
2,2.0,0,0,0,0,0,1,6,6,0,0,0,0.99,0.99,0,0,0,0,1,0,1
2,11.0,0,31,47,64,10,26,36,45,3,0,0,0.85,0.77,0,0,0,0,1,0,1
146,8.0,44,169,349,529,66,253,506,734,122,0,0,0.99,0.97,0,0,0,0,1,0,0
314,2.0,0,0,0,0,20,47,81,120,23,0,0,0.85,0.95,0,0,0,0,1,0,0
806,8.0,171,632,1152,1542,242,676,1188,1818,302,0,0,0.93,0.9,0,0,0,0,1,0,0
444,8.0,0,0,0,0,0,0,0,0,1,0,0,1.0,0.54,0,0,0,1,1,0,0
145,12.0,4,0,0,200,27,66,110,162,24,0,0,0.94,0.87,0,0,0,0,1,0,0
4,12.0,0,1,6,8,3,4,10,19,0,0,0,0.87,0.75,0,0,0,1,1,0,0
4,3.0,0,5,10,10,4,9,10,15,0,0,0,0.98,0.98,0,0,0,0,1,0,1
27,8.0,51,371,565,887,81,314,571,733,60,0,29,0.79,0.66,3,0,0,0,1,0,1
119,2.0,0,0,0,0,0,0,0,0,2,0,0,1.0,0.98,0,1,0,0,1,0,0
49,52.0,0,0,0,0,0,0,0,0,0,0,0,0.0,0.1,0,1,0,0,1,0,0
1,8.0,0,0,0,0,0,0,0,0,0,0,0,0.46,0.45,0,1,0,0,1,0,0
4,8.0,0,0,5,10,3,6,7,7,0,0,0,0.78,0.76,0,0,0,1,1,0,1
2,9.0,0,0,0,0,0,0,0,0,1,0,0,0.68,0.66,0,0,0,0,1,0,0
61,8.0,1,51,91,131,25,70,125,205,30,0,0,1.0,0.99,0,0,0,0,1,0,0
21,2.0,0,0,0,0,0,0,0,0,1,0,0,0.65,0.41,0,1,0,0,1,0,0
0,2.0,0,14,14,14,0,0,1,1,0,0,0,0.83,0.86,0,1,0,0,0,0,1
47,2.0,0,0,0,0,0,1,5,5,0,0,0,0.93,0.91,0,0,0,0,1,0,0
8,8.0,0,20,40,40,9,27,43,68,2,0,0,0.61,0.62,0,0,0,1,1,0,1
59,2.0,0,0,0,0,0,1,1,9,0,0,0,0.97,0.95,0,0,0,0,1,0,0
0,2.0,0,5,5,5,0,0,0,0,0,0,0,0.0,0.0,0,1,0,1,1,0,1
20,12.0,0,0,0,0,0,0,1,1,0,0,0,0.08,0.12,0,0,0,0,1,0,1
0,9.0,0,6,8,9,1,1,4,10,2,0,0,0.69,0.68,0,0,0,1,1,0,1
-62,8.0,0,120,120,120,1,109,120,133,53,0,0,0.74,0.79,0,0,0,0,1,0,1
7,8.0,0,9,15,24,5,10,18,24,6,0,0,0.91,0.9,0,0,0,0,1,0,0
3,2.0,0,0,0,0,0,0,0,0,0,0,0,0.99,0.96,0,1,0,0,1,0,0
4,10.0,0,0,0,0,0,0,2,3,0,0,0,0.89,0.9,0,0,0,0,1,0,0
202,2.0,0,0,0,0,1,3,6,26,0,0,0,0.92,0.92,0,0,0,0,1,0,0
3,8.0,6,171,271,371,29,112,235,351,30,0,29,0.37,0.54,4,0,0,0,1,0,1
107,52.0,0,0,0,0,0,4,9,15,0,0,0,0.62,0.62,0,1,0,0,0,0,0
0,14.0,0,3,3,4,1,2,3,3,0,0,0,0.89,0.9,0,0,0,0,1,0,1
12,8.0,15,364,578,739,51,198,405,654,39,0,23,0.51,0.53,3,0,0,1,1,0,1
5,8.0,0,7,14,14,2,4,11,17,0,0,0,0.99,0.93,0,0,0,0,1,0,1
91,12.0,0,0,0,0,3,17,42,53,13,0,0,0.9,0.95,0,0,0,0,1,0,0
14,2.0,0,0,0,0,0,0,0,0,0,0,0,0.17,0.17,0,0,0,1,1,0,0
2,8.0,0,24,37,50,2,13,23,44,0,0,0,0.97,0.94,0,0,0,0,1,0,1
35,6.0,0,0,27,27,6,20,39,66,7,0,0,0.78,0.78,0,0,0,1,1,0,1
273,2.0,0,0,0,0,0,0,3,3,1,0,0,0.83,0.86,0,0,0,0,1,0,0
96,4.0,110,40,80,120,30,90,164,278,35,0,0,0.73,0.78,0,0,0,0,1,0,0
1,2.0,4,4,8,16,1,4,15,21,0,0,0,0.75,0.89,0,0,0,0,1,0,1
124,2.0,0,0,0,0,2,3,14,14,1,0,0,0.84,0.62,0,0,0,0,1,0,0
11,9.0,0,7,7,7,0,4,8,13,0,0,0,0.99,0.98,0,0,0,0,1,0,0
30,2.0,0,0,0,0,0,0,0,0,0,0,0,1.0,0.8,0,0,0,1,1,0,0
3,12.0,0,0,0,0,0,0,0,0,0,0,0,0.62,0.73,0,0,0,0,1,0,0
3,12.0,2,1,5,6,0,2,8,13,3,0,0,0.99,0.99,0,0,0,1,1,0,1
340,2.0,525,1176,2328,3456,460,1291,2232,3058,356,0,0,0.95,0.97,0,0,0,0,1,0,0
8,12.0,0,216,336,432,44,126,239,341,31,0,0,0.78,0.78,1,0,0,1,1,0,1
10,8.0,0,0,0,0,0,0,0,0,0,0,0,0.81,0.82,0,0,0,1,1,0,0
6,2.0,0,6,6,12,0,2,2,2,0,0,0,0.44,0.62,0,1,0,0,1,0,0
7,2.0,0,45,45,45,1,5,7,8,1,0,0,0.92,0.96,0,1,0,0,1,0,1
4,2.0,0,24,44,68,6,23,47,66,0,0,0,0.8,0.82,0,0,0,0,1,0,1
16,12.0,0,0,0,0,2,47,51,74,2,0,0,0.85,0.84,0,0,0,0,1,0,0
245,2.0,94,108,144,240,62,106,138,257,85,0,0,0.87,0.8,0,0,0,0,1,0,0
11,9.0,0,0,4,12,1,6,10,24,1,0,0,0.68,0.66,0,0,0,0,1,0,0
0,8.0,0,118,154,208,0,0,0,0,14,0,23,0.91,0.93,0,0,0,0,1,0,1
9,9.0,0,0,0,0,0,0,0,0,0,0,0,0.85,0.82,0,0,0,0,1,0,0
84,2.0,54,206,426,646,0,0,0,0,13,0,0,0.59,0.56,0,1,0,0,1,0,1
0,12.0,0,40,48,48,5,24,37,63,0,0,0,0.78,0.78,0,0,0,1,1,0,1
0,12.0,0,5,8,10,3,3,6,8,0,0,0,0.87,0.67,0,0,0,0,1,0,1
96,8.0,27,67,151,235,37,120,282,415,68,0,0,0.99,0.99,0,0,0,0,1,0,0
2,8.0,0,36,54,72,5,21,36,63,0,0,0,1.0,0.99,0,0,0,0,1,0,1
29,12.0,25,412,712,1048,112,370,633,882,36,0,24,0.66,0.69,0,0,0,0,1,0,1
32,8.0,1,16,70,106,12,25,67,112,0,0,0,1.0,1.0,0,0,0,1,1,0,1
19,15.0,0,0,0,0,2,6,11,13,0,0,0,0.9,0.91,0,0,0,0,1,0,0
20,52.0,0,0,0,0,0,0,0,0,1,0,0,-99.0,-99.0,0,1,0,0,0,0,0
0,9.0,0,12,12,12,0,0,2,6,1,0,0,0.99,0.98,0,0,0,0,1,0,1
10,3.0,0,0,0,0,0,2,7,13,0,0,0,1.0,0.98,0,0,0,0,1,0,0
0,2.0,0,20,30,50,7,20,32,32,2,0,0,0.85,0.94,0,1,0,0,1,0,1
19716,6.0,5688,33660,73260,116820,17654,57154,110997,186070,7080,0,0,0.82,0.51,0,0,0,0,1,0,0
8,2.0,0,0,0,0,8,16,28,38,0,0,0,0.94,0.97,0,0,0,0,1,0,1
2,8.0,0,1,2,3,0,1,2,3,0,0,0,0.79,0.91,0,0,0,0,1,0,0
13,4.0,0,62,86,104,17,40,57,65,0,0,0,0.73,0.78,0,0,0,0,1,0,0
3,4.0,4,18,27,39,10,18,29,39,1,0,0,0.96,0.91,0,0,0,0,1,0,0
0,8.0,0,3,4,5,6,8,10,15,0,0,0,0.89,0.92,0,0,0,0,1,0,1
82,8.0,0,0,0,0,1,6,9,10,0,0,0,0.95,0.96,0,0,0,0,1,0,0
202,52.0,1,0,0,0,22,86,179,294,40,0,0,0.62,0.62,0,1,0,0,1,0,0
10,8.0,0,0,0,0,0,0,0,0,0,0,0,0.81,0.82,0,0,0,0,1,0,0
2,8.0,0,0,0,0,0,0,1,1,0,0,0,0.73,0.9,0,1,0,0,1,0,0
319,8.0,46,276,529,690,64,215,412,721,89,0,0,0.81,0.89,0,0,0,0,1,0,0
0,8.0,0,14,23,23,0,0,0,0,0,0,0,0.66,0.63,0,0,0,1,1,0,1
5,2.0,0,3,4,4,1,1,1,1,1,0,0,0.73,0.86,0,1,0,0,1,0,1
3144,12.0,2,0,0,0,11,41,101,159,16,0,0,0.78,0.78,0,0,0,1,1,0,0
0,14.0,0,12,18,24,5,9,14,20,1,0,0,0.99,0.88,0,0,0,0,1,0,1
10822,4.0,2020,28220,49310,75590,8913,26727,49547,78085,4906,0,0,0.87,0.92,0,0,0,0,1,0,0
11,8.0,0,0,0,0,0,0,0,0,0,0,0,0.0,0.0,0,1,0,0,1,0,0
3,9.0,0,0,0,0,0,0,0,0,0,0,0,0.85,0.83,0,0,0,0,1,0,0
463,8.0,10,144,288,576,87,336,750,1165,218,0,0,0.84,0.87,0,0,0,1,1,0,0
61,2.0,0,734,1251,1882,115,117,117,117,67,0,80,0.67,0.69,1,0,0,0,1,0,1
7,8.0,0,0,0,0,0,3,3,5,1,0,0,0.7,0.61,0,0,0,1,1,0,1
133,4.0,43,45,102,160,29,98,181,275,21,0,0,0.73,0.78,0,0,0,0,1,0,0
51,12.0,1,11,19,46,8,23,50,75,11,0,0,0.98,0.98,0,0,0,1,1,0,0
25,8.0,0,0,0,0,0,0,2,4,2,0,0,0.9,0.84,0,0,0,1,1,0,0
2,8.0,0,40,40,60,10,22,35,49,5,0,0,0.79,0.66,0,0,0,0,1,0,1
3,2.0,0,9,9,9,3,4,9,13,0,0,0,-99.0,0.0,0,0,0,0,1,0,1
0,8.0,0,24,40,56,4,16,25,32,4,0,0,0.74,0.38,0,0,0,0,1,0,1
3,8.0,0,0,0,0,0,0,0,1,1,0,0,0.48,0.57,0,0,0,0,1,0,0
1,8.0,0,5,5,5,2,4,12,18,0,0,0,0.88,0.9,0,0,0,0,1,0,1
2,8.0,0,7,7,14,5,17,27,29,0,0,0,0.95,0.97,0,0,0,0,1,0,1
413,8.0,100,408,758,958,126,458,931,1484,101,0,0,0.99,0.98,0,0,0,0,1,0,0
0,8.0,0,134,196,227,0,0,0,0,17,0,0,0.87,0.68,0,0,0,1,1,0,1
4,9.0,0,0,0,0,0,0,0,0,0,0,0,0.99,0.96,0,0,0,0,1,0,0
14,9.0,0,0,0,0,0,0,0,0,0,0,0,0.54,0.47,0,0,0,0,1,0,0
20,8.0,0,186,291,396,34,204,317,465,60,0,12,0.14,0.57,0,0,0,0,1,0,1
8,4.0,0,0,0,0,0,0,0,0,0,0,0,0.68,0.66,0,1,0,0,1,0,0
0,8.0,0,1,1,1,16,16,16,16,0,0,0,0.79,0.67,0,0,0,0,1,0,1
34,2.0,11,189,339,495,34,115,221,321,22,0,6,0.68,0.64,0,0,0,1,1,0,1
36,9.0,0,0,48,48,8,32,52,84,13,0,0,1.0,0.95,0,0,0,0,1,0,1
7,2.0,0,0,0,0,0,0,0,1,0,0,0,0.75,0.7,0,1,0,0,1,0,0
0,2.0,0,32,70,103,0,0,0,0,0,0,0,-99.0,-99.0,0,0,0,0,1,0,1
10,12.0,3,0,0,0,0,0,0,0,1,0,0,0.58,0.58,0,1,0,0,1,0,0
1,8.0,0,0,0,0,0,0,0,0,0,0,0,0.91,0.95,0,0,0,0,1,0,0
5,4.0,2,0,0,0,0,0,0,0,0,0,0,0.73,0.78,0,1,0,0,1,0,0
4,9.0,0,0,0,0,0,0,0,0,0,0,0,0.68,0.66,0,0,0,0,1,0,0
31,8.0,0,0,0,0,0,0,0,0,0,0,0,0.93,0.97,0,0,0,0,1,0,0
1,9.0,0,2,3,4,3,6,11,17,0,0,0,0.99,0.98,0,0,0,0,1,0,1
4,4.0,0,0,0,0,0,0,0,0,0,0,0,0.68,0.66,0,0,0,0,1,0,0
208,0.0,78,797,1317,1837,202,593,1164,1745,206,0,0,0.0,0.0,0,0,0,0,0,0,1
2,8.0,0,25,45,63,7,26,47,64,0,0,4,0.48,0.53,0,0,0,0,1,0,1
0,8.0,2,20,47,71,6,19,33,43,1,0,0,0.84,0.77,0,0,0,1,1,0,1
66,12.0,4,33,81,129,10,37,83,132,24,0,0,0.98,0.99,0,0,0,0,1,0,0
0,3.0,0,0,285,465,0,0,1,1,62,0,0,0.92,0.96,0,0,0,0,1,0,1
134,12.0,0,300,450,525,79,168,286,428,52,0,0,0.98,0.95,0,0,0,0,1,0,0
0,2.0,0,18,54,54,4,13,21,30,0,0,0,0.87,0.83,0,0,0,0,1,0,1
5,2.0,0,5,15,20,0,2,6,15,0,0,0,1.0,1.0,0,0,0,0,1,0,1
1,12.0,0,0,0,0,1,1,1,2,0,0,0,0.74,0.74,0,0,0,0,1,0,1
10,2.0,0,0,0,0,0,0,0,0,0,0,0,0.77,0.89,0,0,0,1,1,0,0
1,8.0,0,0,0,0,0,0,0,0,0,0,0,0.96,0.85,0,0,0,0,1,0,0
105,52.0,0,0,0,0,7,18,44,69,0,0,0,1.0,0.99,0,1,0,0,1,0,0
170,8.0,0,0,0,0,2,4,6,10,2,0,0,0.99,0.99,0,1,0,1,1,0,0
0,2.0,0,35,46,46,0,0,0,0,0,0,0,0.0,0.0,0,0,0,0,1,0,1
-111,9.0,0,431,431,431,52,69,156,199,3,0,69,0.86,0.84,112,0,0,0,1,0,1
7,12.0,0,0,0,0,0,0,0,0,0,0,0,0.89,0.89,0,0,0,0,1,0,0
103,4.0,5,0,0,0,6,13,34,51,10,0,0,0.95,0.86,0,0,0,0,1,0,0
8,8.0,0,0,1,3,3,5,8,15,4,0,0,1.0,0.92,0,0,0,0,1,0,0
0,8.0,0,142,242,242,0,0,0,0,11,0,0,0.41,0.47,0,1,0,0,1,0,1
3,13.0,0,1,4,6,2,3,3,5,0,0,0,0.8,0.82,0,0,0,0,1,0,1
16,2.0,0,0,0,0,0,0,0,0,1,0,0,1.0,1.0,0,1,0,0,1,0,0
1000,12.0,0,0,0,0,0,0,0,0,0,0,0,0.95,0.86,0,0,0,0,1,0,0
2,2.0,0,4,4,4,2,4,4,4,0,0,0,0.33,0.64,0,0,0,0,1,0,1
18,8.0,0,20,32,64,9,19,39,65,0,0,0,0.95,0.87,0,0,0,0,1,0,0
0,8.0,0,16,21,31,9,21,45,60,3,0,0,0.89,0.9,0,0,0,0,1,0,1
0,8.0,0,2,4,5,3,4,6,9,2,0,0,0.99,0.99,0,0,0,0,1,0,1
25,12.0,0,0,0,0,0,0,0,0,0,0,0,0.78,0.78,0,0,0,0,1,0,0
1,8.0,0,2,4,5,1,3,3,7,0,0,0,0.78,0.86,0,0,0,1,1,0,1
5,3.0,0,25,30,40,8,19,29,41,0,0,0,0.49,0.72,0,1,0,0,1,0,1
1,8.0,0,32,48,48,16,37,64,85,2,0,0,0.58,0.57,0,0,0,0,1,0,1
21,8.0,0,0,50,50,0,0,0,0,0,0,0,0.99,0.97,0,0,0,0,1,0,1
6,2.0,1,8,24,32,1,4,13,27,0,0,0,0.82,0.89,0,0,0,1,1,0,1
0,2.0,0,4,4,4,0,0,0,0,1,1,0,0.91,0.94,0,0,0,0,1,0,0
12,8.0,1,4,20,32,2,4,12,21,3,0,0,0.78,0.72,0,0,0,1,1,0,0
9,2.0,0,7,15,15,7,8,8,8,0,0,0,1.0,1.0,0,0,0,0,1,0,1
11,8.0,0,0,0,0,1,2,3,3,0,0,0,0.79,0.66,0,0,0,0,1,0,0
2,8.0,0,3,6,9,1,4,4,8,0,0,0,0.84,0.89,0,0,0,0,1,0,1
0,2.0,0,24,39,59,0,0,0,0,0,0,0,0.78,0.82,0,0,0,1,1,0,1
100,2.0,0,420,780,1110,135,285,362,377,0,0,0,0.94,0.95,0,0,0,0,1,0,1
0,12.0,0,8,11,14,0,2,6,10,0,0,0,0.78,0.78,0,0,0,0,1,0,1
6,2.0,0,3,4,4,0,0,0,0,0,0,0,0.66,0.66,0,1,0,0,1,0,0
3,2.0,0,24,48,72,11,28,44,67,0,0,0,0.98,0.97,0,0,0,0,1,0,1
3632,12.0,42,0,0,0,68,263,524,925,140,0,0,0.77,0.73,0,0,0,1,1,0,0
4,12.0,0,20,42,57,3,10,21,32,0,0,0,0.66,0.67,0,0,0,0,1,0,1
-2,9.0,0,53,90,122,10,51,81,113,13,0,0,0.54,0.7,4,0,0,0,1,0,1
-53,8.0,6,1344,2088,2760,262,837,1582,2453,212,0,78,0.93,0.91,53,0,0,0,1,0,1
6419,2.0,24,0,0,0,868,3120,6241,6520,399,0,0,0.93,0.92,0,0,0,0,1,0,0
2,2.0,0,43,70,97,11,22,41,68,20,0,0,0.09,0.37,0,0,0,0,1,0,1
4,8.0,0,0,0,0,0,0,0,0,1,0,0,1.0,0.99,0,0,0,0,1,0,0
2,6.0,0,3,5,7,2,3,7,10,0,0,0,0.78,0.78,0,0,0,0,1,0,1
-2999,9.0,0,5809,5809,6187,0,9,9,21,0,0,0,0.94,0.79,2999,1,0,0,1,0,1
41,8.0,0,0,0,0,0,0,0,0,0,0,0,0.97,0.94,0,0,0,0,1,0,0
202,8.0,8,163,345,553,60,206,440,689,140,0,0,0.99,0.91,0,0,0,0,1,0,0
7,4.0,0,0,0,0,0,0,0,0,0,0,0,0.24,0.14,0,1,0,0,1,0,0
2,8.0,0,7,11,15,1,5,7,13,0,0,0,0.79,0.66,0,0,0,0,1,0,1
7,2.0,0,5,10,15,2,6,15,22,0,0,0,0.99,0.99,0,0,0,0,1,0,1
501,8.0,216,731,1271,1751,204,541,1066,1708,359,0,0,0.99,0.98,0,0,0,0,1,0,0
82,8.0,33,185,260,408,64,160,295,417,74,0,22,0.77,0.68,0,0,0,0,1,0,0
12,4.0,0,1,1,1,1,2,2,2,0,0,0,0.24,0.14,0,1,0,0,1,0,0
5,8.0,0,0,0,0,0,1,4,7,1,0,0,0.95,0.87,0,0,0,0,1,0,0
2020,2.0,55,2500,5500,8500,1221,3719,6473,8631,771,0,0,0.88,0.94,8,0,0,0,1,0,0
38,8.0,0,0,0,0,0,0,0,0,0,0,0,-99.0,0.5,0,0,0,0,1,0,0
9,4.0,12,13,31,46,2,9,22,31,0,0,0,0.73,0.78,0,0,0,0,1,0,0
8,2.0,0,6,21,36,14,35,65,66,0,0,0,0.79,0.89,0,0,0,0,1,0,1
0,8.0,0,3,3,3,0,1,1,3,1,0,0,0.64,0.67,0,0,0,0,1,0,1
57,8.0,0,34,34,34,7,17,31,63,6,0,0,1.0,0.94,0,0,0,0,1,0,0
0,2.0,0,3,3,3,1,15,16,17,0,0,0,0.42,0.36,0,0,0,0,1,0,1
47,8.0,0,0,0,0,0,0,0,0,1,0,0,0.81,0.83,0,0,0,1,1,0,0
0,2.0,0,20,30,30,0,0,0,0,0,0,0,0.16,0.5,0,1,0,0,1,0,1
10,2.0,0,0,0,0,0,2,2,2,0,0,0,0.99,0.99,0,0,0,0,1,0,0
7,9.0,0,0,0,0,0,0,0,0,0,0,0,0.91,0.77,0,1,0,0,1,0,0
5,8.0,0,35,53,89,4,18,35,55,4,0,0,0.14,0.32,0,0,0,0,1,0,1
18,9.0,0,74,134,198,21,61,62,62,0,1,14,0.99,0.98,0,1,0,1,1,0,1
9,2.0,1,11,26,40,1,11,34,45,3,0,0,0.95,0.96,0,0,0,0,1,0,1
153,8.0,32,72,245,413,48,157,364,558,93,0,0,0.93,0.9,0,0,0,0,1,0,0
123,9.0,0,0,0,0,0,1,1,1,1,0,0,0.96,0.96,0,0,0,1,1,0,0
8,8.0,0,24,36,48,17,34,47,86,4,0,0,0.5,0.35,1,0,0,0,1,0,1
15,8.0,0,0,5,15,0,5,12,18,0,0,0,0.79,0.87,0,0,0,0,1,0,0
0,2.0,0,33,57,81,0,0,0,0,3,0,6,0.94,0.94,0,0,0,1,1,0,1
0,2.0,0,91,163,235,0,0,0,0,17,1,18,0.99,0.95,0,0,0,0,1,0,1
3,8.0,0,0,0,0,0,0,1,1,0,0,0,0.99,0.98,0,0,0,0,1,0,0
3,8.0,0,12,12,12,0,5,12,18,0,0,6,0.17,0.33,0,0,0,0,1,0,1
17,12.0,0,29,56,92,18,45,87,113,14,0,0,0.94,0.87,0,0,0,0,1,0,1
7,2.0,0,0,0,0,0,0,0,0,0,0,0,1.0,0.99,0,1,0,0,1,0,0
4,8.0,0,8,22,36,4,11,20,30,3,0,0,0.87,0.89,0,0,0,0,1,0,1
-1,12.0,0,6,8,11,0,4,6,7,2,0,0,0.95,0.9,1,0,0,0,1,0,1
22,2.0,0,48,48,48,20,26,26,26,9,0,0,0.27,0.2,0,1,0,0,1,0,1
0,2.0,0,11,11,11,0,0,0,0,0,0,0,0.93,0.95,0,1,0,0,1,0,0
3,0.0,0,0,0,0,3,3,3,3,1,0,0,0.0,0.0,0,0,0,1,1,0,1
24,2.0,0,0,0,0,0,1,1,2,0,0,0,0.66,0.6,0,0,0,0,1,0,0
1,9.0,0,5,6,7,1,1,4,6,1,0,0,0.34,0.41,0,0,0,0,1,0,1
4,8.0,0,0,0,2,0,1,5,10,2,0,0,0.91,0.89,0,0,0,0,1,0,0
6,2.0,0,0,4,6,0,4,5,11,0,0,0,0.99,0.97,0,0,0,0,1,0,1
3,8.0,0,0,6,6,0,3,3,4,0,0,0,0.9,0.88,0,0,0,0,1,0,1
10,2.0,0,5,20,30,5,18,45,62,0,0,0,0.78,0.82,0,0,0,0,1,0,1
16,2.0,0,0,8,16,5,11,18,33,0,0,0,0.77,0.81,0,0,0,0,1,0,0
1356,8.0,1098,6121,9721,11321,859,2392,5276,11015,1352,0,0,0.77,0.82,0,0,0,0,1,0,0
14,2.0,0,0,0,0,0,0,0,0,0,0,0,0.26,0.32,0,1,0,0,1,0,0
2,8.0,0,4,5,8,5,11,14,26,0,0,0,0.96,0.96,0,0,0,0,1,0,1
6,2.0,0,0,40,40,0,0,0,0,0,0,0,1.0,1.0,0,1,0,0,1,0,1
7,8.0,1,21,30,45,4,13,25,39,5,0,0,0.96,0.98,0,0,0,0,1,0,1
5,4.0,0,0,2,3,1,2,4,7,0,0,0,0.73,0.78,0,0,0,0,1,0,0
5,2.0,0,1,2,3,1,3,4,5,0,0,0,0.42,0.36,0,1,0,0,1,0,0
1,8.0,0,2,3,5,1,2,3,3,0,0,0,0.76,0.81,0,0,0,0,1,0,1
0,2.0,0,4,7,8,0,0,0,0,1,0,0,-99.0,0.0,0,0,0,0,1,0,0
0,8.0,0,40,60,80,4,17,29,47,0,0,0,0.98,0.98,0,0,0,0,1,0,1
3,8.0,0,0,0,0,0,0,0,0,0,0,0,0.46,0.35,0,0,0,0,1,0,0
3,4.0,0,1032,1752,2592,254,824,1576,2171,224,0,96,0.82,0.79,19,0,0,0,1,0,1
2,2.0,0,0,0,0,0,0,1,1,0,0,0,0.91,0.82,0,1,0,0,1,0,1
199,2.0,126,270,520,720,163,384,614,840,77,0,0,1.0,1.0,0,0,0,0,1,0,0
5,8.0,0,100,100,100,5,18,35,54,5,0,100,0.81,0.89,0,0,0,0,1,0,1
0,8.0,0,3,4,6,3,4,4,7,0,0,0,0.95,0.97,0,0,0,1,1,0,1
4,4.0,0,0,2,3,2,3,4,6,0,0,0,0.68,0.66,0,1,0,0,1,0,1
1572,8.0,0,0,0,0,0,0,0,0,0,0,0,-99.0,-99.0,0,0,0,0,1,0,0
-1,8.0,1,15,15,15,1,6,30,35,8,0,0,0.33,0.57,2,0,0,0,1,0,1
0,8.0,0,5,9,12,0,4,5,8,0,0,0,0.17,0.33,0,0,0,0,1,0,1
5,8.0,0,0,0,0,0,0,0,0,0,0,0,0.81,0.91,0,0,0,0,1,0,0
102,8.0,4,162,322,485,48,164,370,556,39,0,0,0.81,0.67,0,0,0,0,1,0,0
0,2.0,0,5874,10270,11918,0,0,0,0,643,0,0,0.86,0.91,0,0,0,0,1,0,1
0,2.0,0,12,12,22,2,5,5,5,0,0,0,0.3,0.16,0,1,0,0,1,0,1
118,52.0,0,0,0,0,1,5,7,7,0,0,0,0.72,0.77,0,1,0,0,1,0,0
20,13.0,0,24,36,48,18,47,83,112,5,0,0,0.61,0.73,0,0,0,0,1,0,1
11,8.0,0,0,10,10,3,9,16,22,0,0,0,0.98,0.99,0,0,0,0,1,0,0
12,8.0,0,0,0,0,0,1,3,9,0,0,0,0.93,0.8,0,0,0,0,1,0,0
14,8.0,0,30,60,90,17,46,83,122,0,0,0,0.85,0.78,0,0,0,0,1,0,1
5,0.0,0,510,630,630,18,121,241,352,25,0,0,0.0,0.0,0,0,0,0,1,0,1
4,8.0,0,24,72,72,9,18,34,54,1,0,0,0.98,0.98,0,0,0,0,1,0,1
0,2.0,0,50,50,50,0,0,0,0,0,0,0,0.0,0.29,0,1,0,0,1,0,1
3,8.0,0,19,19,19,2,3,5,5,0,0,0,0.89,0.88,0,0,0,0,1,0,1
101,9.0,0,0,0,0,12,21,40,57,0,0,0,0.94,0.79,0,0,0,0,1,0,0
12,2.0,0,18,54,72,4,24,48,59,5,0,0,1.0,1.0,0,0,0,0,1,0,0
425,8.0,0,0,550,1100,50,292,727,985,0,0,0,1.0,0.93,0,0,0,0,1,0,0
8,8.0,0,0,0,0,0,0,0,0,0,0,0,1.0,1.0,0,0,0,0,1,0,0
641,8.0,288,1152,2016,2592,219,1024,1944,3038,183,0,288,0.0,0.01,0,0,0,1,1,0,0
0,12.0,0,6,12,12,1,3,7,8,0,0,0,0.44,0.38,0,0,0,0,1,0,1
7,8.0,1,0,0,0,0,0,1,1,0,0,0,0.37,0.36,0,1,0,0,1,0,0
314,8.0,0,0,0,0,5,15,40,74,79,0,0,1.0,0.84,0,0,0,1,1,0,0
14,8.0,0,6,16,34,16,36,64,90,12,0,0,0.92,0.95,0,0,0,0,1,0,1
2,8.0,0,30,30,45,5,14,24,47,4,0,0,0.0,0.2,0,0,0,0,1,0,1
193,8.0,41,0,66,178,33,133,335,478,61,0,0,0.1,0.27,0,0,0,0,1,0,0
3,8.0,0,25,25,25,5,14,20,27,2,0,0,0.98,0.97,0,0,0,0,1,0,1
11,8.0,8,10,19,28,5,14,30,39,0,0,0,0.98,0.99,0,0,0,0,1,0,1
1,12.0,0,18,18,18,0,2,8,15,0,0,12,0.78,0.78,0,0,0,0,1,0,1
15,8.0,0,3,3,3,0,2,5,10,0,0,0,0.9,0.94,0,0,0,0,1,0,0
101,4.0,18,52,97,132,13,48,86,140,14,0,0,0.73,0.78,0,0,0,0,1,0,0
4,2.0,0,0,0,0,0,0,0,0,0,0,0,0.82,0.83,0,1,0,0,1,0,0
0,8.0,8,0,0,0,0,1,2,2,0,0,0,0.9,0.9,0,0,0,0,1,0,0
0,2.0,0,5,7,7,0,0,0,0,0,0,0,0.62,0.73,0,1,0,0,1,0,0
0,8.0,0,2,3,4,2,3,3,3,1,0,0,0.74,0.76,0,0,0,0,1,0,1
3,12.0,0,0,0,0,0,0,0,0,0,0,0,0.74,0.74,0,0,0,1,1,0,0
5,8.0,0,3,5,9,0,7,10,21,0,0,0,0.96,0.96,0,0,0,0,1,0,1
62,4.0,0,0,0,0,0,10,15,15,0,0,0,0.77,0.8,0,0,0,0,1,0,0
8,2.0,0,12,24,24,4,4,4,4,1,0,0,0.78,0.73,0,1,0,0,1,0,1
-1,8.0,0,18,18,30,2,6,16,22,1,0,0,0.17,0.34,1,0,0,0,1,0,1
5,2.0,0,1,1,1,3,4,4,4,0,0,0,1.0,0.95,0,1,0,0,1,0,1
19,2.0,0,0,0,0,1,2,4,4,1,0,0,0.85,0.8,0,1,0,0,1,0,1
37,8.0,0,0,0,0,0,3,22,57,0,0,0,-99.0,-99.0,0,1,0,0,1,0,0
1,12.0,12,18,24,29,2,8,19,26,4,0,1,0.09,0.25,0,0,0,0,1,0,1
72,12.0,0,68,294,431,0,0,0,0,0,0,0,0.93,0.89,0,0,0,0,1,0,1
41,4.0,0,0,0,0,1,2,4,6,1,0,0,0.73,0.78,0,0,0,1,1,0,0
0,2.0,0,4,4,4,0,0,0,0,0,0,0,0.0,0.0,0,1,0,1,1,0,1
5,6.0,0,40,72,104,5,22,51,70,14,0,0,0.64,0.67,0,0,0,0,1,0,1
1,12.0,0,0,0,0,0,0,0,0,0,0,0,0.63,0.72,0,0,0,0,1,0,0
11,0.0,0,30,50,50,0,0,1,3,1,0,0,0.0,0.0,0,0,0,0,0,0,0
2,8.0,0,1,2,3,0,1,2,2,0,0,0,0.98,0.97,0,0,0,0,1,0,1
3,10.0,0,11,15,23,2,8,10,14,0,0,0,0.89,0.9,0,0,0,0,1,0,1
1,8.0,0,3,4,4,1,3,4,8,0,0,0,0.79,0.66,0,0,0,0,1,0,1
1,8.0,0,24,36,48,1,13,23,45,0,0,0,0.86,0.9,0,0,0,0,1,0,1
0,2.0,0,11,11,11,2,2,2,2,0,0,0,1.0,0.97,0,1,0,0,1,0,1
3,2.0,0,20,40,60,6,20,29,32,0,0,0,0.99,0.98,0,0,0,0,1,0,1
3,8.0,0,0,0,0,0,0,0,0,0,0,0,0.98,0.95,0,1,0,0,1,0,0
0,2.0,0,185,362,543,0,0,0,0,0,0,0,0.97,0.92,0,0,0,1,1,0,1
10,12.0,0,0,0,0,0,0,0,0,1,0,0,0.58,0.58,0,1,0,0,1,0,0
0,2.0,0,6,6,6,0,0,0,0,1,0,0,0.94,0.92,0,1,0,0,1,0,1
4,8.0,9,62,116,170,13,50,158,242,13,0,0,0.69,0.69,0,0,0,0,1,0,1
8,2.0,0,30,60,60,11,27,71,92,14,0,0,0.77,0.82,0,0,0,0,1,0,1
2,12.0,0,0,0,0,0,0,0,0,0,0,0,0.62,0.73,0,0,0,0,1,0,0
5,9.0,0,0,0,0,0,0,2,4,0,0,0,0.99,0.98,0,0,0,0,1,0,0
27575,8.0,0,0,0,0,0,0,0,0,0,0,0,0.97,0.96,0,0,0,0,1,0,0
0,2.0,0,166,206,226,2,6,6,6,12,0,0,0.1,0.04,2,1,0,1,1,0,1
1,2.0,0,2,4,5,1,2,3,6,0,0,0,0.99,0.97,0,0,0,0,1,0,1
7,8.0,0,0,0,0,0,0,1,1,0,0,0,0.99,0.99,0,0,0,0,1,0,0
11,2.0,0,0,0,0,0,0,0,0,0,0,0,0.0,0.0,0,0,0,0,1,0,0
0,2.0,0,4,8,12,2,6,10,11,0,0,0,0.78,0.86,0,0,0,0,1,0,1
56,8.0,0,23,55,82,11,37,69,119,21,0,0,0.49,0.5,0,0,0,0,1,0,0
0,12.0,0,30,30,30,0,0,0,2,3,0,0,0.0,0.0,0,0,0,0,1,0,1
578,2.0,130,1442,2464,3486,719,2136,4096,6308,236,0,0,0.63,0.63,0,0,0,0,1,0,0
0,4.0,0,2992,3392,4480,0,0,0,0,0,0,1488,0.99,0.99,0,0,0,0,1,0,1
4,2.0,0,20,30,40,2,10,23,34,0,0,0,0.81,0.89,0,0,0,0,1,0,0
10,8.0,0,0,0,0,0,0,0,0,1,0,0,0.91,0.9,0,0,0,0,1,0,0
2,8.0,0,8,18,32,4,20,39,50,2,0,0,0.84,0.78,0,0,0,0,1,0,1
2,9.0,0,0,0,0,0,0,0,0,0,0,0,0.85,0.83,0,0,0,0,1,0,0
2,9.0,0,0,0,0,0,0,0,0,0,0,0,0.69,0.68,0,0,0,0,1,0,0
-3,16.0,0,13,28,28,4,8,13,19,2,0,0,0.62,0.62,3,1,0,1,1,0,1
92,2.0,7,287,410,615,99,218,359,488,78,0,0,0.91,0.86,0,0,0,0,1,0,0
3,12.0,0,0,0,0,0,0,0,0,0,0,0,0.57,0.7,0,0,0,0,1,0,0
41,2.0,2,205,338,475,40,138,268,405,63,1,24,0.66,0.69,0,0,0,1,1,0,1
0,8.0,0,0,0,0,0,0,0,0,0,0,0,0.87,0.78,0,0,0,1,0,1,0
23,8.0,0,0,0,0,1,1,8,14,0,0,0,0.5,0.75,0,0,0,1,1,0,0
1,8.0,0,0,0,0,0,0,0,0,0,0,0,0.98,0.98,0,0,0,0,1,0,0
-506,8.0,247,2128,2848,3568,535,2060,2973,4028,420,0,300,0.82,0.89,516,0,0,0,1,0,0
0,2.0,0,6,6,6,0,0,0,0,0,0,0,0.8,0.82,0,0,0,1,1,0,1
0,12.0,0,62,62,62,0,0,0,0,1,0,0,0.76,0.53,0,0,0,0,1,0,1
0,8.0,0,10,20,30,1,3,13,16,0,0,0,1.0,0.94,0,0,0,0,1,0,1
5,2.0,0,30,50,60,9,24,37,62,4,0,0,0.98,0.97,0,0,0,0,1,0,1
4,2.0,0,10,20,30,2,9,20,35,2,0,0,0.99,0.93,0,0,0,0,1,0,1
10,12.0,0,0,0,0,0,0,0,0,1,0,0,0.63,0.63,0,1,0,0,1,0,0
13,12.0,0,0,0,0,0,0,0,0,1,0,0,0.48,0.48,0,1,0,0,1,0,0
8,2.0,0,0,0,0,0,0,0,0,0,0,0,0.17,0.33,0,1,0,0,1,0,0
2,8.0,13,16,28,40,7,20,33,40,4,0,0,0.86,0.81,0,0,0,0,1,0,0
7,9.0,0,10,22,32,8,23,41,53,2,0,0,0.68,0.66,0,0,0,0,1,0,1
92,8.0,0,0,0,0,0,2,4,6,3,0,0,0.89,0.93,0,0,0,0,1,0,0
0,8.0,0,8,16,16,2,7,13,15,9,0,0,0.97,0.9,0,0,0,0,1,0,1
0,12.0,0,4,4,4,1,6,7,9,0,0,0,0.78,0.78,0,0,0,0,1,0,1
80,2.0,0,0,0,0,3,13,17,21,0,0,0,0.85,0.8,0,1,0,0,1,0,1
29,8.0,0,576,768,960,41,173,315,595,101,0,0,0.0,0.0,15,0,0,0,1,0,1
3,8.0,0,7,13,20,3,5,8,16,0,0,1,0.96,0.96,0,0,0,0,1,0,0
27,8.0,0,200,280,440,102,244,383,429,0,0,0,0.96,0.97,0,0,0,0,1,0,1
48,8.0,0,0,0,0,0,0,0,0,0,0,0,1.0,1.0,0,0,0,0,1,0,0
59,2.0,0,0,0,0,0,0,0,2,0,0,0,0.98,0.93,0,1,0,1,1,0,0
7,9.0,0,12,24,36,2,13,31,44,0,0,0,0.87,0.72,0,0,0,0,1,0,0
12,2.0,0,0,0,0,0,0,0,0,0,0,0,1.0,1.0,0,0,0,0,1,0,0
12,2.0,0,0,0,0,0,0,0,0,0,0,0,0.78,0.75,0,1,0,0,1,0,0
2,8.0,0,20,20,20,2,4,8,11,0,0,0,0.52,0.46,0,0,0,1,1,0,1
0,8.0,0,0,0,0,0,0,0,0,0,0,0,0.97,0.96,0,0,0,0,1,0,0
2,8.0,1,4,7,11,2,4,8,15,1,0,0,0.84,0.83,0,0,0,0,1,0,1
7,2.0,0,12,20,20,16,28,28,28,0,0,0,0.61,0.62,0,1,0,0,1,0,1
9,2.0,0,18,39,66,1,13,31,38,0,0,0,0.99,0.99,0,0,0,0,1,0,0
3,8.0,0,5,10,15,1,5,7,11,0,0,0,0.8,0.82,0,0,0,0,1,0,1
3,4.0,0,0,0,0,0,0,0,0,0,0,0,0.73,0.78,0,0,0,0,1,0,0
224,2.0,0,0,0,0,3,11,23,36,3,0,0,0.97,0.98,0,0,0,0,1,0,0
1369,2.0,1,1800,3000,5100,597,2368,4320,5840,545,0,0,1.0,0.92,0,0,0,0,1,0,0
0,2.0,0,12,12,12,0,0,0,0,0,0,0,0.69,0.69,0,1,0,0,1,0,0
3,4.0,0,0,0,0,0,0,0,0,0,0,0,0.73,0.78,0,0,0,0,1,0,0
5,8.0,0,30,60,90,6,28,58,70,6,0,0,0.97,0.94,0,0,0,0,1,0,1
101,8.0,22,198,308,418,217,370,449,568,25,0,0,0.79,0.66,0,0,0,0,1,0,1
1,8.0,0,50,75,100,4,25,37,47,0,0,0,0.99,0.98,0,0,0,0,1,0,1
5,8.0,0,22,36,36,4,16,26,38,1,0,0,0.84,0.77,0,0,0,0,1,0,1
0,8.0,0,0,0,0,0,0,0,0,1,0,0,0.83,0.91,0,0,0,0,1,0,0
-32,8.0,0,350,525,725,84,263,451,663,72,0,25,0.36,0.44,32,1,0,0,1,0,1
13,4.0,0,33,53,73,9,22,35,65,0,0,0,0.73,0.78,0,0,0,0,1,0,1
0,0.0,0,5,7,9,1,3,7,9,1,0,0,0.0,0.0,0,1,0,1,0,0,1
4,12.0,0,0,0,0,0,0,0,0,0,0,0,0.82,0.79,0,0,0,0,1,0,0
106,8.0,0,0,0,0,0,0,0,0,0,0,0,1.0,0.99,0,0,0,0,1,0,1
3,4.0,0,0,0,0,1,1,1,1,0,0,0,0.73,0.78,0,0,0,0,1,0,0
-34,8.0,0,7800,12900,17700,0,0,0,0,0,0,300,0.0,0.0,0,0,0,0,1,0,1
637,12.0,11,428,511,1035,115,757,1999,2990,75,0,0,0.9,0.72,0,0,0,0,1,0,0
300,4.0,0,0,0,0,0,0,1,1,1,0,0,0.56,0.55,0,0,0,0,1,0,0
4,4.0,8,28,28,44,26,39,106,190,0,0,0,0.62,0.62,0,0,0,0,1,0,1
8,2.0,1,32,48,80,7,17,26,42,0,0,0,0.95,0.95,0,0,0,0,1,0,1
7,8.0,1,166,271,364,41,113,221,348,80,1,0,0.76,0.84,4,0,0,1,1,0,1
2669,2.0,707,3830,8676,13116,1261,4079,8527,13259,1279,0,0,0.99,0.99,0,0,0,0,1,0,1
2,2.0,10,20,30,30,4,5,6,6,0,0,0,0.53,0.53,0,0,0,0,1,0,1
11,4.0,0,0,0,0,0,0,0,2,0,0,0,0.73,0.78,0,0,0,0,1,0,0
49,8.0,0,0,0,0,0,0,0,1,0,0,0,0.82,0.88,0,0,0,0,1,0,0
2,12.0,0,1,2,3,1,2,2,6,3,0,0,0.78,0.78,0,0,0,1,1,0,0
0,8.0,0,6,6,7,0,0,0,0,0,0,3,0.8,0.82,0,0,0,0,1,0,1
0,12.0,0,6,9,12,2,4,9,11,1,0,0,0.85,0.93,0,0,0,0,1,0,1
-1,8.0,0,18,18,18,0,6,15,21,1,0,0,0.14,0.32,1,0,0,0,1,0,1
0,8.0,0,3,4,6,2,3,4,5,0,0,0,0.77,0.78,0,0,0,0,1,0,1
0,8.0,0,4,6,9,1,4,5,7,1,0,0,1.0,0.99,0,0,0,0,1,0,1
25,8.0,0,140,220,280,33,95,172,264,58,0,0,0.61,0.57,0,0,0,1,1,0,1
6,2.0,0,28,52,76,7,12,14,14,5,0,0,0.99,0.98,0,0,0,0,1,0,1
2,2.0,0,3,9,12,1,4,13,17,0,0,0,0.98,0.97,0,0,0,0,1,0,1
23,2.0,0,0,0,0,0,1,19,19,0,0,0,0.94,0.96,0,1,0,0,1,0,1
4,9.0,0,10,24,38,1,11,23,38,0,0,0,0.87,0.72,0,0,0,0,1,0,1
5,2.0,0,10,10,10,1,1,1,1,1,0,0,0.47,0.4,0,1,0,0,1,0,1
4,2.0,0,6,6,12,3,9,15,17,0,0,0,0.92,0.92,0,1,0,0,1,0,1
8,8.0,7,14,21,35,3,9,20,31,2,0,0,0.84,0.89,0,0,0,0,1,0,1
8,4.0,0,0,0,0,0,0,0,0,0,0,0,0.73,0.78,0,0,0,0,1,0,0
4,8.0,0,0,0,0,0,1,1,1,0,0,0,0.85,0.78,0,0,0,0,1,0,0
2,8.0,0,35,65,95,8,31,45,68,10,0,0,1.0,1.0,0,0,0,0,1,0,1
0,8.0,0,6,6,12,1,3,4,4,0,0,0,0.99,0.99,0,0,0,0,1,0,1
10,8.0,0,0,12,12,0,3,5,11,1,0,0,0.5,0.37,0,0,0,0,1,0,1
2,2.0,0,0,0,0,3,10,22,23,2,0,0,-99.0,-99.0,0,0,0,0,1,0,1
21,8.0,0,0,0,0,0,1,1,2,0,0,0,0.51,0.53,0,0,0,0,1,0,0
12,2.0,0,0,0,0,0,1,2,2,0,0,0,0.56,0.56,0,1,0,0,1,0,0
6,2.0,0,0,0,0,0,0,0,0,1,0,0,1.0,1.0,0,1,0,0,1,0,1
3,8.0,1,0,0,0,7,13,26,44,0,0,0,0.98,0.97,0,0,0,0,1,0,1
8,2.0,0,1,4,4,0,0,0,0,1,0,0,0.59,0.59,0,1,0,1,1,0,1
1,8.0,0,2,2,3,0,0,1,1,0,0,1,0.08,0.03,0,0,0,0,1,0,1
18,8.0,0,13,33,48,2,19,35,47,5,0,0,0.42,0.46,0,0,0,0,1,0,0
0,0.0,0,5,7,9,1,3,6,8,1,0,0,0.0,0.0,0,1,0,1,0,0,1
43,12.0,0,208,364,520,41,161,378,600,80,0,0,0.22,0.26,0,0,0,0,1,0,1
2,2.0,1,1,1,1,1,4,5,5,0,0,0,0.39,0.27,0,1,0,1,1,0,0
2,8.0,0,3,5,8,1,3,6,7,0,0,0,0.8,0.82,0,0,0,0,1,0,1
1,8.0,0,0,0,0,0,0,2,2,0,0,0,0.79,0.66,0,0,0,0,1,0,0
55,8.0,3,322,466,578,41,144,325,516,596,0,16,0.33,0.57,0,0,0,1,1,0,1
0,12.0,12,0,0,0,0,0,0,0,0,0,0,0.78,0.78,0,1,0,0,1,0,0
6,8.0,0,0,0,0,1,2,3,3,0,0,0,0.5,0.52,0,0,0,0,1,0,0
28,2.0,84,112,238,406,19,82,131,162,48,0,0,0.65,0.67,0,1,0,0,1,0,1
35867,18.0,0,0,0,0,1050,4082,8144,10225,2200,0,0,1.0,0.87,0,0,0,0,1,0,0
2,8.0,0,16,24,40,6,13,23,31,0,0,0,0.17,0.33,0,0,0,0,1,0,1
0,8.0,0,4,5,7,2,4,10,13,1,0,0,0.99,0.98,0,0,0,0,1,0,1
4,4.0,0,0,0,0,0,0,0,0,0,0,0,0.77,0.8,0,0,0,0,1,0,0
12,8.0,0,0,0,0,0,0,0,0,2,0,0,0.99,0.99,0,0,0,0,1,0,0
146,2.0,31,132,213,348,52,155,291,450,61,0,0,0.98,0.98,0,0,0,0,1,0,0
306,8.0,55,194,194,254,107,350,684,1052,54,0,50,0.0,0.0,0,0,0,0,1,0,0
15,8.0,0,4,4,4,0,0,10,11,8,0,0,0.7,0.84,0,0,0,0,1,0,0
62,2.0,0,100,200,250,5,16,16,16,48,0,0,0.84,0.94,0,1,0,0,1,0,1
1,8.0,0,52,96,140,22,53,70,70,0,0,0,0.7,0.74,0,0,0,0,1,0,1
2,12.0,0,9,16,20,0,4,9,15,0,0,8,0.66,0.69,0,0,0,0,1,0,1
0,9.0,0,24,35,35,2,8,19,31,0,0,0,0.58,0.44,0,0,0,0,1,0,1
4,8.0,0,0,0,0,0,0,0,0,0,0,0,0.99,0.96,0,0,0,0,1,0,0
4,12.0,0,20,41,58,5,10,22,33,0,0,0,0.66,0.69,0,0,0,0,1,0,1
13,2.0,4,32,48,64,24,48,54,54,0,0,0,0.99,0.99,0,1,0,0,1,0,1
0,12.0,0,12,12,12,0,0,0,0,0,0,0,0.78,0.78,0,1,0,0,1,0,1
1233,8.0,0,0,0,0,0,0,0,0,0,0,0,0.97,0.98,0,0,0,0,1,0,0
4,9.0,0,0,0,0,0,0,0,1,0,0,0,0.99,0.96,0,0,0,0,1,0,0
0,2.0,0,22,36,58,11,23,45,63,3,0,0,0.17,0.08,0,0,0,0,1,0,1
0,2.0,0,18,18,24,0,0,0,0,1,0,0,0.69,0.68,0,1,0,0,1,0,1
4,8.0,0,10,30,50,7,20,37,51,0,0,0,1.0,0.94,0,0,0,0,1,0,1
772,12.0,122,554,1128,2088,252,832,1463,1902,229,0,0,0.63,0.72,0,0,0,0,1,0,0
5,8.0,0,0,0,0,1,1,2,4,1,0,0,1.0,0.99,0,0,0,0,1,0,1
1,2.0,8,40,88,136,14,41,75,98,0,0,0,1.0,0.94,0,0,0,0,1,0,1
24,8.0,0,0,0,0,2,3,13,28,3,0,0,0.96,0.98,0,0,0,0,1,0,1
7,8.0,0,0,0,0,0,0,0,0,1,0,0,1.0,0.9,0,0,0,0,1,0,0
103,8.0,7,85,107,167,35,84,166,236,55,0,0,0.99,0.95,0,0,0,0,1,0,0
1,9.0,0,47,50,58,12,28,39,58,3,0,1,0.35,0.41,0,0,0,0,1,0,1
0,2.0,0,18,24,24,1,2,2,2,1,0,0,0.69,0.68,2,1,0,0,1,0,1
0,8.0,0,60,76,96,11,51,113,129,21,0,0,0.66,0.63,0,1,0,0,1,0,1
0,4.0,0,259,439,511,1,3,10,11,18,0,0,0.79,0.66,0,0,0,1,1,0,1
0,52.0,0,25,25,25,0,0,0,0,0,0,0,0.82,0.88,0,1,0,1,0,0,1
-34,12.0,0,1320,1800,2160,218,584,1004,1485,330,0,120,0.78,0.78,54,0,0,0,1,0,1
64,12.0,0,0,0,0,0,0,0,0,0,0,0,0.93,0.89,0,0,0,0,1,0,0
3,2.0,0,2,14,22,3,7,19,29,0,0,0,1.0,0.5,0,0,0,0,1,0,1
2,16.0,0,0,0,0,0,0,0,0,1,0,0,0.44,0.46,0,0,0,0,1,0,0
0,8.0,0,47,74,101,5,23,35,58,4,0,19,0.05,0.12,0,0,0,1,1,0,1
8,12.0,0,0,0,0,0,1,2,3,4,0,0,0.56,0.72,0,0,0,0,1,0,1
0,12.0,0,9,9,9,0,0,0,0,0,0,1,0.63,0.63,0,1,0,1,1,0,0
23,12.0,0,0,0,0,0,0,0,0,0,0,0,0.77,0.73,0,0,0,0,1,0,0
0,9.0,0,2,3,3,1,1,2,2,0,0,0,0.68,0.66,0,0,0,0,1,0,1
4,2.0,0,4,8,12,7,9,13,13,0,0,0,0.65,0.67,0,1,0,0,1,0,1
0,8.0,0,0,0,0,0,0,0,0,0,0,0,0.88,0.94,0,0,0,0,1,0,0
1,8.0,0,7,7,9,7,9,11,14,2,0,0,0.73,0.82,0,0,0,0,1,0,1
74,8.0,6,0,24,48,7,18,57,91,21,0,0,0.76,0.78,0,0,0,0,1,0,0
-4,8.0,0,7,9,10,10,12,14,15,1,0,0,0.37,0.38,4,0,0,0,1,0,1
2,2.0,0,3,5,8,1,2,5,6,0,0,0,0.99,0.99,0,0,0,0,1,0,1
0,12.0,0,6,7,9,0,1,5,6,0,0,0,0.78,0.78,0,0,0,1,1,0,1
-1,4.0,0,15,23,27,14,29,61,87,7,0,0,0.79,0.67,1,0,0,0,1,0,1
230,9.0,0,0,100,100,35,157,294,493,16,0,0,0.91,0.74,0,0,0,0,1,0,1
-1,8.0,0,6,8,10,1,3,4,6,1,0,0,0.84,0.48,1,0,0,1,1,0,1
2,2.0,0,42,63,84,13,26,40,59,2,0,0,0.13,0.09,0,0,0,0,1,0,1
2,8.0,0,4,4,4,1,2,4,8,1,0,0,0.96,0.97,0,0,0,0,1,0,0
4,12.0,0,0,0,0,0,0,0,0,0,0,0,0.78,0.78,0,0,0,0,1,0,0
6,4.0,0,38,56,92,8,22,38,56,16,0,21,0.73,0.78,0,0,0,0,1,0,1
0,12.0,0,0,0,0,0,0,0,0,0,0,0,0.62,0.73,0,0,0,0,1,0,0
1,12.0,0,7,7,7,0,0,6,8,0,0,0,0.78,0.78,0,0,0,1,1,0,1
0,9.0,0,1,1,1,0,0,0,0,0,0,0,0.86,0.84,0,0,0,0,1,0,1
0,8.0,0,0,0,0,0,4,4,4,1,0,0,0.96,0.97,0,0,0,0,1,0,1
4366,12.0,288,1152,1434,2844,450,3279,5195,7244,1856,0,0,0.93,0.92,0,0,0,0,1,0,0
-1,52.0,0,0,0,0,2,7,14,23,1,0,0,0.91,0.9,1,1,0,1,0,0,1
0,8.0,0,2,2,2,0,0,0,0,0,0,0,0.46,0.35,0,1,0,0,1,0,1
9,8.0,0,0,0,0,0,1,3,3,0,0,0,0.48,0.53,0,0,0,0,1,0,0
2,12.0,0,0,0,0,0,0,0,0,0,0,0,0.78,0.78,0,0,0,0,1,0,0
23,9.0,0,0,0,0,0,0,0,0,0,0,0,0.68,0.66,0,0,0,0,1,0,0
0,2.0,0,6,6,6,0,0,0,0,1,0,0,0.84,0.66,0,1,0,0,1,0,1
163,8.0,0,0,150,150,14,50,115,187,28,0,0,0.54,0.22,0,0,0,1,1,0,1
0,2.0,0,509,530,530,0,0,0,0,127,0,0,0.69,0.68,0,0,0,1,1,0,1
415,8.0,0,0,0,0,0,18,27,52,5,0,0,-99.0,-99.0,0,0,0,0,1,0,0
-1,8.0,1,10,12,12,2,5,5,14,0,0,0,0.7,0.75,1,0,0,0,1,0,1
99,2.0,0,0,0,0,25,526,526,526,0,0,0,0.69,0.72,0,1,0,0,1,0,1
0,8.0,0,0,0,0,0,0,0,0,0,0,0,0.99,0.98,0,0,0,0,1,0,1
8,2.0,0,0,0,0,0,2,2,2,0,0,0,0.18,0.19,0,1,0,0,1,0,0
899,2.0,0,0,0,0,0,0,5,10,1,0,0,1.0,1.0,0,0,0,0,1,0,0
0,8.0,0,14,21,21,7,20,35,51,7,0,0,0.96,0.92,0,0,0,0,1,0,1
3,2.0,0,0,0,0,0,0,0,0,0,0,0,0.0,0.0,0,1,0,0,1,0,0
5,3.0,0,0,0,0,3,10,10,10,2,0,0,0.43,0.46,0,0,0,0,1,0,1
0,8.0,0,7,7,7,0,0,1,2,1,0,0,-99.0,-99.0,0,0,0,0,1,0,1
3,2.0,0,0,0,0,1,2,3,4,0,0,0,0.78,0.82,0,1,0,0,1,0,1
0,4.0,0,12,18,18,0,0,0,0,0,0,0,0.82,0.78,0,1,0,1,1,0,1
92,2.0,133,120,240,360,67,158,282,400,90,0,0,0.99,0.99,0,0,0,0,1,0,0
10,4.0,1,0,0,0,2,3,9,12,3,0,0,0.73,0.78,0,1,0,0,0,0,0
8,8.0,0,0,0,0,0,0,0,0,0,0,0,0.67,0.79,0,0,0,0,0,0,0
131,2.0,14,881,1639,2249,143,392,486,519,76,0,37,0.73,0.69,3,0,0,0,1,0,1
1,8.0,0,1,2,2,1,2,2,5,0,0,0,0.96,0.97,0,0,0,0,1,0,1
3,12.0,0,0,0,0,1,1,2,3,0,0,0,0.78,0.78,0,0,0,0,1,0,0
7,8.0,0,288,288,288,1,51,239,374,17,0,0,0.57,0.64,0,0,0,0,1,0,1
1,4.0,0,6,8,12,6,11,14,18,0,0,0,0.78,0.78,0,0,0,0,1,0,1
21,0.0,14,248,403,564,84,186,288,353,73,0,0,0.0,0.0,0,0,0,0,0,0,1
0,12.0,0,5,6,6,2,5,6,6,0,0,0,0.73,0.76,0,1,0,0,1,0,1
2,8.0,0,0,1,1,0,0,1,2,0,0,0,0.94,0.97,0,0,0,0,1,0,0
2,8.0,0,18,36,54,5,16,29,43,2,0,0,0.79,0.89,0,0,0,0,1,0,1
1096,8.0,12236,1894,6379,9484,1387,4690,9698,15550,939,0,0,0.54,0.54,0,0,0,0,1,0,0
1,8.0,0,0,0,0,0,0,0,0,0,0,0,0.8,0.82,0,0,0,1,1,0,0
6,8.0,0,9,16,23,4,6,16,27,2,0,0,0.95,0.91,0,0,0,0,1,0,0
0,8.0,0,4,6,7,0,6,6,6,1,0,0,0.37,0.38,0,0,0,0,1,0,1
0,2.0,0,22,22,22,0,0,0,0,0,0,0,0.92,0.91,0,1,0,0,1,0,0
54,12.0,35,26,51,126,16,60,109,148,33,0,0,0.73,0.69,0,0,0,0,1,0,0
23,9.0,0,0,0,0,0,0,0,0,0,0,0,0.85,0.83,0,0,0,0,1,0,0
-25,3.0,0,72,126,186,32,68,71,74,7,0,0,0.96,0.97,25,0,0,0,1,0,1
9,8.0,0,65,65,65,36,114,173,202,62,0,0,0.98,0.97,0,0,0,0,1,0,1
500,2.0,0,0,0,0,0,0,0,0,0,0,0,0.59,0.78,0,0,0,0,1,0,0
0,8.0,0,21,29,37,2,10,20,32,1,0,0,0.37,0.38,0,0,0,0,1,0,1
465,2.0,138,1052,1941,2830,472,1249,2183,3411,441,0,0,1.0,1.0,0,0,0,0,1,0,0
0,2.0,0,22,32,32,0,0,0,0,0,0,0,0.77,0.81,0,1,0,0,1,0,1
181,12.0,11,0,0,120,20,79,118,184,34,0,0,0.69,0.68,0,0,0,0,1,0,0
563,9.0,0,0,0,0,0,0,0,0,0,0,0,0.85,0.83,0,0,0,0,1,0,0
10,8.0,0,0,0,0,0,0,0,0,1,0,0,0.99,0.99,0,0,0,0,1,0,0
4,2.0,0,6,10,16,3,5,9,15,0,0,0,0.91,0.85,0,0,0,1,1,0,1
28,4.0,0,43,43,86,5,28,48,92,23,0,0,0.46,0.49,0,0,0,0,1,0,1
3,8.0,0,0,0,0,0,0,0,0,1,0,0,1.0,0.9,0,0,0,0,1,0,0
5,2.0,0,11,16,21,7,20,34,41,0,0,0,0.88,0.79,0,0,0,1,1,0,0
20,8.0,0,35,70,105,6,35,62,107,7,0,0,0.93,0.86,0,0,0,0,1,0,0
4,8.0,0,10,10,20,4,6,19,24,1,0,0,0.97,0.9,0,0,0,0,1,0,1
128,12.0,51,40,160,240,26,79,159,254,32,0,0,1.0,0.99,0,0,0,0,1,0,0
2,12.0,0,0,0,0,0,0,0,0,0,0,0,0.73,0.76,0,0,0,0,1,0,0
65,8.0,0,98,218,348,28,70,118,122,0,0,0,0.97,0.9,0,1,0,0,1,0,0
269,9.0,0,0,0,0,0,2,6,7,0,0,0,0.85,0.83,0,0,0,0,1,0,0
10,8.0,0,0,8,12,1,22,27,33,1,0,0,0.95,0.96,0,0,0,0,1,0,1
2,3.0,0,10,20,20,3,9,14,19,0,0,0,1.0,0.99,0,0,0,0,1,0,1
6,2.0,0,0,0,0,0,0,0,0,0,0,0,0.99,0.96,0,1,0,0,1,0,0
0,2.0,0,13,17,17,0,0,0,0,0,0,0,0.62,0.62,0,0,0,0,1,0,1
199,8.0,80,267,451,647,96,272,557,806,66,0,0,0.93,0.91,0,0,0,1,1,0,0
0,8.0,0,4,6,7,1,3,4,4,0,0,0,0.8,0.82,0,0,0,0,1,0,1
6,8.0,0,25,50,75,10,32,63,97,0,0,0,0.86,0.88,0,0,0,0,1,0,0
23,2.0,0,0,0,0,2,6,8,9,2,0,0,0.83,0.91,0,0,0,0,1,0,0
25,9.0,0,0,0,0,0,1,4,5,0,0,0,0.54,0.47,0,0,0,0,1,0,0
1,2.0,0,4,4,4,26,31,51,68,3,0,0,0.98,0.99,0,0,0,0,1,0,1
11,8.0,0,0,0,0,0,0,0,0,1,0,0,0.95,0.93,0,0,0,0,1,0,0
13,2.0,0,12,32,52,5,17,39,45,3,0,0,0.93,0.93,0,0,0,0,1,0,1
5,8.0,0,16,24,48,5,22,43,59,5,0,0,0.84,0.92,0,0,0,0,1,0,1
10,2.0,0,0,0,0,0,0,0,0,1,0,0,0.98,0.85,0,0,0,0,1,0,1
11,2.0,10,27,50,64,20,71,91,92,14,0,0,0.75,0.74,0,0,0,1,1,0,1
2,12.0,0,0,0,1,0,0,1,2,0,0,0,0.82,0.79,0,0,0,0,1,0,0
2,2.0,0,2,2,2,3,7,7,7,0,0,0,0.5,0.83,0,1,0,0,1,0,1
0,2.0,0,6,6,6,0,0,0,0,1,0,0,0.94,0.92,0,1,0,0,1,0,1
274,8.0,21,573,1167,1761,184,612,1213,1864,70,0,0,0.85,0.83,0,0,0,0,1,0,0
0,3.0,0,20,20,30,5,10,16,21,0,0,0,1.0,0.99,0,0,0,0,1,0,1
0,2.0,0,8,8,8,0,0,0,0,0,0,0,0.0,0.0,0,1,0,1,1,0,1
15,52.0,0,18,18,18,0,0,1,6,0,0,0,0.62,0.62,0,1,0,0,0,0,0
0,2.0,0,4,7,8,0,0,0,0,0,0,0,0.42,0.36,0,0,0,1,1,0,1
55,12.0,6,176,296,386,26,107,238,341,42,0,0,0.23,0.4,0,0,0,0,1,0,0
5,2.0,0,0,0,0,2,8,8,8,0,0,0,0.62,0.62,0,1,0,0,1,0,1
9,3.0,0,0,0,0,0,2,4,4,1,0,0,0.95,0.94,0,0,0,0,1,0,0
20,8.0,0,0,0,20,0,0,0,0,0,0,0,0.71,0.78,0,0,0,0,1,0,0
11,9.0,0,0,5,10,4,10,19,25,0,0,0,0.5,0.39,0,0,0,0,1,0,0
0,2.0,0,10,10,10,0,0,0,0,2,0,0,0.91,0.94,0,1,0,1,1,0,1
14,4.0,0,45,67,67,19,47,100,129,6,0,0,0.97,0.96,0,0,0,0,1,0,0
3,4.0,0,0,0,0,0,0,0,2,1,0,0,0.22,0.11,0,1,0,0,1,0,0
2,12.0,2,185,185,185,3,5,8,13,1,0,0,0.23,0.26,0,1,0,0,1,0,1
2,9.0,0,0,0,0,0,0,0,0,0,0,0,0.68,0.66,0,0,0,0,1,0,0
0,8.0,0,16,16,20,2,14,21,23,0,0,0,0.66,0.69,0,0,0,0,1,0,1
200,2.0,0,295,729,1375,99,243,293,293,0,0,0,0.96,0.96,0,0,0,0,1,0,1
-1,9.0,0,11,11,13,2,22,24,30,3,0,0,0.52,0.41,1,0,0,0,1,0,1
0,8.0,0,2,2,3,0,1,1,1,0,0,0,0.98,0.95,0,0,0,0,1,0,1
33,9.0,0,0,0,7,0,0,1,25,0,0,0,0.99,0.98,0,0,0,0,1,0,0
7,8.0,0,24,48,72,7,16,35,52,1,0,0,0.98,0.98,0,0,0,0,1,0,1
116,2.0,81,300,520,700,181,271,271,271,92,0,0,0.6,0.64,0,0,0,0,1,0,1
20,9.0,0,0,0,0,0,0,10,10,2,0,0,0.7,0.78,0,0,0,0,1,0,0
16,2.0,0,0,0,0,0,0,0,0,1,0,0,1.0,0.85,0,1,0,0,1,0,0
7,9.0,0,0,0,0,0,0,0,0,0,0,0,0.94,0.79,0,1,0,0,1,0,0
0,8.0,10,9,15,29,0,7,19,26,3,0,0,0.85,0.88,0,0,0,0,1,0,0
9,8.0,0,0,0,0,0,1,1,1,0,0,0,0.79,0.78,0,0,0,0,1,0,0
18,2.0,0,0,15,15,2,7,14,20,0,0,0,0.51,0.47,0,0,0,1,1,0,0
-1,12.0,0,6,8,11,1,4,6,7,2,0,0,0.94,0.89,1,0,0,0,1,0,1
1,12.0,0,2,4,6,0,1,3,4,0,0,0,0.99,0.99,0,0,0,0,1,0,0
0,8.0,2,1,1,1,1,1,2,2,0,0,1,0.84,0.89,0,1,0,0,1,0,1
12,8.0,0,393,564,705,90,268,495,770,1532,0,66,0.79,0.66,2,0,0,0,1,0,1
48,12.0,0,0,0,0,43,49,51,120,0,0,0,0.63,0.72,0,0,0,0,1,0,1
0,2.0,0,12,12,12,0,4,7,9,1,0,0,0.69,0.71,0,1,0,1,1,0,1
3,9.0,0,0,0,10,0,0,6,7,0,0,0,1.0,1.0,0,1,0,0,0,0,0
7,2.0,0,5,10,15,0,10,12,16,0,0,0,0.99,0.94,0,0,0,0,1,0,1
10,4.0,0,0,0,0,0,0,0,0,0,0,0,0.73,0.78,0,0,0,0,1,0,0
0,8.0,0,22,31,47,4,15,15,19,3,0,0,0.64,0.63,0,0,0,0,1,0,1
1,2.0,0,1,3,5,0,1,4,4,2,0,0,0.97,0.99,0,0,0,0,1,0,1
0,5.0,0,12,12,12,0,0,0,0,0,0,12,0.65,0.69,0,1,0,1,1,0,1
0,2.0,0,11,15,20,1,6,6,6,0,0,0,0.04,0.03,0,1,0,0,1,0,1
176,8.0,58,516,989,1419,183,519,985,1521,167,0,86,0.48,0.57,6,0,0,1,1,0,0
5,8.0,0,0,0,0,0,1,1,1,0,0,0,0.52,0.46,0,0,0,1,1,0,0
4,12.0,0,0,0,0,0,0,0,0,0,0,0,0.82,0.79,0,0,0,1,1,0,0
6,12.0,0,0,0,0,1,2,2,3,0,0,0,0.87,0.59,0,0,0,0,1,0,1
2,8.0,2,11,22,34,5,17,29,40,9,0,2,0.5,0.46,0,0,0,0,1,0,0
112,2.0,15,400,600,800,156,498,860,1092,64,0,0,0.67,0.79,0,0,0,0,1,0,1
15046,2.0,0,0,0,0,3,87,125,15159,4,0,0,0.95,0.94,0,0,0,0,1,0,0
895,4.0,0,0,0,0,104,112,112,112,4,0,0,0.73,0.78,0,0,0,0,1,0,0
78,12.0,0,0,0,0,0,1,1,1,0,0,0,0.99,0.99,0,1,0,0,1,0,0
49,9.0,10,19,55,91,6,24,54,90,25,0,0,0.99,0.98,0,0,0,0,1,0,0
1388,52.0,0,0,0,0,0,12,30,42,1,0,0,0.0,0.0,0,1,0,0,1,0,0
4,52.0,0,0,0,0,0,0,0,0,2,0,0,0.2,0.54,0,1,0,0,1,0,0
2,12.0,0,0,0,0,0,0,0,0,0,0,0,0.63,0.72,0,0,0,0,1,0,0
78,2.0,0,40,100,220,2,2,2,2,14,0,0,0.78,0.86,0,0,0,0,1,0,0
0,8.0,0,3,4,6,2,3,4,8,0,0,0,0.83,0.71,0,0,0,0,1,0,1
19,8.0,1,200,250,350,24,91,186,294,26,0,0,0.61,0.57,0,0,0,1,1,0,1
1277,2.0,479,2400,4800,6720,746,2321,4732,7738,636,0,0,0.99,0.96,0,0,0,0,1,0,0
2,8.0,0,0,0,0,0,0,0,0,0,0,0,0.84,0.86,0,0,0,0,1,0,0
6,2.0,0,0,0,0,0,0,0,0,0,0,0,0.79,0.87,0,1,0,0,1,0,0
104,8.0,0,0,0,0,0,0,2,2,3,0,0,0.0,0.03,0,0,0,0,1,0,0
19,0.0,0,0,0,0,0,0,0,0,1,0,0,0.0,0.0,0,0,0,1,0,0,0
25,8.0,0,0,0,0,0,0,0,0,1,0,0,0.94,0.93,0,0,0,0,1,0,0
39,12.0,0,0,0,0,0,0,0,0,3,0,0,-99.0,-99.0,0,0,0,0,1,0,0
6,8.0,0,28,64,98,7,27,67,94,0,0,0,0.96,0.96,0,0,0,0,1,0,1
89,2.0,0,0,0,0,1,1,1,1,8,0,0,0.99,0.98,0,1,0,0,1,0,0
11,9.0,0,26,53,80,6,30,56,91,1,0,0,0.68,0.66,0,0,0,0,1,0,1
34,8.0,0,240,320,480,124,241,366,419,0,0,0,0.98,0.97,0,0,0,0,1,0,1
2,9.0,0,0,0,0,0,0,0,0,0,0,0,0.69,0.68,0,0,0,0,1,0,0
15,8.0,3,286,286,589,44,160,499,632,49,0,0,0.83,0.83,12,0,0,0,1,0,1
4,3.0,0,14,49,63,18,26,60,94,0,0,0,0.29,0.34,0,0,0,0,1,0,1
37,8.0,5,21,45,65,3,21,44,62,15,0,0,0.86,0.92,0,0,0,0,1,0,0
20,8.0,0,0,0,0,0,1,3,3,2,0,0,0.97,0.9,0,0,0,0,1,0,0
11,2.0,0,0,0,0,1,6,6,7,4,0,0,1.0,0.98,0,0,0,1,1,0,0
4,4.0,0,3,6,12,1,4,8,11,0,0,0,0.68,0.66,0,0,0,0,1,0,1
1,12.0,0,4,4,5,0,0,3,6,0,0,0,0.69,0.69,0,0,0,0,1,0,0
0,4.0,0,13,13,13,0,0,0,0,1,0,0,0.24,0.14,0,1,0,0,1,0,1
12,8.0,0,0,0,0,0,0,0,0,0,0,0,0.98,0.98,0,0,0,0,1,0,0
2,2.0,1,2,4,7,0,2,2,2,0,0,0,0.81,0.85,0,0,0,1,1,0,1
8317,5.0,6417,30768,50544,60912,5531,13863,31186,63840,4960,0,0,0.69,0.56,4,0,0,0,1,0,0
102,4.0,0,0,0,0,0,2,3,7,2,0,0,0.73,0.78,0,0,0,0,0,0,0
38,12.0,0,0,0,0,0,4,4,6,5,0,0,0.94,0.87,0,0,0,0,1,0,0
12,8.0,0,30,90,120,11,39,66,114,0,0,0,0.98,0.98,0,0,0,0,1,0,1
175,12.0,0,0,0,0,1,2,7,11,1,0,0,0.63,0.58,0,0,0,0,1,0,0
6,12.0,0,0,1,1,0,0,2,2,0,0,0,0.78,0.78,0,1,0,0,1,0,0
0,8.0,0,2,4,5,1,2,3,5,2,0,0,0.76,0.82,0,0,0,0,1,0,0
15,4.0,0,0,0,0,0,0,0,0,0,0,0,0.73,0.78,0,0,0,0,1,0,0
4,8.0,0,10,22,30,8,14,25,49,4,0,1,0.96,0.96,0,0,0,0,1,0,1
79,8.0,20,152,254,356,48,163,286,429,66,0,2,0.7,0.7,0,0,0,0,1,0,0
31,2.0,0,264,444,624,60,181,275,276,52,0,0,0.93,0.96,1,0,0,0,1,0,1
-52,15.0,0,128,248,296,16,40,66,119,44,0,0,0.06,0.08,52,0,0,0,1,0,1
0,2.0,0,5,18,18,0,0,0,0,0,0,0,0.46,0.84,0,1,0,0,1,0,0
0,2.0,0,32,56,81,10,21,21,21,0,0,5,0.29,0.61,0,0,0,0,1,0,0
40,2.0,0,0,0,0,0,0,0,0,0,0,0,0.27,0.48,0,1,0,0,1,0,0
3,9.0,0,0,0,0,0,0,0,0,1,0,0,0.68,0.66,0,0,0,0,1,0,0
0,8.0,315,8180,13315,18450,0,0,0,0,0,0,0,0.88,0.91,0,0,0,0,1,0,1
21,8.0,0,0,0,0,0,0,0,0,0,0,0,1.0,0.99,0,0,0,0,1,0,0
19,8.0,0,0,0,0,0,0,0,0,0,0,0,0.99,0.95,0,0,0,0,1,0,0
2,8.0,0,0,0,0,0,0,0,0,0,0,0,0.8,0.82,0,0,0,1,1,0,0
700,52.0,0,0,0,0,0,0,0,0,8,0,0,-99.0,-99.0,0,1,0,0,1,0,0
55,2.0,0,20,40,45,45,45,72,169,18,0,0,0.95,0.96,0,0,0,0,1,0,1
821,3.0,0,0,0,0,52,125,366,521,68,0,0,1.0,0.95,0,0,0,0,1,0,0
313,8.0,0,0,0,0,2,5,16,26,2,0,0,0.95,0.95,0,1,0,1,1,0,0
20,3.0,0,100,200,300,24,92,142,179,9,0,0,0.52,0.41,0,0,0,0,1,0,1
0,12.0,0,0,0,0,0,0,0,0,0,0,0,0.82,0.79,0,0,0,0,1,0,1
594,8.0,0,1200,1200,1200,0,0,3,3,2,0,0,0.62,0.8,0,0,0,0,1,0,1
0,2.0,0,1,1,1,0,0,0,0,0,0,0,0.82,0.79,0,1,0,1,1,0,1
0,2.0,0,8,16,20,0,0,0,0,0,0,0,0.99,0.99,0,1,0,0,1,0,0
0,2.0,0,138,138,138,0,0,0,0,2,0,0,0.0,0.0,0,0,0,0,1,0,1
11,4.0,0,0,0,0,0,0,0,0,0,0,0,0.73,0.78,0,0,0,0,1,0,0
0,8.0,0,115,194,194,0,0,0,0,20,0,0,0.98,0.98,0,1,0,0,1,0,1
0,2.0,0,20,28,28,0,0,0,0,0,0,0,0.69,0.69,0,1,0,0,1,0,1
3,2.0,0,8,12,20,2,7,15,30,2,0,0,0.97,0.93,0,0,0,0,1,0,1
6,8.0,0,24,40,64,11,21,44,65,0,0,0,1.0,0.92,0,0,0,0,1,0,1
16,8.0,0,25,77,103,13,33,60,85,0,0,0,0.98,0.99,0,0,0,0,1,0,1
3,8.0,0,0,0,0,0,0,0,0,1,0,0,0.42,0.36,0,0,0,1,1,0,0
52,8.0,0,0,0,0,0,0,0,0,2,0,0,0.61,0.62,0,0,0,0,1,0,0
7,4.0,0,10,20,30,5,11,27,40,0,0,0,0.91,0.93,0,0,0,0,1,0,1
19,8.0,0,96,192,288,28,63,106,203,15,0,0,0.75,0.73,0,0,0,0,1,0,1
1,8.0,0,1,2,2,0,1,1,2,0,0,0,0.95,0.97,0,0,0,0,1,0,0
-1,12.0,0,4,6,7,2,4,6,8,2,0,0,0.93,0.89,1,0,0,0,1,0,1
3,4.0,0,6,12,17,1,2,2,2,1,0,0,0.75,0.81,0,1,0,0,1,0,1
11,4.0,0,0,0,0,0,0,0,0,0,0,0,0.73,0.78,0,0,0,1,1,0,0
63,8.0,20,78,168,240,32,96,178,263,25,0,0,0.98,0.93,0,0,0,0,1,0,0
0,8.0,0,7,15,23,1,5,12,17,3,0,0,0.84,0.77,0,0,0,1,1,0,1
2,3.0,0,5,8,12,4,7,12,19,0,0,0,0.89,0.9,0,0,0,0,1,0,1
16,2.0,7,0,0,5,1,9,18,27,5,0,0,0.97,0.93,0,0,0,0,1,0,0
2,8.0,0,0,0,0,0,0,0,0,0,0,0,0.81,0.87,0,0,0,0,1,0,0
3,2.0,7,10,20,40,4,11,15,32,3,0,0,0.99,0.9,0,0,0,0,1,0,1
3,8.0,0,6,11,21,2,7,12,27,0,0,0,0.94,0.97,0,0,0,0,1,0,1
8,2.0,0,0,0,0,5,35,35,35,0,0,0,0.73,0.69,0,0,0,0,1,0,1
5,2.0,0,0,0,0,0,0,0,1,0,0,0,0.99,0.99,0,1,0,0,1,0,0
1,8.0,0,4,4,4,1,2,4,8,0,0,0,0.07,0.07,0,0,0,1,1,0,1
19,8.0,0,16,48,68,0,0,0,0,0,0,0,1.0,0.99,0,1,0,0,1,0,0
0,2.0,0,0,0,0,0,0,0,0,0,0,0,0.51,0.47,0,0,0,1,1,0,0
1,8.0,0,16,25,37,5,15,23,29,0,0,0,0.84,0.83,0,0,0,0,1,0,1
0,2.0,0,538,826,826,0,3,4,4,33,0,0,0.0,0.14,0,0,0,0,1,0,1
49,8.0,0,20,50,90,34,61,109,195,0,0,0,0.8,0.82,0,0,0,0,1,0,0
-152,12.0,0,626,791,901,153,299,513,712,0,0,0,0.0,0.02,69,0,0,0,1,0,1
0,8.0,2,5,6,9,0,5,5,5,2,0,0,0.98,0.96,0,0,0,0,1,0,1
4,8.0,0,5,5,5,0,2,5,7,0,0,0,0.98,0.99,0,0,0,0,1,0,1
0,8.0,0,4,8,12,0,5,6,8,0,0,0,0.74,0.82,0,0,0,0,1,0,1
0,9.0,0,2,3,4,0,2,2,2,0,0,0,1.0,0.99,0,0,0,0,1,0,1
0,2.0,0,20,30,40,0,0,0,0,0,0,0,0.39,0.63,0,1,0,1,1,0,0
2,8.0,0,0,1,1,2,3,3,5,0,0,0,0.99,0.92,0,0,0,0,1,0,0
1,2.0,0,0,0,0,0,0,0,0,0,0,0,0.92,0.96,0,1,0,0,1,0,0
1,8.0,0,1,1,2,3,3,4,9,1,0,0,0.72,0.72,0,0,0,0,1,0,1
10,8.0,0,0,0,0,0,0,4,7,0,0,0,0.99,0.96,0,0,0,0,1,0,0
168,8.0,16,84,156,228,51,143,263,451,391,0,0,0.99,0.99,0,0,0,0,1,0,0
6,2.0,0,0,0,0,0,1,1,1,0,0,0,0.99,0.97,0,0,0,0,1,0,0
27,8.0,12,7,57,97,8,24,65,107,0,0,0,1.0,1.0,0,0,0,1,1,0,1
1,8.0,0,14,22,30,6,9,15,24,0,0,0,0.67,0.62,0,0,0,1,1,0,1
27,8.0,8,113,205,292,40,134,242,340,59,0,0,0.99,0.97,0,0,0,0,1,0,1
6,2.0,12,29,53,77,6,27,50,62,0,0,1,0.96,0.97,0,0,0,0,1,0,1
3,12.0,0,1,2,4,0,1,2,4,0,0,0,0.98,0.98,0,0,0,0,1,0,0
0,8.0,0,0,0,0,0,0,0,0,0,0,0,0.99,0.98,0,0,0,0,1,0,1
3,4.0,0,0,0,0,0,0,0,0,0,0,0,0.73,0.78,0,0,0,0,1,0,0
5,8.0,0,31,51,61,6,15,29,47,8,0,0,0.3,0.3,0,0,0,0,1,0,1
68,8.0,38,0,0,0,8,38,83,118,14,0,0,0.93,0.94,0,0,0,0,1,0,0
6,8.0,0,0,0,0,0,0,0,0,0,0,0,0.84,0.83,0,0,0,0,1,0,0
9,2.0,0,0,0,0,5,14,22,22,0,0,0,0.91,0.63,0,0,0,0,1,0,1
1,8.0,0,19,19,28,1,6,12,18,0,0,0,0.16,0.16,0,0,0,0,1,0,1
79,2.0,28,716,1222,1834,99,99,99,99,67,0,0,0.67,0.69,0,0,0,0,1,0,1
16,2.0,0,0,21,42,0,8,14,37,0,0,0,0.42,0.48,0,0,0,0,1,0,0
6,4.0,0,0,0,0,0,0,0,0,0,0,0,0.77,0.8,0,0,0,0,1,0,0
5,8.0,0,10,20,30,4,14,28,51,0,0,0,0.8,0.82,0,0,0,0,1,0,1
9,4.0,0,0,0,0,0,0,0,4,0,0,0,0.73,0.78,0,0,0,0,1,0,0
0,2.0,0,53,53,53,0,4,4,4,0,0,0,0.0,0.33,0,1,0,0,1,0,1
21,8.0,0,0,0,3,0,0,0,0,0,0,0,0.96,0.96,0,0,0,0,1,0,0
35,8.0,0,0,0,0,0,8,18,24,5,0,0,0.71,0.71,0,0,0,0,1,0,0
1,4.0,0,0,0,0,0,1,1,1,0,0,0,0.73,0.78,0,0,0,0,1,0,1
24,10.0,0,0,0,0,0,3,26,33,2,0,0,0.68,0.69,0,0,0,0,1,0,0
0,2.0,0,10,10,10,0,0,0,0,0,0,0,0.8,0.82,0,1,0,1,1,0,1
3,8.0,0,18,42,60,10,22,49,77,10,0,0,0.77,0.64,0,0,0,0,1,0,1
0,2.0,0,2,3,3,3,5,7,13,0,0,0,0.83,0.66,0,0,0,0,1,0,1
0,8.0,0,0,0,0,0,0,0,0,0,0,0,0.88,0.92,0,0,0,0,1,0,0
16,8.0,0,0,0,0,0,0,0,2,1,0,0,0.97,0.98,0,1,0,0,1,0,0
5,8.0,6,172,274,363,36,124,239,378,30,0,0,0.37,0.54,5,0,0,0,1,0,1
0,13.0,0,6,28,50,0,0,0,0,0,0,0,0.96,0.97,0,0,0,0,1,0,0
-6,8.0,0,32,50,68,2,17,28,49,5,0,18,0.0,0.05,6,0,0,0,1,0,1
0,2.0,0,11,11,11,0,0,0,0,0,0,0,0.0,0.0,0,1,0,0,1,0,1
0,8.0,0,535,535,535,0,0,0,0,28,0,0,0.41,0.47,0,1,0,0,1,0,1
9,8.0,0,8,16,24,4,9,18,28,1,0,0,0.97,0.97,0,0,0,0,1,0,0
-1,8.0,27,110,194,248,42,147,261,346,40,0,5,0.43,0.46,3,0,0,0,1,0,1
6,4.0,0,0,0,0,0,0,0,0,0,0,0,0.63,0.72,0,1,0,0,1,0,0
0,2.0,0,289,289,289,1,1,2,2,0,0,0,0.0,0.0,1,1,0,0,1,0,1
1,8.0,0,34,74,114,7,22,33,52,0,0,0,0.92,0.94,0,0,0,0,1,0,1
533,8.0,88,204,528,804,65,261,628,998,1536,0,0,0.9,0.94,0,0,0,0,1,0,0
82,4.0,0,0,0,0,0,4,4,4,3,0,0,0.68,0.57,0,1,0,0,1,0,0
0,2.0,0,25,25,25,0,0,0,0,1,0,0,0.88,0.74,0,1,0,0,1,0,1
13,4.0,0,0,0,0,0,3,4,6,0,0,0,0.83,0.89,0,0,0,1,1,0,0
0,2.0,0,17,35,35,0,0,0,0,1,0,0,0.45,0.45,0,0,0,0,1,0,1
0,12.0,0,195,271,271,0,0,0,0,11,0,10,0.48,0.48,0,1,0,1,1,0,0
143,8.0,0,45,135,225,30,82,151,227,52,0,0,0.98,0.94,0,0,0,0,1,0,0
2,8.0,0,0,0,0,0,0,0,0,0,0,0,0.79,0.78,0,0,0,0,1,0,0
6,2.0,0,160,240,240,100,110,142,169,52,0,0,1.0,0.66,0,1,0,0,1,0,0
3,12.0,0,16,28,37,3,15,31,38,0,0,0,0.62,0.73,0,0,0,0,1,0,0
29,8.0,0,0,0,0,1,2,3,7,1,0,0,0.68,0.88,0,0,0,0,1,0,0
55,8.0,0,0,0,0,0,0,0,0,0,0,0,0.0,0.07,0,0,0,0,1,0,0
26,8.0,0,0,0,0,0,0,0,0,0,0,0,0.97,0.98,0,1,0,0,1,0,0
7,2.0,0,36,36,36,0,0,0,0,0,0,0,0.99,0.98,0,1,0,0,1,0,0
0,2.0,0,0,0,0,0,0,0,0,0,0,0,0.42,0.36,0,0,0,0,1,0,1
0,8.0,0,0,0,0,0,0,0,0,0,0,0,0.96,0.94,0,0,0,0,1,0,0
3,4.0,0,0,0,1,2,3,3,6,0,0,0,0.78,0.78,0,0,0,0,1,0,1
0,2.0,0,144,144,144,0,3,3,3,12,0,0,0.88,0.66,0,0,0,1,1,0,1
17352,8.0,0,0,0,0,0,0,0,0,2,0,0,-99.0,0.0,0,0,0,0,1,0,0
17,8.0,177,360,600,768,307,532,889,1186,145,0,0,0.89,0.68,3,0,0,0,1,0,1
54,2.0,0,0,18,54,11,57,103,124,19,0,0,1.0,1.0,0,0,0,0,1,0,1
2473,8.0,0,0,0,0,8,25,25,25,3,0,0,0.06,0.27,0,0,0,0,1,0,0
114,9.0,0,0,0,0,0,0,0,0,2,0,0,0.91,0.74,0,0,0,0,1,0,0
14,15.0,0,16,16,16,1,3,17,34,0,0,1,0.06,0.09,0,0,0,0,1,0,0
69,8.0,0,0,0,0,2,2,3,6,0,0,0,0.89,0.54,0,0,0,0,1,0,0
0,2.0,0,0,0,0,2,2,2,2,1,0,0,1.0,0.98,0,1,0,1,1,0,0
2352,7.0,6,4800,8800,13600,1197,4072,7655,10611,1076,0,0,0.97,0.96,0,0,0,0,1,0,0
10,2.0,0,0,0,0,0,0,0,0,1,0,0,0.93,0.83,0,0,0,0,1,0,1
1379,8.0,12,0,0,0,58,205,420,619,176,0,0,0.99,0.99,0,0,0,0,1,0,0
0,4.0,0,4,4,4,0,0,0,0,0,0,0,0.68,0.66,0,1,0,0,1,0,0
0,2.0,0,12,12,12,2,7,14,14,0,0,0,0.86,0.7,0,0,0,0,1,0,1
18,8.0,0,0,0,0,0,0,1,1,0,0,0,0.99,0.98,0,0,0,0,1,0,0
7,2.0,0,36,68,104,12,42,56,67,0,0,3,0.8,0.82,0,0,0,0,1,0,1
2,9.0,0,0,0,0,0,0,0,0,1,0,0,0.43,0.45,0,0,0,0,1,0,0
343,12.0,0,0,0,0,0,0,1,2,1,0,0,1.0,0.96,0,0,0,0,1,0,0
420,8.0,0,0,0,0,0,0,0,0,0,0,0,-99.0,-99.0,0,0,0,0,1,0,0
10,2.0,0,180,260,380,59,149,263,273,43,0,40,0.98,0.99,0,0,0,0,1,0,1
0,4.0,0,2,2,2,0,0,0,0,0,0,0,0.73,0.78,0,1,0,0,1,0,0
2,2.0,0,0,0,0,0,0,0,0,0,0,0,0.48,0.36,0,1,0,0,1,0,0
0,8.0,0,26,58,74,4,14,25,36,0,0,0,0.99,0.99,0,0,0,0,1,0,1
8,2.0,0,0,4,6,11,22,31,40,0,0,0,0.97,0.98,0,0,0,0,1,0,1
3,4.0,0,0,0,0,0,0,0,1,0,0,0,0.68,0.66,0,0,0,0,1,0,0
4,2.0,0,3,7,10,1,4,4,7,0,0,0,0.99,0.99,0,1,0,0,1,0,1
100,8.0,15,68,176,312,43,128,262,386,13,0,0,0.98,0.98,0,0,0,0,1,0,0
2,8.0,0,0,0,0,0,0,0,0,1,0,0,0.94,0.79,0,0,0,0,1,0,0
6,12.0,0,0,0,0,0,0,0,0,0,0,0,0.77,0.73,0,0,0,0,1,0,0
1706,4.0,59,3140,5220,7560,398,3616,5361,8525,575,0,2100,0.89,0.93,0,0,0,0,1,0,0
9,8.0,0,24,40,56,6,20,30,64,2,0,0,0.55,0.37,0,0,0,0,1,0,1
0,6.0,0,13,20,34,0,6,9,15,0,0,0,0.78,0.78,0,0,0,1,1,0,1
143,9.0,0,0,0,0,0,0,0,0,2,0,0,0.85,0.83,0,0,0,0,1,0,0
2,8.0,4,17,29,33,12,23,30,46,0,0,0,0.7,0.74,0,0,0,0,1,0,1
0,2.0,0,6,12,18,0,0,0,0,0,0,0,0.73,0.76,0,1,0,0,1,0,0
7,8.0,0,0,0,0,0,0,0,0,1,0,0,0.89,0.93,0,0,0,0,1,0,0
-29,8.0,36,573,926,1198,139,314,461,739,132,0,0,0.99,0.86,53,0,0,0,1,0,1
0,12.0,1,3,5,7,1,2,4,4,0,0,0,0.76,0.78,0,0,0,0,1,0,1
35,2.0,18,36,72,108,0,0,0,0,15,0,18,0.85,0.76,0,1,0,0,1,0,1
93,8.0,14,50,100,150,21,55,125,210,27,0,0,0.23,0.63,0,0,0,0,1,0,0
13,2.0,0,0,10,10,0,0,0,0,1,0,0,0.44,0.66,0,1,0,0,1,0,0
1215,12.0,0,0,0,0,9,25,36,58,9,0,0,0.97,0.95,0,0,0,0,1,0,0
18,12.0,0,0,0,0,2,6,7,10,0,0,0,0.66,0.78,0,0,0,0,1,0,0
0,12.0,0,6,6,6,5,13,31,52,2,0,0,0.47,0.39,1,0,0,0,1,0,1
0,8.0,0,11,11,11,0,0,1,1,1,0,0,0.42,0.36,0,0,0,0,1,0,1
0,2.0,0,142,142,142,0,0,0,0,25,0,0,0.08,0.16,0,0,0,0,1,0,1
0,2.0,0,33,57,81,0,0,0,0,4,0,0,0.94,0.94,0,0,0,1,1,0,1
3,8.0,0,16,32,48,6,22,44,59,5,0,0,0.7,0.87,0,0,0,0,1,0,1
9,12.0,0,0,0,0,0,0,0,1,1,0,0,0.69,0.69,0,0,0,0,1,0,0
8,2.0,0,7,14,21,3,5,18,21,0,0,0,0.98,0.88,0,0,0,0,1,0,0
-360,8.0,0,1566,2616,3366,57,478,1386,2131,95,0,300,0.81,0.78,382,0,0,0,1,0,0
0,2.0,0,38,58,68,1,2,2,2,1,0,0,0.88,0.92,0,1,0,0,1,0,1
8,12.0,0,24,51,85,11,34,68,98,0,0,0,0.78,0.78,0,0,0,0,1,0,1
6,2.0,12,108,158,233,19,73,148,190,10,0,0,0.44,0.44,0,0,0,1,1,0,1
88,4.0,0,0,0,0,0,0,0,0,0,0,0,0.77,0.8,0,0,0,0,1,0,0
0,9.0,0,0,0,0,0,39,149,215,1,0,0,0.99,0.99,0,1,0,0,1,0,0
148,0.0,0,0,0,0,0,1,4,6,1,0,0,0.0,0.0,0,0,0,0,0,0,0
33,8.0,1,0,15,45,8,21,44,57,15,0,0,0.34,0.53,0,0,0,1,1,0,1
-3,8.0,255,2209,3933,5549,305,1286,2329,4119,276,0,0,0.84,0.91,15,0,0,0,1,0,1
6,9.0,0,0,0,0,0,0,0,0,1,0,0,0.94,0.91,0,0,0,0,1,0,0
0,8.0,0,840,1080,1080,0,0,0,0,60,0,0,0.73,0.69,0,1,0,0,1,0,1
2,9.0,0,0,0,0,2,5,9,12,0,0,0,0.94,0.79,0,1,0,0,1,0,0
3,4.0,2,4,8,12,2,4,9,12,0,0,0,0.73,0.78,0,0,0,0,1,0,0
19,2.0,0,42,63,63,7,8,14,14,4,0,0,0.23,0.23,0,1,0,0,1,0,1
0,0.0,0,14,21,29,3,11,14,30,0,0,0,0.93,0.86,0,0,0,1,0,0,1
0,12.0,0,8,8,8,0,8,9,11,0,0,0,0.73,0.76,0,0,0,0,1,0,1
1,2.0,0,2,4,5,2,2,4,6,2,0,0,0.98,0.97,0,0,0,0,1,0,1
72,13.0,69,54,122,208,14,58,130,190,40,0,0,0.61,0.73,0,0,0,0,1,0,0
16,8.0,0,160,220,280,26,88,175,259,55,0,20,0.53,0.54,0,0,0,1,1,0,1
-8,8.0,0,157,259,344,54,156,250,331,13,0,0,0.91,0.89,11,0,0,1,1,0,1
12,2.0,0,0,0,0,0,0,2,2,0,0,0,1.0,0.99,0,1,0,0,1,0,0
4,2.0,0,1,4,6,2,4,7,8,0,0,0,0.15,0.09,0,0,0,0,1,0,1
0,8.0,0,11,11,11,0,0,0,0,0,0,0,0.91,0.77,0,0,0,0,1,0,0
45,8.0,183,474,822,1104,305,539,884,1182,227,0,0,0.93,0.67,3,0,0,0,1,0,1
10,12.0,0,2,2,2,0,0,0,0,1,0,0,0.58,0.58,0,1,0,0,1,0,0
273,8.0,148,1034,1802,2282,166,703,1389,2242,162,0,0,0.88,0.74,0,0,0,0,1,0,0
320,4.0,260,170,360,360,31,92,416,474,54,0,0,0.77,0.8,0,0,0,0,1,0,0
0,2.0,0,472,472,472,0,0,0,0,127,0,0,0.73,0.69,0,0,0,1,1,0,1
0,8.0,0,0,0,0,0,0,0,0,0,0,0,0.57,0.44,0,1,0,0,1,0,0
4,16.0,0,0,0,0,0,0,0,0,2,0,0,0.38,0.44,0,0,0,0,1,0,0
-66,8.0,67,811,1352,1821,391,691,1127,1602,157,0,0,0.77,0.68,81,0,0,0,1,0,1
1,12.0,0,0,0,0,0,0,0,0,0,0,0,0.82,0.79,0,1,0,0,1,0,0
12,2.0,0,30,60,60,5,24,70,88,13,0,0,0.82,0.81,0,0,0,0,1,0,1
165,4.0,0,0,0,0,0,0,0,0,3,0,0,0.73,0.78,0,0,0,0,1,0,0
21,8.0,0,0,0,0,0,9,15,27,0,0,0,0.14,0.14,0,0,0,0,1,0,0
9,8.0,0,0,12,24,4,16,33,36,0,0,0,0.87,0.78,0,0,0,0,1,0,0
19,9.0,1,0,0,0,3,4,6,12,2,0,0,0.94,0.79,0,0,0,0,1,0,0
100,8.0,0,47,91,157,19,48,109,213,38,0,0,0.99,0.97,0,0,0,0,1,0,0
13,8.0,0,0,0,0,0,0,0,0,0,0,0,0.96,0.96,0,0,0,0,1,0,0
182,6.0,1,0,12,50,16,114,212,303,25,0,0,0.73,0.76,0,0,0,0,1,0,0
11,2.0,0,0,0,0,0,0,0,0,1,0,0,0.99,0.96,0,1,0,1,1,0,0
2,8.0,0,0,0,0,0,0,0,1,0,0,0,0.85,0.89,0,0,0,0,1,0,1
85,52.0,0,0,0,0,0,5,10,20,26,0,0,0.91,0.96,0,1,0,0,1,0,0
5,8.0,0,0,0,0,3,3,3,4,0,0,0,0.37,0.38,0,0,0,0,1,0,0
410,2.0,150,399,858,1314,175,472,803,1096,183,0,0,0.98,0.98,0,0,0,0,1,0,0
0,2.0,0,0,0,0,0,0,0,0,0,0,0,1.0,0.99,0,0,0,0,1,0,1
24,8.0,0,7,48,72,3,24,36,63,10,0,0,0.99,0.95,0,0,0,0,1,0,0
0,8.0,0,19,19,19,2,15,35,46,0,0,0,0.79,0.89,0,0,0,0,1,0,1
10,2.0,22,75,135,195,27,102,184,243,41,0,0,0.78,0.83,0,0,0,0,1,0,1
0,2.0,0,16,17,17,0,0,0,0,0,0,0,0.78,0.74,0,1,0,0,1,0,1
84,8.0,0,60,60,120,30,62,114,158,14,0,0,0.86,0.9,0,0,0,0,1,0,0
3,8.0,2,18,36,54,5,18,31,54,6,0,0,0.96,0.96,0,0,0,0,1,0,1
720,8.0,300,0,200,400,140,359,703,1161,249,0,0,0.5,0.66,0,0,0,0,1,0,0
3,8.0,0,5,5,13,3,8,25,30,1,0,0,0.99,0.99,0,0,0,0,1,0,0
0,2.0,0,414,687,962,0,0,0,0,20,0,0,0.43,0.7,0,0,0,0,1,0,1
34,2.0,0,0,0,0,0,0,0,0,0,0,0,0.68,0.76,0,1,0,0,1,0,0
3,8.0,0,0,0,0,0,0,1,4,1,0,0,0.76,0.78,0,0,0,0,1,0,0
10,2.0,0,0,0,0,0,0,0,0,0,0,0,0.99,0.98,0,1,0,0,1,0,0
10,2.0,0,88,88,88,0,0,0,0,0,0,0,0.89,0.89,0,1,0,0,1,0,0
1,2.0,0,0,0,0,0,0,0,0,0,0,0,0.66,0.4,0,0,0,0,1,0,0
2570,8.0,1284,8942,16142,23792,2333,7160,13235,19693,1997,0,0,0.23,0.63,0,0,0,0,1,0,0
1,2.0,5,2,2,2,0,0,0,0,0,0,0,0.0,0.08,0,1,0,0,1,0,0
0,8.0,0,0,0,0,0,1,6,10,2,0,0,1.0,0.96,0,1,0,0,1,0,0
1524,16.0,21,0,0,0,88,263,281,283,119,0,0,0.92,0.89,0,0,0,0,1,0,0
0,8.0,0,16,25,31,5,9,19,31,0,0,0,0.46,0.35,0,0,0,0,1,0,1
7,4.0,0,32,32,48,29,45,114,196,0,0,0,0.62,0.62,0,0,0,0,1,0,1
378,12.0,341,1760,2700,3980,512,1642,2787,4171,296,0,0,0.78,0.78,44,0,0,0,1,0,1
-21,8.0,0,36,36,36,0,0,0,14,0,0,0,0.87,0.89,21,0,0,1,1,0,1
26,8.0,0,175,283,391,45,114,209,302,32,0,0,0.61,0.57,1,0,0,1,1,0,1
139,8.0,10,475,670,920,202,495,632,913,210,0,0,0.89,0.93,5,0,0,0,1,0,1
0,2.0,0,142,142,142,0,0,0,0,25,0,0,0.1,0.17,0,0,0,0,1,0,1
-80,9.0,0,438,488,635,183,293,386,547,29,0,0,0.58,0.44,80,0,0,0,1,0,1
0,9.0,0,387,560,646,0,0,0,0,29,0,0,0.91,0.74,0,0,0,1,1,0,1
-10,8.0,30,212,282,347,69,268,319,398,68,0,0,0.91,0.93,30,0,0,1,1,0,1
497,9.0,0,0,0,0,0,4,10,11,0,0,0,0.85,0.83,0,1,0,0,0,0,0
0,12.0,0,5,8,9,0,0,1,1,0,0,0,0.73,0.76,0,1,0,0,1,0,0
0,52.0,0,0,0,0,0,0,0,0,2,0,0,0.97,0.98,0,1,0,0,0,0,1
3,8.0,0,0,0,0,1,4,6,8,1,0,0,0.36,0.29,0,0,0,0,1,0,1
9,2.0,0,12,24,24,0,10,14,31,0,0,0,0.8,0.82,0,0,0,0,1,0,1
76,8.0,0,238,409,628,66,194,388,544,88,0,0,0.93,0.94,0,0,0,1,1,0,1
0,2.0,0,4,4,4,3,6,6,6,0,0,0,0.33,0.59,0,0,0,0,1,0,1
46,2.0,0,0,0,0,1,2,2,2,0,0,0,0.32,0.27,0,0,0,0,1,0,0
12,8.0,0,0,0,0,1,6,19,30,3,0,0,0.93,0.95,0,1,0,0,1,0,0
10,16.0,2,58,82,106,8,32,62,94,11,0,0,0.62,0.62,0,0,0,0,1,0,1
117,8.0,84,171,414,827,55,282,704,926,61,0,0,0.79,0.77,0,0,0,0,1,0,0
152,8.0,14,0,68,119,16,67,140,214,29,0,0,0.95,0.93,0,0,0,0,1,0,0
0,8.0,0,13,20,27,5,10,18,24,0,0,0,0.42,0.36,0,0,0,0,1,0,1
0,2.0,0,104,104,104,4,12,12,12,0,0,0,0.79,0.78,8,1,0,0,1,0,1
0,8.0,0,6,6,6,0,1,4,9,0,0,0,0.17,0.33,0,0,0,0,1,0,1
600,10.0,0,0,0,0,1,4,6,8,2,0,0,0.77,0.85,0,0,0,1,1,0,0
0,12.0,0,10,10,10,2,9,13,18,0,0,0,0.87,0.75,1,0,0,0,1,0,1
87,9.0,19,18,34,66,20,76,123,152,15,0,0,0.68,0.66,0,0,0,1,1,0,0
7,8.0,0,0,0,0,0,0,0,0,0,0,0,0.98,0.97,0,0,0,0,1,0,0
21,2.0,0,0,0,0,0,0,4,9,1,0,0,0.97,0.94,0,1,0,0,1,0,0
1,8.0,0,0,0,0,0,0,0,1,1,0,0,0.97,0.98,0,0,0,0,1,0,0
16,8.0,0,0,0,0,1,1,1,1,1,0,0,0.0,0.0,0,0,0,0,1,0,0
113,8.0,2,100,150,250,29,117,209,303,91,0,0,0.88,0.88,0,0,0,0,1,0,0
6,3.0,0,0,0,0,0,0,0,0,0,0,0,0.98,0.99,0,1,0,0,1,0,0
4,8.0,0,179,257,349,56,141,262,348,45,0,0,0.82,0.75,8,0,0,1,1,0,1
6,12.0,48,384,672,864,204,442,658,922,61,0,0,0.98,0.97,7,0,0,0,1,0,1
2,8.0,0,9,27,36,4,13,15,21,1,0,0,0.77,0.82,0,0,0,0,1,0,1
221,4.0,0,0,0,0,1,3,6,6,0,0,0,0.77,0.8,0,0,0,0,1,0,0
591,9.0,0,0,0,0,0,0,0,0,0,0,0,0.98,0.89,0,0,0,1,1,0,0
4,8.0,0,2,4,6,1,1,4,8,0,0,0,0.75,0.74,0,0,0,0,1,0,0
0,8.0,0,5,5,10,2,5,6,6,2,0,0,0.34,0.57,0,0,0,0,1,0,1
0,2.0,0,5,8,10,0,0,0,0,0,0,0,0.42,0.36,0,1,0,0,1,0,0
0,8.0,0,0,11,11,0,0,0,0,0,0,0,0.96,0.94,0,0,0,0,1,0,0
81,8.0,41,0,72,108,11,36,77,105,37,0,0,0.99,0.99,0,0,0,0,1,0,0
-490,8.0,0,11210,11210,11210,2010,2038,2060,2094,10,0,0,1.0,0.93,490,0,0,0,1,0,1
5,8.0,0,35,70,105,12,28,30,30,0,0,0,1.0,1.0,0,0,0,0,1,0,1
2,2.0,0,0,10,10,1,1,2,2,0,0,0,0.6,0.49,0,0,0,0,1,0,1
61,9.0,0,0,0,0,0,1,3,5,0,0,0,0.43,0.45,0,0,0,0,1,0,0
13,8.0,27,0,0,0,3,9,18,50,11,0,0,0.99,0.98,0,0,0,0,1,0,0
4,8.0,0,17,26,35,4,8,15,29,2,0,0,1.0,0.99,0,0,0,0,1,0,1
17,2.0,0,24,48,96,8,34,50,73,0,0,0,-99.0,-99.0,0,0,0,0,1,0,1
0,0.0,0,5,10,14,4,8,11,15,2,0,0,0.0,0.0,0,0,0,1,0,0,1
0,8.0,0,156,204,255,0,0,0,0,8,0,8,0.0,0.0,23,0,0,0,1,0,1
0,2.0,0,12,16,16,15,33,36,36,0,0,0,0.61,0.62,0,0,0,0,1,0,1
13,12.0,2,0,0,0,0,0,0,0,1,0,0,0.48,0.48,0,1,0,0,1,0,0
1,4.0,0,0,0,0,0,0,1,1,0,0,0,0.73,0.78,0,0,0,0,1,0,1
5,2.0,0,12,12,12,0,0,0,0,0,0,0,0.65,0.41,0,1,0,0,1,0,0
100,12.0,0,0,0,0,0,0,0,0,0,0,0,0.95,0.86,0,1,0,1,1,0,0
2,2.0,0,18,24,27,2,5,7,7,2,0,0,0.98,0.98,0,1,0,1,1,0,1
14,8.0,10,1362,2112,2892,269,825,1589,2460,207,0,84,0.95,0.92,27,0,0,0,1,0,1
73,8.0,7,12,24,36,8,32,74,112,16,0,0,0.95,0.96,0,0,0,0,1,0,0
0,8.0,0,14,23,23,0,0,0,0,0,0,0,0.62,0.62,0,0,0,1,1,0,0
0,8.0,0,0,0,0,0,0,0,0,0,0,0,0.87,0.83,0,0,0,1,1,0,0
8,8.0,0,0,0,0,0,0,0,0,0,0,0,0.83,0.91,0,0,0,0,1,0,0
4,4.0,0,0,0,0,0,0,0,0,0,0,0,0.68,0.66,0,1,0,1,1,0,0
9,8.0,0,5,10,20,11,24,44,57,6,0,0,0.95,0.98,0,0,0,0,1,0,1
0,2.0,0,0,0,0,0,0,0,0,0,0,0,0.99,0.99,0,1,0,0,1,0,0
0,8.0,0,7,11,15,4,6,10,15,0,0,0,1.0,0.95,0,0,0,0,1,0,1
153,4.0,3,578,830,1082,129,302,625,938,287,0,12,0.82,0.79,2,0,0,0,1,0,1
80,4.0,6,0,18,30,15,54,146,219,23,0,0,0.73,0.78,0,0,0,0,1,0,0
4,8.0,0,43,43,67,9,26,58,83,6,0,3,0.17,0.33,0,0,0,0,1,0,1
30,4.0,0,0,0,0,0,1,12,14,0,0,0,0.84,0.87,0,0,0,0,1,0,0
2,12.0,0,0,0,0,0,0,0,0,0,0,0,0.78,0.78,0,1,0,0,1,0,0
11,8.0,0,12,24,24,2,10,13,24,0,0,0,0.98,0.97,0,0,0,0,1,0,1
8770,8.0,4300,0,0,0,507,1463,3008,4810,649,0,0,0.86,0.79,0,0,0,0,1,0,0
25,8.0,0,0,0,0,0,0,0,0,0,0,0,0.99,0.99,0,0,0,0,1,0,0
8,9.0,0,0,0,0,0,2,2,2,0,0,0,0.99,0.99,0,0,0,0,1,0,0
5,2.0,14,62,162,260,47,139,171,171,0,0,0,0.96,0.96,0,0,0,0,1,0,1
2,8.0,0,1,1,1,5,8,11,23,0,0,0,0.86,0.88,0,0,0,0,1,0,1
-1,8.0,0,15,15,29,0,7,29,34,8,0,0,0.4,0.64,1,0,0,0,1,0,1
23,12.0,0,0,0,0,0,0,0,0,0,0,0,0.0,0.02,0,0,0,0,1,0,0
14,8.0,0,0,0,0,0,0,1,2,1,0,0,0.79,0.67,0,0,0,0,1,0,0
2,3.0,0,0,1,2,0,1,1,1,0,0,0,0.89,0.9,0,0,0,0,1,0,1
9,8.0,0,0,0,0,0,2,6,8,0,0,0,0.95,0.97,0,0,0,0,1,0,0
130,0.0,18,204,204,204,29,76,127,209,29,0,0,0.0,0.0,0,0,0,0,0,0,0
0,2.0,0,50,50,50,0,0,0,0,0,0,0,0.97,0.97,0,1,0,1,1,0,1
10,12.0,0,50,106,148,10,34,69,109,24,0,0,1.0,0.99,0,0,0,0,1,0,1
55,4.0,0,0,0,0,1,6,18,24,0,0,0,0.73,0.78,0,0,0,0,1,0,0
-6,8.0,6,26,41,61,14,25,34,46,0,0,0,0.84,0.68,6,0,0,0,1,0,1
0,8.0,0,7,17,22,3,6,13,28,1,0,0,0.25,0.36,0,0,0,0,1,0,1
13,2.0,0,11,22,33,3,13,25,35,0,0,0,0.68,0.68,0,0,0,0,1,0,1
14,8.0,0,0,0,2,0,0,7,12,2,0,0,0.46,0.35,0,0,0,0,1,0,1
33,12.0,0,0,0,0,1,2,4,4,0,0,0,1.0,0.98,0,0,0,0,1,0,0
19,3.0,0,0,0,12,3,6,19,39,0,0,0,0.98,0.98,0,0,0,0,1,0,0
58,8.0,5,141,230,329,34,93,165,257,75,0,3,0.41,0.46,0,0,0,1,1,0,0
10,2.0,18,10,10,10,0,0,0,0,0,0,0,1.0,1.0,0,1,0,0,1,0,0
12,2.0,0,12,12,12,7,15,18,18,0,0,1,0.26,0.32,0,1,0,0,1,0,1
3,2.0,0,4,6,10,2,4,6,11,1,0,0,0.89,0.92,0,0,0,0,1,0,1
0,8.0,0,16,16,16,0,0,0,0,0,0,0,0.91,0.9,0,0,0,0,1,0,1
-15,3.0,0,32,32,32,1,12,26,29,0,0,0,0.89,0.9,15,0,0,0,1,0,1
0,2.0,0,7,7,7,0,0,0,1,0,0,0,0.1,0.13,0,0,0,0,1,0,1
32,8.0,0,0,0,0,2,2,2,2,0,0,0,-99.0,-99.0,0,1,0,0,1,0,0
345,8.0,0,0,0,0,0,0,0,0,0,0,0,0.98,0.95,0,1,0,0,1,0,0
0,2.0,0,700,700,700,0,0,0,0,0,0,0,0.58,0.58,0,0,0,0,1,0,1
4,8.0,0,1,4,6,1,4,8,12,0,0,0,0.65,0.67,0,0,0,0,1,0,0
17,12.0,3,510,510,703,53,233,435,622,53,0,0,0.5,0.39,6,1,0,0,1,0,1
-20,12.0,0,81,96,106,34,38,68,90,10,0,0,0.78,0.78,20,0,0,1,1,0,1
8,2.0,0,8,16,28,6,28,36,50,0,0,0,0.78,0.86,0,0,0,0,1,0,1
13,8.0,0,0,0,0,0,1,1,2,0,0,0,0.48,0.57,0,1,0,0,1,0,0
1,12.0,0,4,6,6,1,4,5,5,0,0,0,0.78,0.78,0,1,0,0,1,0,1
3,2.0,0,3,4,4,3,7,10,12,0,0,0,0.68,0.66,0,1,0,0,1,0,1
2,8.0,2,18,34,50,6,18,32,49,0,0,0,0.98,0.97,0,0,0,0,1,0,1
11,2.0,0,12,24,48,5,12,27,44,0,0,0,0.97,0.94,0,0,0,1,1,0,1
0,8.0,0,216,336,456,23,174,304,442,48,0,7,0.25,0.53,2,0,0,0,1,0,1
1109,8.0,0,0,0,0,15,51,130,236,0,0,0,0.33,0.66,0,0,0,1,1,0,0
0,9.0,0,2,3,4,0,2,2,2,0,0,0,0.69,0.68,0,0,0,0,1,0,1
4087,8.0,0,0,0,0,3,11,16,22,1,0,0,0.84,0.89,0,1,0,0,1,0,0
0,14.0,0,12,12,12,1,2,4,4,0,0,0,0.47,0.39,0,0,0,0,1,0,1
1,8.0,0,8,8,8,1,2,7,11,0,0,0,0.0,0.0,0,0,0,0,1,0,1
17,12.0,0,0,0,0,0,0,0,0,0,0,0,0.93,0.89,0,0,0,0,1,0,0
3,2.0,0,0,1,2,0,0,3,5,1,0,0,0.91,0.86,0,0,0,1,1,0,1
6,9.0,0,0,0,0,0,0,0,0,0,0,0,0.91,0.77,0,0,0,0,1,0,0
61,8.0,0,268,332,469,136,238,394,507,125,0,0,0.97,0.98,2,0,0,0,1,0,1
12,8.0,0,0,0,0,1,2,7,8,1,0,0,0.95,0.9,0,0,0,0,1,0,0
47,52.0,0,0,0,0,4,12,21,38,4,0,0,0.79,0.66,0,1,0,0,1,0,0
26,2.0,0,0,0,0,0,1,1,2,0,0,0,0.83,0.86,0,0,0,0,1,0,0
3,8.0,0,0,0,0,0,0,1,2,1,0,0,0.0,0.04,0,0,0,0,1,0,0
-7,12.0,0,10,10,10,0,3,6,7,5,0,0,0.74,0.74,7,0,0,0,1,0,1
0,2.0,0,4,7,8,1,1,1,1,0,0,0,0.4,0.39,0,0,0,0,1,0,1
32,9.0,0,0,0,0,1,1,1,1,0,0,0,0.61,0.71,0,0,0,0,1,0,0
-7,6.0,3,7,7,8,7,13,17,17,1,0,0,0.78,0.78,7,0,0,0,1,0,1
7,4.0,0,0,0,0,0,0,0,0,0,0,0,0.73,0.78,0,1,0,0,1,0,0
5,2.0,0,12,24,42,3,11,21,32,1,0,0,1.0,0.93,0,0,0,0,1,0,1
88,2.0,85,348,618,924,135,337,625,913,93,0,6,0.76,0.88,0,0,0,0,1,0,0
28,4.0,1,0,0,0,0,2,2,2,2,0,0,0.24,0.14,0,1,0,0,1,0,0
0,2.0,0,1,1,1,0,0,1,1,0,0,0,0.13,0.09,0,0,0,0,1,0,1
0,4.0,0,0,0,0,0,0,0,0,0,0,0,0.22,0.11,0,0,0,0,1,0,1
438,8.0,152,1306,2006,3106,497,1778,3007,4120,323,0,88,0.72,0.72,0,0,0,0,1,0,1
3,8.0,0,10,17,24,3,10,14,20,0,0,0,1.0,0.99,0,0,0,0,1,0,1
460,12.0,0,0,0,0,5,9,31,44,10,0,0,0.73,0.76,0,0,0,0,1,0,0
2,2.0,0,1,2,3,0,0,2,5,0,0,0,0.99,0.97,0,0,0,0,1,0,1
20,4.0,0,19,28,34,8,24,47,63,0,0,0,0.73,0.78,0,0,0,0,1,0,0
0,2.0,0,4,7,8,0,0,0,0,0,0,0,0.81,0.82,0,0,0,0,1,0,1
55,12.0,0,0,0,0,0,2,16,20,1,0,0,0.44,0.23,0,0,0,0,1,0,0
4,9.0,0,37,62,92,10,33,60,91,1,0,0,0.7,0.66,0,0,0,0,1,0,1
1,8.0,0,0,0,0,1,1,1,1,1,0,0,0.99,0.98,0,0,0,0,1,0,0
34,6.0,0,0,27,27,6,20,39,63,7,0,0,0.73,0.76,0,0,0,1,1,0,1
100,12.0,0,0,0,0,0,0,0,0,0,0,0,0.95,0.86,0,0,0,0,1,0,0
13,4.0,0,0,0,0,0,0,3,6,0,0,0,0.73,0.78,0,0,0,0,1,0,0
83,8.0,0,0,0,0,0,0,0,0,0,0,0,0.99,0.98,0,0,0,0,1,0,0
73,2.0,0,0,0,0,1,4,8,12,0,0,0,0.82,0.83,0,1,0,0,1,0,0
-1,9.0,0,49,70,98,5,32,61,81,23,0,1,0.5,0.39,2,1,0,1,1,0,1
0,8.0,0,5,5,5,0,0,1,5,0,0,0,0.18,0.31,0,0,0,0,1,0,1
278,8.0,0,0,0,0,3,11,33,215,23,0,0,0.66,0.73,0,0,0,0,1,0,0
137,8.0,0,859,1286,1946,145,571,1123,2004,202,0,0,0.99,0.97,1,0,0,0,1,0,0
4,8.0,3,9,19,26,0,4,10,20,2,0,0,0.98,0.89,0,0,0,0,1,0,0
260,8.0,105,617,1535,2237,510,1545,3065,4402,120,0,0,0.31,0.41,0,0,0,0,1,0,1
2,4.0,0,0,0,0,0,0,0,0,0,0,0,0.73,0.78,0,0,0,0,1,0,0
93,8.0,96,24,192,264,35,160,353,487,59,0,0,0.96,0.94,0,0,0,0,1,0,0
11,2.0,0,0,0,0,0,0,0,0,0,0,0,0.0,0.5,0,1,0,0,1,0,1
17,8.0,0,0,7,21,0,6,18,27,0,0,0,0.97,0.94,0,0,0,0,1,0,0
4,14.0,0,0,0,0,0,0,0,0,0,0,0,0.89,0.9,0,0,0,0,1,0,0
28,2.0,0,0,0,0,0,0,0,0,1,0,0,0.98,0.94,0,1,0,0,1,0,0
-117,8.0,277,7419,7419,8733,699,2445,5559,9312,836,0,600,0.5,0.53,123,0,0,0,1,0,1
-5,8.0,6,62,122,170,1,27,37,71,15,0,0,0.73,0.6,5,0,0,0,1,0,1
8,8.0,0,30,60,90,6,12,20,29,0,0,0,0.98,0.96,0,0,0,0,1,0,1
3,3.0,0,0,0,0,0,0,1,1,1,0,0,0.81,0.79,0,0,0,1,1,0,0
5,2.0,0,5,15,20,4,14,20,23,2,0,0,1.0,1.0,0,0,0,0,1,0,1
-35,8.0,46,403,680,968,123,331,594,856,86,0,21,0.69,0.69,55,0,0,0,1,0,1
0,2.0,0,5,8,9,1,2,2,2,0,0,0,0.78,0.78,0,1,0,0,1,0,1
0,2.0,12,72,72,72,0,2,2,2,1,0,0,0.98,0.99,0,1,0,0,1,0,1
65,8.0,0,0,16,32,2,4,71,117,0,0,0,1.0,0.99,0,0,0,0,1,0,0
591,8.0,179,565,899,1233,182,555,1024,1629,219,0,0,1.0,0.93,0,0,0,0,1,0,0
0,9.0,28,42,77,112,0,0,0,0,0,0,0,1.0,0.96,0,0,0,0,1,0,0
125,8.0,59,105,207,309,58,149,265,384,45,0,0,0.98,0.98,1,0,0,0,1,0,0
5,8.0,0,0,0,0,0,0,0,1,1,0,0,0.69,0.69,0,0,0,0,1,0,0
5,8.0,1,19,31,43,0,5,22,33,2,0,0,0.16,0.16,0,0,0,0,1,0,1
3,3.0,0,1,3,5,0,1,4,7,1,0,0,0.89,0.9,0,0,0,0,1,0,1
3,8.0,0,0,0,0,0,0,0,0,1,0,0,0.97,0.98,0,0,0,0,1,0,0
24,2.0,0,0,7,14,2,9,18,21,1,0,0,0.87,0.81,0,1,0,1,1,0,0
0,8.0,0,927,1615,2021,1,1,1,1,143,0,0,0.73,0.69,1,0,0,1,1,0,1
19,8.0,0,0,0,0,0,1,2,2,0,0,0,0.94,0.97,0,0,0,0,1,0,0
3,12.0,0,0,0,0,0,0,0,0,0,0,0,0.82,0.79,0,0,0,0,1,0,0
-1,12.0,0,360,360,360,20,57,132,229,50,0,0,0.0,0.0,25,0,0,0,1,0,1
3,14.0,0,291,453,608,35,144,297,483,60,0,9,0.43,0.48,3,0,0,0,1,0,1
86,9.0,0,0,0,0,0,1,2,2,0,0,0,0.91,0.74,0,0,0,0,1,0,0
0,2.0,0,17,29,33,0,0,0,0,2,0,0,0.77,0.64,0,0,0,0,1,0,1
64,8.0,0,0,28,63,25,30,76,107,7,0,0,0.66,0.69,0,0,0,0,1,0,0
12,12.0,0,13,30,64,6,21,38,59,0,0,0,0.78,0.78,0,0,0,0,1,0,1
80,8.0,0,0,0,0,0,0,0,0,0,0,0,0.89,0.9,0,0,0,1,1,0,0
19,8.0,5,403,675,947,85,280,522,779,90,0,0,0.41,0.58,8,0,0,0,1,0,1
2,52.0,0,0,0,0,0,0,0,0,0,0,0,0.66,0.78,0,0,0,1,0,0,0
18,12.0,0,62,98,151,16,50,88,128,9,0,0,0.98,0.98,0,0,0,0,1,0,0
0,2.0,0,11,20,20,0,0,0,0,0,0,0,0.8,0.82,0,0,0,1,1,0,1
3,8.0,0,0,0,0,0,0,0,0,1,0,0,0.71,0.75,0,0,0,0,1,0,0
6,8.0,0,86,119,152,6,41,89,151,21,0,0,0.0,0.19,0,0,0,0,1,0,1
55,2.0,0,30,70,70,0,0,0,0,0,0,0,0.94,0.96,0,1,0,0,1,0,0
1286,2.0,0,320,960,1600,449,982,1692,2684,1013,0,0,0.95,0.97,0,0,0,0,1,0,0
0,9.0,0,2,2,2,0,0,0,1,0,0,0,0.68,0.66,0,0,0,1,1,0,1
8,8.0,0,12,20,28,3,9,18,30,4,0,0,0.99,0.97,0,0,0,0,1,0,1
10,8.0,0,41,67,95,14,42,66,103,0,0,3,0.96,0.96,0,0,0,0,1,0,1
0,2.0,0,5,8,8,0,0,0,0,0,0,0,0.37,0.36,0,1,0,1,1,0,1
1,2.0,0,2,4,5,1,1,2,6,0,0,0,0.82,0.87,0,0,0,0,1,0,1
104,8.0,18,213,381,525,57,170,329,583,68,0,0,0.89,0.89,0,0,0,0,1,0,0
-12,8.0,1,175,259,357,26,107,198,276,32,0,4,0.8,0.75,14,1,0,0,1,0,1
0,2.0,0,503,524,524,0,0,0,0,127,0,0,0.69,0.69,0,0,0,1,1,0,1
3,8.0,1,0,2,3,0,2,4,4,0,0,0,0.99,0.96,0,0,0,0,1,0,0
23,2.0,0,168,168,336,25,56,109,137,0,0,0,0.03,0.09,0,0,0,0,1,0,1
8,8.0,0,0,0,0,0,0,0,0,0,0,0,0.78,0.82,0,0,0,0,1,0,0
0,3.0,0,26,39,52,9,23,40,53,0,0,0,0.5,0.39,0,0,0,0,1,0,1
36,8.0,0,0,0,0,0,0,1,1,1,0,0,0.99,0.99,0,0,0,1,1,0,0
9,8.0,0,0,0,10,4,17,23,34,0,0,0,0.97,0.98,0,0,0,0,1,0,0
0,2.0,0,15,27,32,0,0,0,0,0,0,0,1.0,0.92,0,1,0,0,1,0,1
2,2.0,0,0,0,0,3,3,11,19,0,0,0,0.82,0.89,0,0,0,0,1,0,1
111,9.0,0,0,0,0,0,0,0,0,0,0,0,0.91,0.77,0,0,0,1,1,0,0
0,8.0,0,0,0,0,0,0,0,0,0,0,0,0.98,0.98,0,0,0,0,1,0,1
0,2.0,0,247,431,622,0,0,0,0,22,0,0,0.62,0.68,0,0,0,0,1,0,1
0,2.0,0,20,20,20,0,0,0,0,0,0,0,0.78,0.76,0,1,0,0,1,0,1
0,12.0,0,5,5,5,0,0,0,0,0,0,0,0.57,0.7,0,1,0,0,1,0,1
45,8.0,0,7,35,63,13,31,74,115,2,0,0,0.34,0.34,0,0,0,1,1,0,0
33,10.0,0,0,0,0,1,3,3,3,3,0,0,0.84,0.86,0,1,0,0,1,0,0
159,2.0,0,0,0,0,38,55,79,109,7,0,0,0.16,0.06,0,0,0,0,1,0,0
1,8.0,0,350,550,750,116,213,472,4154,30,0,0,0.82,0.92,0,0,0,0,1,0,1
20,4.0,0,0,0,1,2,5,7,11,1,0,0,0.73,0.78,0,0,0,0,1,0,0
0,2.0,0,4,4,4,0,0,0,0,0,0,0,0.75,0.5,0,1,0,0,1,0,1
-5,8.0,0,80,160,160,6,23,44,79,10,0,0,0.98,0.63,5,0,0,0,1,0,1
15,2.0,0,402,402,402,53,121,159,224,26,0,0,0.72,0.72,0,0,0,0,1,0,1
7,2.0,0,20,40,60,7,15,28,41,0,0,0,1.0,1.0,0,0,0,0,1,0,1
2,2.0,1,8,16,20,4,15,21,33,2,0,0,0.98,0.96,0,0,0,0,1,0,1
8,8.0,0,0,0,0,1,5,10,10,1,0,0,0.99,0.98,0,0,0,0,1,0,0
10,2.0,0,0,0,0,0,0,0,0,1,0,0,0.65,0.46,0,0,0,1,1,0,0
0,2.0,0,5,5,5,0,0,0,0,0,0,0,0.0,0.0,0,1,0,1,1,0,1
2,2.0,0,10,10,10,2,4,4,4,0,0,0,0.99,0.98,0,0,0,0,1,0,1
3,8.0,0,3,6,8,5,9,14,15,0,0,0,0.89,0.78,0,0,0,0,1,0,1
2,3.0,0,7,11,18,1,7,15,19,0,0,0,0.99,0.98,0,0,0,1,1,0,1
3,12.0,0,0,0,0,0,0,0,0,1,0,0,0.82,0.87,0,0,0,1,1,0,0
0,8.0,0,840,1080,1080,0,0,0,0,60,0,0,0.69,0.69,0,1,0,0,1,0,1
1,4.0,0,0,0,1,1,1,2,3,2,0,0,0.73,0.78,0,0,0,0,1,0,1
9,10.0,0,0,10,10,3,4,11,15,0,0,0,0.89,0.9,0,0,0,0,1,0,1
2,12.0,0,0,0,0,0,0,0,0,0,0,0,0.73,0.69,0,0,0,0,1,0,0
0,2.0,0,322,322,322,0,0,0,0,0,0,0,0.62,0.73,0,1,0,0,1,0,1
0,2.0,0,10,10,10,0,0,0,0,0,0,0,0.51,0.53,0,0,0,1,1,0,1
10,8.0,0,0,0,0,1,3,9,11,2,0,0,0.98,0.99,0,0,0,0,1,0,0
360,8.0,0,0,0,0,0,0,0,0,0,0,0,0.33,0.6,0,0,0,0,1,0,0
5,12.0,0,0,0,0,0,0,0,0,0,0,0,0.74,0.74,0,0,0,1,1,0,0
15,52.0,0,0,0,0,1,4,10,16,6,0,0,1.0,1.0,0,1,0,0,1,0,0
28,8.0,0,0,0,0,0,0,0,1,0,0,0,0.99,0.91,0,0,0,0,1,0,0
2,8.0,0,2,4,5,0,2,2,6,0,0,0,0.79,0.89,0,0,0,1,1,0,1
4,8.0,0,0,0,0,0,0,0,0,0,0,0,0.74,0.84,0,0,0,1,1,0,0
6,12.0,0,62,112,160,13,50,106,152,12,0,0,0.73,0.76,0,0,0,0,1,0,1
0,2.0,0,50,50,50,8,22,43,51,1,0,0,0.98,0.98,0,0,0,0,1,0,1
0,2.0,0,3,3,3,0,0,0,0,0,0,0,0.0,0.0,0,1,0,1,1,0,1
4,2.0,0,5,10,25,4,9,19,24,0,0,0,0.99,0.93,0,0,0,1,1,0,1
1,8.0,0,2,4,5,0,2,2,5,2,0,1,0.78,0.74,0,0,0,0,1,0,1
418,4.0,0,0,0,0,3,6,14,22,2,0,0,0.76,0.63,0,1,0,1,1,0,0
140,10.0,0,0,0,0,1,1,1,2,0,0,0,0.99,0.98,0,0,0,0,1,0,0
12,2.0,0,0,0,0,0,1,5,8,0,0,0,0.98,0.98,0,0,0,0,1,0,0
0,8.0,0,14,20,26,2,15,28,39,0,0,0,0.61,0.57,0,0,0,0,1,0,1
4,11.0,0,31,48,65,11,24,34,44,3,0,0,0.85,0.76,0,0,0,0,1,0,1
14,2.0,0,0,7,11,8,12,13,13,0,0,0,0.81,0.85,0,0,0,1,1,0,1
0,2.0,0,16,22,22,2,6,17,23,0,0,0,0.22,0.38,0,1,0,0,0,0,1
1,8.0,0,28,28,28,3,4,16,28,15,0,1,0.84,0.69,0,0,0,0,1,0,1
41,8.0,0,0,0,0,0,0,1,3,2,0,0,0.56,0.46,0,0,0,0,1,0,0
0,2.0,0,11,15,23,0,0,0,0,0,0,0,0.61,0.62,0,0,0,0,1,0,1
4,2.0,0,6,6,12,5,9,16,17,0,0,0,0.94,0.92,0,1,0,0,1,0,1
2,2.0,0,1121,1121,1121,0,0,0,0,0,0,0,0.0,0.0,0,1,0,0,1,0,0
20,2.0,0,0,0,0,0,0,0,4,1,0,0,0.69,0.64,0,1,0,0,1,0,0
304,4.0,0,0,0,0,0,20,70,80,0,0,0,0.98,0.96,0,1,0,0,1,0,0
5,8.0,0,0,0,1,0,1,1,2,2,0,0,1.0,0.99,0,0,0,0,1,0,1
10,12.0,0,0,0,0,0,0,0,0,0,0,0,0.82,0.79,0,1,0,1,1,0,0
-5,8.0,0,25,35,39,2,7,12,31,5,0,3,0.77,0.76,5,0,0,0,1,0,1
133,8.0,144,353,723,983,166,497,756,1048,76,0,0,0.97,0.97,0,0,0,0,1,0,1
1,2.0,0,1,1,2,3,5,7,13,0,0,0,0.68,0.64,0,0,0,0,1,0,1
8,12.0,0,8,16,28,0,1,2,5,0,0,0,0.82,0.79,0,0,0,0,1,0,0
0,9.0,0,11,19,23,7,10,16,19,0,0,0,0.85,0.83,0,0,0,0,1,0,1
3,2.0,0,0,0,0,0,0,0,0,0,0,0,0.93,0.95,0,1,0,0,1,0,0
2,8.0,0,25,25,25,5,10,18,22,0,0,0,0.95,0.97,0,0,0,0,1,0,1
2,8.0,0,96,96,144,19,50,78,100,1,0,0,1.0,0.5,0,0,0,0,1,0,1
1,9.0,0,8,8,8,0,1,6,12,0,0,0,0.68,0.66,0,0,0,0,1,0,1
-4,8.0,1,243,396,532,45,174,361,488,43,0,11,0.61,0.61,20,0,0,0,1,0,1
14,8.0,0,68,108,148,29,55,89,129,113,0,0,0.83,0.71,3,0,0,0,1,0,0
223,8.0,3,0,10,57,21,91,163,319,39,0,0,0.73,0.69,0,0,0,0,1,0,0
0,8.0,0,3,4,5,0,0,1,4,0,0,0,0.96,0.85,0,0,0,0,1,0,1
189,9.0,0,262,454,646,81,324,465,886,163,0,0,0.86,0.85,0,0,0,0,1,0,0
48,8.0,3,162,162,162,27,79,140,220,14,0,0,0.85,0.83,0,0,0,0,1,0,0
54,2.0,0,0,0,0,0,0,0,0,0,0,0,0.91,0.86,0,0,0,0,1,0,0
2,8.0,0,19,28,46,2,8,16,26,0,0,0,0.17,0.33,0,0,0,0,1,0,1
1532,2.0,1005,910,3484,5668,127,1173,3231,5175,504,0,0,0.97,0.98,0,0,0,0,1,0,0
162,13.0,0,0,0,0,0,0,0,0,0,0,0,0.42,0.67,0,0,0,0,1,0,0
0,2.0,0,5,7,9,0,0,0,0,0,0,0,0.97,0.94,0,1,0,1,1,0,0
115,8.0,11,1217,1997,2861,240,715,1353,1888,250,0,84,0.59,0.59,0,0,0,0,1,0,1
1,4.0,0,23,43,67,5,22,40,49,0,1,5,0.79,0.87,0,0,0,1,1,0,1
7,8.0,0,8,8,16,0,6,15,23,0,0,0,0.66,0.69,0,0,0,1,1,0,0
8,2.0,0,0,6,12,1,2,2,2,0,0,0,0.99,0.99,0,1,0,0,1,0,0
11,2.0,0,12,24,48,6,13,27,46,0,0,0,0.97,0.94,0,0,0,1,1,0,1
71,8.0,0,18,28,38,2,7,16,27,13,0,0,0.76,0.77,0,0,0,0,1,0,0
1,4.0,0,0,0,0,0,0,0,0,1,0,0,0.56,0.55,0,0,0,0,1,0,0
52,2.0,0,0,30,60,3,21,37,57,0,0,0,1.0,0.99,0,0,0,0,1,0,0
2,4.0,0,0,0,0,0,0,0,0,0,0,0,0.69,0.68,0,1,0,0,1,0,0
0,8.0,0,49,49,49,0,0,0,0,0,0,0,0.77,0.78,0,1,0,0,1,0,1
0,12.0,0,6,7,7,5,6,6,6,0,0,0,0.78,0.78,0,0,0,0,1,0,1
4,8.0,0,37,62,107,10,38,80,107,0,0,6,0.48,0.53,0,0,0,0,1,0,1
92,14.0,23,116,191,313,16,81,194,281,48,0,0,0.89,0.88,0,0,0,0,1,0,0
23,8.0,0,0,0,0,0,0,0,0,1,0,0,0.87,0.89,0,1,0,1,0,0,0
14,9.0,0,0,0,8,0,10,17,23,1,0,0,0.96,0.98,0,0,0,0,1,0,0
1519,9.0,0,0,126,290,2,4,6,11,2,0,0,0.9,0.82,0,0,0,0,1,0,0
27,8.0,0,14,26,44,6,19,37,55,12,0,0,0.72,0.72,0,0,0,0,1,0,0
113,4.0,0,6,42,72,10,43,103,165,15,0,0,0.77,0.8,0,0,0,0,1,0,0
0,8.0,0,0,0,0,0,0,3,3,0,0,0,0.0,0.0,0,0,0,0,1,0,1
364,8.0,8,0,0,300,40,119,198,315,70,0,0,0.99,0.98,0,0,0,0,1,0,0
6,2.0,0,4,8,14,0,16,21,28,1,0,0,0.85,0.93,0,0,0,0,1,0,1
15,4.0,0,4,12,16,1,4,14,17,0,0,0,0.73,0.78,0,0,0,0,1,0,0
7,9.0,4,2,4,6,0,2,7,9,0,0,0,0.86,0.84,0,0,0,0,1,0,0
-1,8.0,0,66,99,130,7,28,68,96,38,0,5,0.31,0.33,2,0,0,0,1,0,1
0,5.0,0,461,638,638,0,2,2,2,41,0,91,0.68,0.69,0,0,0,0,1,0,1
2,8.0,0,16,34,46,5,9,28,41,0,0,0,0.87,0.83,0,0,0,0,1,0,1
9,12.0,0,0,4,4,1,3,6,9,0,0,0,0.82,0.79,0,0,0,0,1,0,0
0,12.0,0,8,12,14,3,7,16,19,0,0,0,0.82,0.79,0,0,0,0,1,0,1
-64,12.0,0,699,742,849,170,646,1672,2175,193,0,0,0.94,0.89,80,0,0,0,1,0,1
656,8.0,0,0,0,0,4,10,19,28,5,0,0,0.46,0.67,0,0,0,0,1,0,0
5,2.0,5,20,40,60,8,23,50,76,0,0,0,0.79,0.87,0,0,0,0,1,0,1
0,8.0,0,168,168,168,0,0,0,0,5,0,0,0.0,0.04,0,0,0,0,1,0,1
0,8.0,0,3,5,7,0,3,3,3,1,0,0,0.89,0.88,0,0,0,0,1,0,1
4,8.0,0,4,12,16,2,5,9,16,0,0,0,0.99,0.98,0,0,0,0,1,0,1
23,8.0,0,0,0,0,0,0,0,0,0,0,0,0.82,0.81,0,0,0,0,1,0,0
52,2.0,1,0,0,0,14,19,38,52,2,0,0,0.98,0.98,0,0,0,0,1,0,0
-9,8.0,0,350,525,725,90,259,437,649,77,0,25,0.45,0.45,26,0,0,0,1,0,1
-5,8.0,0,16,16,19,3,12,16,17,0,0,0,0.62,0.62,5,0,0,0,1,0,1
10,8.0,0,43,69,96,16,44,69,106,0,0,6,0.96,0.96,0,0,0,0,1,0,1
6,8.0,0,0,3,8,3,4,5,5,0,0,0,0.78,0.74,0,0,0,1,1,0,1
0,2.0,0,7,12,16,0,0,0,0,0,0,0,0.53,0.54,0,1,0,0,1,0,1
2,2.0,0,48,48,48,26,48,48,48,5,0,0,0.35,0.27,0,1,0,0,1,0,1
3,8.0,0,0,0,0,0,0,0,0,0,0,0,0.78,0.82,0,0,0,0,1,0,0
5,2.0,0,0,0,0,3,4,4,4,0,0,0,1.0,0.94,0,1,0,0,1,0,1
434,12.0,0,0,39,162,89,267,585,934,36,0,0,0.9,0.72,0,0,0,0,1,0,0
0,8.0,0,40,78,117,0,0,0,0,0,0,16,0.97,0.97,0,0,0,1,1,0,1
3,2.0,0,156,228,282,8,39,82,140,0,0,0,0.0,0.0,0,0,0,0,1,0,1
17,8.0,0,128,212,284,36,76,164,261,22,0,1,0.51,0.53,0,0,0,0,1,0,1
7,12.0,0,0,0,0,0,0,0,0,1,0,0,0.83,0.84,0,0,0,0,1,0,0
832,8.0,0,0,0,0,0,0,2,3,1,0,0,0.93,0.86,0,0,0,0,1,0,0
1,2.0,0,10,20,20,2,8,12,18,0,0,0,0.68,0.78,0,0,0,0,1,0,1
43,8.0,0,0,0,0,1,3,6,8,2,0,0,0.43,0.46,0,1,0,0,1,0,0
3,6.0,0,5,10,10,3,8,11,15,0,0,0,0.73,0.76,0,0,0,0,1,0,0
32,8.0,0,0,0,0,0,0,6,10,0,0,0,0.56,0.72,0,1,0,0,1,0,0
0,8.0,0,200,200,300,10,51,127,223,18,0,0,1.0,0.99,0,0,0,0,1,0,1
0,2.0,0,500,500,500,0,0,0,0,0,0,0,0.68,0.77,0,0,0,1,1,0,0
3,4.0,0,0,0,0,4,4,4,6,0,0,0,0.73,0.78,0,0,0,0,1,0,1
2,4.0,0,0,0,0,0,0,0,0,0,0,0,0.73,0.78,0,0,0,0,1,0,0
0,8.0,0,20736,30528,41952,0,0,0,0,2164,0,0,0.91,0.91,0,0,0,1,1,0,1
89,12.0,0,85,130,204,16,73,149,260,21,0,0,0.78,0.78,0,0,0,0,1,0,0
1,9.0,0,4,13,16,4,6,14,18,3,0,0,0.68,0.66,0,0,0,0,1,0,1
-7,8.0,0,136,196,271,38,95,173,232,29,0,7,0.96,0.91,7,0,0,0,1,0,1
0,2.0,0,12,20,21,0,1,1,1,0,0,0,0.58,0.44,0,1,0,1,1,0,1
5,3.0,0,5,8,8,4,4,4,4,0,0,0,0.5,0.39,0,1,0,1,1,0,1
1,8.0,0,0,0,0,0,0,0,0,0,0,0,0.88,0.88,0,0,0,0,1,0,1
275,8.0,6,239,560,813,77,266,587,874,98,0,0,0.53,0.51,0,0,0,0,1,0,0
-21,8.0,0,279,413,516,44,150,299,505,40,0,6,0.61,0.61,37,0,0,0,1,0,1
0,2.0,0,16,27,49,2,8,13,17,0,0,0,0.42,0.36,0,0,0,0,1,0,1
0,2.0,0,500,500,500,0,0,0,0,0,0,0,0.64,0.8,0,0,0,1,1,0,1
10,14.0,0,0,0,0,0,0,1,1,2,0,0,0.99,0.99,0,0,0,0,1,0,0
1,8.0,0,5,9,12,1,3,7,14,0,0,0,0.0,0.0,0,0,0,0,1,0,1
36,2.0,0,50,50,100,16,39,64,106,0,0,0,1.0,0.99,0,0,0,0,1,0,0
6,8.0,0,0,0,1,0,2,6,10,1,0,0,1.0,0.99,0,0,0,0,1,0,0
28,8.0,0,32,48,80,7,23,47,69,3,0,0,0.99,0.99,0,0,0,0,1,0,0
249,9.0,0,0,0,0,2,3,6,8,0,0,0,1.0,1.0,0,0,0,0,1,0,0
0,8.0,0,2,3,5,1,2,3,3,1,0,0,0.81,0.82,0,0,0,0,1,0,1
10,2.0,0,0,0,0,0,0,1,1,0,0,0,0.0,0.0,0,1,0,0,1,0,0
0,2.0,0,14,14,14,0,0,0,0,1,0,0,0.65,0.37,0,1,0,0,1,0,1
1,9.0,0,2,3,5,2,3,3,10,0,0,0,0.99,0.98,0,0,0,0,1,0,1
3,8.0,0,54,102,150,20,36,64,117,13,0,0,0.5,0.74,0,0,0,0,1,0,1
12,2.0,0,0,0,0,4,12,15,27,0,0,0,0.62,0.62,0,0,0,0,1,0,1
1,12.0,0,7,7,7,0,0,6,7,0,0,0,0.73,0.76,0,0,0,1,1,0,1
0,2.0,0,4,7,8,0,0,0,0,0,0,0,0.99,0.99,0,1,0,0,1,0,0
182,8.0,102,612,1020,1326,146,426,850,1374,134,0,0,0.99,0.99,0,0,0,0,1,0,0
21,8.0,0,398,405,419,4,11,21,34,0,0,0,0.79,0.66,0,0,0,0,1,0,0
0,2.0,0,0,0,0,0,0,0,0,0,0,0,0.62,0.73,0,0,0,0,1,0,1
20,8.0,0,0,0,0,0,1,11,23,0,0,0,1.0,0.96,0,0,0,0,1,0,0
1,8.0,0,0,1,1,0,1,1,1,0,0,0,0.8,0.82,0,0,0,0,1,0,0
0,4.0,0,0,0,0,0,0,0,0,0,0,0,0.77,0.8,0,0,0,0,1,0,0
10,8.0,0,0,0,0,0,0,0,0,0,0,0,0.79,0.79,0,0,0,0,1,0,0
108,12.0,2,0,0,0,22,54,111,205,32,0,0,0.8,0.8,0,1,0,0,1,0,0
1,9.0,0,1,2,3,1,2,3,4,0,0,0,0.93,0.9,0,0,0,0,1,0,1
16,2.0,0,0,0,0,0,0,0,0,1,0,0,0.96,0.96,0,1,0,1,1,0,0
263,8.0,45,1188,1668,2208,265,774,1408,2308,484,0,80,0.61,0.57,0,0,0,1,1,0,1
0,4.0,5,4,5,5,0,0,0,0,0,0,0,0.73,0.78,0,1,0,0,1,0,0
2,12.0,0,31,46,64,12,22,34,58,1,0,0,0.77,0.75,0,0,0,0,1,0,1
13,12.0,0,0,0,0,0,0,0,0,1,0,0,0.48,0.48,0,1,0,0,1,0,0
196,8.0,69,179,278,412,40,181,348,537,73,0,0,0.69,0.81,0,0,0,0,1,0,0
2,2.0,0,6,6,18,6,12,26,28,0,0,0,0.89,0.94,0,0,0,0,1,0,1
0,2.0,0,130,130,130,0,0,1,1,0,0,0,0.99,0.86,0,1,0,0,0,0,1
32,8.0,0,0,0,0,0,0,3,7,13,0,0,1.0,1.0,0,0,0,0,1,0,0
0,8.0,0,10,15,20,5,7,12,18,0,0,0,0.99,0.99,0,0,0,0,1,0,1
12,12.0,0,0,0,0,0,0,0,0,0,0,0,0.63,0.72,0,0,0,0,1,0,0
0,2.0,0,8,8,8,0,1,1,1,0,0,0,0.79,0.78,0,1,0,0,1,0,1
4,8.0,1,2,8,11,0,4,6,6,3,0,0,0.98,0.97,0,0,0,0,1,0,0
6,2.0,0,111,201,306,19,55,73,76,33,0,0,-99.0,-99.0,0,1,0,0,1,0,1
9,8.0,0,0,0,0,0,0,0,3,0,0,0,0.46,0.35,0,0,0,0,1,0,0
3,9.0,0,0,0,0,0,0,0,0,2,0,0,0.69,0.68,0,0,0,0,1,0,0
-9,8.0,0,580,940,1300,110,317,659,1056,47,0,0,0.99,0.98,11,0,0,0,1,0,1
3,12.0,0,0,0,0,0,0,0,0,0,0,0,0.63,0.72,0,0,0,0,1,0,0
0,2.0,0,15,15,15,0,0,0,0,1,0,0,0.0,0.16,0,1,0,0,1,0,1
11,9.0,0,0,0,0,0,0,0,0,0,0,0,0.69,0.68,0,0,0,0,1,0,0
14,8.0,2,22,42,62,11,25,59,79,7,0,2,0.87,0.91,0,0,0,0,1,0,0
1,8.0,0,6,6,6,2,3,5,10,0,0,0,0.82,0.81,0,0,0,0,1,0,1
0,2.0,0,4,7,8,0,0,0,0,0,0,0,0.7,0.66,0,1,0,0,1,0,0
15,8.0,0,0,0,0,0,0,0,0,0,0,0,0.37,0.34,0,0,0,0,1,0,0
137,2.0,0,83,166,249,12,74,177,267,0,0,0,0.68,0.64,0,0,0,0,1,0,0
-102,0.0,1,112,119,125,2,145,148,148,0,0,0,0.93,0.86,103,0,0,0,0,0,1
3,8.0,7,96,160,216,7,36,90,138,15,0,0,0.57,0.74,1,0,0,0,1,0,1
55,8.0,8,306,498,618,36,159,370,576,89,0,0,0.79,0.78,0,0,0,0,1,0,1
7,9.0,0,0,0,0,0,0,0,0,0,0,0,0.99,0.98,0,0,0,0,1,0,0
1,8.0,0,21,39,57,10,24,50,69,0,0,0,0.99,0.99,0,0,0,0,1,0,1
19,2.0,0,288,480,660,58,176,323,511,50,0,12,0.86,0.88,4,0,0,0,1,0,1
18,8.0,18,112,192,272,0,0,0,0,0,0,0,0.97,0.97,0,0,0,0,1,0,1
0,2.0,0,0,0,0,0,0,0,0,0,0,0,0.96,0.96,0,0,0,0,1,0,1
0,2.0,0,9,309,309,0,0,0,0,0,0,0,1.0,0.77,0,1,0,0,1,0,0
2,8.0,0,1,2,3,0,1,1,2,0,0,0,0.98,0.97,0,0,0,0,1,0,1
19,9.0,0,18,49,76,9,30,57,104,8,0,0,1.0,0.99,0,0,0,0,1,0,0
4,4.0,0,0,0,0,0,0,0,0,0,0,0,0.68,0.66,0,1,0,0,1,0,0
0,8.0,0,2,2,2,0,0,0,0,0,0,0,0.42,0.36,0,1,0,0,1,0,1
256,2.0,82,0,180,180,52,234,442,598,34,0,0,0.96,0.81,4,0,0,0,1,0,0
6,2.0,0,22,22,22,3,18,38,57,1,0,0,0.99,0.98,0,0,0,0,1,0,1
1,2.0,0,20,20,20,2,3,3,3,0,0,0,0.98,0.97,0,0,0,0,1,0,1
96,8.0,0,0,0,0,2,6,11,15,14,0,0,0.98,0.88,0,0,0,0,1,0,0
10,2.0,0,0,0,0,0,1,2,5,0,0,0,0.8,0.82,0,1,0,0,1,0,0
3,8.0,4,34,70,118,16,44,77,97,0,0,0,0.07,0.07,0,0,0,0,1,0,1
3,8.0,0,19,29,39,2,8,19,28,0,0,0,0.99,0.98,0,0,0,0,1,0,1
3,10.0,0,0,0,0,0,0,0,0,0,0,0,0.89,0.9,0,0,0,0,1,0,0
1,8.0,0,0,0,0,0,0,0,0,0,0,0,0.89,0.88,0,0,0,0,1,0,0
2,2.0,0,20,20,20,1,2,2,2,0,0,0,0.98,0.97,0,0,0,0,1,0,1
3,12.0,0,0,0,0,0,0,0,0,0,0,0,0.63,0.72,0,0,0,0,1,0,0
0,8.0,0,332,584,831,0,0,0,0,38,0,0,0.69,0.69,0,0,0,1,1,0,1
0,8.0,0,2,2,3,1,1,1,1,0,0,0,0.81,0.82,0,0,0,1,1,0,1
260,9.0,265,60,111,242,15,259,726,1099,219,0,0,0.86,0.86,0,0,0,0,1,0,0
3,2.0,0,0,0,0,0,0,0,0,0,0,0,0.46,0.35,0,0,0,0,1,0,0
13,8.0,0,0,6,18,0,2,7,12,2,0,0,0.98,0.96,0,0,0,0,1,0,0
120,8.0,0,0,0,0,0,0,0,0,0,0,0,0.82,0.68,0,0,0,0,1,0,0
1,12.0,0,0,0,0,0,0,0,0,0,0,0,0.82,0.79,0,0,0,0,1,0,0
0,8.0,0,2,3,4,1,2,2,4,0,0,0,0.8,0.82,0,0,0,0,1,0,1
0,2.0,0,4,7,7,0,0,0,0,0,0,0,0.37,0.36,0,0,0,1,1,0,1
131,8.0,0,0,0,0,5,13,25,31,5,0,0,0.99,0.9,0,0,0,0,1,0,0
-1,8.0,0,2,2,2,1,2,2,2,0,0,0,0.96,0.96,1,0,0,0,1,0,1
19,8.0,0,5,30,50,0,8,16,26,6,0,0,0.81,0.83,0,0,0,1,1,0,0
17,8.0,0,0,0,0,17,33,57,95,20,0,0,0.98,0.99,0,1,0,0,1,0,0
2,8.0,0,0,0,0,0,0,0,0,0,0,0,0.54,0.71,0,0,0,0,1,0,0
0,2.0,0,4,6,9,3,6,8,12,0,0,0,0.98,0.95,0,0,0,0,1,0,1
0,12.0,0,163,197,231,0,52,112,162,0,0,0,0.73,0.69,0,0,0,0,1,0,1
0,8.0,0,21,31,41,8,16,22,36,0,0,0,0.98,0.99,0,0,0,0,1,0,1
15,2.0,0,0,0,0,0,0,1,2,0,0,0,0.62,0.78,0,0,0,0,1,0,0
185,8.0,64,80,180,240,51,138,276,417,116,0,0,1.0,0.97,0,0,0,0,1,0,0
1,8.0,0,3,5,8,2,3,5,9,0,0,0,0.79,0.89,0,0,0,0,1,0,1
242,52.0,0,0,0,0,3,7,13,22,2,0,0,0.0,0.0,0,1,0,0,1,0,0
22,2.0,0,0,0,0,0,0,0,0,0,0,0,0.26,0.48,0,1,0,0,1,0,0
4,8.0,0,37,37,37,7,14,24,38,0,0,0,0.97,0.95,0,0,0,1,1,0,1
1,12.0,0,40,40,46,3,18,38,58,0,0,0,0.73,0.76,0,0,0,1,1,0,1
515,8.0,40,270,540,756,116,294,707,1061,99,0,0,0.69,0.59,0,0,0,0,1,0,0
0,8.0,0,5,5,5,2,2,6,10,1,0,0,0.0,0.0,0,0,0,0,1,0,1
305,12.0,0,0,0,0,0,0,0,0,1,0,0,0.74,0.74,0,0,0,0,1,0,0
0,2.0,0,126,126,126,0,0,0,0,0,0,0,0.95,0.83,4,1,0,0,1,0,1
8,4.0,0,0,0,0,0,0,1,2,0,0,0,0.73,0.78,0,0,0,0,1,0,0
1,8.0,0,0,0,10,1,5,16,25,4,0,0,0.99,0.99,0,0,0,0,1,0,1
0,2.0,0,16,16,16,0,0,0,0,1,0,0,0.1,0.17,0,1,0,0,1,0,1
0,6.0,0,12,24,30,0,7,9,17,0,0,0,0.78,0.78,0,0,0,1,1,0,1
3,12.0,0,0,0,0,0,0,0,0,0,0,0,0.78,0.78,0,0,0,0,1,0,0
4,9.0,0,20,40,50,7,13,19,27,0,0,0,0.99,0.99,0,0,0,0,1,0,1
1,8.0,0,26,50,66,6,14,29,36,0,0,0,0.65,0.67,0,0,0,0,1,0,1
0,12.0,0,17,25,36,3,15,27,40,0,0,0,0.83,0.86,0,0,0,0,1,0,1
14,9.0,0,0,0,0,1,4,10,16,1,0,0,0.7,0.66,0,0,0,0,1,0,0
56,4.0,19,34,82,125,16,45,108,166,30,0,0,0.89,0.9,0,0,0,0,1,0,0
29,2.0,0,32,80,128,0,13,55,82,5,0,0,0.89,0.95,0,0,0,0,1,0,0
56,8.0,0,24,72,108,9,40,101,148,41,0,0,0.96,0.96,0,0,0,0,1,0,0
0,8.0,0,7,7,14,0,1,8,8,0,0,0,1.0,0.99,0,0,0,0,1,0,1
2,9.0,0,0,0,0,0,0,0,0,0,0,0,0.68,0.66,0,0,0,0,1,0,0
1,3.0,0,36,48,72,28,51,104,117,2,0,0,0.94,0.91,0,0,0,0,1,0,1
195,2.0,0,245,539,686,0,0,0,0,22,0,0,0.98,0.93,0,1,0,0,1,0,0
64,8.0,4,364,656,988,103,332,645,910,39,0,24,0.66,0.69,0,0,0,0,1,0,1
9,12.0,9,0,0,0,0,0,0,0,1,0,0,0.58,0.58,0,1,0,0,1,0,0
3,8.0,0,0,0,0,0,0,0,0,1,0,0,0.46,0.45,0,1,0,0,1,0,0
35,8.0,0,0,40,60,11,25,38,61,2,0,0,0.98,0.79,0,0,0,0,1,0,1
245,8.0,28,78,234,394,46,162,357,584,104,0,0,0.27,0.39,0,0,0,0,1,0,0
1,8.0,0,9,13,17,1,6,8,10,0,0,0,0.79,0.66,0,0,0,0,1,0,1
0,12.0,0,10,14,16,4,7,11,21,2,0,2,0.82,0.79,0,0,0,1,1,0,1
22,8.0,0,71,100,100,119,146,167,193,0,0,0,0.98,0.95,0,0,0,0,1,0,1
46,2.0,38,180,300,420,54,174,337,447,61,0,0,0.92,0.87,0,0,0,0,1,0,0
-1,2.0,0,40,56,88,16,36,60,82,0,0,10,0.0,0.0,1,0,0,1,1,0,1
0,12.0,0,3,3,3,0,2,2,3,0,0,0,0.78,0.78,0,0,0,0,1,0,1
28,9.0,0,0,0,0,0,5,17,22,5,0,0,0.7,0.66,0,0,0,1,1,0,0
-3,8.0,0,18,24,35,4,14,27,34,0,0,0,0.79,0.66,3,0,0,0,1,0,1
101,8.0,3,512,938,1456,152,476,982,1360,111,0,2,0.59,0.62,1,0,0,0,1,0,1
0,2.0,0,0,24,24,0,0,0,0,1,0,0,0.91,0.86,0,1,0,1,1,0,1
-3,2.0,0,37,37,37,19,21,21,21,7,0,0,0.96,0.96,3,1,0,0,1,0,1
0,9.0,0,2,3,4,1,2,2,3,1,0,0,0.68,0.66,0,0,0,0,1,0,1
37,8.0,0,35,35,70,17,48,76,113,9,0,0,0.23,0.23,0,0,0,0,1,0,0
1,12.0,0,4,5,8,0,3,5,8,0,0,0,0.78,0.78,0,0,0,0,1,0,1
1,9.0,0,3,5,8,1,3,6,6,1,0,0,0.99,0.96,0,0,0,0,1,0,1
0,8.0,0,3,4,5,0,2,4,5,1,0,0,0.84,0.77,0,0,0,1,1,0,1
5,12.0,0,75,129,177,6,31,77,119,0,1,6,0.47,0.39,0,0,0,0,1,0,1
2416,8.0,0,0,0,0,39,108,264,441,505,0,0,1.0,0.67,0,0,0,0,1,0,0
10,2.0,0,0,0,0,1,1,4,4,0,0,0,0.98,0.99,0,0,0,0,1,0,0
5,2.0,0,0,0,0,0,0,0,0,0,0,0,0.99,0.97,0,1,0,1,1,0,0
13,8.0,0,67,143,218,17,54,73,83,0,0,0,0.7,0.74,0,0,0,0,1,0,1
3,8.0,0,7,13,19,3,8,15,18,0,0,0,0.94,0.97,0,0,0,0,1,0,1
4,4.0,1,4,10,16,2,11,15,17,0,0,0,0.79,0.67,0,0,0,0,1,0,1
10,4.0,0,0,0,0,0,0,2,2,0,0,0,0.77,0.8,0,1,0,0,1,0,0
1,12.0,0,0,0,0,0,0,0,0,0,0,0,0.73,0.76,0,0,0,0,1,0,0
0,8.0,0,15,27,39,3,13,24,38,0,0,2,0.76,0.78,0,0,0,0,1,0,1
0,2.0,0,34,34,52,0,0,0,0,0,0,0,0.93,0.93,0,1,0,0,1,0,1
11,8.0,0,30,30,30,1,2,3,14,0,0,0,0.99,0.99,0,0,0,0,1,0,1
99,4.0,0,0,0,0,1,6,8,8,2,0,0,0.24,0.14,0,1,0,0,1,0,0
-3,2.0,0,473,737,957,165,275,474,779,140,0,0,0.06,0.5,14,0,0,0,1,0,1
1,8.0,0,2,4,5,1,3,3,5,0,0,0,0.85,0.56,0,0,0,0,1,0,1
1,2.0,7,0,0,0,0,0,0,0,0,0,0,0.33,0.16,0,1,0,0,1,0,0
21,14.0,0,0,0,0,0,0,0,0,0,0,0,0.89,0.9,0,0,0,0,1,0,0
11,8.0,1,8,16,24,2,6,11,16,3,0,0,0.92,0.76,0,0,0,0,1,0,0
57,4.0,0,0,0,0,3,10,14,19,0,0,0,0.73,0.78,0,0,0,0,1,0,0
53,2.0,2,36,84,132,13,48,105,171,18,0,0,0.91,0.89,0,0,0,0,1,0,0
4,8.0,4,48,80,128,12,28,52,81,0,0,0,0.82,0.88,0,0,0,0,1,0,1
3,2.0,0,2,4,4,0,0,0,0,0,0,0,0.62,0.69,0,1,0,0,1,0,1
5,12.0,0,0,2,2,0,0,0,0,0,0,0,0.78,0.78,0,1,0,0,1,0,0
1,2.0,0,183,183,183,4,4,66,67,0,0,0,0.0,0.0,0,1,0,0,1,0,0
20,8.0,0,13,26,26,2,10,26,50,0,0,0,1.0,0.96,0,0,0,0,1,0,0
5,2.0,5,10,25,25,5,7,14,17,1,0,0,0.95,0.92,0,0,0,0,1,0,1
1,9.0,0,0,0,0,0,0,1,1,1,0,0,0.7,0.66,0,0,0,0,1,0,0
0,2.0,0,12,12,12,0,0,0,0,1,0,0,0.79,0.78,0,1,0,1,1,0,1
0,12.0,1,4,7,9,1,3,5,7,4,0,0,0.73,0.69,0,0,0,0,1,0,1
0,8.0,0,0,0,0,0,0,0,0,0,0,0,-99.0,-99.0,0,0,0,0,1,0,0
0,9.0,0,6,6,6,0,2,2,4,0,0,0,0.91,0.74,0,0,0,0,1,0,1
123,8.0,0,0,0,0,7,24,53,79,3,0,0,0.97,0.95,0,0,0,0,1,0,0
88,8.0,1,0,80,80,7,42,74,112,17,0,0,0.95,0.91,0,0,0,0,1,0,0
140,4.0,5,264,521,761,92,281,588,878,52,0,0,0.79,0.66,0,0,0,0,1,0,0
1,8.0,0,3,3,3,0,3,4,6,1,0,0,0.7,0.74,0,0,0,0,1,0,0
77,8.0,4,37,59,92,20,65,114,172,31,0,0,1.0,1.0,0,0,0,0,1,0,0
0,8.0,0,1,1,1,0,0,0,0,0,0,0,0.46,0.35,0,1,0,1,1,0,0
96,8.0,7,0,80,120,35,94,166,250,25,0,0,0.97,0.94,0,0,0,0,1,0,0
3,52.0,0,0,0,0,0,0,0,0,2,0,0,1.0,1.0,0,1,0,1,0,0,1
3,8.0,0,1,6,7,1,3,6,10,3,0,0,0.17,0.34,0,0,0,0,1,0,1
0,12.0,0,20,30,40,6,13,23,28,0,0,7,0.73,0.76,0,0,0,1,1,0,1
1,8.0,0,0,0,0,0,0,0,1,0,0,0,0.86,0.91,0,0,0,1,1,0,0
1041,2.0,0,0,0,0,2,6,8,10,2,0,0,0.99,0.99,0,0,0,0,1,0,0
447,4.0,0,0,0,0,30,80,472,494,24,0,0,0.73,0.78,0,1,0,0,1,0,0
0,2.0,2,8,12,18,4,10,14,17,0,0,0,0.99,0.97,0,0,0,0,1,0,1
12,2.0,0,0,0,0,0,2,2,2,0,0,0,0.83,0.71,0,0,0,0,1,0,0
1,8.0,0,7,10,13,1,4,8,12,0,0,0,0.76,0.77,0,0,0,0,1,0,1
9,0.0,0,0,0,0,1,2,6,8,3,0,0,0.0,0.0,0,0,0,0,0,0,0
0,8.0,0,4,4,5,1,5,9,13,1,0,0,0.8,0.75,0,0,0,0,1,0,1
2,8.0,0,0,2,3,1,1,4,5,0,0,0,1.0,0.99,0,0,0,0,1,0,0
13,2.0,0,5,15,25,10,31,48,58,4,0,0,0.99,0.99,0,0,0,0,1,0,1
8,8.0,0,0,0,0,0,0,0,0,1,0,0,0.99,0.99,0,0,0,0,1,0,0
8,2.0,0,0,0,0,2,3,8,8,0,0,0,0.53,0.54,0,1,0,0,1,0,1
0,8.0,0,2,2,2,0,0,0,0,0,0,0,0.96,0.96,1,0,0,0,1,0,1
0,2.0,0,5,8,9,0,0,0,0,0,0,3,0.42,0.36,0,1,0,1,1,0,1
521,2.0,352,990,2100,3240,411,1502,2517,3375,220,0,0,0.99,0.93,0,0,0,0,1,0,0
101,2.0,0,0,0,0,0,1,2,5,0,0,0,0.98,0.97,0,0,0,0,1,0,0
814,2.0,301,2880,5040,6480,1063,1941,3488,6240,710,0,0,0.54,0.76,0,0,0,0,1,0,0
0,0.0,0,3,5,6,2,4,5,6,1,0,0,0.0,0.0,0,0,0,1,1,0,1
2,9.0,5,64,85,106,8,16,22,22,0,0,0,0.91,0.74,0,1,0,0,1,0,1
2,12.0,0,0,0,0,0,0,0,0,1,0,0,0.78,0.78,0,1,0,0,1,0,0
0,2.0,0,12,12,12,0,0,0,0,0,0,0,0.74,0.55,0,0,0,1,1,0,1
0,2.0,0,12,12,15,0,5,9,9,1,0,0,0.66,0.72,0,1,0,1,1,0,1
23,11.0,0,41,68,95,18,33,76,104,4,0,0,0.85,0.76,0,0,0,0,1,0,1
33,8.0,0,200,320,440,120,234,370,414,0,0,0,0.98,0.97,0,0,0,0,1,0,1
0,8.0,0,2,2,2,0,0,1,1,0,0,0,0.86,0.87,0,1,0,1,1,0,1
9,2.0,0,0,0,0,0,1,8,8,1,0,0,0.99,0.99,0,1,0,0,1,0,1
0,16.0,0,0,0,0,0,0,0,0,1,0,0,0.38,0.44,0,0,0,1,1,0,0
0,8.0,0,2,3,4,0,2,2,3,0,0,0,0.51,0.41,0,0,0,0,1,0,1
0,52.0,0,250,250,500,2,42,53,73,10,0,0,0.99,0.99,0,1,0,0,0,0,1
1496,8.0,0,0,0,0,256,647,765,1388,233,0,0,0.81,0.89,0,0,0,0,1,0,0
2,12.0,0,0,0,0,0,0,0,0,0,0,0,0.78,0.78,0,0,0,0,1,0,0
13,8.0,0,0,0,0,0,1,2,2,1,0,0,1.0,1.0,0,1,0,0,1,0,0
14,2.0,0,18,42,66,17,39,58,75,4,0,0,1.0,1.0,0,0,0,0,1,0,1
0,8.0,0,0,0,0,0,0,0,0,0,0,0,0.99,0.99,0,0,0,0,1,0,0
6,9.0,0,9,27,27,4,7,11,19,4,0,0,0.99,0.98,0,0,0,0,1,0,0
20,8.0,0,200,400,600,0,0,0,0,0,0,0,0.86,0.9,0,0,0,0,1,0,0
4,8.0,0,1,3,5,0,1,3,4,0,0,0,0.97,0.94,0,0,0,0,1,0,1
494,6.0,67,740,1238,1560,158,485,988,1828,165,0,0,0.78,0.78,0,0,0,1,1,0,0
0,8.0,0,2,2,2,0,0,0,0,0,0,0,0.42,0.36,0,1,0,0,1,0,1
0,9.0,2,68,98,128,8,19,25,27,0,0,0,0.91,0.77,0,1,0,0,1,0,1
5,2.0,0,3,4,4,1,1,1,1,1,0,0,0.73,0.86,0,1,0,0,1,0,1
7,8.0,0,7,14,28,1,10,13,16,0,0,0,0.86,0.88,0,0,0,0,1,0,0
-1,8.0,0,28,32,48,4,16,24,32,0,0,0,0.48,0.53,1,0,0,0,1,0,1
1,8.0,0,0,0,0,0,0,0,0,0,0,0,0.99,0.98,0,0,0,0,1,0,0
5,2.0,0,0,0,0,4,15,24,33,0,0,0,1.0,0.99,0,0,0,0,1,0,1
0,8.0,0,4,8,8,3,5,11,12,0,0,0,0.9,0.9,0,0,0,0,1,0,1
2,8.0,0,0,0,1,0,0,1,1,0,0,0,0.48,0.53,0,0,0,0,1,0,0
0,8.0,0,825,825,1650,0,0,0,0,0,0,0,0.97,0.98,0,0,0,0,1,0,0
0,8.0,0,0,0,0,0,0,0,0,0,0,0,0.99,0.98,0,0,0,0,0,0,0
0,8.0,0,7,9,12,2,7,12,19,0,0,0,0.52,0.7,0,0,0,0,1,0,1
1,8.0,0,8,14,17,1,6,8,12,0,0,0,0.79,0.66,0,0,0,0,1,0,1
28,8.0,0,0,0,0,0,0,0,0,0,0,0,0.78,0.74,0,1,0,0,1,0,0
1,9.0,0,1,2,3,0,0,0,3,0,0,0,0.69,0.68,0,0,0,1,1,0,0
1,9.0,0,2,4,4,3,6,11,16,0,0,0,0.99,0.98,0,0,0,0,1,0,1
1,12.0,0,0,0,0,0,0,0,0,0,0,0,0.62,0.73,0,1,0,0,1,0,0
-2,8.0,0,20,31,44,11,31,52,56,0,0,0,0.96,0.96,2,0,0,0,1,0,1
15,8.0,0,0,0,0,0,0,1,1,0,0,0,0.92,0.9,0,0,0,0,1,0,0
17,9.0,0,0,6,16,8,13,33,137,1,0,0,1.0,0.99,0,0,0,0,1,0,0
48,2.0,5,402,402,402,34,95,131,201,25,0,0,0.71,0.72,2,0,0,0,1,0,1
15,12.0,0,500,500,1000,56,163,302,371,0,0,0,0.96,0.86,0,0,0,0,1,0,1
7,2.0,0,3,7,7,0,0,0,0,0,0,0,0.99,0.99,0,1,0,0,1,0,0
24815,52.0,0,0,0,0,0,0,15,25,0,0,0,0.95,0.86,0,1,0,0,0,0,0
4,2.0,0,2,3,3,0,0,0,0,0,0,0,0.84,0.89,0,1,0,1,1,0,0
-36,8.0,10,456,816,1080,125,374,621,1022,289,0,24,0.84,0.86,48,0,0,0,1,0,1
15,8.0,0,0,0,0,0,1,1,1,1,0,0,0.43,0.46,0,1,0,0,1,0,0
144,8.0,27,600,960,1320,164,448,883,1334,156,0,0,0.78,0.82,13,0,0,0,1,0,1
4,8.0,0,6,18,24,2,7,16,30,0,0,0,0.66,0.67,0,0,0,0,1,0,1
7,4.0,0,0,0,0,0,0,0,0,0,0,0,0.73,0.78,0,1,0,0,1,0,0
1,8.0,0,3,5,6,0,4,5,6,0,0,0,0.17,0.33,0,0,0,0,1,0,1
1,8.0,0,0,0,0,0,0,0,0,1,0,0,0.74,0.76,0,0,0,0,1,0,1
0,2.0,0,22,22,22,0,0,0,0,0,0,0,0.93,0.9,0,0,0,0,1,0,1
32,2.0,0,0,0,0,1,1,1,1,0,0,0,0.63,0.69,0,1,0,0,1,0,0
44,2.0,0,0,0,0,0,0,0,0,1,0,0,0.63,0.75,0,1,0,0,1,0,0
0,8.0,0,0,0,0,2,3,9,19,5,0,0,0.75,0.8,0,1,0,0,1,0,0
6,12.0,0,0,0,0,0,0,0,0,0,0,0,0.73,0.69,0,1,0,0,1,0,0
6,2.0,0,9,18,18,1,4,7,11,0,0,0,0.94,0.97,0,0,0,0,1,0,0
0,8.0,0,35,55,75,10,26,47,78,0,0,0,0.6,0.57,0,0,0,0,1,0,1
3,8.0,0,15,39,51,7,19,43,63,2,0,0,0.44,0.66,0,0,0,0,1,0,1
11,2.0,0,0,0,0,0,0,2,2,0,0,0,1.0,1.0,0,0,0,0,1,0,0
1102,8.0,137,2100,3675,5775,571,1730,3491,5137,536,0,0,0.94,0.97,0,0,0,1,1,0,0
2,8.0,0,2,4,6,2,4,4,8,1,0,0,0.97,0.93,0,0,0,0,1,0,1
466,8.0,9,0,0,0,12,27,58,83,2,0,0,0.94,0.75,0,0,0,0,1,0,0
4,9.0,0,0,0,0,0,0,0,0,1,0,0,0.99,0.98,0,0,0,0,1,0,0
2,9.0,0,0,0,0,0,0,0,0,0,0,0,0.43,0.45,0,0,0,0,1,0,0
1,8.0,0,0,0,0,0,0,0,0,0,0,0,0.99,0.98,0,0,0,0,1,0,0
4,8.0,0,0,0,0,0,0,2,2,0,0,0,0.95,0.79,0,0,0,0,1,0,0
-3,12.0,0,17,24,32,2,7,17,21,6,0,0,0.74,0.72,3,0,0,0,1,0,1
1,2.0,5,8,11,14,16,25,30,30,2,0,0,0.99,0.91,0,1,0,1,1,0,1
3,8.0,0,14,14,21,5,9,15,24,3,0,0,0.9,0.92,0,0,0,0,1,0,1
1,2.0,3,3,3,6,2,2,5,8,1,0,0,0.99,0.97,0,0,0,0,1,0,0
-6,8.0,1,162,252,342,53,118,210,287,31,0,18,0.82,0.75,10,0,0,0,1,0,1
1,2.0,0,8,14,17,25,59,80,84,0,0,0,1.0,1.0,0,0,0,0,1,0,1
2,2.0,0,6,12,16,2,6,10,13,0,0,0,0.95,0.95,0,0,0,0,1,0,1
2,8.0,0,0,0,0,0,0,0,0,2,0,0,1.0,0.77,0,1,0,0,1,0,0
0,2.0,0,85,85,85,0,0,0,1,1,0,2,0.68,0.57,0,0,0,0,1,0,1
7,16.0,1,54,54,72,10,33,60,85,16,0,3,0.99,0.99,0,0,0,0,1,0,1
12,8.0,0,19,40,61,6,22,40,60,7,0,0,1.0,1.0,0,0,0,0,1,0,0
2,8.0,0,10,14,20,3,6,14,22,9,0,0,0.77,0.74,0,0,0,0,1,0,1
44,12.0,45,392,672,1000,112,362,606,865,36,0,4,0.66,0.69,0,0,0,0,1,0,1
2,8.0,0,0,0,0,0,0,0,0,0,0,0,0.98,0.98,0,0,0,0,1,0,0
6,12.0,0,0,0,0,1,1,1,2,0,0,0,0.56,0.46,0,0,0,1,1,0,0
10,8.0,0,76,127,184,25,61,125,181,16,0,0,0.72,0.77,0,0,0,0,1,0,1
0,8.0,0,0,0,0,0,0,0,0,1,0,0,0.71,0.51,0,1,0,1,1,0,0
280,12.0,156,540,1144,1736,271,669,1031,1032,127,0,0,0.62,0.73,0,0,0,0,1,0,1
61,8.0,0,10,42,87,14,48,106,144,30,0,0,0.74,0.57,0,0,0,1,1,0,0
0,2.0,0,8,8,8,0,0,0,0,0,0,0,0.0,0.0,0,1,0,1,1,0,1
2,12.0,0,0,0,0,0,0,0,0,0,0,0,0.73,0.76,0,0,0,0,1,0,0
3,8.0,0,6,12,12,3,5,7,16,0,0,0,1.0,1.0,0,0,0,0,1,0,1
1,8.0,0,12,12,12,1,3,3,7,0,0,0,0.0,0.0,0,0,0,0,1,0,1
4,2.0,0,0,0,0,0,0,0,0,0,0,0,0.98,0.97,0,0,0,0,1,0,1
7,2.0,0,0,0,0,0,0,0,0,2,0,0,0.95,0.96,0,1,0,1,1,0,0
24,2.0,0,60,140,200,18,51,85,99,0,0,20,0.33,0.32,0,1,0,0,1,0,1
20,12.0,0,0,0,0,0,0,0,0,1,0,0,0.58,0.58,0,1,0,0,1,0,0
0,2.0,0,4,24,24,0,0,0,0,1,0,0,-99.0,-99.0,0,1,0,0,1,0,1
288,8.0,33,682,1252,1782,204,630,1253,1907,61,0,0,0.98,0.98,0,0,0,0,1,0,0
7,9.0,0,3,3,3,0,0,0,0,0,0,0,0.94,0.79,0,1,0,0,1,0,0
2,2.0,1,48,48,48,22,48,48,48,3,0,0,0.4,0.29,0,1,0,0,1,0,1
2,2.0,0,24,44,64,1,5,7,7,2,0,0,0.98,0.98,0,1,0,1,1,0,1
2,8.0,0,0,0,0,0,0,1,3,6,0,0,1.0,0.99,0,1,0,0,1,0,0
9,8.0,0,0,0,0,0,2,2,2,0,0,0,0.79,0.66,0,1,0,0,1,0,0
9,8.0,0,0,6,18,4,16,29,40,0,0,0,0.79,0.66,0,0,0,0,1,0,1
1,3.0,0,3,5,7,2,3,7,9,0,0,0,0.89,0.9,0,0,0,0,1,0,0
1,8.0,0,4,7,10,1,4,8,10,2,0,0,0.43,0.46,0,0,0,1,1,0,1
91,8.0,0,1481,2321,2881,290,818,1469,2281,316,0,70,0.05,0.12,7,0,0,0,1,0,1
13,4.0,0,0,0,0,0,1,1,1,0,0,0,0.77,0.8,0,0,0,0,1,0,0
75,8.0,33,131,206,300,69,171,267,375,54,0,0,0.97,0.97,0,0,0,0,1,0,1
13,8.0,8,1,7,23,4,19,26,26,0,0,0,0.84,0.88,0,0,0,1,1,0,0
0,8.0,0,5,9,11,6,7,8,12,0,0,0,0.78,0.86,0,0,0,0,1,0,1
46,2.0,0,0,0,0,60,98,108,117,0,0,0,1.0,0.99,0,0,0,0,1,0,1
41,8.0,0,0,0,0,0,0,0,10,1,0,0,0.99,0.99,0,1,0,0,0,0,0
84,8.0,24,32,96,128,11,39,72,104,28,0,0,0.49,0.54,0,0,0,0,1,0,0
59,52.0,0,0,0,0,1,5,12,17,0,0,0,0.86,0.88,0,1,0,1,1,0,0
10,2.0,0,0,0,0,0,0,0,0,1,0,0,0.02,0.1,0,1,0,1,1,0,1
13,12.0,5,0,0,0,0,0,0,0,1,0,0,0.58,0.58,0,1,0,0,1,0,0
8,2.0,0,0,0,0,0,0,0,0,1,0,0,0.0,0.0,0,1,0,1,1,0,0
50,8.0,0,0,0,0,2,4,5,6,0,0,0,0.99,0.99,0,0,0,0,1,0,0
0,2.0,0,10,10,10,0,0,0,0,0,0,0,0.0,0.0,0,1,0,0,1,0,0
9,8.0,0,66,114,150,12,28,69,116,25,0,8,0.86,0.88,0,0,0,0,1,0,1
452,8.0,0,0,0,0,0,0,0,1,0,0,0,0.99,0.96,0,0,0,0,1,0,0
29,4.0,0,0,0,0,0,0,1,2,0,0,0,0.77,0.8,0,0,0,0,1,0,0
2,2.0,0,5,5,10,5,7,19,20,2,0,0,1.0,0.98,0,1,0,0,1,0,0
2,8.0,0,0,0,1,3,7,9,16,1,0,0,0.97,0.98,0,0,0,0,1,0,1
9,2.0,0,0,0,0,0,0,4,9,0,0,0,0.93,0.9,0,0,0,0,1,0,0
195,9.0,0,0,0,0,0,0,2,8,2,0,0,1.0,0.99,0,0,0,0,1,0,0
13,8.0,0,122,225,313,39,112,158,232,25,0,0,0.69,0.68,0,0,0,0,1,0,1
-5,8.0,0,16,16,19,3,10,16,17,0,0,0,0.62,0.62,5,0,0,0,1,0,1
2,12.0,0,0,0,0,0,0,0,0,0,0,0,0.74,0.74,0,0,0,0,1,0,0
17,2.0,0,0,7,14,7,16,33,47,0,0,0,0.58,0.51,0,0,0,0,1,0,1
4,2.0,0,38,56,74,16,21,26,39,0,0,0,0.94,0.9,0,0,0,0,1,0,1
0,8.0,0,4,5,7,1,3,3,5,0,0,0,0.8,0.82,0,0,0,0,1,0,1
0,4.0,0,11,11,11,0,0,0,0,0,0,0,0.73,0.78,0,0,0,0,1,0,1
0,12.0,0,10,16,22,1,5,11,14,0,0,0,0.62,0.73,0,0,0,0,1,0,1
31,9.0,0,0,0,0,0,0,0,0,0,0,0,0.85,0.83,0,0,0,0,1,0,0
4,8.0,0,0,1,2,0,0,4,5,0,0,0,0.78,0.82,0,0,0,0,1,0,0
0,2.0,0,5,6,6,0,0,0,0,1,0,0,0.76,0.72,0,1,0,1,1,0,0
2,8.0,0,1,3,3,4,5,7,12,2,0,0,0.82,0.87,0,0,0,0,1,0,1
9,8.0,0,0,0,0,0,0,0,1,1,0,0,0.46,0.45,0,0,0,0,1,0,0
3,3.0,0,0,0,0,1,4,4,4,14,0,0,0.96,0.84,0,0,0,0,1,0,1
2,12.0,0,0,0,0,0,0,0,0,0,0,0,0.63,0.72,0,1,0,0,1,0,0
8,2.0,0,0,45,45,1,5,7,8,1,0,0,0.94,0.97,0,1,0,0,1,0,1
4,2.0,0,0,0,0,0,0,0,0,0,0,0,0.99,0.99,0,1,0,0,1,0,0
0,4.0,0,12,15,15,0,0,0,0,0,0,1,0.89,0.9,0,0,0,0,1,0,0
2,8.0,0,391,391,391,3,16,25,41,0,0,0,0.51,0.53,0,1,0,0,1,0,1
35,8.0,0,0,0,0,0,0,0,0,1,0,0,0.99,0.9,0,0,0,0,1,0,0
10,9.0,0,0,0,0,0,0,0,0,0,0,0,0.86,0.84,0,0,0,0,1,0,0
0,8.0,0,7,10,10,2,3,11,27,8,0,0,0.98,0.99,0,0,0,1,1,0,1
21,12.0,0,0,0,0,0,2,6,12,0,0,0,0.83,0.9,0,0,0,0,1,0,0
28,4.0,16,25,55,85,12,34,72,96,3,0,0,0.73,0.78,0,0,0,0,1,0,0
1,8.0,0,8,13,13,5,12,16,22,2,0,0,0.99,0.97,0,0,0,0,1,0,1
12,8.0,0,0,0,0,1,9,20,30,0,0,0,0.85,0.74,0,0,0,0,1,0,1
1208,8.0,280,280,280,1184,0,0,0,0,0,0,0,0.93,0.94,0,0,0,0,1,0,0
-4,2.0,24,178,290,434,39,66,73,73,31,0,0,0.84,0.86,4,1,0,0,1,0,1
18,8.0,2,76,163,242,19,64,117,170,0,0,5,0.7,0.75,0,0,0,1,1,0,1
74,8.0,0,0,0,0,0,0,0,0,1,0,0,1.0,1.0,0,0,0,0,1,0,0
90,12.0,0,13,33,43,10,32,65,108,21,0,0,0.83,0.66,0,0,0,0,1,0,0
9,8.0,0,561,860,1116,96,259,559,868,99,0,25,0.73,0.77,7,0,0,0,1,0,1
3,10.0,0,0,0,0,0,0,0,1,0,0,0,0.89,0.9,0,0,0,0,1,0,0
88,10.0,0,0,0,0,3,6,19,29,1,0,0,0.84,0.86,0,1,0,1,1,0,0
0,2.0,0,2,2,3,0,1,1,1,0,0,0,0.42,0.36,0,0,0,0,1,0,1
0,2.0,0,0,0,0,3,4,4,4,2,0,0,0.69,0.69,0,0,0,0,1,0,1
12,11.0,0,27,81,108,6,34,74,115,13,0,0,0.85,0.76,0,0,0,0,1,0,1
2,2.0,0,8,16,24,4,16,22,34,2,0,0,0.98,0.96,0,0,0,0,1,0,1
6,2.0,0,0,0,0,1,7,7,7,0,0,0,0.61,0.62,0,1,0,0,1,0,1
0,8.0,0,2,2,2,0,0,1,1,0,0,0,0.87,0.88,0,1,0,1,1,0,1
0,9.0,0,7,9,12,11,11,16,23,0,0,0,0.91,0.77,0,0,0,0,1,0,1
8,2.0,0,0,0,0,0,0,0,0,2,0,0,0.99,0.99,0,1,0,1,1,0,0
4,3.0,0,4,12,16,1,3,11,15,0,0,0,0.89,0.9,0,0,0,0,1,0,0
0,2.0,0,5,5,5,0,0,0,0,0,0,0,0.0,0.0,0,1,0,1,1,0,1
9,4.0,0,0,0,0,0,0,0,0,0,0,0,0.22,0.14,0,1,0,0,1,0,0
156,16.0,0,0,0,0,0,6,6,6,1,0,0,1.0,0.97,0,0,0,0,1,0,0
7,8.0,0,0,0,0,2,2,3,3,2,0,0,1.0,1.0,0,0,0,0,1,0,0
0,8.0,0,0,449,727,1,1,1,1,20,0,0,0.73,0.69,0,1,0,0,0,0,1
7,8.0,0,6,16,24,3,9,16,23,0,0,0,0.86,0.88,0,0,0,0,1,0,0
95,2.0,0,172,387,645,44,147,229,300,63,0,0,0.69,0.69,0,1,0,0,1,0,1
338,8.0,1,221,609,789,122,465,1044,1775,140,0,0,0.94,0.86,0,0,0,0,1,0,0
0,2.0,0,4,7,8,0,0,0,0,0,0,0,0.42,0.36,0,0,0,1,1,0,1
6,2.0,2,26,50,80,6,16,19,19,5,0,0,0.98,0.98,0,0,0,0,1,0,1
50,8.0,0,0,0,0,0,0,0,0,0,0,0,0.64,0.8,0,0,0,1,1,0,0
956,8.0,384,2384,3824,5264,752,2472,4345,6333,840,0,0,0.64,0.8,0,0,0,0,1,0,0
4,4.0,0,0,0,0,0,0,0,0,1,0,0,0.89,0.9,0,1,0,0,1,0,0
5,8.0,0,60,60,90,18,51,90,128,0,0,0,0.95,0.79,0,0,0,0,1,0,1
29,10.0,0,0,0,0,0,0,0,0,0,0,0,0.89,0.9,0,0,0,0,1,0,0
85,8.0,12,104,224,348,41,131,252,369,18,0,4,0.64,0.69,0,0,0,0,1,0,0
2,2.0,0,20,20,31,3,10,17,23,5,0,0,0.05,0.41,0,0,0,0,1,0,1
7,8.0,0,31,61,96,7,32,52,77,9,0,0,0.55,0.55,0,0,0,0,1,0,1
-1,8.0,0,15,15,15,1,6,30,35,8,0,0,0.32,0.54,1,0,0,0,1,0,1
6,4.0,0,0,2,5,0,1,4,6,0,0,0,0.84,0.86,0,0,0,0,1,0,1
67,0.0,0,0,0,0,1,3,4,5,1,0,0,0.0,0.0,0,0,0,0,0,0,0
68,8.0,0,0,0,0,4,17,30,49,0,0,0,0.99,0.98,0,0,0,0,1,0,0
241,4.0,66,0,102,136,48,233,459,779,4,0,0,0.73,0.78,0,0,0,0,1,0,0
1,13.0,0,0,0,0,0,0,0,0,0,0,0,0.82,0.81,0,0,0,0,1,0,0
1,8.0,0,41,71,106,9,33,55,79,9,0,0,0.66,0.66,0,0,0,0,1,0,1
2,8.0,0,5,8,12,1,4,7,11,0,0,0,0.48,0.53,0,0,0,0,1,0,1
0,2.0,0,54,72,108,13,26,60,88,0,0,0,0.95,0.91,0,0,0,0,1,0,1
0,12.0,0,2,4,5,0,2,2,2,0,0,0,0.73,0.69,0,0,0,0,1,0,1
366,8.0,0,0,0,0,0,0,0,0,0,0,0,0.87,0.92,0,0,0,0,1,0,0
95,8.0,0,38,114,191,13,53,122,203,27,0,0,0.76,0.78,0,0,0,0,1,0,0
41,8.0,0,32,80,128,31,61,106,192,7,0,0,0.99,0.98,0,0,0,0,1,0,0
11,2.0,0,25,25,25,4,8,10,15,0,0,0,0.0,0.0,0,0,0,0,1,0,1
4,2.0,0,55,125,160,12,40,60,63,0,0,0,0.31,0.34,0,0,0,0,1,0,1
3,8.0,0,0,0,0,0,3,5,6,3,0,0,0.82,0.87,0,0,0,0,1,0,0
74,0.0,0,0,21,54,11,43,86,138,7,0,0,-99.0,0.0,0,0,0,0,0,0,1
4,8.0,0,25,25,25,4,9,16,20,0,0,0,0.94,0.97,0,0,0,0,1,0,1
4,12.0,0,0,0,0,0,0,0,0,0,0,0,0.57,0.7,0,0,0,0,1,0,0
6,8.0,0,30,46,78,2,22,42,64,0,0,14,1.0,0.98,0,0,0,0,1,0,0
64,0.0,0,51,90,132,13,14,14,14,23,0,0,0.0,0.0,0,1,0,0,1,0,1
105,8.0,21,237,445,629,88,235,424,712,45,0,0,0.91,0.89,0,0,0,0,1,0,0
73,2.0,0,0,0,0,0,0,0,0,0,0,0,1.0,0.99,0,1,0,0,1,0,0
0,8.0,0,240,450,638,1,1,1,1,24,0,63,0.69,0.69,0,1,0,0,1,0,1
0,2.0,0,45,72,88,0,0,1,1,0,0,0,0.95,0.97,0,1,0,0,1,0,1
1,8.0,0,2,3,4,1,2,2,3,0,0,0,0.98,0.97,0,0,0,0,1,0,1
83,8.0,54,100,150,200,50,122,207,304,92,0,0,0.91,0.9,0,0,0,0,1,0,0
7,2.0,0,0,4,8,2,6,7,14,0,0,0,0.68,0.64,0,0,0,1,1,0,0
0,8.0,0,0,0,0,0,0,0,0,0,0,0,-99.0,-99.0,0,0,0,1,1,0,0
4,8.0,0,0,0,0,0,0,0,0,0,0,0,0.74,0.74,0,0,0,1,1,0,0
3,8.0,0,0,0,0,0,0,0,0,1,0,0,0.82,0.68,0,1,0,0,1,0,0
2,12.0,3,49,61,73,4,17,39,58,13,0,0,0.46,0.38,0,0,0,0,1,0,1
11,12.0,0,21,21,42,2,9,21,24,10,0,0,0.63,0.72,0,0,0,1,1,0,0
0,2.0,0,9,11,14,3,4,6,7,0,0,0,0.82,0.81,0,1,0,0,1,0,1
237,9.0,6,10,127,258,52,127,261,375,43,0,0,0.5,0.39,0,0,0,0,1,0,0
0,8.0,0,4,4,4,1,2,3,5,0,0,0,0.77,0.78,0,0,0,1,1,0,1
0,2.0,0,26,36,36,0,2,2,2,0,0,0,0.14,0.57,0,0,0,0,1,0,1
0,12.0,0,1,1,1,0,0,0,0,0,0,0,0.73,0.76,0,1,0,1,1,0,1
-53,8.0,0,1080,1680,2160,432,987,1475,2032,262,0,0,0.95,0.96,106,0,0,0,1,0,0
15,2.0,0,0,0,0,0,0,0,0,0,0,0,0.35,0.73,0,1,0,0,1,0,0
3,12.0,0,2,2,2,0,0,0,0,0,0,0,0.63,0.72,0,1,0,0,1,0,0
7,8.0,0,15,15,15,15,27,61,83,0,0,0,0.45,0.58,0,0,0,0,1,0,1
13,2.0,0,0,0,0,0,5,11,12,0,0,0,1.0,0.99,0,1,0,0,1,0,1
2,4.0,1,4,6,7,3,6,7,9,2,0,0,0.73,0.78,0,0,0,0,1,0,0
20,4.0,0,0,0,0,0,3,6,6,0,0,0,0.97,0.98,0,1,0,0,1,0,0
40,12.0,0,111,218,286,35,120,209,281,33,0,0,0.92,0.95,3,0,0,0,1,0,0
-124,8.0,0,835,1279,1747,361,538,841,1199,184,0,0,0.44,0.62,127,0,0,0,1,0,1
2,9.0,0,1,3,5,3,5,5,6,1,0,0,0.7,0.66,0,0,0,0,1,0,0
172,9.0,0,0,0,0,0,1,3,3,0,0,0,0.86,0.84,0,0,0,1,1,0,0
0,9.0,0,2,2,3,2,2,3,4,1,0,0,0.7,0.66,0,0,0,0,1,0,1
-101,8.0,0,317,317,317,0,0,0,0,2,0,0,1.0,0.33,101,0,0,0,1,0,1
0,2.0,11,0,0,0,0,0,0,0,0,0,0,0.59,0.61,0,1,0,0,1,0,0
77,2.0,0,0,0,0,9,26,54,68,2,0,0,0.92,0.96,0,1,0,0,1,0,0
86,8.0,0,0,0,0,0,0,0,0,2,0,0,0.92,0.91,0,1,0,0,1,0,0
6,8.0,3,21,35,51,6,15,19,31,3,0,0,0.54,0.72,0,0,0,0,1,0,0
3,8.0,0,69,105,141,7,55,90,135,25,0,0,0.01,0.2,0,0,0,0,1,0,1
0,2.0,0,6,14,20,10,15,28,37,0,0,0,0.0,0.71,0,0,0,0,1,0,1
4,2.0,3,20,44,76,5,26,62,68,0,0,0,0.91,0.9,0,0,0,0,1,0,1
15,12.0,0,0,0,0,0,0,0,0,0,0,0,1.0,0.99,0,0,0,0,1,0,0
235,8.0,0,0,0,0,11,47,113,133,2,0,0,0.11,0.08,0,0,0,1,1,0,0
61,9.0,0,84,84,168,13,38,86,128,23,0,0,0.99,0.98,0,0,0,0,1,0,0
1,2.0,0,0,1,1,1,1,2,3,0,0,0,0.97,0.92,0,0,0,1,1,0,1
12,2.0,0,0,0,0,0,0,0,0,0,0,0,0.99,0.99,0,1,0,0,1,0,0
350,12.0,21,72,225,380,61,201,413,654,64,0,0,1.0,1.0,0,0,0,0,1,0,0
16,8.0,0,0,0,0,0,1,2,3,0,0,0,1.0,0.99,0,1,0,1,1,0,0
3,9.0,0,0,0,0,0,0,0,0,0,0,0,0.68,0.66,0,0,0,0,1,0,0
0,12.0,0,2,2,3,2,3,3,3,0,0,0,0.74,0.74,0,0,0,0,1,0,1
397,2.0,0,0,0,0,0,0,0,0,21,0,0,0.91,0.95,0,0,0,0,1,0,0
19,8.0,0,0,0,0,0,0,0,0,1,0,0,0.96,0.91,0,0,0,0,1,0,0
0,2.0,0,16,32,48,6,15,28,50,0,0,0,0.77,0.81,0,0,0,0,1,0,1
0,8.0,0,12,27,33,3,13,19,27,4,0,0,0.99,0.99,0,0,0,0,1,0,1
1987,52.0,0,0,0,0,0,0,0,0,0,0,0,0.41,0.75,0,1,0,0,0,0,0
17,2.0,0,0,0,14,12,27,33,34,0,0,0,0.99,0.94,0,1,0,0,1,0,1
557,8.0,104,660,1320,2090,198,753,1507,2203,188,0,0,0.7,0.7,0,0,0,1,1,0,0
3,4.0,0,0,0,0,0,0,0,0,0,0,0,0.73,0.78,0,0,0,0,1,0,0
118,8.0,8,60,120,180,21,69,154,246,56,0,0,1.0,1.0,0,0,0,0,1,0,0
7,2.0,0,5,10,15,1,7,16,18,0,0,0,0.94,0.97,0,0,0,0,1,0,1
180,8.0,0,0,0,0,2,20,33,45,101,0,0,0.9,0.93,0,0,0,0,1,0,0
4,9.0,0,43,67,115,5,22,40,58,4,0,0,0.69,0.68,0,0,0,0,1,0,1
51,8.0,0,24,48,56,6,28,76,131,10,0,0,0.89,0.78,0,0,0,0,1,0,0
0,8.0,0,20,20,20,0,0,0,0,0,0,0,0.51,0.53,0,1,0,0,1,0,0
2,16.0,0,0,0,0,0,0,0,0,0,0,0,0.44,0.46,0,0,0,0,1,0,0
185,8.0,0,0,0,0,0,0,0,0,0,0,0,0.98,0.83,0,0,0,0,1,0,0
308,8.0,77,0,276,576,82,327,775,1245,101,0,0,0.97,0.97,0,0,0,0,1,0,0
0,2.0,7,1,4,6,1,4,6,7,0,0,0,0.93,0.96,0,0,0,1,1,0,0
78,14.0,0,0,0,0,20,34,52,74,18,0,0,0.89,0.88,0,0,0,0,1,0,0
0,10.0,0,8,18,23,1,8,10,14,0,0,0,0.89,0.9,0,0,0,0,1,0,1
495,12.0,0,0,0,0,0,0,0,0,0,0,0,0.96,0.86,0,0,0,0,1,0,0
12,8.0,0,0,0,0,0,0,0,0,0,0,0,0.9,0.95,0,0,0,0,1,0,0
29,8.0,0,0,0,0,0,9,16,18,0,0,0,0.62,0.62,0,0,0,0,1,0,0
4,9.0,0,0,0,0,0,0,0,1,1,0,0,0.85,0.83,0,0,0,0,1,0,0
0,8.0,0,47,75,103,7,23,39,60,4,0,0,0.05,0.12,0,0,0,1,1,0,1
-15,3.0,0,34,38,44,5,16,27,28,0,0,5,0.89,0.9,15,0,0,0,1,0,1
863,8.0,529,2347,3667,5207,759,1999,3717,5421,1159,0,332,0.76,0.72,0,0,0,0,1,0,0
3,2.0,0,0,0,0,0,0,0,1,0,0,0,0.99,0.96,0,1,0,0,1,0,0
2,8.0,0,2,5,7,5,6,7,7,2,0,0,0.67,0.62,0,0,0,0,1,0,1
1,2.0,0,0,1,1,1,1,2,3,0,0,0,0.97,0.93,0,0,0,1,1,0,1
202,8.0,69,131,295,500,43,198,404,578,75,0,0,0.99,0.99,0,0,0,0,1,0,0
963,8.0,0,0,0,0,5,10,26,57,34,0,0,0.85,0.68,0,0,0,1,1,0,0
298,52.0,0,0,0,0,5,8,20,40,1,0,0,0.53,0.68,0,1,0,0,1,0,0
825,4.0,607,823,1564,2069,282,812,1504,2246,116,0,0,0.73,0.78,0,0,0,0,1,0,0
40,2.0,0,0,0,0,0,0,2,4,0,0,0,0.97,0.93,0,0,0,0,1,0,0
54,8.0,0,0,0,0,0,2,2,2,2,0,0,0.93,0.94,0,0,0,0,1,0,0
268,8.0,121,480,944,1456,151,567,1132,1696,183,0,0,0.96,0.91,0,0,0,0,1,0,0
30,4.0,0,232,387,480,32,162,272,383,34,0,27,0.79,0.67,0,0,0,0,1,0,1
89,2.0,0,0,0,0,0,2,3,10,1,0,0,0.5,0.25,0,0,0,0,1,0,0
63,8.0,21,76,157,237,25,73,133,202,39,0,0,0.97,0.97,0,0,0,0,1,0,0
18,2.0,0,20,40,60,4,16,31,47,0,0,0,0.85,0.56,0,0,0,0,1,0,1
6,8.0,0,0,0,0,0,0,0,0,2,0,0,0.98,0.9,0,1,0,0,1,0,0
-43,8.0,1,283,427,583,45,170,346,503,39,0,28,0.57,0.59,45,0,0,0,1,0,1
2,8.0,0,12,24,36,6,11,18,23,0,0,0,0.99,0.99,0,0,0,1,1,0,1
113,2.0,30,286,496,741,83,308,652,951,31,0,0,0.9,0.92,0,0,0,0,1,0,0
4054,8.0,17,0,0,0,147,413,867,2156,170,0,0,0.99,0.96,0,0,0,0,1,0,0
14,8.0,0,86,129,172,9,39,89,149,8,0,0,0.18,0.31,0,0,0,0,1,0,1
35,8.0,1,86,174,262,54,145,354,574,30,0,0,0.98,0.97,0,0,0,0,1,0,1
0,2.0,0,20,22,22,0,0,0,0,0,0,0,0.78,0.74,0,1,0,0,1,0,1
4,8.0,0,10,10,10,1,5,6,6,1,0,0,1.0,0.94,0,0,0,0,1,0,1
102,8.0,0,0,0,0,1,1,1,1,0,0,0,0.84,0.83,0,0,0,0,1,0,0
39,4.0,2,32,82,126,19,40,89,155,13,0,0,0.87,0.91,0,0,0,0,1,0,0
4,8.0,0,7,15,23,5,10,16,22,0,0,0,0.79,0.78,0,0,0,0,1,0,1
2,12.0,0,0,0,0,0,0,0,0,0,0,0,0.73,0.69,0,0,0,1,1,0,0
9,2.0,0,35,63,77,10,26,36,86,0,0,0,0.97,0.93,0,0,0,0,1,0,1
5,2.0,0,5,10,15,5,15,24,32,0,0,0,1.0,0.99,0,0,0,0,1,0,1
0,4.0,0,8,9,9,0,0,0,0,0,0,0,0.68,0.66,0,1,0,0,1,0,0
42,2.0,0,0,0,0,3,16,27,37,0,0,0,0.9,0.89,0,0,0,1,1,0,0
42,8.0,0,0,0,0,0,0,0,0,0,0,0,-99.0,-99.0,0,0,0,1,1,0,0
4,2.0,0,0,0,0,0,0,0,0,0,0,0,0.87,0.84,0,1,0,0,1,0,0
14,8.0,0,16,16,16,6,19,28,36,0,0,0,1.0,0.98,0,0,0,0,1,0,0
13,8.0,0,47,91,113,11,25,38,45,0,0,0,0.65,0.64,0,0,0,0,1,0,1
2,8.0,0,0,0,0,4,7,9,10,0,0,0,0.71,0.75,0,0,0,0,1,0,1
1052,8.0,1243,35,583,2189,202,1300,3183,4100,259,0,0,0.86,0.91,0,0,0,0,1,0,0
3,8.0,0,0,0,0,0,0,0,0,2,0,0,0.62,0.65,0,0,0,0,1,0,0
30,9.0,0,50,50,50,0,20,30,40,2,0,0,0.94,0.79,0,0,0,0,1,0,0
2,2.0,0,12,12,12,4,8,12,18,0,0,12,0.65,0.74,0,0,0,0,1,0,1
0,4.0,0,11,12,12,0,0,0,0,0,0,0,0.63,0.72,0,1,0,0,1,0,1
2,8.0,3,9,15,21,3,11,16,28,6,0,0,1.0,0.99,0,0,0,0,1,0,1
540,8.0,0,9910,9910,9910,10,28,50,104,11,0,0,1.0,0.93,0,0,0,0,1,0,1
16,8.0,0,46,78,102,4,17,75,118,0,0,0,0.35,0.37,0,0,0,0,1,0,1
0,12.0,0,6,9,11,1,2,6,9,0,0,0,0.82,0.79,0,0,0,0,1,0,1
0,2.0,0,7,9,12,5,7,8,10,0,0,1,0.5,0.25,0,1,0,0,1,0,1
3,9.0,0,2,2,2,0,0,0,0,0,0,0,0.68,0.66,0,1,0,0,1,0,0
30,2.0,0,0,0,0,0,0,5,9,6,0,0,0.99,0.99,0,0,0,0,1,0,0
0,2.0,0,5,8,8,0,0,0,0,0,0,0,0.37,0.36,0,1,0,1,1,0,1
0,8.0,0,13,21,28,6,21,31,41,17,0,0,0.37,0.36,0,0,0,0,1,0,1
1,8.0,0,24,24,24,3,17,26,41,1,0,12,0.5,0.35,0,0,0,0,1,0,1
9,4.0,0,0,0,0,0,0,1,1,0,0,0,0.68,0.66,0,1,0,0,1,0,0
34,2.0,0,615,905,1195,82,281,543,770,105,0,0,0.27,0.2,4,0,0,0,1,0,1
93,12.0,18,250,250,350,56,124,194,306,73,0,0,0.04,0.06,0,0,0,0,1,0,0
49,12.0,0,330,330,330,58,114,114,114,0,0,0,0.79,0.8,0,0,0,0,1,0,1
878,8.0,30,0,0,0,62,180,363,662,96,0,0,0.97,0.96,0,0,0,0,1,0,0
55,2.0,0,0,0,0,0,1,1,1,2,0,0,1.0,0.98,0,0,0,0,1,0,1
43,2.0,0,0,0,0,0,0,7,8,1,0,0,1.0,0.5,0,0,0,0,1,0,0
1010,8.0,1,0,0,0,50,183,321,507,100,0,0,0.96,0.96,0,0,0,0,1,0,0
12,2.0,0,11,22,44,2,11,24,36,0,0,0,0.68,0.68,0,0,0,0,1,0,1
0,2.0,0,16,16,16,0,0,0,0,1,0,0,0.13,0.17,0,1,0,0,1,0,1
1,4.0,0,0,1,1,0,0,1,3,2,0,0,0.77,0.8,0,0,0,0,1,0,1
2,3.0,0,16,16,16,1,2,7,8,0,0,0,0.98,0.99,0,0,0,0,1,0,1
0,8.0,0,5,6,8,0,2,4,7,0,0,2,0.51,0.53,0,1,0,0,1,0,1
14,2.0,0,0,0,0,0,0,1,1,0,0,0,-99.0,-99.0,0,1,0,0,1,0,0
0,2.0,0,0,0,0,0,0,0,0,0,0,0,0.98,0.93,0,1,0,0,1,0,1
38,2.0,0,0,0,0,0,0,0,0,1,0,0,0.58,0.57,0,1,0,0,1,0,0
11,2.0,0,26,52,52,3,16,41,68,0,0,0,0.94,0.97,0,0,0,0,1,0,0
4,8.0,0,9,15,25,1,9,15,19,0,0,0,0.79,0.79,0,0,0,0,1,0,1
0,2.0,7,6,9,12,17,24,32,32,2,0,0,0.99,0.91,1,1,0,1,1,0,1
3,2.0,0,2,6,8,4,12,20,24,2,0,0,0.56,0.69,0,0,0,0,1,0,1
0,2.0,0,14,21,35,2,7,16,26,0,0,0,0.94,0.89,0,0,0,0,1,0,1
3,8.0,0,10,15,20,6,17,27,38,6,0,0,0.66,0.87,0,0,0,0,1,0,1
2,8.0,0,26,39,39,4,7,18,28,2,0,0,0.73,0.77,0,0,0,0,1,0,1
6,2.0,0,25,41,65,19,46,61,78,1,0,0,0.98,0.94,0,0,0,0,1,0,1
29,8.0,0,0,0,0,0,0,0,0,0,0,0,0.19,0.5,0,0,0,0,1,0,0
6,8.0,9,508,508,508,0,6,18,31,0,0,0,0.51,0.53,0,1,0,0,1,0,0
10,0.0,0,0,0,0,0,1,6,13,1,0,0,0.0,0.0,0,0,0,0,0,0,0
218,8.0,0,400,400,800,14,115,535,730,70,0,0,0.69,0.56,0,0,0,0,1,0,0
-25,3.0,0,72,120,186,63,68,72,74,7,0,0,0.96,0.97,37,0,0,0,1,0,1
0,2.0,0,2,2,2,0,0,0,0,0,0,0,0.78,0.78,0,1,0,0,1,0,1
8,16.0,0,64,64,64,9,28,49,62,12,0,0,0.44,0.23,0,0,0,0,1,0,1
49,8.0,0,0,24,32,4,30,70,96,12,0,0,0.95,0.9,0,0,0,0,1,0,0
610,2.0,0,0,0,0,4,11,16,18,1,0,0,0.94,0.97,0,1,0,1,1,0,0
0,8.0,0,57,57,57,4,4,9,9,2,0,0,0.5,0.52,0,1,0,0,1,0,1
1346,8.0,0,0,0,0,1,12,44,68,13,0,0,1.0,0.33,0,0,0,0,1,0,0
20,0.0,0,136,272,406,18,101,213,343,36,0,0,0.0,0.0,0,0,0,0,0,0,1
1,8.0,0,0,0,0,1,1,1,1,0,0,0,0.79,0.66,0,1,0,0,1,0,0
9,8.0,0,6,12,18,2,6,12,16,0,0,0,0.95,0.9,0,0,0,0,1,0,1
0,2.0,0,65,65,65,0,0,0,0,2,0,0,-99.0,-99.0,0,1,0,0,1,0,0
10,8.0,1,0,0,2,1,3,14,24,0,0,0,0.76,0.78,0,0,0,0,1,0,0
6,4.0,0,0,0,0,2,4,5,9,0,0,0,0.79,0.66,0,1,0,0,1,0,1
4,8.0,0,16,24,24,10,14,23,43,0,0,0,0.48,0.53,0,0,0,0,1,0,1
5,2.0,0,58,87,116,30,65,102,120,0,0,0,0.65,0.67,0,1,0,0,1,0,1
54,52.0,0,0,0,0,2,4,8,9,0,0,0,0.57,0.6,0,1,0,0,1,0,0
13,12.0,5,0,0,0,0,0,0,0,1,0,0,0.63,0.63,0,1,0,0,1,0,0
26,52.0,0,0,0,0,0,0,0,0,1,0,0,0.0,0.35,0,1,0,1,0,0,0
3,12.0,0,0,0,0,0,0,0,0,0,0,0,0.63,0.72,0,0,0,0,1,0,0
17,8.0,15,358,573,738,71,198,414,665,41,0,11,0.51,0.53,1,0,0,1,1,0,1
14,2.0,0,0,0,0,0,0,1,1,1,0,0,0.99,0.93,0,1,0,0,1,0,0
20,2.0,0,0,0,0,0,1,3,3,1,0,0,0.89,0.82,0,1,0,0,1,0,1
3,10.0,0,0,1,3,0,1,1,4,0,0,0,0.89,0.9,0,0,0,0,1,0,1
0,9.0,0,1,1,1,0,0,0,0,0,0,0,0.68,0.66,0,1,0,0,0,0,0
2,8.0,1,36,66,96,5,24,60,72,6,0,0,0.86,0.9,0,0,0,0,1,0,1
32,2.0,0,30,80,130,7,26,73,111,0,0,0,0.95,0.96,0,0,0,0,1,0,0
6,12.0,0,0,0,0,0,0,0,0,0,0,0,0.23,0.26,0,1,0,1,1,0,0
1,8.0,0,43,79,121,7,29,62,92,0,0,0,0.15,0.34,0,0,0,0,1,0,1
2,8.0,0,96,96,96,10,25,40,61,6,0,0,0.66,0.73,0,0,0,0,1,0,1
10,12.0,0,12,18,30,4,10,17,27,1,0,0,0.44,0.38,0,0,0,0,1,0,0
1,8.0,0,0,0,0,0,0,1,1,1,0,0,0.99,0.98,0,0,0,0,1,0,0
0,8.0,0,0,0,0,0,0,0,0,0,0,0,0.97,0.98,0,0,0,0,1,0,0
12,8.0,0,45,45,90,3,13,31,47,2,0,0,0.99,0.95,0,0,0,0,1,0,0
34,9.0,0,0,9,18,0,7,16,38,1,0,0,1.0,0.96,0,0,0,0,1,0,1
0,2.0,0,25,45,50,0,0,0,0,1,0,0,0.9,0.92,0,1,0,0,1,0,0
23,8.0,0,0,0,0,0,0,0,0,0,0,0,0.96,0.85,0,0,0,0,1,0,0
2,2.0,0,4,8,12,0,4,8,11,0,0,0,0.79,0.89,0,0,0,0,1,0,1
821,12.0,172,1911,3447,5127,460,1549,3408,5051,383,0,111,0.92,0.9,0,0,0,0,1,0,0
464,12.0,0,0,0,0,0,24,40,56,0,0,0,0.0,0.01,0,0,0,0,1,0,0
2,12.0,0,2,5,6,0,0,0,0,0,0,0,0.82,0.79,0,0,0,0,1,0,0
4,8.0,0,3,7,9,2,3,7,14,1,0,0,0.81,0.82,0,0,0,0,1,0,1
1815,13.0,940,3150,5950,9100,994,3076,6281,9529,849,0,0,1.0,0.93,0,0,0,0,1,0,0
0,8.0,0,8,16,16,2,7,13,15,9,0,0,0.97,0.9,0,0,0,0,1,0,1
0,2.0,0,33,71,105,0,0,0,0,0,0,0,-99.0,-99.0,0,0,0,0,1,0,1
0,2.0,0,16,17,17,0,0,0,0,0,0,0,0.78,0.74,0,1,0,0,1,0,1
8,8.0,0,25,59,95,9,29,67,96,0,0,0,0.96,0.96,0,0,0,0,1,0,1
43,2.0,0,0,0,0,0,11,19,22,2,0,0,0.89,0.89,0,0,0,1,1,0,0
30,9.0,50,210,300,390,20,70,151,191,0,0,0,0.91,0.77,0,0,0,0,1,0,0
76,2.0,0,0,0,0,0,0,0,0,0,0,0,0.97,0.95,0,0,0,0,1,0,0
316,12.0,70,3280,5880,8720,1109,3396,6547,9769,1490,0,0,0.2,0.3,5,0,0,1,1,0,1
460,8.0,17,0,0,0,17,52,115,188,28,0,0,-99.0,-99.0,0,0,0,0,1,0,0
828,8.0,423,218,1066,1834,206,825,1729,2234,205,0,10,0.51,0.3,0,0,0,0,1,0,0
13,2.0,0,0,0,0,1,2,2,3,0,0,0,0.75,0.82,0,0,0,0,1,0,0
23,14.0,0,0,0,0,0,0,0,0,1,0,0,0.55,0.43,0,0,0,0,1,0,0
3,12.0,0,10,16,22,7,20,24,24,1,0,0,0.68,0.65,0,0,0,0,1,0,1
5,9.0,0,0,1,2,1,2,3,5,0,0,0,0.85,0.82,0,0,0,0,1,0,0
2,12.0,0,0,0,0,0,0,0,1,1,0,0,0.73,0.76,0,0,0,0,1,0,0
1,8.0,0,8,8,8,0,0,5,11,0,0,0,0.0,0.0,0,0,0,0,1,0,1
5,8.0,18,18,18,54,3,16,26,39,0,0,0,0.98,0.99,0,0,0,0,1,0,0
2541,8.0,385,3384,6480,8136,1005,3662,7935,12351,633,0,0,0.61,0.59,0,0,0,1,1,0,0
0,9.0,0,5,5,5,0,0,0,0,0,0,0,0.68,0.66,0,1,0,0,1,0,0
15,12.0,0,0,0,0,1,2,5,9,0,0,0,0.42,0.36,0,0,0,0,1,0,0
1738,2.0,494,2592,4752,7344,548,2086,3996,5640,526,0,0,0.99,0.99,0,0,0,0,1,0,0
20,14.0,0,0,0,0,0,0,0,0,2,0,0,0.99,0.99,0,0,0,0,1,0,0
122,21.0,4,78,117,117,22,99,158,223,57,0,0,0.69,0.81,0,0,0,0,1,0,0
0,9.0,0,1,1,1,0,0,0,0,0,0,0,0.85,0.83,0,0,0,0,1,0,1
19,12.0,0,0,0,0,0,0,1,1,1,0,0,0.0,0.0,0,0,0,0,1,0,0
0,17.0,0,3,5,7,0,2,5,7,5,0,0,0.0,0.0,0,0,0,1,1,0,0
1,8.0,0,7,9,11,4,6,9,10,0,0,0,0.79,0.87,0,0,0,0,1,0,1
7,8.0,0,0,0,0,1,2,2,2,0,0,0,0.79,0.67,0,0,0,0,1,0,0
2,4.0,2,0,2,3,0,1,4,4,0,0,0,0.77,0.8,0,0,0,0,1,0,0
12,8.0,0,0,0,0,1,6,11,16,0,0,0,0.99,0.99,0,0,0,0,1,0,0
9,12.0,0,0,0,0,0,0,0,0,1,0,0,0.48,0.48,0,1,0,0,1,0,0
-1,8.0,0,22,38,48,2,5,24,35,0,0,0,0.66,0.57,1,0,0,0,1,0,1
4,13.0,0,1,1,1,0,0,4,4,0,0,1,0.82,0.81,0,0,0,0,1,0,0
222,4.0,24,15,105,150,7,151,305,402,0,0,0,0.73,0.78,0,0,0,0,1,0,0
41,8.0,3,295,507,681,33,174,387,612,35,0,13,0.51,0.53,0,0,0,1,1,0,1
349,4.0,14,0,90,225,57,201,386,558,55,0,0,0.7,0.64,4,0,0,0,0,0,0
11,2.0,0,0,0,0,0,0,0,0,0,0,0,1.0,1.0,0,0,0,1,1,0,0
0,12.0,0,5,8,10,3,5,6,8,0,0,0,0.87,0.67,0,0,0,0,1,0,1
1,8.0,0,16,24,34,8,14,19,29,0,0,0,0.91,0.89,0,0,0,0,1,0,1
2,8.0,0,0,0,0,0,0,0,0,0,0,0,0.78,0.82,0,0,0,0,1,0,0
540,8.0,0,0,0,0,12,52,96,154,29,0,0,0.82,0.92,0,0,0,0,1,0,0
-38,15.0,0,128,128,155,22,35,59,108,18,0,0,0.06,0.09,38,0,0,0,1,0,1
194,12.0,54,175,375,600,70,200,406,660,63,0,50,0.84,0.87,0,0,0,1,1,0,0
0,8.0,0,8,15,20,1,6,13,24,3,0,1,0.83,0.71,0,0,0,0,1,0,1
553,8.0,81,324,648,891,166,450,922,1319,97,0,0,0.69,0.59,0,0,0,1,1,0,0
7,2.0,0,1870,3120,4600,2,2,2,2,224,0,0,0.97,0.94,0,0,0,1,1,0,1
0,8.0,0,6,10,14,3,5,9,12,0,0,1,0.85,0.56,0,0,0,1,1,0,1
0,4.0,0,160,280,400,22,46,60,78,12,0,0,0.56,0.72,0,1,0,0,1,0,1
0,8.0,0,7,7,7,1,4,6,7,0,0,1,0.0,0.0,0,0,0,0,1,0,1
4,2.0,0,3,4,4,1,3,6,7,0,0,0,0.3,0.16,0,1,0,1,0,0,1
1,3.0,0,2,2,5,2,4,6,8,0,0,0,0.89,0.9,0,0,0,0,1,0,0
3,8.0,0,0,0,0,0,0,0,3,1,0,0,0.99,0.99,0,0,0,0,1,0,0
-2,2.0,0,6,7,7,8,9,10,10,1,0,0,1.0,1.0,2,0,0,0,1,0,1
1,9.0,0,240,370,500,75,215,335,413,19,0,0,0.93,0.9,0,0,0,0,1,0,1
22,8.0,0,0,0,0,0,0,0,0,0,0,0,0.83,0.78,0,0,0,0,1,0,0
46,2.0,0,24,88,192,26,68,92,100,7,0,0,0.79,0.89,0,0,0,0,1,0,0
12,8.0,0,0,0,0,0,2,3,8,2,0,0,0.48,0.53,0,0,0,0,1,0,0
-1,2.0,0,20,40,60,5,23,47,67,2,0,0,0.32,0.27,1,0,0,0,1,0,1
3,2.0,0,20,20,40,2,7,22,33,0,0,0,0.07,0.07,0,1,0,1,1,0,1
12,2.0,0,0,0,0,0,0,0,0,0,0,0,0.99,0.97,0,0,0,0,1,0,0
0,2.0,0,51,95,99,0,0,0,0,11,0,0,0.87,0.78,0,0,0,0,1,0,1
3,9.0,0,0,0,0,0,0,2,2,0,0,0,0.99,0.99,0,0,0,0,1,0,0
0,2.0,0,16,22,22,2,6,17,19,0,0,0,0.22,0.38,0,1,0,0,0,0,1
40,8.0,35,513,853,1220,90,290,658,965,75,0,96,0.77,0.68,1,0,0,0,1,0,1
225,12.0,0,0,0,266,22,70,147,242,31,0,0,0.93,0.88,0,0,0,0,1,0,0
3,2.0,0,17,30,52,2,12,38,69,0,0,0,1.0,1.0,0,0,0,0,1,0,1
31,15.0,0,0,0,8,7,20,31,82,0,0,0,0.93,0.91,0,0,0,0,1,0,1
-6,8.0,1,36,45,45,30,39,80,118,14,0,0,0.73,0.69,6,0,0,0,1,0,1
2,8.0,0,48,72,72,8,19,32,54,1,0,0,0.98,0.98,0,0,0,0,1,0,1
405,8.0,0,0,0,0,1,5,8,10,1,0,0,0.77,0.82,0,0,0,0,1,0,0
45,0.0,10,160,296,424,48,143,244,377,19,0,0,0.0,0.0,0,0,0,1,0,0,1
37,8.0,0,0,0,0,0,8,12,15,5,0,0,0.62,0.77,0,0,0,0,1,0,0
3,8.0,0,0,0,1,0,1,2,2,0,0,0,0.6,0.47,0,0,0,1,1,0,0
1,8.0,0,3,5,6,0,3,5,6,0,0,0,0.18,0.31,0,0,0,0,1,0,1
0,2.0,0,587,1014,1171,0,0,0,0,50,0,0,0.69,0.69,0,0,0,0,1,0,1
2,8.0,0,0,0,0,0,0,0,0,1,0,0,0.46,0.35,0,0,0,0,1,0,1
83,8.0,0,0,0,0,0,0,1,2,0,0,0,0.99,0.99,0,0,0,1,1,0,0
6,2.0,0,0,0,0,0,1,3,3,0,0,0,0.92,0.97,0,0,0,0,1,0,1
1,8.0,0,20,44,56,5,15,31,53,0,0,0,0.46,0.35,0,0,0,0,1,0,1
11,4.0,0,0,0,0,0,0,0,0,2,0,0,0.77,0.8,0,0,0,0,1,0,0
417,8.0,0,0,0,0,4,12,40,49,2,0,0,0.05,0.16,0,0,0,0,1,0,0
2,8.0,0,8,8,8,1,2,6,10,15,0,0,0.7,0.73,0,0,0,0,1,0,1
-1,8.0,0,47,63,87,17,41,61,96,11,0,0,0.73,0.73,1,0,0,0,1,0,1
6,2.0,0,0,0,0,0,0,0,0,0,0,0,0.91,0.82,0,1,0,0,1,0,0
1,12.0,1,1,5,7,1,3,8,14,3,0,0,0.98,0.99,0,0,0,1,1,0,1
22,8.0,0,0,12,24,1,4,16,24,17,0,0,1.0,0.94,0,0,0,0,1,0,0
0,2.0,0,11,11,11,0,0,0,0,0,0,0,0.13,0.17,0,1,0,0,1,0,1
432,8.0,0,0,0,0,0,0,0,0,0,0,0,0.82,0.78,0,0,0,0,1,0,0
-179,8.0,128,612,932,1261,533,1078,1940,2120,104,0,0,1.0,0.9,223,0,0,0,1,0,1
28,2.0,0,0,64,64,26,55,85,117,0,0,0,0.92,0.94,0,0,0,0,1,0,1
0,2.0,0,6,6,6,0,2,4,4,0,0,0,0.8,0.82,0,0,0,0,1,0,1
2,8.0,0,55,85,125,11,28,55,66,5,0,12,0.41,0.46,0,0,0,0,1,0,1
21,2.0,0,115,165,205,24,46,104,120,6,0,10,0.0,0.0,0,1,0,0,1,0,1
1,9.0,0,3,7,8,4,6,13,15,5,0,0,0.86,0.84,0,0,0,0,1,0,1
0,2.0,0,4,7,7,0,0,0,0,0,0,3,0.84,0.83,0,0,0,0,1,0,1
204,9.0,42,192,366,498,35,139,319,514,76,0,0,0.52,0.41,0,0,0,0,1,0,0
38,12.0,0,24,24,24,0,0,0,1,0,0,0,0.23,0.26,0,1,0,0,1,0,0
53,2.0,0,0,0,0,3,6,8,8,0,0,0,0.0,0.0,0,1,0,1,1,0,0
-10,12.0,0,33,35,39,0,5,14,20,9,0,0,0.22,0.26,10,0,0,0,1,0,1
13,2.0,0,18,18,18,29,93,215,317,36,0,0,1.0,0.99,0,0,0,0,1,0,1
-101,8.0,0,317,317,317,0,0,0,0,2,0,0,1.0,0.33,101,0,0,0,1,0,1
2,8.0,0,16,34,43,2,10,24,37,0,0,6,0.78,0.74,0,0,0,0,1,0,1
5,2.0,0,13,26,26,1,5,10,18,3,0,0,0.06,0.5,0,0,0,1,1,0,1
183,8.0,37,104,304,404,50,172,343,525,142,0,0,0.85,0.82,0,0,0,1,1,0,0
0,9.0,0,4,5,7,2,3,6,7,0,0,0,0.7,0.66,0,0,0,0,1,0,1
6,8.0,0,16,24,48,9,24,44,58,6,0,0,0.84,0.92,0,0,0,0,1,0,1
1,8.0,0,1,1,2,0,1,1,1,0,0,0,0.48,0.53,0,0,0,0,1,0,0
2434,3.0,900,150,450,1350,68,983,2661,5440,166,0,0,0.99,0.98,0,0,0,0,1,0,0
7,2.0,0,0,0,0,0,0,2,5,0,0,0,0.79,0.84,0,0,0,0,1,0,0
1,2.0,0,3,6,8,3,4,8,11,0,0,0,0.99,0.97,0,0,0,0,1,0,1
0,2.0,0,0,0,0,0,0,0,0,0,0,0,0.97,0.98,0,0,0,0,1,0,0
0,2.0,0,496,516,516,0,0,0,0,127,0,0,0.69,0.69,0,0,0,1,1,0,1
0,2.0,0,100,100,140,0,0,0,0,0,0,40,0.22,0.27,0,0,0,0,1,0,1
207,4.0,0,0,100,120,65,217,373,607,12,0,0,0.73,0.78,0,0,0,0,1,0,0
14,8.0,18,58,96,144,25,56,97,132,20,0,0,0.97,0.94,0,0,0,0,1,0,1
18,4.0,0,8,8,20,17,55,96,185,0,0,0,0.61,0.62,0,0,0,0,1,0,1
2,12.0,0,0,0,0,0,0,0,0,0,0,0,0.78,0.78,0,0,0,0,1,0,0
7,8.0,0,40,64,112,4,27,44,63,0,0,0,0.87,0.89,0,0,0,0,1,0,1
0,12.0,12,18,24,30,3,8,18,24,5,0,1,0.07,0.21,0,0,0,0,1,0,1
298,8.0,0,0,0,0,0,0,0,2,2,0,0,0.7,0.87,0,0,0,0,1,0,0
16,9.0,0,0,0,0,0,0,0,0,0,0,0,0.85,0.83,0,0,0,0,1,0,0
0,2.0,0,6,10,12,3,11,15,21,2,0,0,0.99,0.99,0,0,0,0,1,0,1
13,12.0,0,0,0,0,0,0,0,0,1,0,0,0.48,0.48,0,1,0,0,1,0,0
0,8.0,0,7,7,8,0,5,12,13,2,0,0,0.0,0.0,0,0,0,1,1,0,1
162,12.0,12,39,39,39,25,73,163,243,48,0,0,0.98,0.98,0,0,0,0,1,0,0
10,9.0,0,0,0,0,0,0,3,11,0,0,0,0.86,0.69,0,0,0,0,1,0,0
2,2.0,0,0,1,3,1,1,3,5,0,0,0,0.85,0.89,0,0,0,1,1,0,0
1,8.0,0,1,1,1,0,0,1,2,0,0,0,0.79,0.67,0,0,0,0,1,0,1
1,8.0,0,14,22,38,3,10,17,27,1,0,0,0.99,0.99,0,0,0,1,1,0,1
8,8.0,0,0,0,0,1,2,7,11,1,0,0,0.97,0.97,0,0,0,0,1,0,0
-3,8.0,0,300,300,300,1,2,20,35,5,0,0,0.0,0.0,3,0,0,0,1,0,1
15,8.0,0,0,0,0,0,2,2,2,0,0,0,0.95,0.94,0,0,0,0,1,0,0
3,2.0,6,12,24,36,3,13,21,33,2,0,0,0.99,0.94,0,0,0,0,1,0,1
-272,8.0,229,1584,2400,3552,869,3202,5300,7399,1148,0,0,0.99,0.99,292,0,0,0,1,0,1
1,8.0,0,1,2,2,0,1,1,2,0,0,0,0.82,0.81,0,0,0,0,1,0,0
2,2.0,0,0,0,0,0,0,0,0,0,0,0,0.99,0.96,0,1,0,0,1,0,1
361,8.0,235,450,882,1278,125,433,925,1458,160,0,36,0.86,0.88,0,0,0,0,1,0,0
5,8.0,0,20,20,40,2,8,16,20,2,0,0,0.94,0.97,0,0,0,0,1,0,1
32,2.0,2,222,342,469,38,134,271,403,62,0,14,0.66,0.69,1,0,0,1,1,0,1
24,2.0,0,10,20,20,0,0,0,0,0,0,0,0.84,0.89,0,1,0,0,1,0,0
103,12.0,8,106,283,453,30,170,333,445,33,0,21,0.73,0.79,0,0,0,1,1,0,0
1,12.0,0,0,0,0,0,0,0,0,0,0,0,0.78,0.78,0,0,0,0,1,0,0
88,2.0,0,0,31,69,15,43,75,97,0,0,0,0.98,0.98,0,1,0,0,1,0,0
1000,2.0,288,702,1962,3276,219,683,683,683,301,0,0,0.93,0.96,0,0,0,0,1,0,0
1,8.0,0,8,11,16,1,3,7,9,4,0,0,0.81,0.83,0,0,0,0,1,0,1
4,8.0,0,20,20,20,1,1,3,3,0,0,0,0.51,0.53,0,1,0,0,1,0,0
5,9.0,0,0,2,3,0,2,4,7,0,0,0,0.91,0.77,0,0,0,0,1,0,1
6,14.0,0,0,0,0,0,0,4,5,2,0,0,0.99,0.99,0,0,0,0,1,0,0
20,16.0,0,0,0,0,3,10,21,22,2,0,0,0.99,0.99,0,0,0,0,1,0,0
2,8.0,1,0,0,0,2,2,2,4,1,0,0,0.94,0.92,0,0,0,0,1,0,0
6,8.0,0,1,4,6,0,2,3,9,0,0,0,0.96,0.94,0,0,0,0,1,0,1
0,2.0,0,5,7,8,0,1,1,1,0,0,0,0.96,0.98,0,0,0,1,1,0,1
1,3.0,0,7,12,20,3,9,15,23,1,0,0,0.43,0.46,0,0,0,0,1,0,1
2,8.0,0,197,305,425,36,128,270,423,27,0,1,0.79,0.66,2,0,0,0,1,0,1
-1,8.0,1,73,114,172,10,55,109,171,15,0,7,0.37,0.54,2,0,0,0,1,0,1
1,8.0,0,180,276,456,67,230,348,461,56,0,108,0.31,0.18,5,0,0,0,1,0,1
4,2.0,0,2,2,2,2,7,7,7,0,0,0,-99.0,-99.0,0,1,0,0,1,0,1
20,8.0,0,0,0,0,2,8,42,48,9,0,0,0.89,0.95,0,0,0,0,1,0,0
0,12.0,0,10,10,10,0,0,0,0,15,0,0,0.58,0.58,0,1,0,0,1,0,0
32,2.0,0,10,35,65,13,26,34,83,0,0,0,0.99,0.97,0,0,0,0,1,0,1
7,9.0,0,0,0,0,0,0,0,0,0,0,0,0.91,0.74,0,1,0,0,1,0,0
0,8.0,0,0,0,0,0,0,0,0,0,0,0,0.91,0.9,0,0,0,0,1,0,0
15,8.0,0,0,0,0,2,3,8,14,0,0,0,1.0,1.0,0,0,0,0,1,0,0
457,8.0,3,0,0,0,16,46,101,253,25,0,0,0.69,0.59,0,0,0,0,1,0,0
0,12.0,0,7,9,11,3,4,6,8,0,0,0,0.82,0.79,0,1,0,0,1,0,1
4,4.0,0,16,32,48,13,30,44,57,3,0,0,0.87,0.91,0,0,0,0,1,0,1
3,2.0,0,21,45,72,14,41,60,72,0,0,0,0.97,0.9,0,0,0,0,1,0,1
3,8.0,0,5,5,5,3,4,7,7,0,0,0,0.64,0.63,0,0,0,0,1,0,0
1,2.0,1,1,2,3,1,2,4,5,0,0,0,1.0,0.93,0,0,0,1,1,0,1
3,2.0,0,1,3,5,0,2,4,7,0,0,0,0.99,0.99,0,0,0,0,1,0,0
1992,8.0,0,0,0,0,0,6,14,33,1,0,0,0.82,0.77,0,1,0,1,1,0,0
10,12.0,0,14,14,14,10,15,16,33,5,0,0,0.94,0.89,0,0,0,0,1,0,1
1,12.0,0,0,0,0,0,0,0,0,0,0,0,0.63,0.72,0,0,0,0,1,0,0
4,8.0,0,0,0,0,0,0,0,1,0,0,0,0.46,0.35,0,0,0,0,1,0,0
1,8.0,0,5,8,11,3,5,7,12,0,0,0,0.48,0.39,0,0,0,0,1,0,1
30,12.0,0,0,0,0,0,0,0,0,0,0,0,0.74,0.74,0,0,0,0,1,0,0
0,2.0,0,600,600,600,3,4,6,9,0,0,0,0.79,0.89,0,0,0,0,1,0,1
18,12.0,0,28,58,88,18,47,88,114,14,0,0,0.95,0.86,0,0,0,0,1,0,1
56,8.0,0,100,100,100,3,9,17,17,0,0,0,0.83,0.88,0,0,0,0,1,0,0
113,9.0,0,0,0,0,0,0,0,1,0,0,0,0.86,0.84,0,0,0,0,1,0,0
0,2.0,0,30,30,70,3,9,15,29,4,0,0,-99.0,-99.0,0,0,0,0,1,0,1
55,2.0,0,16,48,48,0,0,0,0,1,0,0,0.98,0.98,0,1,0,1,1,0,0
3,8.0,0,49,76,104,10,37,52,70,11,0,0,0.99,0.98,0,0,0,0,1,0,1
0,8.0,0,6,8,12,5,9,11,15,1,0,0,0.88,0.95,0,0,0,0,1,0,1
0,8.0,0,16,32,40,8,12,28,44,4,0,0,0.91,0.83,0,0,0,0,1,0,1
-43,8.0,1,421,705,979,66,325,594,835,86,0,0,0.73,0.69,43,0,0,0,1,0,1
2,9.0,0,2,4,6,0,2,4,6,0,0,0,0.67,0.8,0,0,0,0,1,0,1
149,8.0,0,0,0,0,0,0,0,0,0,0,0,0.41,0.44,0,0,0,1,1,0,0
108,8.0,8,15,45,75,8,53,105,174,22,0,0,0.39,0.31,0,0,0,0,1,0,0
155,8.0,1,0,0,300,11,36,59,98,27,0,0,0.98,0.93,0,0,0,0,1,0,0
0,9.0,1,2,2,2,1,2,3,3,0,0,0,0.68,0.66,0,0,0,0,1,0,1
1,8.0,0,8,16,24,8,11,19,27,0,0,0,0.9,0.88,0,0,0,0,1,0,1
-29,8.0,0,818,1282,1769,139,469,1012,1510,169,0,18,0.45,0.69,29,0,0,1,1,0,1
3,8.0,0,4,4,7,1,2,7,11,0,0,0,0.84,0.77,0,0,0,0,1,0,0
25,2.0,5,35,75,120,7,28,36,37,0,0,5,0.15,0.18,0,0,0,0,1,0,1
62,8.0,5,80,120,200,29,75,136,219,52,0,0,0.95,0.97,0,0,0,0,1,0,0
1,2.0,0,22,22,44,3,11,21,26,0,0,0,0.66,0.67,0,0,0,1,1,0,1
289,12.0,131,1820,2840,3960,459,1634,2831,4157,296,0,0,0.78,0.78,2,0,0,0,1,0,1
132,8.0,0,0,0,119,9,42,92,135,24,0,0,1.0,1.0,0,0,0,1,1,0,0
1,12.0,0,2,3,4,0,2,2,2,0,0,0,0.76,0.78,0,0,0,0,1,0,0
3,8.0,0,0,0,0,0,1,1,1,0,0,0,0.97,0.98,0,1,0,0,1,0,0
3,8.0,0,0,0,0,0,0,0,0,0,0,0,0.8,0.82,0,0,0,0,1,0,0
5,8.0,0,0,0,0,0,0,0,0,0,0,0,0.8,0.83,0,0,0,0,1,0,0
0,8.0,0,3,4,6,0,0,3,7,2,0,0,0.84,0.77,0,0,0,1,1,0,1
0,8.0,0,15,23,33,3,10,14,20,0,0,0,0.86,0.88,0,0,0,0,1,0,1
79,8.0,0,1120,1400,1960,190,526,1079,1764,154,0,0,0.0,0.0,2,0,0,0,1,0,1
18,9.0,0,0,0,0,0,0,0,0,0,0,0,0.85,0.82,0,0,0,0,1,0,0
0,2.0,0,13,18,28,0,0,1,1,0,0,3,0.8,0.82,0,0,0,1,1,0,1
1,8.0,0,4,8,12,0,5,6,9,0,0,0,0.46,0.35,0,0,0,0,1,0,1
0,2.0,0,245,426,610,0,0,0,0,20,0,0,0.62,0.68,0,0,0,0,1,0,1
10,9.0,0,0,0,0,0,0,0,0,0,0,0,0.87,0.72,0,0,0,0,1,0,0
274,8.0,0,0,0,0,0,3,61,98,24,0,0,0.7,0.86,0,0,0,0,1,0,0
0,8.0,0,0,0,0,0,0,0,0,0,0,0,0.99,0.97,0,0,0,0,1,0,0
16,8.0,6,67,119,189,19,75,133,191,28,0,1,0.79,0.66,0,0,0,0,1,0,1
13,4.0,0,15,40,55,10,23,74,102,10,0,0,0.86,0.91,0,0,0,0,1,0,1
2,8.0,0,3,4,6,2,4,7,13,2,0,0,0.99,0.97,0,0,0,0,1,0,1
1,8.0,0,47,95,119,18,34,63,99,8,0,0,0.98,0.97,0,0,0,0,1,0,1
375,8.0,0,0,660,660,128,287,532,672,147,0,0,0.6,0.63,0,0,0,0,1,0,0
159,2.0,0,150,300,450,27,121,246,359,46,0,0,0.97,0.97,0,0,0,0,1,0,0
6,12.0,0,0,0,0,0,0,0,0,0,0,0,0.78,0.78,0,0,0,0,1,0,0
10,8.0,0,0,0,0,0,0,0,1,0,0,0,0.64,0.61,0,0,0,0,1,0,0
6,2.0,16,0,13,26,7,20,30,42,0,0,0,0.98,0.83,0,0,0,0,1,0,0
41,8.0,0,0,0,0,1,3,8,18,0,0,0,0.41,0.46,0,0,0,0,1,0,0
2,8.0,0,0,0,0,0,1,1,2,0,0,0,0.96,0.9,0,0,0,0,1,0,0
0,4.0,0,381,381,381,0,0,0,0,0,0,0,0.63,0.72,0,1,0,0,1,0,0
0,8.0,0,2,4,5,2,3,4,4,1,0,0,0.83,0.86,0,0,0,0,1,0,1
0,12.0,0,8,14,16,0,0,0,0,0,0,0,0.82,0.79,0,1,0,0,1,0,1
-9,8.0,19,760,1080,1480,157,457,884,1328,168,0,40,0.78,0.8,15,0,0,0,1,0,1
3112,5.0,0,0,0,0,13,49,66,148,9,0,0,1.0,0.95,0,0,0,0,1,0,0
19,8.0,0,0,0,0,0,0,0,0,0,0,0,0.95,0.95,0,0,0,0,1,0,0
3,8.0,0,0,0,1,0,0,2,2,3,0,0,0.78,0.92,0,0,0,0,1,0,0
7,8.0,0,0,0,0,0,0,0,0,1,0,0,0.42,0.36,0,0,0,0,1,0,0
0,8.0,0,0,0,0,0,0,0,0,0,0,0,0.98,0.98,0,0,0,1,1,0,0
128,8.0,0,0,0,0,0,1,2,6,2,0,0,0.28,0.57,0,0,0,1,1,0,0
3,8.0,0,2,10,16,1,5,12,16,1,0,0,0.98,0.99,0,0,0,0,1,0,0
108,12.0,0,116,278,278,53,171,443,821,30,0,0,0.77,0.78,0,0,0,0,1,0,1
1,2.0,0,20,35,55,5,16,30,47,0,0,0,0.0,0.0,0,0,0,0,1,0,1
3,8.0,0,0,0,0,0,0,0,0,1,0,0,0.1,0.11,0,0,0,0,1,0,0
-8,8.0,0,9,9,9,20,20,20,20,1,0,0,0.42,0.36,8,0,0,0,1,0,1
1,2.0,0,1,2,4,0,1,2,2,1,0,0,0.83,0.86,0,0,0,0,1,0,0
5,8.0,0,0,0,0,1,1,3,3,0,0,0,0.78,0.74,0,0,0,0,1,0,0
2,12.0,0,20,40,40,4,8,20,22,0,0,20,0.78,0.78,0,0,0,0,1,0,1
102,2.0,0,0,0,0,12,40,89,108,2,0,0,0.4,0.65,0,0,0,0,1,0,0
78,2.0,0,0,0,0,1,1,1,1,0,0,0,0.44,0.69,0,1,0,0,1,0,0
0,12.0,0,15,30,30,6,23,30,41,1,0,0,0.44,0.38,1,0,0,0,1,0,0
11,12.0,0,81,98,108,4,14,38,67,10,0,0,0.82,0.79,0,0,0,1,1,0,1
324,8.0,225,1305,1905,2570,423,958,1221,1816,294,0,0,0.89,0.93,0,0,0,0,1,0,1
0,2.0,0,1017,1647,1819,0,0,0,0,86,0,426,0.79,0.66,0,1,0,0,1,0,1
38,2.0,0,0,0,0,0,0,0,0,0,0,0,1.0,1.0,0,0,0,0,1,0,0
0,8.0,0,5,5,7,0,2,3,6,1,0,0,0.0,0.0,0,0,0,0,1,0,1
2,12.0,0,1,1,2,0,0,1,2,0,0,0,0.77,0.73,0,0,0,0,1,0,0
11,2.0,0,0,0,0,0,0,1,1,2,0,0,0.88,0.9,0,1,0,0,1,0,0
5,4.0,3,2,2,2,5,6,6,6,1,0,0,0.22,0.11,0,1,0,0,1,0,1
0,4.0,0,6,9,10,0,0,0,0,0,0,0,0.89,0.9,0,1,0,0,1,0,1
0,12.0,0,1,1,1,0,0,0,0,0,0,0,0.78,0.78,0,1,0,1,1,0,1
99,4.0,12,32,64,96,23,61,119,170,22,0,0,0.68,0.66,0,0,0,0,1,0,0
21,4.0,0,0,0,0,70,80,90,130,0,0,0,0.77,0.8,0,0,0,0,1,0,1
10,2.0,6,2,5,5,0,0,0,0,2,0,0,0.37,0.42,0,0,0,0,1,0,1
0,2.0,0,1,1,1,2,2,2,2,0,0,0,0.99,0.96,0,1,0,0,1,0,1
510,8.0,153,855,1287,1503,149,454,955,1708,664,0,99,0.84,0.82,0,0,0,0,1,0,0
3,4.0,0,0,0,1,1,1,2,4,0,0,0,0.73,0.78,0,0,0,0,1,0,0
119,2.0,0,0,0,0,0,1,2,2,0,0,0,0.78,0.83,0,0,0,0,1,0,0
0,5.0,0,16,16,16,0,1,1,1,0,0,0,0.68,0.69,0,1,0,1,1,0,1
5,3.0,0,0,0,0,0,0,0,0,0,0,0,0.52,0.41,0,0,0,0,1,0,0
0,2.0,0,5,9,11,3,5,7,12,1,0,0,0.98,0.97,0,0,0,0,1,0,1
11,4.0,0,0,50,50,6,18,42,50,0,0,0,0.93,0.97,0,0,0,0,1,0,1
25,2.0,0,11,11,11,3,10,11,11,0,0,0,0.88,0.92,0,1,0,0,1,0,0
0,8.0,2,7,12,17,1,6,11,16,2,0,0,0.99,0.99,0,0,0,0,1,0,0
892,5.0,935,2412,5328,7884,742,2427,5377,7209,555,0,0,0.69,0.68,0,0,0,0,1,0,0
9,2.0,0,0,0,0,2,2,2,2,0,0,0,0.85,0.89,0,1,0,0,1,0,0
19,10.0,4,78,98,108,31,75,100,150,22,0,0,0.89,0.9,0,0,0,1,1,0,1
0,8.0,0,11,17,23,1,4,9,17,3,0,1,0.25,0.29,0,0,0,0,1,0,1
1,8.0,0,1,1,2,0,1,1,1,1,0,0,0.89,0.9,0,0,0,0,1,0,1
33,2.0,0,80,80,160,16,47,114,169,20,0,0,0.99,0.99,0,0,0,0,1,0,1
3,12.0,0,0,0,0,0,1,1,1,0,0,0,0.82,0.79,0,1,0,0,1,0,0
30,8.0,0,0,0,0,0,0,1,1,1,0,0,0.87,0.9,0,0,0,0,1,0,0
66,8.0,1,46,73,127,17,55,108,153,15,0,0,0.99,0.99,0,0,0,0,1,0,0
3,12.0,0,0,0,0,0,0,0,0,1,0,0,0.74,0.74,0,0,0,1,1,0,0
3,52.0,0,0,0,0,0,0,0,0,5,0,0,0.93,0.95,0,1,0,0,1,0,0
3,12.0,0,1,2,3,0,2,6,7,0,0,0,0.82,0.79,0,0,0,0,1,0,0
14,2.0,0,9,9,9,13,21,31,60,2,0,0,0.81,0.83,0,0,0,0,1,0,1
0,8.0,0,25,25,25,5,12,19,24,0,0,0,0.95,0.97,0,0,0,0,1,0,1
242,8.0,0,0,0,0,0,0,0,0,0,0,0,0.99,0.99,0,0,0,0,1,0,0
7,9.0,0,0,0,3,1,3,11,19,3,0,0,0.95,0.9,0,0,0,0,1,0,0
66,9.0,0,0,0,0,0,0,0,2,1,0,0,0.7,0.66,0,0,0,0,1,0,0
0,5.0,0,14,23,24,0,0,0,0,0,0,0,0.65,0.69,0,1,0,1,1,0,1
8,2.0,64,0,23,46,7,77,119,151,15,0,0,0.98,0.98,12,0,0,0,1,0,0
0,12.0,0,4,7,7,0,0,0,0,0,0,0,0.63,0.72,0,0,0,0,1,0,1
3019,2.0,0,0,0,0,0,8,20,26,3,0,0,0.79,0.87,0,0,0,0,1,0,0
3,12.0,0,0,0,0,0,0,0,0,0,0,0,0.63,0.72,0,0,0,0,1,0,0
0,2.0,0,11,11,11,0,0,0,0,0,0,0,0.25,0.25,0,1,0,0,0,0,1
11,2.0,0,0,0,0,0,0,0,0,0,0,0,0.17,0.33,0,1,0,0,1,0,0
1,8.0,0,1,3,7,1,6,9,14,2,0,0,0.99,0.97,0,0,0,0,1,0,1
1,8.0,0,0,0,0,0,0,0,0,1,0,0,0.96,0.97,0,0,0,1,1,0,0
8,4.0,0,0,0,0,0,0,0,0,0,0,0,0.73,0.78,0,0,0,0,1,0,0
-1,8.0,0,170,317,528,40,187,384,519,39,0,48,0.09,0.17,1,0,0,0,1,0,1
2,8.0,0,8,14,20,1,6,15,17,0,0,0,0.05,0.13,0,0,0,0,1,0,0
919,2.0,2225,1478,2900,3864,447,1572,2906,4366,458,0,0,0.92,0.87,0,0,0,1,1,0,0
0,8.0,0,3,5,6,1,4,4,5,0,0,0,0.86,0.88,0,0,0,0,1,0,1
0,8.0,0,0,0,0,0,0,0,0,0,0,0,0.97,0.95,0,0,0,0,1,0,0
0,8.0,0,20,28,44,9,28,53,66,3,0,0,0.79,0.89,0,0,0,0,1,0,1
6,2.0,0,82,112,142,23,35,46,54,0,0,0,0.99,0.98,0,1,0,0,1,0,0
0,2.0,0,102,134,134,0,0,0,0,0,0,0,0.94,0.81,0,1,0,0,1,0,1
13,2.0,0,11,22,33,2,12,24,35,0,0,0,0.68,0.68,0,0,0,0,1,0,1
6,9.0,0,12,12,24,5,11,21,35,0,0,0,0.69,0.68,0,0,0,0,1,0,1
-2,3.0,24,756,1242,1746,156,530,920,1264,148,0,54,0.41,0.46,4,0,0,1,1,0,1
4,8.0,0,0,0,0,0,0,0,0,0,0,0,0.7,0.8,0,0,0,0,1,0,1
2,10.0,0,0,2,3,0,2,2,2,0,0,0,0.89,0.9,0,0,0,0,1,0,1
0,2.0,0,0,0,0,0,0,0,0,0,0,0,0.99,0.96,0,0,0,0,1,0,0
0,8.0,0,43,43,65,8,23,58,82,5,0,0,0.18,0.31,0,0,0,0,1,0,1
35,9.0,40,60,120,200,31,73,145,200,47,0,0,0.99,0.99,0,0,0,0,1,0,0
13,4.0,0,0,0,0,0,0,0,0,0,0,0,0.73,0.78,0,0,0,0,1,0,0
211,8.0,112,396,660,858,76,237,486,756,89,0,0,0.97,0.94,0,0,0,0,1,0,0
94,9.0,0,0,0,0,0,1,2,2,2,0,0,0.68,0.66,0,0,0,1,1,0,0
6,2.0,0,0,12,12,0,0,0,0,1,0,0,0.96,0.93,0,1,0,0,1,0,0
1,8.0,0,29,29,41,9,19,33,40,0,0,15,0.75,0.74,0,0,0,0,1,0,1
2,3.0,0,6,10,18,2,7,16,20,1,0,0,0.43,0.46,0,0,0,0,1,0,1
154,8.0,1,0,0,167,17,58,105,187,36,0,0,0.99,0.97,0,0,0,1,1,0,0
9,9.0,6,0,7,14,0,7,12,16,0,0,0,0.91,0.77,0,0,0,0,1,0,0
3,2.0,0,2,3,3,0,0,0,0,0,0,0,0.23,0.26,0,1,0,1,1,0,1
19,10.0,7,62,134,194,17,62,143,208,18,0,0,0.98,0.92,0,0,0,0,1,0,0
2,12.0,0,10,16,22,3,12,21,42,0,0,0,0.99,0.99,0,0,0,0,1,0,1
1884,8.0,6,675,675,675,26,65,129,218,38,0,0,0.9,0.92,0,0,0,0,1,0,0
9,4.0,0,0,0,0,5,10,31,31,0,0,0,0.73,0.78,0,1,0,0,1,0,1
1,8.0,0,10,20,30,1,3,12,16,0,0,0,1.0,0.94,0,0,0,0,1,0,1
1122,8.0,0,0,0,0,0,0,0,5,0,0,0,1.0,0.99,0,0,0,0,1,0,0
3,2.0,0,0,0,0,1,1,1,1,0,0,0,0.99,0.99,0,1,0,0,1,0,0
7,12.0,0,10,24,31,5,11,22,35,0,0,0,0.64,0.69,0,0,0,0,1,0,1
1,12.0,0,4,5,12,1,5,13,17,0,0,0,0.08,0.12,0,0,0,0,1,0,1
2,8.0,0,34,52,70,9,24,44,69,2,0,0,1.0,0.99,0,0,0,0,1,0,1
20,9.0,0,0,0,0,0,0,0,0,0,0,0,0.91,0.77,0,1,0,0,1,0,0
0,2.0,0,4,7,9,0,0,0,0,1,0,0,0.48,0.48,0,1,0,0,1,0,0
2,2.0,0,0,0,0,0,4,6,6,0,0,0,0.99,0.99,0,0,0,0,1,0,1
31,8.0,1,1265,1745,2065,209,602,1323,2371,1308,0,48,0.57,0.48,13,0,0,0,1,0,1
10043,9.0,27,3840,7680,11520,1912,6192,11832,18297,1835,0,0,0.91,0.77,0,0,0,0,1,0,0
7,4.0,0,0,0,0,0,0,0,0,1,0,0,0.24,0.14,0,1,0,0,1,0,0
2,8.0,0,0,0,1,0,0,1,2,0,0,0,0.8,0.82,0,0,0,0,1,0,0
9,2.0,0,0,0,0,0,0,0,0,0,0,0,0.99,0.99,0,0,0,0,1,0,0
0,8.0,0,0,0,0,0,0,0,0,0,0,0,1.0,1.0,0,0,0,1,1,0,0
2,9.0,0,0,1,2,0,1,2,2,1,0,0,0.99,0.99,0,0,0,0,1,0,1
8,8.0,0,0,0,0,0,0,0,0,0,0,0,0.86,0.88,0,0,0,0,1,0,0
24,2.0,9,14,42,91,10,35,78,105,7,0,0,0.99,0.99,0,0,0,0,1,0,0
281,2.0,0,75,75,150,31,132,132,132,53,0,0,1.0,0.99,0,0,0,0,1,0,0
16,4.0,0,7,9,10,5,5,10,10,1,0,0,0.89,0.94,0,1,0,0,1,0,0
-18,8.0,0,30,34,38,4,14,23,38,6,0,0,0.46,0.45,18,0,0,0,1,0,1
1,12.0,0,0,0,0,0,0,0,0,0,0,0,0.73,0.76,0,0,0,0,1,0,0
2,9.0,0,4,14,30,5,9,27,35,0,0,0,0.99,0.98,0,0,0,0,1,0,1
5,8.0,0,20,29,47,8,25,48,63,2,0,0,0.77,0.74,0,0,0,0,1,0,1
2,12.0,0,0,0,0,1,1,2,3,0,0,0,0.75,0.7,0,0,0,0,1,0,1
17,6.0,0,0,0,0,0,0,0,0,1,0,0,0.78,0.78,0,0,0,0,1,0,0
7,8.0,0,0,0,2,0,3,3,6,0,0,0,0.98,0.99,0,0,0,0,1,0,0
1,12.0,0,10,10,10,1,1,3,5,0,0,0,0.0,0.0,0,0,0,0,1,0,1
3,4.0,0,0,0,1,1,6,8,8,1,0,0,0.77,0.8,0,0,0,1,1,0,0
3,8.0,0,0,0,0,0,6,13,23,0,0,0,0.89,0.88,0,0,0,0,1,0,1
4,8.0,0,0,0,0,0,0,0,1,2,0,0,0.99,0.99,0,0,0,0,1,0,0
1,8.0,0,1,2,2,0,1,1,2,1,0,0,0.71,0.75,0,0,0,0,1,0,0
6,2.0,0,9,9,9,0,0,0,0,0,0,0,0.71,0.85,0,1,0,0,1,0,0
0,8.0,0,10,10,10,0,2,2,2,1,0,0,0.77,0.78,0,0,0,0,1,0,1
16,2.0,0,0,0,0,13,44,84,109,2,0,0,0.97,0.94,0,0,0,0,1,0,0
50,2.0,0,0,0,0,0,10,10,10,0,0,0,0.83,0.66,0,0,0,0,1,0,0
0,12.0,0,9,14,19,3,8,13,15,2,0,0,0.63,0.72,0,0,0,1,1,0,1
2,8.0,0,64,98,132,14,41,68,109,0,0,0,0.98,0.98,0,0,0,0,1,0,1
-1,8.0,0,30,48,75,13,35,67,97,2,0,0,0.51,0.41,2,0,0,0,1,0,1
27,8.0,0,0,0,0,0,0,0,0,0,0,0,0.42,0.36,0,0,0,0,1,0,0
647,16.0,62,734,1484,1484,113,300,567,842,89,0,0,0.92,0.89,0,0,0,1,1,0,0
13,12.0,0,0,0,0,0,0,0,0,1,0,0,0.48,0.48,0,1,0,0,1,0,0
11,8.0,0,0,0,0,0,0,0,0,1,0,0,0.42,0.36,0,0,0,0,1,0,0
33,12.0,0,64,64,96,52,61,66,117,0,0,0,0.57,0.7,0,0,0,0,1,0,1
2,8.0,0,1,3,5,0,2,5,5,2,0,0,0.99,0.99,0,0,0,0,1,0,0
4,2.0,0,12,12,24,5,11,16,33,0,0,0,0.99,0.99,0,0,0,0,1,0,1
27,8.0,0,0,0,0,3,13,20,29,0,0,0,1.0,0.92,0,0,0,0,1,0,0
149,8.0,13,0,180,180,20,76,135,182,32,0,0,0.98,0.95,0,0,0,0,1,0,0
101,12.0,0,0,0,0,10,25,33,58,2,0,0,0.93,0.89,0,0,0,0,1,0,0
2,4.0,0,0,0,0,0,0,0,0,0,0,0,0.73,0.78,0,0,0,0,1,0,0
0,2.0,0,4,4,4,0,0,0,0,0,0,0,0.0,0.0,0,1,0,1,1,0,0
0,8.0,0,0,0,0,0,0,0,0,0,0,0,0.8,0.82,0,0,0,0,1,0,0
79,2.0,0,36,108,180,21,57,83,108,0,0,0,0.99,0.98,0,1,0,0,1,0,0
2,8.0,3,0,0,2,0,1,4,6,1,0,0,0.25,0.16,0,0,0,0,1,0,0
64,8.0,1,100,100,100,9,71,118,151,39,0,0,0.88,0.91,0,0,0,0,1,0,0
0,9.0,0,7,13,16,3,6,9,12,0,0,0,0.68,0.66,0,0,0,0,1,0,1
1,12.0,0,0,0,0,0,0,0,0,0,0,0,0.82,0.79,0,0,0,0,1,0,0
6,4.0,0,69,93,117,19,32,47,49,5,0,0,0.22,0.14,0,1,0,0,1,0,1
6,9.0,0,0,0,0,0,0,0,0,0,0,0,0.93,0.74,0,0,0,0,1,0,0
13,8.0,0,338,482,610,61,172,335,529,597,0,16,0.32,0.54,0,0,0,1,1,0,1
4,2.0,1,1,4,6,1,3,3,3,1,0,0,0.96,0.97,0,1,0,0,1,0,0
0,9.0,0,3,4,6,3,3,7,9,4,0,0,0.99,0.98,0,0,0,0,1,0,1
0,12.0,0,0,0,0,0,0,0,0,0,0,0,0.57,0.7,0,0,0,0,1,0,0
104,8.0,0,0,0,0,0,2,3,4,0,0,0,0.51,0.53,0,0,0,0,1,0,0
2,2.0,0,1,3,4,1,2,2,3,0,0,0,0.99,0.99,0,0,0,1,1,0,1
47,8.0,0,0,0,0,0,0,0,0,15,0,0,1.0,0.97,0,1,0,1,1,0,0
10,12.0,0,0,0,0,0,0,0,0,1,0,0,0.48,0.48,0,1,0,0,1,0,0
0,4.0,0,0,0,0,0,0,0,0,1,0,0,0.22,0.14,0,0,0,0,1,0,0
0,8.0,0,3,4,5,3,4,4,4,0,0,0,0.0,0.0,0,0,0,0,1,0,1
10,8.0,0,337,510,667,33,160,376,529,42,0,11,0.48,0.53,1,0,0,0,1,0,1
2,52.0,0,0,0,0,0,1,2,3,0,0,0,0.68,0.66,0,1,0,0,0,0,0
0,2.0,0,5,7,7,0,0,0,0,0,0,0,0.42,0.36,0,1,0,0,1,0,1
1,12.0,0,3,4,6,1,3,4,5,1,0,0,0.82,0.79,0,0,0,0,1,0,0
40,2.0,0,0,0,0,1,8,13,56,0,0,0,0.8,0.72,0,0,0,0,1,0,0
1,2.0,0,0,0,0,1,2,2,2,0,0,0,0.79,0.84,0,0,0,0,1,0,1
2,9.0,0,12,32,42,7,21,37,55,0,0,0,0.98,0.98,0,0,0,0,1,0,1
11,8.0,0,0,12,18,2,5,17,28,1,0,0,0.87,0.93,0,0,0,0,1,0,0
0,8.0,0,722,1079,1317,0,0,0,0,0,1,80,0.98,0.97,0,0,0,0,1,0,0
7,4.0,0,90,140,190,25,69,127,190,13,0,12,0.1,0.08,0,0,0,0,1,0,1
1,2.0,0,0,0,0,0,1,1,1,0,0,0,0.84,0.89,0,0,0,0,1,0,0
4,12.0,0,18,36,36,6,32,43,57,3,0,0,0.75,0.68,0,0,0,0,1,0,1
4,9.0,2,6,8,12,5,6,13,19,0,0,0,0.85,0.83,0,0,0,0,1,0,1
8,2.0,0,16,31,51,5,25,32,52,0,0,0,0.79,0.89,0,0,0,0,1,0,1
1,9.0,0,12,18,24,2,7,11,19,2,0,0,0.69,0.68,0,0,0,0,1,0,1
144,8.0,0,0,0,0,0,0,0,0,0,0,0,0.99,0.99,0,0,0,0,1,0,0
6,2.0,0,10,10,10,0,0,0,0,1,0,0,0.27,0.35,0,1,0,0,1,0,1
0,2.0,0,6,6,6,0,0,0,0,1,0,0,0.79,0.83,0,1,0,0,1,0,0
-4,8.0,0,20,20,20,2,39,41,46,1,0,0,0.49,0.54,4,0,0,0,1,0,1
0,8.0,0,2,3,4,1,1,3,3,0,0,0,0.15,0.34,0,0,0,0,1,0,1
0,2.0,0,10,10,10,0,0,0,0,0,0,0,0.84,0.48,0,0,0,1,1,0,1
7,8.0,0,7,14,21,5,12,22,33,7,0,0,0.99,0.96,0,0,0,0,1,0,1
44,52.0,0,0,0,0,2,13,19,29,4,0,0,0.97,0.95,0,1,0,1,1,0,0
1,9.0,0,0,0,0,0,0,0,0,0,0,0,0.68,0.66,0,0,0,0,1,0,0
0,8.0,0,2,3,4,1,2,2,2,0,0,0,0.8,0.82,0,0,0,0,1,0,1
15,2.0,0,300,492,684,48,166,313,505,46,0,36,0.84,0.86,7,0,0,0,1,0,1
3,2.0,0,5,8,14,3,5,9,15,2,0,0,1.0,0.99,0,0,0,0,1,0,1
11,8.0,0,0,0,0,0,8,13,20,4,0,0,0.99,0.94,0,1,0,0,1,0,0
0,2.0,0,11,17,19,0,0,0,0,0,0,0,0.5,0.32,0,0,0,0,1,0,1
1,8.0,0,2,4,5,0,1,2,4,2,0,0,0.78,0.76,0,0,0,0,1,0,1
7,4.0,0,41,57,81,12,27,38,69,0,0,0,0.73,0.78,0,0,0,0,1,0,1
0,12.0,0,4,4,4,0,0,0,0,0,0,0,0.63,0.72,0,0,0,0,1,0,1
2,8.0,0,0,0,0,0,0,0,1,0,0,0,0.78,0.82,0,0,0,0,1,0,0
1,4.0,0,6,11,15,6,13,15,15,0,0,0,0.69,0.68,0,1,0,0,1,0,1
127,8.0,40,120,280,470,75,229,422,653,60,0,0,0.82,0.87,0,0,0,0,1,0,0
0,8.0,0,0,0,0,0,0,0,0,0,0,0,0.96,0.96,0,0,0,0,1,0,0
343,8.0,0,35,35,113,41,133,257,396,78,0,0,0.91,0.75,0,0,0,0,1,0,0
8,8.0,0,0,0,0,0,0,0,0,1,0,0,1.0,0.94,0,0,0,0,1,0,0
3,8.0,0,10,10,10,1,6,7,7,1,0,0,1.0,0.94,0,0,0,0,1,0,1
9,8.0,9,79,124,151,20,56,116,192,24,0,0,0.3,0.26,0,0,0,0,1,0,1
3,8.0,0,15,15,15,0,4,7,9,0,0,0,0.89,0.88,0,0,0,1,1,0,0
1,8.0,0,2,3,4,0,1,1,3,0,0,0,0.14,0.14,0,0,0,1,1,0,1
2,2.0,0,1,3,5,0,0,3,4,0,0,0,1.0,1.0,0,0,0,0,1,0,1
335,8.0,79,1000,1000,2000,115,343,730,1233,117,0,0,1.0,1.0,0,0,0,0,1,0,0
0,8.0,0,2,2,2,0,0,1,2,1,0,0,0.71,0.75,0,0,0,0,1,0,1
9,2.0,0,120,160,245,26,78,159,188,13,0,0,0.62,0.62,0,0,0,1,1,0,1
18,8.0,0,15,15,30,4,10,12,18,0,0,0,0.43,0.46,0,0,0,1,1,0,0
11,4.0,0,0,0,0,1,1,1,1,0,0,0,0.73,0.78,0,0,0,0,1,0,0
204,8.0,5,540,540,540,14,168,442,571,125,0,180,0.55,0.44,0,0,0,0,1,0,0
5,8.0,0,0,4,4,4,4,11,12,2,0,0,0.91,0.74,0,0,0,0,1,0,1
1,8.0,0,8,14,21,6,13,16,23,1,0,0,0.99,0.99,0,0,0,0,1,0,1
15,8.0,0,40,80,120,13,30,70,127,33,0,0,0.81,0.8,0,0,0,0,1,0,1
98,12.0,0,0,0,0,0,0,0,0,0,0,0,0.96,0.86,0,0,0,0,1,0,0
0,2.0,0,72,108,108,0,0,0,0,4,0,0,0.67,0.55,0,1,0,0,0,0,1
9,2.0,0,0,0,0,1,1,3,3,0,0,0,0.32,0.27,0,0,0,0,1,0,0
0,13.0,0,6,9,12,3,5,6,8,0,0,2,0.82,0.81,0,0,0,0,1,0,1
12150,8.0,0,0,0,0,50,275,625,650,260,0,0,-99.0,-99.0,0,0,0,0,1,0,0
19,2.0,0,0,0,4,0,2,9,38,0,0,0,1.0,0.92,0,0,0,0,1,0,0
738,8.0,0,0,0,0,1,2,7,13,1,0,0,0.96,0.98,0,0,0,0,1,0,0
76,8.0,1,40,120,160,29,78,127,230,32,0,0,0.94,0.94,0,0,0,0,1,0,0
7,8.0,1,94,160,226,148,274,475,697,26,0,0,0.98,0.97,0,0,0,0,1,0,1
0,12.0,0,6,8,11,0,3,6,6,0,0,0,0.82,0.79,0,0,0,1,1,0,1
28,12.0,0,0,0,0,0,1,1,1,1,0,0,0.98,0.96,0,1,0,0,1,0,0
25,8.0,0,0,0,0,0,2,2,3,0,0,0,0.99,0.99,0,0,0,0,1,0,0
0,2.0,0,9,14,14,0,0,0,0,1,0,0,0.07,0.07,0,0,0,1,1,0,1
24,2.0,5,28,56,84,15,31,63,110,14,0,0,0.99,0.99,0,0,0,0,1,0,0
-89,8.0,0,1240,2032,3400,310,1134,2219,2961,213,0,0,0.68,0.69,93,0,0,0,1,0,1
3,12.0,0,30,48,84,7,27,34,51,0,0,0,0.73,0.76,0,0,0,0,1,0,1
4,8.0,0,10,20,20,2,5,12,18,1,0,0,1.0,0.88,0,0,0,1,1,0,1
2,8.0,0,258,451,663,41,180,317,418,0,0,3,0.37,0.43,0,0,0,0,1,0,1
9,8.0,0,10,20,20,2,7,21,26,4,0,0,0.97,0.98,0,0,0,0,1,0,0
7,2.0,0,0,0,0,0,1,3,4,0,0,0,0.88,0.66,0,1,0,0,1,0,0
0,12.0,0,500,500,500,0,31,39,60,0,0,0,0.94,0.87,0,0,0,0,1,0,1
13,8.0,0,0,0,0,0,1,1,1,2,0,0,0.93,0.94,0,1,0,0,1,0,0
0,2.0,0,5,8,9,0,0,1,1,0,0,0,0.63,0.72,0,1,0,0,1,0,1
1,8.0,0,2,2,2,0,0,1,2,0,0,0,0.14,0.32,0,0,0,0,1,0,1
2,9.0,0,0,0,0,0,0,0,0,1,0,0,0.69,0.68,0,0,0,0,1,0,0
5,8.0,0,10,10,10,4,6,18,24,1,0,0,0.97,0.9,0,0,0,0,1,0,1
1,2.0,0,10,10,10,1,1,1,1,0,0,0,1.0,0.99,0,0,0,0,1,0,1
0,8.0,0,1,1,1,2,2,4,6,1,0,0,0.98,0.99,0,0,0,0,1,0,1
0,2.0,0,20,20,20,0,0,0,0,0,0,0,0.0,0.0,0,0,0,0,1,0,1
6,8.0,0,0,0,0,0,0,0,0,0,0,0,0.13,0.09,0,0,0,0,1,0,0
0,9.0,0,5,5,5,0,0,0,0,0,0,0,0.7,0.66,0,1,0,0,1,0,0
1,2.0,0,21,37,45,8,22,24,24,1,0,0,0.78,0.74,0,1,0,0,1,0,0
0,2.0,0,3,3,3,0,0,0,0,0,0,3,0.56,0.56,0,1,0,0,1,0,1
3,8.0,0,8,14,20,7,14,23,39,1,0,0,0.79,0.78,0,0,0,0,1,0,1
2,8.0,2,2,5,8,1,3,6,9,3,0,0,0.72,0.72,0,0,0,1,1,0,0
0,2.0,0,100,100,100,0,0,0,0,2,0,0,0.27,0.12,0,1,0,1,1,0,1
382,8.0,93,142,394,502,66,273,574,850,92,0,0,0.93,0.92,0,0,0,0,1,0,0
553,8.0,132,416,728,988,146,389,728,1145,198,0,0,0.76,0.82,0,0,0,0,1,0,0
3,8.0,0,0,0,0,0,0,0,0,0,0,0,0.92,0.94,0,1,0,0,1,0,0
1,8.0,0,2,2,3,0,2,2,4,1,0,0,0.97,0.93,0,0,0,0,1,0,1
2,9.0,0,0,0,0,0,0,0,0,0,0,0,0.68,0.66,0,0,0,0,1,0,0
0,2.0,4,0,6,6,0,0,0,0,0,0,0,0.91,0.89,0,1,0,0,1,0,1
19,8.0,0,0,0,0,0,0,0,0,0,0,0,0.79,0.66,0,0,0,0,1,0,0
11,2.0,0,0,0,6,4,9,14,17,0,0,0,0.38,0.4,0,1,0,0,1,0,0
10,2.0,0,0,12,12,2,2,2,2,1,0,0,0.96,0.95,0,1,0,0,1,0,1
0,12.0,0,2,3,5,1,5,7,10,0,0,0,0.73,0.76,0,0,0,0,1,0,1
2,10.0,0,12,17,22,1,8,11,14,0,0,0,0.89,0.9,0,0,0,0,1,0,1
119,8.0,2,0,0,100,3,25,50,85,26,0,0,1.0,1.0,0,0,0,0,1,0,0
29,14.0,0,0,0,0,3,3,8,10,0,0,0,0.99,0.82,0,1,0,0,1,0,0
0,8.0,0,4,7,9,1,2,4,4,0,0,0,0.42,0.36,0,1,0,0,1,0,1
399,12.0,0,0,0,0,0,0,1,1,2,0,0,0.76,0.82,0,1,0,0,1,0,0
0,2.0,0,6,6,6,0,0,0,0,1,0,0,0.88,0.66,0,1,0,0,1,0,1
2,9.0,0,0,0,0,0,0,0,0,1,0,0,0.54,0.47,0,0,0,0,1,0,0
10,4.0,0,0,0,0,0,0,0,0,0,0,0,0.77,0.8,0,1,0,0,1,0,0
4,8.0,0,0,0,0,0,0,0,0,1,0,0,0.81,0.83,0,0,0,0,1,0,0
4,12.0,0,0,0,0,0,0,0,0,0,0,0,0.73,0.69,0,0,0,0,1,0,0
1019,8.0,0,0,0,0,0,2,2,4,0,0,0,0.29,0.62,0,0,0,0,1,0,0
27,8.0,0,0,17,34,2,11,29,45,0,0,0,0.48,0.39,0,0,0,0,1,0,0
0,12.0,0,4,6,7,1,3,4,6,0,0,0,0.74,0.74,0,0,0,0,1,0,0
519,8.0,7,0,0,0,4,9,13,22,3,0,0,0.97,0.8,0,0,0,0,1,0,0
36,2.0,5,72,128,192,24,81,171,227,22,0,0,0.63,0.63,0,0,0,0,1,0,0
4,12.0,0,12,22,32,7,14,23,50,0,0,0,1.0,1.0,0,0,0,0,1,0,1
23,12.0,0,62,102,142,45,79,188,244,37,0,0,0.73,0.76,0,0,0,1,1,0,1
5,2.0,9,27,54,72,15,32,52,77,7,0,0,1.0,0.94,0,0,0,0,1,0,1
20,2.0,0,0,0,0,0,0,2,2,0,0,0,0.78,0.74,0,1,0,1,1,0,0
6,2.0,0,0,0,0,0,0,0,0,0,0,0,0.99,0.99,0,1,0,0,1,0,0
49,4.0,0,0,0,0,4,21,22,23,0,0,0,0.73,0.78,0,0,0,0,1,0,0
0,8.0,0,87,135,183,14,36,85,142,13,0,5,0.76,0.84,1,0,0,0,1,0,1
544,8.0,147,324,864,1350,162,569,1215,1749,173,0,0,0.95,0.96,0,0,0,0,1,0,0
19,8.0,0,0,0,0,2,2,8,13,2,0,0,0.92,0.97,0,0,0,0,1,0,0
0,8.0,0,9,13,17,6,13,18,26,0,0,0,0.68,0.49,0,0,0,0,1,0,1
36,8.0,1,69,107,145,8,40,77,129,24,0,0,1.0,1.0,0,0,0,0,1,0,0
1,8.0,0,4,8,10,3,7,10,11,1,0,0,1.0,1.0,0,0,0,0,1,0,1
45,4.0,0,167,287,407,27,38,38,38,36,0,0,0.57,0.69,0,1,0,0,1,0,1
3,2.0,0,0,0,0,0,0,0,0,0,0,0,0.35,0.37,0,1,0,1,1,0,0
21334,12.0,1483,10368,10368,17280,3372,13171,26362,42007,3214,0,0,0.91,0.95,0,0,0,0,1,0,0
4,8.0,0,10,24,31,5,16,21,39,0,0,0,0.64,0.64,0,0,0,0,1,0,1
3,2.0,0,0,0,0,0,0,0,0,0,0,0,0.99,0.96,0,1,0,0,1,0,0
12,2.0,0,0,0,0,0,0,0,0,0,0,0,0.53,0.54,0,1,0,0,1,0,0
66,2.0,0,144,288,480,30,89,95,102,16,0,0,0.98,0.98,0,1,0,0,1,0,0
2,2.0,0,0,0,0,0,0,0,0,0,0,0,0.99,0.99,0,0,0,0,1,0,0
11,8.0,0,33,57,87,16,37,53,54,0,0,0,0.78,0.76,0,0,0,0,1,0,1
157,8.0,0,0,0,0,9,22,79,96,0,0,0,1.0,1.0,0,0,0,0,1,0,1
2,4.0,2,0,4,8,1,5,10,14,0,0,0,0.82,0.79,0,1,0,0,1,0,1
78,8.0,0,0,0,0,2,7,15,18,0,0,0,1.0,0.96,0,0,0,0,1,0,0
76,8.0,0,0,0,0,2,2,5,9,0,0,0,0.89,0.54,0,0,0,0,1,0,0
11,2.0,0,0,0,0,0,0,0,0,1,0,0,0.78,0.78,0,0,0,1,1,0,0
1,8.0,0,0,0,0,0,0,0,0,0,0,0,0.95,0.97,0,0,0,0,1,0,0
11,2.0,0,12,24,36,7,16,32,42,0,0,0,0.82,0.75,0,0,0,0,1,0,1
6,8.0,0,0,0,0,0,0,0,0,1,0,0,0.43,0.46,0,1,0,0,1,0,0
3,8.0,0,1,3,5,3,6,8,13,0,0,0,0.99,0.82,0,0,0,0,1,0,0
21,9.0,0,0,0,7,2,3,17,19,0,0,0,0.99,0.98,0,0,0,0,1,0,0
1,3.0,0,1,2,3,1,2,2,2,0,0,0,0.89,0.9,0,0,0,0,1,0,1
-1,8.0,0,16,20,28,13,18,25,25,0,0,0,0.62,0.62,2,0,0,1,1,0,1
-1,2.0,0,4,5,6,7,7,11,11,2,0,0,0.0,0.0,1,0,0,0,1,0,1
14,8.0,0,14,28,42,4,13,22,36,2,0,0,0.95,0.96,0,0,0,0,1,0,1
0,8.0,0,2,5,8,2,3,9,14,0,0,0,0.99,0.98,0,0,0,0,1,0,1
0,2.0,0,3,3,3,0,0,0,0,0,0,0,0.42,0.36,0,1,0,1,1,0,1
29,2.0,0,0,0,0,0,0,0,0,0,0,0,0.68,0.64,0,0,0,0,1,0,0
65,2.0,15,0,15,36,17,80,148,185,14,0,0,0.83,0.66,0,0,0,0,1,0,0
3,8.0,0,38,80,122,8,42,79,99,0,0,0,0.12,0.1,0,0,0,0,1,0,1
24,0.0,0,15,39,63,6,39,58,82,2,0,0,0.0,0.0,0,0,0,1,0,0,0
15,8.0,0,0,0,0,0,0,0,0,0,0,0,1.0,0.99,0,0,0,0,1,0,0
2,8.0,1,2,5,7,2,3,6,9,0,0,0,0.98,0.95,0,0,0,0,1,0,0
0,12.0,0,100,136,208,20,58,99,130,11,0,0,0.96,0.86,0,0,0,0,1,0,1
16,4.0,0,0,0,0,0,0,0,0,0,0,0,0.73,0.78,0,0,0,0,1,0,0
19,8.0,0,0,0,0,0,0,0,0,1,0,0,0.99,0.99,0,0,0,0,1,0,0
6,8.0,0,0,0,0,0,0,0,4,0,0,0,0.95,0.95,0,0,0,0,1,0,0
10,12.0,0,0,0,0,0,0,0,0,1,0,0,0.58,0.58,0,1,0,0,1,0,0
0,2.0,0,130,130,130,0,0,1,1,0,0,0,0.99,0.86,0,1,0,0,0,0,1
3,4.0,0,30,30,30,0,5,16,37,3,0,0,0.98,0.98,0,0,0,0,1,0,1
138,8.0,17,171,339,507,82,200,383,583,48,0,0,0.79,0.87,0,0,0,0,1,0,0
1,8.0,0,16,22,28,6,12,20,31,1,0,3,0.42,0.41,0,0,0,0,1,0,1
182,12.0,5,80,240,480,27,103,391,591,28,0,0,0.09,0.13,0,0,0,0,1,0,0
6,8.0,0,0,0,0,0,1,4,6,2,0,0,0.94,0.97,0,1,0,0,1,0,0
68,8.0,60,699,1035,1323,170,473,879,1309,212,0,48,0.61,0.57,6,0,0,1,1,0,1
6,12.0,0,24,48,88,4,22,47,74,9,0,0,0.69,0.69,0,0,0,0,1,0,1
228,9.0,0,0,0,0,0,1,1,7,2,0,0,0.94,0.79,0,0,0,0,1,0,0
23,2.0,0,0,0,14,10,21,28,28,0,0,0,0.99,0.94,0,1,0,0,1,0,1
3,8.0,0,20,20,20,2,4,7,7,0,0,0,1.0,0.99,0,0,0,0,1,0,1
10,8.0,0,0,0,0,2,10,19,28,12,0,0,0.95,0.96,0,1,0,0,1,0,0
12,10.0,0,0,6,12,0,2,9,13,0,0,0,0.89,0.9,0,0,0,0,1,0,1
386,8.0,95,603,1035,1395,133,340,786,1311,388,0,0,1.0,0.99,0,0,0,0,1,0,0
0,2.0,0,5,8,9,0,0,0,0,0,0,3,0.42,0.36,0,1,0,1,1,0,1
274,8.0,198,258,618,834,82,315,626,968,135,0,0,0.99,0.99,0,0,0,1,1,0,0
15,8.0,0,0,0,0,0,2,9,22,0,0,0,1.0,1.0,0,0,0,0,1,0,1
3,9.0,0,0,0,0,0,0,0,0,0,0,0,0.7,0.66,0,1,0,0,1,0,0
0,8.0,16,5,17,30,0,0,0,0,0,0,0,0.82,0.78,0,0,0,0,1,0,0
9,6.0,0,0,0,0,0,0,0,1,1,0,0,0.78,0.78,0,0,0,0,1,0,0
30,4.0,0,0,0,0,0,0,0,4,0,0,0,0.86,0.89,0,1,0,0,1,0,0
0,4.0,0,0,0,0,0,1,2,3,0,0,0,0.73,0.76,0,0,0,0,1,0,1
41,2.0,0,42,72,132,6,16,21,24,0,0,0,0.31,0.34,0,1,0,0,1,0,1
133,8.0,0,0,0,0,3,16,37,58,6,0,0,0.99,0.99,0,0,0,1,1,0,0
11,8.0,0,0,0,0,0,0,0,0,2,0,0,0.93,0.93,0,1,0,0,1,0,0
27,4.0,6,16,34,52,3,19,36,73,0,0,0,0.73,0.78,0,0,0,0,1,0,0
81,3.0,0,24,96,180,1,13,32,40,27,0,0,0.41,0.46,0,1,0,0,1,0,0
11,2.0,0,0,0,0,0,0,0,0,0,0,0,0.0,0.5,0,1,0,0,1,0,1
27,12.0,0,0,0,0,1,1,1,10,2,0,0,0.74,0.74,0,1,0,0,1,0,0
0,2.0,0,250,250,250,0,0,0,0,3,0,0,0.92,0.95,0,0,0,1,1,0,1
13,4.0,0,0,50,50,8,17,42,48,0,0,0,1.0,0.99,0,0,0,0,1,0,1
41,12.0,0,22,55,66,4,14,50,86,12,0,11,0.37,0.34,0,0,0,0,1,0,0
8,8.0,0,10,17,31,0,12,20,35,0,0,0,0.6,0.6,0,0,0,0,1,0,1
-2,12.0,0,32,50,70,3,19,28,42,0,0,0,0.9,0.87,2,0,0,1,1,0,1
44,9.0,0,0,0,0,0,0,0,0,0,0,0,0.85,0.82,0,0,0,0,1,0,0
3,2.0,0,40,60,80,8,20,48,65,5,0,20,0.0,0.0,0,0,0,0,1,0,1
342,2.0,85,435,870,1392,142,493,943,1341,132,0,0,0.97,0.91,0,0,0,0,1,0,0
71,8.0,0,0,0,0,0,2,2,4,1,0,0,0.37,0.52,0,0,0,0,1,0,0
153,8.0,0,0,0,0,0,0,0,0,1,0,0,0.98,0.98,0,0,0,0,1,0,0
7,8.0,0,0,4,8,2,6,8,8,0,0,0,1.0,0.99,0,0,0,0,1,0,0
14,8.0,64,448,640,832,118,324,442,623,168,0,64,0.84,0.77,5,0,0,0,1,0,1
165,4.0,100,94,239,349,32,125,258,394,33,0,0,0.77,0.8,0,0,0,0,1,0,0
3870,4.0,0,2800,2800,5600,440,1344,2814,4724,630,0,0,0.98,0.96,0,0,0,0,1,0,0
1577,6.0,660,1476,3636,6240,603,2454,4639,6696,391,0,0,0.71,0.45,0,0,0,0,1,0,0
0,8.0,8,6,14,21,0,0,0,0,0,0,0,0.95,0.79,0,0,0,0,1,0,1
78,8.0,0,106,229,325,40,145,313,421,59,0,0,0.75,0.68,0,0,0,0,1,0,0
925,16.0,379,1395,4075,5955,362,1532,3633,5623,297,0,0,0.92,0.91,0,0,0,0,1,0,0
2,8.0,0,0,0,0,0,0,0,0,0,0,0,0.95,0.79,0,1,0,0,1,0,0
18060,4.0,26437,43400,124600,176400,12965,29636,67315,101253,5305,0,0,0.97,0.96,0,0,0,0,1,0,0
208,17.0,1,0,0,0,6,39,73,117,70,0,0,0.82,0.84,0,0,0,0,1,0,0
8,9.0,0,0,0,0,2,2,4,6,1,0,0,0.7,0.66,0,0,0,0,1,0,0
2,8.0,0,3,5,7,1,3,5,5,1,0,0,0.99,0.99,0,0,0,0,1,0,1
5,8.0,1,36,60,72,9,23,56,80,4,0,0,0.5,0.35,0,0,0,0,1,0,1
11,2.0,0,0,0,0,0,2,4,6,1,0,0,0.81,0.83,0,0,0,0,1,0,0
2,8.0,0,20,30,30,5,8,14,30,1,0,0,1.0,0.92,0,0,0,0,1,0,1
133,2.0,69,155,407,623,57,211,590,791,101,0,0,0.76,0.88,0,0,0,0,1,0,0
113,2.0,0,368,644,858,85,280,513,811,147,0,0,0.95,0.98,0,0,0,0,1,0,1
5,9.0,0,0,0,0,0,0,0,0,2,0,0,0.91,0.77,0,1,0,0,1,0,0
475,8.0,0,0,0,0,0,0,0,2,0,0,0,0.82,0.79,0,0,0,0,1,0,0
4,2.0,0,0,0,0,0,0,0,0,0,0,0,0.56,0.56,0,1,0,0,1,0,0
228,8.0,4,0,0,480,18,66,141,211,31,0,0,0.98,0.98,0,0,0,0,1,0,0
6,8.0,7,14,29,44,14,26,50,66,4,0,0,0.51,0.41,0,0,0,0,1,0,1
1,8.0,0,5,8,12,3,4,4,4,0,0,0,1.0,0.99,0,0,0,0,1,0,1
5,12.0,0,0,0,0,0,0,0,0,0,0,0,0.78,0.78,0,0,0,0,1,0,0
17,52.0,0,0,0,0,0,0,2,3,0,0,0,0.93,0.69,0,1,0,0,0,0,0
3,4.0,0,6,12,17,1,2,2,2,1,0,0,0.73,0.79,0,1,0,0,1,0,1
0,2.0,0,17,17,27,0,0,0,0,0,0,0,0.77,0.81,0,1,0,0,1,0,1
2,8.0,0,0,0,0,0,0,0,0,0,0,0,0.8,0.83,0,0,0,0,1,0,0
1,8.0,0,5,8,11,0,4,9,10,2,0,0,0.0,0.43,0,0,0,0,1,0,1
1,12.0,0,5,6,6,4,5,5,5,0,0,0,0.78,0.78,0,0,0,0,1,0,1
37,8.0,0,0,0,0,0,0,0,1,0,0,0,0.73,0.69,0,0,0,1,1,0,0
238,8.0,18,20,140,260,49,181,358,549,30,0,0,0.74,0.74,0,0,0,0,0,0,0
10,14.0,0,9,9,17,1,4,11,18,4,0,0,0.89,0.9,0,0,0,0,1,0,0
1,2.0,0,1,2,3,1,2,2,2,0,0,0,0.81,0.82,0,0,0,0,1,0,1
0,8.0,1,7,12,18,1,5,5,5,0,0,0,1.0,0.99,0,0,0,0,1,0,1
14,8.0,0,0,0,0,2,2,3,6,2,0,0,0.95,0.97,0,0,0,0,1,0,0
290,8.0,60,300,540,840,107,309,591,928,133,0,0,1.0,0.99,0,0,0,0,1,0,0
0,8.0,8,5,13,20,0,0,0,0,0,0,0,0.85,0.78,0,0,0,0,1,0,1
5,8.0,1,1,2,3,0,1,8,9,2,0,0,0.93,0.83,0,1,0,0,1,0,0
10,12.0,0,0,0,0,0,0,0,0,1,0,0,0.63,0.63,0,1,0,0,1,0,0
4955,52.0,0,0,0,0,0,5,6,22,0,0,0,0.96,0.86,0,1,0,0,0,0,0
4,2.0,0,20,30,40,2,11,30,37,0,0,0,1.0,1.0,0,0,0,0,1,0,0
13,11.0,0,27,81,108,10,37,73,117,13,0,0,0.85,0.76,0,0,0,0,1,0,1
9,8.0,0,0,0,0,0,1,2,3,0,0,0,0.94,0.94,0,0,0,1,1,0,0
0,2.0,0,7,7,12,0,1,1,1,0,0,2,0.8,0.82,0,0,0,1,1,0,1
7,2.0,0,9,24,42,7,16,28,32,3,0,0,0.37,0.42,0,0,0,0,1,0,1
1,12.0,0,3,4,5,0,1,3,4,0,0,0,0.57,0.7,0,0,0,0,1,0,1
5,8.0,0,30,45,60,6,15,23,41,4,0,0,0.95,0.97,0,0,0,0,1,0,1
20,2.0,0,0,0,0,0,0,0,0,1,0,0,0.99,0.99,0,0,0,0,1,0,0
11,4.0,0,0,0,0,0,0,0,1,1,0,0,0.82,0.79,0,1,0,0,1,0,0
0,8.0,0,40,60,80,11,33,44,67,0,0,0,0.98,0.99,0,0,0,0,1,0,1
4,2.0,0,0,7,7,0,0,0,0,0,0,0,0.33,0.2,0,0,0,0,1,0,0
22,4.0,0,0,0,0,0,0,2,2,1,0,0,0.73,0.78,0,1,0,0,1,0,0
256,4.0,18,264,476,741,66,224,428,731,62,0,0,0.79,0.67,0,0,0,0,1,0,0
0,8.0,0,15,24,24,1,3,12,18,2,0,1,0.35,0.37,0,0,0,0,1,0,1
4,4.0,0,1,3,3,0,0,0,0,0,0,0,0.69,0.68,0,1,0,0,1,0,0
2,10.0,0,4,8,12,5,9,12,14,0,0,0,0.89,0.9,0,0,0,0,1,0,1
14,2.0,0,86,146,206,10,58,108,168,28,0,2,0.66,0.69,0,0,0,0,1,0,1
3,2.0,0,3,3,3,0,0,0,0,0,0,0,0.86,0.81,0,0,0,0,1,0,0
19,2.0,0,0,6,12,5,15,31,45,0,0,0,0.58,0.51,0,0,0,0,1,0,1
33,9.0,0,0,0,0,0,0,0,0,0,0,0,0.99,0.99,0,0,0,0,1,0,0
0,12.0,0,23,23,23,0,10,12,14,0,0,0,0.73,0.76,0,1,0,0,1,0,1
25,2.0,0,0,0,0,0,1,5,6,0,0,0,0.77,0.81,0,0,0,1,1,0,0
1,8.0,0,8,12,16,3,7,12,19,0,0,0,0.99,0.98,0,0,0,0,1,0,1
4,8.0,0,15,30,45,5,12,27,38,0,0,0,0.97,0.98,0,0,0,0,1,0,1
40,13.0,0,0,0,0,0,0,1,2,1,0,0,0.61,0.73,0,0,0,0,1,0,0
21,8.0,0,48,72,120,23,52,84,120,0,0,0,0.97,0.95,0,0,0,0,1,0,1
6,12.0,0,0,8,12,3,7,24,36,0,0,0,0.96,0.88,0,0,0,0,1,0,1
5,2.0,0,9,9,9,1,3,8,11,0,0,0,-99.0,0.0,0,0,0,0,1,0,1
0,2.0,0,5,7,7,0,0,0,0,0,0,0,0.53,0.54,0,1,0,0,1,0,1
2,8.0,0,38,55,89,12,41,75,98,1,0,0,0.99,0.99,0,0,0,1,1,0,1
4,8.0,0,16,28,34,0,6,9,17,0,0,2,0.78,0.75,0,0,0,0,1,0,0
-3,12.0,0,3,3,3,0,4,4,4,0,0,0,0.63,0.72,3,0,0,0,1,0,1
23,0.0,0,374,549,549,27,92,166,242,37,0,0,0.0,0.0,1,0,0,1,1,0,1
5,8.0,0,10,10,10,2,6,9,20,2,0,0,0.97,0.98,0,0,0,0,1,0,0
0,4.0,0,4,12,16,4,8,18,22,0,0,0,0.96,0.85,0,0,0,1,1,0,1
925,12.0,0,0,0,0,5,45,45,50,5,0,0,0.96,0.88,0,0,0,0,1,0,0
74,8.0,0,325,595,829,79,315,611,902,95,0,0,0.82,0.75,0,0,0,0,1,0,1
350,4.0,82,174,364,504,285,793,1589,2312,83,0,0,0.73,0.78,0,0,0,0,1,0,0
429,2.0,59,750,1425,1925,180,582,1144,1958,171,0,0,1.0,0.99,0,0,0,0,1,0,0
2472,2.0,843,4060,7980,12040,1360,4207,7442,7458,674,0,0,0.81,0.83,0,0,0,0,1,0,0
2310,8.0,0,0,0,0,0,0,32,42,4,0,0,0.99,0.91,0,0,0,0,1,0,0
4,2.0,0,3,4,4,0,3,5,7,0,0,0,0.15,0.17,0,1,0,1,0,0,1
8,8.0,0,12,36,54,7,17,45,74,10,0,0,0.64,0.64,0,0,0,0,1,0,1
0,8.0,0,2,3,4,1,3,3,3,0,0,0,0.96,0.82,0,0,0,0,1,0,1
1,2.0,36,0,0,0,0,0,0,0,0,0,0,0.94,0.81,0,0,0,0,1,0,0
-8,8.0,0,9,9,9,20,20,20,20,1,0,0,0.42,0.36,8,0,0,0,1,0,1
5,4.0,0,0,0,0,0,0,0,0,0,0,0,0.73,0.78,0,0,0,0,1,0,0
29,8.0,0,86,141,207,10,35,98,159,20,0,0,0.04,0.04,0,0,0,0,1,0,0
11,2.0,0,0,0,0,4,14,20,20,0,0,0,0.97,0.94,0,1,0,0,1,0,1
7,4.0,0,0,0,0,0,0,0,0,0,0,0,0.77,0.8,0,0,0,0,1,0,0
-1,9.0,0,37,59,84,5,28,59,81,22,0,3,0.52,0.41,2,1,0,1,1,0,1
2,9.0,0,0,0,0,0,0,0,0,0,0,0,0.69,0.68,0,0,0,0,1,0,0
21,4.0,0,0,0,0,0,0,0,0,0,0,0,0.73,0.78,0,1,0,0,1,0,0
0,8.0,0,20544,31968,41760,0,0,0,0,2164,0,0,0.91,0.91,0,0,0,1,1,0,1
2,8.0,0,100,100,100,7,18,36,56,5,0,0,0.84,0.89,0,0,0,0,1,0,1
3,8.0,0,0,1,2,0,0,2,2,0,0,0,0.78,0.86,0,0,0,0,1,0,1
1,8.0,0,7,7,21,7,18,29,31,0,0,0,0.95,0.97,0,0,0,0,1,0,1
356,9.0,74,810,1470,2020,197,651,1231,1929,223,0,0,1.0,0.99,0,0,0,0,1,0,0
9,9.0,0,6,11,16,3,8,13,15,0,0,0,0.85,0.82,0,0,0,0,1,0,0
7,8.0,0,19,30,30,3,7,15,30,0,0,0,1.0,0.99,0,0,0,0,1,0,1
489,2.0,135,920,1676,2642,272,815,1549,2252,220,0,0,0.96,0.95,0,0,0,0,1,0,0
22,12.0,0,0,0,0,0,0,0,0,0,0,0,0.77,0.73,0,0,0,0,1,0,0
0,2.0,0,11,11,11,0,0,0,0,0,0,0,0.12,0.12,0,1,0,0,1,0,1
-1,12.0,0,11,11,11,3,11,13,18,0,0,0,0.87,0.68,2,0,0,0,1,0,1
5,8.0,0,3,3,9,3,7,10,17,2,0,0,0.48,0.57,0,0,0,1,1,0,1
7,8.0,0,0,0,0,0,0,0,0,0,0,0,0.87,0.9,0,0,0,0,1,0,0
582,4.0,0,3600,5328,8208,606,2209,4477,6301,426,0,144,0.7,0.64,0,0,0,0,0,0,0
0,12.0,0,25,27,39,0,8,15,16,0,0,0,0.66,0.67,0,0,0,0,1,0,1
5,2.0,0,0,0,0,0,0,0,0,0,0,0,0.54,0.56,0,1,0,1,1,0,0
133,2.0,0,0,0,0,1,10,17,36,0,0,0,0.95,0.95,0,0,0,0,1,0,0
0,2.0,0,1,1,1,1,2,2,2,0,0,0,0.82,0.81,0,1,0,0,1,0,1
32,8.0,2,20,72,125,0,0,0,0,0,0,0,0.95,0.96,0,0,0,0,1,0,0
11,8.0,0,0,0,0,0,1,1,4,0,0,0,0.83,0.91,0,0,0,0,1,0,0
44,8.0,11,17,61,105,11,37,70,102,21,0,0,0.43,0.46,0,0,0,0,1,0,0
0,9.0,0,9,9,9,0,1,3,4,1,0,0,0.86,0.84,0,0,0,0,1,0,1
4,8.0,0,20,40,60,6,15,19,29,0,0,0,1.0,0.92,0,0,0,0,1,0,1
-2,8.0,0,46,66,82,5,14,32,44,2,0,5,0.0,0.0,2,0,0,0,1,0,1
3,2.0,2,5,10,15,6,9,19,24,0,0,0,0.95,0.97,0,0,0,0,1,0,1
46,8.0,0,320,512,656,66,207,379,532,131,0,0,0.86,0.9,5,0,0,0,1,0,1
12,8.0,0,16,16,30,0,7,14,25,6,0,0,0.99,0.99,0,0,0,0,1,0,0
6,12.0,0,11,26,38,3,14,30,37,0,0,0,0.73,0.76,0,0,0,0,1,0,1
0,9.0,0,5,7,9,0,2,4,7,0,0,0,0.91,0.77,0,1,0,0,1,0,1
8,8.0,3,423,611,705,56,181,379,628,90,0,0,0.57,0.48,5,0,0,0,1,0,1
0,12.0,0,6,12,12,1,1,6,8,0,0,6,0.46,0.38,0,0,0,0,1,0,1
3,2.0,1,15,30,45,7,15,23,23,0,0,5,0.97,0.98,0,0,0,0,1,0,1
0,2.0,0,61,61,61,0,0,0,0,1,0,0,0.0,0.42,0,1,0,1,1,0,0
0,2.0,0,28,46,57,0,0,0,0,0,0,0,1.0,1.0,0,0,0,0,1,0,1
3410,8.0,0,0,0,0,12,48,137,192,5,0,0,0.5,0.72,0,0,0,0,1,0,0
2,9.0,0,0,0,0,0,0,0,0,0,0,0,0.7,0.78,0,0,0,0,1,0,0
0,12.0,0,4,4,4,1,6,7,9,0,0,0,0.78,0.78,0,0,0,0,1,0,1
188,8.0,1,0,0,52,24,74,149,203,24,0,0,0.99,0.99,0,0,0,0,1,0,0
5,8.0,0,13,33,53,9,27,55,72,3,0,0,0.78,0.86,0,0,0,0,1,0,1
2423,8.0,20,1000,3000,5000,419,1316,3109,4738,562,0,0,0.84,0.91,0,0,0,0,1,0,0
2,2.0,0,3,4,6,2,6,10,11,0,0,0,0.33,0.4,0,0,0,0,1,0,1
3,2.0,0,10,10,10,0,0,0,0,0,0,0,0.99,0.99,0,1,0,1,1,0,0
245,8.0,0,0,0,0,7,18,34,52,1,0,0,0.97,0.96,0,0,0,0,1,0,0
200,8.0,0,0,0,0,0,30,120,181,32,0,0,0.02,0.27,0,1,0,0,1,0,0
5,8.0,0,18,36,51,7,23,46,65,0,0,0,0.99,0.98,0,0,0,0,1,0,1
3,8.0,0,22,50,74,5,16,35,48,9,0,0,0.61,0.62,0,0,0,0,1,0,1
3,8.0,5,71,101,131,9,42,74,117,31,0,5,0.58,0.57,0,0,0,0,1,0,1
0,2.0,0,8,8,8,2,2,3,3,1,0,0,0.85,0.83,1,0,0,0,1,0,1
194,8.0,9,160,320,320,41,120,236,397,47,0,0,0.99,0.98,0,0,0,0,1,0,0
-1,0.0,0,29,47,65,7,16,41,52,2,0,0,0.0,0.0,1,0,0,0,0,0,1
0,12.0,0,10,16,17,0,0,0,0,0,0,0,0.78,0.78,0,1,0,0,1,0,1
0,8.0,0,0,0,0,0,4,4,4,1,0,0,0.96,0.97,0,0,0,0,1,0,1
20,2.0,0,0,0,0,1,1,1,1,0,0,0,0.93,0.85,0,0,0,0,1,0,0
2,8.0,0,0,0,0,0,0,0,0,0,0,0,0.98,0.98,0,0,0,0,1,0,0
12,2.0,0,0,0,0,1,3,5,5,0,0,0,0.44,0.38,0,1,0,0,1,0,0
0,2.0,0,20,30,50,8,12,31,48,3,0,0,0.82,0.83,0,0,0,0,1,0,1
3,12.0,0,0,0,0,0,0,0,0,0,0,0,0.74,0.74,0,0,0,0,1,0,0
3,2.0,0,600,600,600,15,61,120,166,1,0,0,0.0,0.0,0,0,0,1,1,0,1
26,8.0,0,0,0,5,12,19,35,42,2,0,0,0.97,0.99,0,0,0,0,1,0,1
60,8.0,0,0,10,30,9,28,61,84,18,0,0,1.0,0.94,0,0,0,0,1,0,0
190,9.0,0,240,240,350,62,158,302,518,46,0,0,0.94,0.79,0,0,0,0,1,0,1
8,8.0,0,9,26,48,1,5,5,5,0,0,0,1.0,0.99,0,0,0,1,1,0,1
25,2.0,0,568,1032,1536,92,256,425,432,0,0,48,0.82,0.83,0,1,0,0,1,0,1
110,2.0,0,0,0,0,0,0,0,0,1,0,0,0.98,0.98,0,0,0,0,1,0,0
0,8.0,1,468,596,596,47,86,216,294,161,0,0,0.74,0.82,29,0,0,0,1,0,0
128,8.0,22,1308,1983,2703,287,776,1366,2074,198,0,90,0.86,0.9,0,0,0,0,1,0,1
1,8.0,0,0,0,0,0,0,0,0,0,0,0,0.89,0.88,0,0,0,0,1,0,1
2,6.0,0,16,24,32,6,10,21,38,5,0,0,0.73,0.76,0,0,0,0,1,0,1
1,9.0,0,0,1,1,0,1,1,1,2,0,0,0.68,0.66,0,0,0,0,1,0,0
3,2.0,0,0,4,4,0,1,2,3,0,0,0,0.96,0.93,0,0,0,0,1,0,0
51,8.0,5,192,192,192,15,40,77,122,31,0,192,0.95,0.87,0,0,0,0,1,0,0
8,8.0,0,288,396,396,1,132,300,373,20,0,0,0.47,0.66,0,0,0,0,1,0,1
1,8.0,0,9,9,13,1,4,12,16,0,0,0,0.97,0.98,0,0,0,0,1,0,1
1,9.0,0,0,0,0,0,0,0,0,0,0,0,0.7,0.66,0,0,0,1,1,0,0
4,14.0,0,0,0,0,0,0,1,1,2,0,0,0.99,0.99,0,0,0,0,1,0,0
23,52.0,0,0,0,0,0,0,0,0,1,0,0,0.84,0.77,0,1,0,0,1,0,0
3,8.0,0,0,1,3,0,1,2,6,1,0,0,1.0,1.0,0,0,0,0,1,0,0
0,8.0,0,102,141,167,0,0,0,0,13,0,0,0.91,0.93,0,0,0,0,1,0,1
17,2.0,10,10,30,50,7,30,53,69,6,0,0,0.99,0.97,0,0,0,0,1,0,0
13,12.0,0,0,0,0,0,0,0,0,1,0,0,0.48,0.48,0,1,0,0,1,0,0
0,2.0,0,61,81,81,0,1,2,2,13,0,0,0.0,0.0,0,0,0,0,1,0,1
6,4.0,0,0,0,0,0,0,3,3,1,0,0,0.91,0.9,0,0,0,0,1,0,0
523,8.0,8,150,450,750,109,312,718,1135,119,0,0,0.84,0.77,0,0,0,0,1,0,0
1,8.0,1,4,5,5,4,5,13,24,0,0,0,0.93,0.96,0,0,0,0,1,0,1
0,8.0,0,0,0,0,0,0,0,0,0,0,0,0.96,0.94,0,0,0,1,1,0,0
2,2.0,0,20,20,40,3,7,19,33,0,0,0,0.12,0.1,0,1,0,1,1,0,1
27,8.0,0,0,0,0,0,0,0,0,0,0,0,0.79,0.78,0,0,0,0,1,0,0
0,2.0,0,18,18,18,0,0,0,0,1,0,0,0.88,0.91,0,1,0,0,1,0,1
11,9.0,0,0,0,0,0,1,3,3,0,0,0,0.99,0.98,0,0,0,0,1,0,0
1,2.0,0,0,0,0,0,0,0,0,1,0,0,0.38,0.4,0,1,0,0,1,0,0
5,0.0,0,0,0,0,0,3,4,9,1,0,0,0.0,0.0,0,0,0,0,1,0,1
121,2.0,0,0,0,0,0,1,1,1,0,0,0,-99.0,-99.0,0,0,0,0,1,0,0
0,8.0,0,24192,33312,43104,0,0,0,0,3136,0,0,0.89,0.91,0,0,0,1,1,0,1
3,12.0,0,0,0,0,0,0,0,1,0,0,0,0.78,0.78,0,0,0,0,1,0,0
0,8.0,0,0,0,0,0,0,0,0,0,0,0,0.99,0.99,0,0,0,1,0,0,0
98,9.0,0,0,0,0,0,0,0,0,0,0,0,0.99,0.99,0,0,0,0,1,0,0
39,8.0,0,576,768,960,48,178,307,596,102,0,192,0.0,0.0,15,0,0,0,1,0,1
60,4.0,0,0,0,0,0,0,0,0,1,0,0,0.68,0.57,0,1,0,0,1,0,0
0,9.0,0,27,27,27,9,9,9,9,0,0,0,0.85,0.83,0,1,0,0,1,0,1
72,8.0,0,48,120,180,21,71,142,215,26,0,0,0.98,0.92,0,0,0,0,1,0,0
99,12.0,0,0,0,0,0,0,0,0,0,0,0,0.95,0.86,0,0,0,1,1,0,0
0,8.0,0,56,104,152,16,52,108,160,22,0,0,0.23,0.43,0,0,0,1,1,0,1
20,2.0,0,0,0,0,4,11,17,28,0,0,0,0.89,0.93,0,0,0,0,1,0,1
0,8.0,0,1,2,2,1,1,2,2,0,0,0,0.8,0.82,0,0,0,0,1,0,1
156,2.0,0,594,1039,1457,96,612,801,841,122,0,0,0.69,0.69,0,1,0,0,1,0,1
30,3.0,0,0,0,0,0,5,5,5,1,0,0,0.75,0.65,0,1,0,0,1,0,0
3,2.0,5,44,93,149,24,51,89,134,0,0,0,0.99,0.99,0,0,0,0,1,0,1
257,8.0,0,0,0,0,3,18,38,54,0,0,0,0.92,0.94,0,0,0,1,1,0,0
17,9.0,0,0,0,0,0,1,3,5,0,0,0,0.91,0.77,0,1,0,0,1,0,0
370,8.0,2,396,636,966,104,257,405,648,2910,0,0,1.0,0.97,0,0,0,0,1,0,0
1,8.0,0,0,0,0,0,0,1,1,0,0,0,0.19,0.5,0,0,0,0,1,0,0
0,2.0,0,3,3,3,0,0,0,0,0,0,0,1.0,0.97,0,1,0,1,1,0,0
-39,8.0,17,1488,2118,2883,284,797,1396,2067,210,0,135,0.86,0.89,39,0,0,0,1,0,1
8,8.0,0,0,0,0,0,0,1,1,1,0,0,0.97,0.93,0,0,0,0,1,0,0
3,2.0,0,5,5,5,0,0,0,0,0,0,0,0.51,0.47,0,1,0,0,1,0,0
0,4.0,0,4,6,8,4,4,4,4,0,0,0,0.7,0.66,0,1,0,0,1,0,1
20,9.0,0,0,0,0,0,0,0,0,0,0,0,0.86,0.84,0,1,0,0,1,0,0
0,0.0,0,11,19,26,1,1,1,1,1,0,0,0.0,0.0,1,0,0,1,1,0,1
17,2.0,0,0,0,0,0,0,0,0,0,0,0,0.93,0.95,0,0,0,0,1,0,0
-7,8.0,1,38,38,38,3,12,16,35,11,0,0,0.79,0.67,8,0,0,0,1,0,1
0,2.0,0,5,5,5,0,0,0,1,1,0,0,0.69,0.71,0,1,0,1,1,0,1
12,8.0,0,12,12,24,8,12,25,39,1,0,0,0.5,0.35,0,0,0,0,1,0,1
1,2.0,0,3,4,4,2,3,3,3,0,0,0,0.97,0.92,0,0,0,0,1,0,1
14,2.0,0,0,0,0,0,0,5,6,0,0,0,1.0,0.99,0,1,0,0,1,0,1
0,9.0,0,1,1,1,1,1,1,1,1,0,0,0.7,0.66,0,0,0,0,1,0,1
-25,8.0,159,1600,2400,3280,534,1129,1725,2616,601,0,0,0.91,0.9,137,0,0,0,1,0,1
0,8.0,0,10,10,10,1,3,5,10,0,0,0,0.17,0.33,0,0,0,0,1,0,1
3,8.0,0,5,5,10,2,3,5,7,0,0,0,0.98,0.96,0,0,0,0,1,0,0
68,12.0,5,25,57,105,11,39,96,168,28,0,0,0.93,0.94,0,0,0,0,1,0,0
0,8.0,0,2,4,5,2,2,4,6,1,0,0,0.98,0.99,0,0,0,0,1,0,1
4,8.0,0,38,73,122,17,43,78,100,0,0,0,0.07,0.07,0,0,0,0,1,0,1
83,4.0,0,0,0,0,0,0,4,4,1,0,0,0.68,0.57,0,1,0,0,1,0,0
5,8.0,0,0,10,10,0,2,4,11,3,0,0,1.0,0.99,0,0,0,0,1,0,0
0,8.0,0,9,19,26,6,10,16,22,0,0,0,0.85,0.68,0,0,0,1,1,0,1
13,8.0,0,21,42,42,5,11,18,31,2,0,0,1.0,1.0,0,0,0,0,1,0,1
-63,8.0,0,120,120,120,1,107,121,132,37,0,0,0.61,0.71,0,0,0,0,1,0,1
12,2.0,0,0,0,0,0,0,0,0,0,0,0,1.0,0.97,0,1,0,0,1,0,0
1710,8.0,852,3960,7524,10692,1108,3383,7138,12000,1134,0,0,0.99,0.93,0,0,0,0,1,0,0
14,2.0,0,0,0,0,1,1,1,1,0,0,0,0.75,0.74,0,1,0,0,1,0,0
5,8.0,0,0,0,0,1,1,2,4,1,0,0,0.94,0.95,0,0,0,0,1,0,0
0,2.0,0,3,3,3,0,0,0,0,0,0,0,0.0,0.0,0,1,0,1,1,0,1
0,2.0,0,3,5,7,3,3,5,6,1,0,0,0.99,0.98,0,0,0,0,1,0,0
3,12.0,0,0,0,0,1,3,4,5,0,0,0,0.78,0.78,0,1,0,0,1,0,1
9,8.0,2,50,80,120,7,25,50,58,5,0,3,0.43,0.46,0,1,0,0,1,0,1
17,11.0,0,41,68,122,23,34,77,105,6,0,0,0.85,0.77,0,0,0,0,1,0,1
1,8.0,0,32,52,82,9,28,42,56,0,0,0,0.1,0.17,0,0,0,0,1,0,1
49,8.0,0,0,0,0,1,3,10,22,0,0,0,0.78,0.82,0,0,0,0,1,0,0
9,4.0,0,301,461,627,17,30,36,36,0,0,0,0.73,0.78,0,1,0,0,1,0,1
-1,2.0,0,60,60,80,24,25,36,43,0,0,0,0.95,0.96,1,1,0,0,1,0,1
1,2.0,0,24,40,60,1,7,11,18,0,0,0,0.52,0.67,0,0,0,0,1,0,1
22,8.0,0,0,0,0,0,1,1,1,1,0,0,0.99,0.99,0,0,0,1,1,0,0
5,2.0,0,5,14,26,2,4,5,6,0,0,0,0.71,0.63,0,1,0,0,1,0,0
0,2.0,0,14,21,28,7,10,17,28,1,0,0,0.99,0.97,0,0,0,0,1,0,1
10,2.0,0,10,10,20,5,9,19,21,2,0,0,0.99,0.97,0,0,0,0,1,0,0
5,52.0,0,0,0,0,0,0,0,0,0,0,0,1.0,1.0,0,1,0,0,1,0,0
4,8.0,0,0,0,0,0,0,1,2,0,0,0,0.93,0.94,0,0,0,0,1,0,0
3,12.0,0,48,72,72,8,22,39,64,15,0,0,0.78,0.78,0,0,0,0,1,0,1
3,8.0,0,20,20,20,1,4,6,7,0,0,0,1.0,0.99,0,0,0,0,1,0,1
115,10.0,0,0,0,0,4,6,8,11,1,0,0,0.89,0.9,0,0,0,1,1,0,0
11,2.0,0,0,0,0,0,0,0,1,0,0,0,0.98,0.9,0,1,0,0,1,0,0
8,8.0,0,0,0,0,0,0,1,1,1,0,0,0.7,0.75,0,0,0,0,1,0,0
1,12.0,0,0,0,0,1,1,2,2,0,0,0,0.73,0.76,0,0,0,0,1,0,0
3,9.0,0,0,0,0,0,0,0,0,1,0,0,0.7,0.66,0,0,0,1,1,0,0
1,8.0,0,11,17,29,5,14,26,41,0,0,0,0.79,0.66,0,0,0,0,1,0,1
0,8.0,0,118,154,208,0,0,0,0,14,0,0,0.91,0.93,0,0,0,0,1,0,1
186,12.0,0,0,0,0,295,712,1376,1994,3,0,0,0.0,0.01,0,0,0,0,1,0,0
2,8.0,0,0,0,0,0,0,0,0,0,0,0,0.99,0.98,0,0,0,0,1,0,0
83,8.0,48,219,339,419,77,163,278,408,145,0,0,0.95,0.87,0,0,0,0,1,0,0
2,2.0,0,3,6,9,1,4,10,19,0,0,0,0.99,0.97,0,0,0,0,1,0,1
0,4.0,0,11,11,11,0,0,0,0,0,0,0,0.89,0.9,0,1,0,0,1,0,0
2,8.0,0,0,0,0,0,0,1,2,0,0,0,0.85,0.78,0,0,0,0,1,0,0
0,8.0,0,8,8,8,0,0,0,0,4,0,0,0.79,0.71,0,1,0,1,1,0,1
0,2.0,0,10,10,10,0,0,0,0,0,0,0,0.85,0.56,0,0,0,1,1,0,1
17,8.0,0,0,0,15,1,8,13,20,0,0,0,0.97,0.97,0,0,0,0,1,0,1
131,2.0,0,0,0,0,0,0,0,100,8,0,0,0.85,0.94,0,1,0,0,1,0,0
1,9.0,0,0,0,1,1,1,2,2,0,0,0,0.87,0.72,0,0,0,0,1,0,1
11,2.0,0,10,30,50,2,3,10,11,0,0,0,1.0,0.99,0,1,0,0,1,0,1
61,8.0,1,211,382,496,92,207,324,547,33,0,0,0.79,0.66,0,0,0,0,1,0,1
180,8.0,89,1100,1650,2200,182,598,1244,1969,217,0,0,0.21,0.4,0,0,0,0,1,0,1
56,52.0,0,0,0,0,0,0,0,0,0,0,0,1.0,1.0,0,1,0,1,0,0,0
-2,8.0,0,16,22,31,0,9,13,15,0,0,0,0.61,0.62,2,0,0,0,1,0,1
9,8.0,0,0,0,0,0,0,0,2,1,0,0,0.48,0.39,0,0,0,1,1,0,0
1054,8.0,0,2880,3520,4800,0,2,2,5,2,0,0,0.97,0.93,0,0,0,0,1,0,0
8018,13.0,0,0,0,0,0,0,0,0,0,0,0,1.0,0.93,0,1,0,0,1,0,0
2,12.0,0,0,0,0,0,0,0,0,0,0,0,0.78,0.78,0,0,0,0,1,0,0
-3,8.0,0,184,282,321,35,114,204,272,13,0,0,-99.0,-99.0,3,0,0,0,1,0,1
18,8.0,0,86,129,172,14,45,92,151,8,0,0,0.17,0.33,0,0,0,0,1,0,1
20,8.0,7,77,125,178,31,71,110,143,21,0,0,0.77,0.74,1,0,0,1,1,0,0
10,8.0,0,0,0,0,0,1,3,5,0,0,0,0.99,0.99,0,0,0,0,1,0,0
0,3.0,0,118,118,118,0,3,4,11,14,0,0,0.03,0.1,0,0,0,0,1,0,1
20,8.0,0,0,0,0,4,6,16,32,3,0,0,0.97,0.98,0,0,0,0,1,0,1
30,2.0,0,0,0,0,0,0,0,0,1,0,0,0.82,0.84,0,0,0,0,1,0,0
0,12.0,0,3,5,6,0,2,3,3,1,0,0,0.82,0.79,0,0,0,0,1,0,0
0,8.0,0,7,7,14,0,1,8,8,0,0,0,1.0,0.99,0,0,0,0,1,0,1
2,2.0,0,10,10,20,1,7,11,18,0,0,0,0.77,0.81,0,0,0,0,1,0,1
0,2.0,0,24,24,24,2,7,7,7,0,0,0,0.38,0.4,0,1,0,0,1,0,1
289,8.0,0,0,0,0,0,0,0,1,2,0,0,0.98,0.98,0,0,0,0,1,0,0
14,4.0,0,33,53,73,12,22,35,64,0,0,0,0.73,0.78,0,0,0,0,1,0,1
2,2.0,0,0,0,0,0,0,0,0,0,0,0,0.95,0.83,0,1,0,0,1,0,0
11,2.0,0,0,0,0,0,0,0,0,0,0,0,0.91,0.94,0,1,0,1,1,0,0
3,12.0,0,0,0,0,0,0,0,0,0,0,0,0.63,0.72,0,0,0,0,1,0,0
0,2.0,0,4,6,7,3,4,4,4,0,0,0,0.96,0.91,0,0,0,0,1,0,1
4,3.0,0,5,10,10,5,9,11,15,0,0,0,0.98,0.98,0,0,0,0,1,0,1
-120,12.0,0,153,169,185,35,145,176,222,140,0,0,0.0,0.01,50,0,0,0,1,0,1
2,14.0,0,0,0,0,0,0,0,0,1,0,0,0.89,0.9,0,0,0,0,1,0,0
3,12.0,0,0,0,0,0,0,1,1,0,0,0,0.56,0.55,0,0,0,0,1,0,0
0,12.0,0,4,5,7,0,4,4,5,1,0,0,0.73,0.76,0,0,0,0,1,0,1
46,8.0,3,1125,1725,2333,232,893,1484,2231,321,0,40,0.41,0.58,33,0,0,0,1,0,1
6,8.0,20,538,736,934,133,371,603,976,106,0,18,0.31,0.41,27,0,0,0,1,0,1
2,8.0,0,0,0,0,0,0,0,0,1,0,0,0.67,0.69,0,0,0,1,1,0,0
0,2.0,0,11,20,24,0,0,0,0,0,0,8,0.7,0.75,0,0,0,1,1,0,1
4,8.0,0,400,400,400,11,40,81,141,22,0,0,0.0,0.5,0,0,0,0,1,0,1
577,8.0,0,0,0,0,0,197,199,199,57,0,0,0.28,0.19,0,0,0,0,1,0,0
127,8.0,2,208,208,208,30,88,175,300,25,0,0,0.83,0.83,0,0,0,0,1,0,1
5,12.0,0,0,0,0,0,0,0,0,2,0,0,0.86,0.89,0,0,0,0,1,0,0
0,12.0,0,0,0,0,0,0,0,0,0,0,0,0.57,0.7,0,1,0,0,1,0,0
5,8.0,0,0,0,0,0,0,0,0,0,0,0,0.84,0.9,0,0,0,0,1,0,0
355,2.0,94,480,780,1140,246,592,844,1272,285,0,0,1.0,1.0,0,0,0,0,1,0,0
26,8.0,0,0,0,0,0,0,1,4,2,0,0,1.0,0.66,0,0,0,0,1,0,0
1,8.0,0,10,15,20,3,7,13,20,1,0,0,0.91,0.96,0,0,0,0,1,0,1
21,8.0,0,48,72,120,25,53,84,120,0,0,0,0.97,0.95,0,0,0,0,1,0,1
1,8.0,0,2,3,4,1,4,6,9,2,0,0,0.96,0.91,0,0,0,0,1,0,1
0,2.0,0,4,13,13,0,0,0,0,0,0,0,0.9,0.88,0,1,0,0,1,0,1
54,4.0,7,27,57,93,12,29,60,81,11,0,0,0.77,0.8,0,0,0,0,1,0,0
198,8.0,0,92,230,391,33,122,243,306,41,0,0,0.28,0.57,0,0,0,0,1,0,0
35,8.0,36,1152,2028,3228,312,1142,2100,2841,238,0,0,0.31,0.18,22,0,0,0,1,0,1
2,52.0,0,0,0,0,0,0,0,0,0,0,0,0.73,0.78,0,1,0,0,1,0,0
2,0.0,0,5,11,17,3,6,12,17,1,0,0,0.0,0.0,0,0,0,1,0,0,0
10,8.0,0,16,31,43,5,15,28,50,6,0,0,0.86,0.91,0,0,0,1,1,0,0
3,8.0,0,0,0,0,0,0,0,0,0,0,0,0.62,0.6,0,0,0,1,1,0,0
12,2.0,0,8,20,32,10,20,33,47,2,0,0,0.65,0.74,0,0,0,0,1,0,1
2073,8.0,0,0,0,0,5,35,70,141,31,0,0,0.98,0.96,0,0,0,0,1,0,0
327,8.0,32,220,440,660,43,226,502,800,69,0,0,1.0,1.0,0,0,0,0,1,0,0
0,2.0,0,35,63,83,0,0,0,0,0,0,0,0.61,0.62,0,0,0,0,1,0,1
16,8.0,0,0,8,8,2,7,22,30,0,0,0,0.48,0.52,0,0,0,0,1,0,1
1,8.0,0,23,38,53,10,22,36,52,0,0,0,0.98,0.97,0,0,0,0,1,0,1
0,8.0,0,18,28,38,9,16,23,36,1,0,0,0.98,0.99,0,0,0,0,1,0,1
20,2.0,0,0,0,0,0,0,0,1,0,0,0,0.85,0.8,0,0,0,0,1,0,0
1,3.0,0,1,1,2,1,1,2,3,0,0,0,0.99,0.98,0,0,0,0,1,0,0
76,4.0,60,0,0,0,49,143,271,417,2,0,0,0.73,0.78,0,0,0,0,1,0,0
22,8.0,0,0,0,0,2,3,10,28,6,0,0,0.84,0.83,0,0,0,0,1,0,0
0,2.0,0,0,0,0,0,0,0,0,0,0,0,0.92,0.93,0,1,0,1,1,0,0
153,2.0,0,0,0,0,0,0,0,3,0,0,0,0.98,0.97,0,1,0,0,1,0,0
2,12.0,0,0,0,0,0,0,0,0,0,0,0,0.78,0.78,0,0,0,0,1,0,0
6,2.0,0,0,0,0,1,1,1,4,0,0,0,0.99,0.99,0,1,0,0,1,0,0
42,8.0,0,0,0,0,0,0,0,0,0,0,0,0.98,0.97,0,0,0,0,1,0,0
8,12.0,0,21,21,32,3,11,24,44,0,0,0,0.93,0.93,0,0,0,0,1,0,0
0,8.0,0,0,0,0,0,0,0,0,0,0,0,0.48,0.53,0,0,0,0,1,0,0
-3,8.0,0,24,38,52,10,22,31,41,5,0,0,0.71,0.66,3,0,0,0,1,0,1
15,8.0,0,0,0,0,1,4,9,17,0,0,0,0.99,0.99,0,0,0,0,1,0,0
22,9.0,0,0,0,0,0,0,3,6,0,0,0,0.85,0.83,0,0,0,0,1,0,0
0,2.0,0,11,16,21,0,0,0,0,1,0,0,0.99,0.99,0,1,0,0,1,0,0
0,2.0,0,1,1,1,0,0,0,0,1,0,0,0.92,0.93,0,0,0,0,1,0,1
19,8.0,0,0,0,0,0,2,6,10,3,0,0,0.79,0.75,0,0,0,0,1,0,0
20,12.0,0,0,0,0,0,0,0,0,1,0,0,0.48,0.48,0,1,0,0,1,0,0
1,9.0,0,1,2,3,0,1,1,2,0,0,0,0.99,0.98,0,0,0,0,1,0,1
88,8.0,1,0,0,0,6,40,79,99,0,0,0,0.07,0.07,0,0,0,0,1,0,0
133,12.0,0,27,36,36,0,43,132,153,1,0,0,0.98,0.95,0,0,0,0,1,0,0
0,2.0,0,5,5,5,0,0,0,0,0,0,0,0.0,0.0,0,1,0,1,1,0,1
0,4.0,0,10,11,11,23,55,114,159,0,0,0,0.73,0.78,0,0,0,0,1,0,1
0,2.0,0,3539,5861,6212,1,1,1,1,214,0,0,0.74,0.74,0,0,0,0,1,0,1
0,2.0,0,5,15,15,0,0,0,0,1,0,0,0.9,0.92,0,1,0,1,1,0,0
12,2.0,0,0,0,0,0,0,0,0,1,0,0,0.99,0.99,0,1,0,0,1,0,0
7,12.0,0,0,0,0,0,0,0,0,0,0,0,0.99,0.99,0,0,0,1,1,0,0
198,12.0,2,0,0,0,6,16,60,87,20,0,0,0.93,0.88,0,0,0,0,1,0,0
172,8.0,38,64,178,315,56,146,346,547,59,0,0,0.72,0.72,0,0,0,1,1,0,0
2,8.0,0,17,25,33,1,9,13,24,0,0,0,0.88,0.87,0,0,0,0,1,0,0
0,12.0,0,2,2,3,0,1,2,3,0,0,0,0.62,0.73,0,0,0,1,1,0,1
0,8.0,0,8,8,12,1,2,6,6,0,0,0,0.78,0.78,0,0,0,0,1,0,1
0,2.0,0,28,28,28,0,0,0,0,2,1,0,0.09,0.19,0,0,0,1,1,0,0
196,8.0,0,80,240,320,51,119,247,381,31,0,0,0.94,0.9,0,0,0,0,1,0,0
3,2.0,0,128,216,252,23,29,29,29,16,0,0,0.89,0.78,0,0,0,0,1,0,1
4,8.0,0,0,0,0,0,0,0,0,1,0,0,0.86,0.88,0,1,0,0,1,0,0
2,8.0,0,0,0,1,0,0,7,8,1,0,0,0.65,0.75,0,0,0,0,1,0,1
205,2.0,0,0,0,0,0,2,2,3,1,0,0,0.57,0.74,0,0,0,0,1,0,0
3,4.0,0,0,0,0,0,0,0,0,0,0,0,0.73,0.78,0,0,0,0,1,0,0
0,8.0,0,23,23,23,1,1,1,2,0,0,0,0.0,0.0,0,0,0,0,1,0,1
1,8.0,0,25,25,50,2,11,20,29,2,0,0,0.98,0.97,0,0,0,0,1,0,1
26,12.0,20,8,31,51,22,90,128,185,0,0,0,0.62,0.73,0,0,0,0,1,0,1
4,2.0,0,0,3,7,1,2,10,15,0,0,0,0.99,0.99,0,0,0,0,1,0,1
14,2.0,0,0,0,0,0,0,0,3,0,0,0,0.99,0.99,0,1,0,0,1,0,0
273,2.0,277,728,1408,2128,291,773,1410,2043,282,0,0,0.96,0.95,0,0,0,0,1,0,0
0,8.0,0,46,76,112,5,33,52,73,6,0,0,0.17,0.33,0,0,0,0,1,0,1
2,12.0,0,0,0,0,0,0,0,0,0,0,0,0.82,0.79,0,0,0,0,1,0,0
3,2.0,0,0,0,0,1,1,2,3,0,0,0,0.95,0.96,0,0,0,0,1,0,1
139,2.0,0,0,0,0,1,4,10,13,0,0,0,0.92,0.94,0,1,0,0,1,0,0
5,8.0,0,25,50,75,8,26,39,55,0,0,0,0.98,0.98,0,0,0,0,1,0,1
167,8.0,0,0,0,0,2,9,18,28,2,0,0,0.04,0.04,0,0,0,1,1,0,0
1,8.0,0,144,192,240,53,97,184,302,25,0,0,0.77,0.89,0,0,0,0,1,0,1
11,8.0,0,0,0,0,0,0,0,0,0,0,0,0.37,0.36,0,0,0,0,1,0,0
93,8.0,6,260,260,260,31,95,178,291,27,0,0,0.99,0.98,0,0,0,0,1,0,0
176,2.0,20,288,576,864,109,326,693,1039,145,0,0,0.97,0.99,0,0,0,1,1,0,0
3,12.0,0,0,0,0,0,0,0,0,0,0,0,0.82,0.79,0,0,0,0,1,0,0
0,4.0,0,11,11,11,0,0,0,0,0,0,0,0.73,0.78,0,0,0,0,1,0,1
6,2.0,0,2,4,6,12,23,33,42,0,0,0,0.99,0.98,0,0,0,0,1,0,1
4,9.0,0,0,0,0,0,0,0,0,0,0,0,0.7,0.66,0,0,0,0,1,0,0
8,8.0,0,7,13,22,2,8,18,23,0,0,0,1.0,0.96,0,0,0,0,1,0,0
2,8.0,0,0,0,0,0,0,0,0,1,0,0,1.0,0.97,0,0,0,0,1,0,0
100,8.0,0,512,704,832,119,263,389,608,165,0,64,0.84,0.71,0,0,0,0,1,0,1
0,12.0,0,21,21,25,1,4,11,19,3,0,0,0.59,0.58,0,0,0,1,1,0,1
9,8.0,2,2,16,23,0,5,14,22,2,0,0,0.98,0.95,0,0,0,0,1,0,0
94,8.0,69,0,54,54,7,42,102,137,13,0,0,0.61,0.6,2,0,0,0,1,0,0
5,8.0,0,40,56,88,5,24,44,63,0,0,0,0.86,0.88,0,0,0,0,1,0,1
41,8.0,6,4,16,38,13,41,73,106,17,0,0,0.88,0.92,0,0,0,0,1,0,0
25,8.0,0,0,0,0,0,0,0,0,0,0,0,1.0,1.0,0,0,0,0,1,0,0
3,8.0,0,0,0,0,0,0,0,0,0,0,0,0.99,0.98,0,0,0,0,1,0,0
0,3.0,0,30,30,30,0,0,0,0,0,0,0,0.41,0.46,0,1,0,1,1,0,1
5,12.0,0,0,0,2,0,2,4,4,0,0,0,0.78,0.78,0,0,0,0,1,0,0
0,2.0,0,14,14,14,0,0,1,1,0,0,0,0.83,0.85,0,1,0,0,0,0,1
261,2.0,0,652,1024,1396,158,456,870,1260,115,0,94,0.95,0.97,0,0,0,0,1,0,0
411,5.0,41,450,1080,1650,98,549,1128,1825,67,0,0,0.69,0.68,0,0,0,0,1,0,0
26,12.0,0,0,0,0,0,0,0,0,0,0,0,0.92,0.89,0,0,0,1,1,0,0
24,8.0,28,175,315,446,66,166,306,424,35,0,0,0.68,0.69,0,0,0,0,1,0,1
13,8.0,0,0,0,0,0,0,0,8,0,0,0,0.99,0.99,0,0,0,0,1,0,0
0,4.0,0,75,75,75,0,3,3,10,0,0,0,0.98,0.89,0,1,0,0,1,0,1
9,8.0,0,12,23,35,2,9,21,31,1,0,0,0.98,0.98,0,0,0,0,1,0,0
1,52.0,0,0,0,0,0,0,0,1,2,0,0,0.84,0.87,0,1,0,0,1,0,0
14,13.0,0,240,315,375,33,81,154,289,5,0,22,0.0,0.0,0,0,0,1,1,0,1
11,2.0,0,0,0,0,0,0,0,0,0,0,0,0.65,0.37,0,1,0,0,1,0,1
2,2.0,0,36,48,72,3,7,14,14,0,0,0,0.76,0.72,0,1,0,0,1,0,1
0,2.0,0,75,136,186,0,0,0,0,17,0,0,0.99,0.95,0,0,0,0,1,0,1
58,8.0,50,0,0,0,15,24,41,77,14,0,0,0.75,0.84,0,0,0,0,1,0,0
40,2.0,0,0,0,0,0,0,0,0,2,0,0,0.0,0.33,0,1,0,0,1,0,0
1134,8.0,2,0,0,0,96,147,200,308,69,0,0,0.99,0.96,0,0,0,1,1,0,0
2229,4.0,90,4008,4008,4008,16,16,16,16,75,0,0,0.77,0.8,0,0,0,0,1,0,0
18,2.0,0,0,0,10,8,16,20,21,0,0,0,0.36,0.44,0,1,0,1,1,0,1
-130,8.0,0,1465,2312,3313,254,895,1768,2803,191,0,0,0.22,0.17,138,0,0,1,1,0,1
3,2.0,1,177,275,373,21,69,128,159,40,0,24,0.37,0.45,0,1,0,0,1,0,1
119,9.0,0,0,0,0,0,0,0,2,0,0,0,0.85,0.82,0,0,0,0,1,0,0
5,8.0,0,54,73,92,8,21,40,68,17,0,0,0.14,0.32,0,0,0,0,1,0,1
74,8.0,0,0,0,0,0,0,0,0,2,0,0,0.99,0.98,0,0,0,0,1,0,0
11,2.0,0,0,0,0,0,0,0,0,1,0,0,0.99,0.88,0,1,0,0,1,0,0
79,8.0,0,0,0,0,11,21,38,79,0,0,0,0.99,0.96,0,0,0,0,1,0,0
2,2.0,0,2,3,3,2,2,2,2,0,0,0,0.96,0.91,0,0,0,0,1,0,1
7,8.0,0,0,0,0,0,0,0,0,1,0,0,0.37,0.38,0,0,0,0,1,0,0
5,2.0,0,1,2,2,1,7,8,11,0,0,0,0.69,0.68,0,1,0,0,1,0,1
1,9.0,0,14,23,31,4,9,15,19,0,0,0,0.86,0.84,0,0,0,0,1,0,1
11,8.0,30,11,21,31,4,32,34,38,3,0,0,0.92,0.76,0,0,0,0,1,0,1
1,4.0,0,0,0,0,1,1,1,1,0,0,0,0.73,0.78,0,0,0,0,1,0,0
20,8.0,0,0,0,0,4,8,31,35,3,0,0,0.68,0.69,0,0,0,0,1,0,0
1918,4.0,480,3750,7090,9820,1122,3207,6150,9884,593,0,280,0.91,0.93,0,0,0,0,1,0,0
0,2.0,0,4,6,8,3,5,8,12,0,0,0,0.82,0.81,0,0,0,0,1,0,0
49,12.0,0,0,20,40,3,16,46,70,0,0,0,0.47,0.39,0,0,0,0,1,0,0
0,8.0,0,17,17,22,0,3,8,16,0,0,0,0.46,0.45,0,0,0,0,1,0,1
16,2.0,0,349,513,661,73,155,270,340,75,0,0,0.27,0.39,0,1,0,0,1,0,1
65,0.0,0,0,0,0,0,0,1,3,1,0,0,0.0,0.0,0,0,0,1,1,0,0
1,2.0,0,4,7,10,1,4,7,12,0,0,0,0.82,0.81,0,0,0,0,1,0,1
1,12.0,0,11,19,23,2,7,11,18,0,0,0,0.78,0.78,0,0,0,0,1,0,1
0,8.0,0,18,18,18,1,4,12,23,0,0,0,0.05,0.04,0,0,0,0,1,0,1
3,8.0,0,5,10,15,3,8,8,12,1,0,0,0.96,0.97,0,0,0,0,1,0,1
3,8.0,0,7,7,14,5,7,14,16,0,0,0,1.0,1.0,0,0,0,0,1,0,1
0,2.0,0,4,24,24,0,0,0,0,1,0,0,-99.0,-99.0,0,1,0,0,1,0,1
1,2.0,0,2,3,5,1,3,6,8,2,0,0,0.99,0.97,0,0,0,0,1,0,0
5,8.0,0,0,0,0,0,0,0,0,1,0,0,0.89,0.93,0,0,0,0,1,0,0
-31,8.0,2,200,200,200,15,74,86,93,5,0,0,0.0,0.0,33,0,0,0,1,0,1
6,12.0,0,0,0,2,1,3,4,9,0,0,0,0.63,0.72,0,0,0,0,1,0,0
0,2.0,0,3,3,3,0,0,0,0,0,0,0,0.42,0.36,0,0,0,0,1,0,1
6,8.0,0,36,36,58,3,7,13,28,0,0,14,0.15,0.34,0,0,0,0,1,0,1
1,8.0,0,5,9,12,1,3,7,14,0,0,0,0.0,0.0,0,0,0,0,1,0,1
4,8.0,0,0,0,0,0,0,1,2,0,0,0,0.15,0.34,0,0,0,0,1,0,0
12,8.0,0,14,14,14,0,7,16,24,0,0,0,1.0,0.99,0,0,0,0,1,0,0
7,8.0,0,0,0,0,1,1,2,2,0,0,0,0.85,0.9,0,0,0,0,1,0,0
46,8.0,0,42,70,112,9,48,94,136,13,0,0,0.63,0.79,0,0,0,1,1,0,0
423,8.0,0,2400,3800,5000,563,1525,2634,4345,519,0,0,0.09,0.09,2,0,0,1,1,0,1
0,9.0,0,5,5,5,0,0,0,0,0,0,0,0.69,0.68,0,1,0,0,1,0,0
88,17.0,15,50,50,50,4,40,87,135,29,0,0,1.0,1.0,0,0,0,1,1,0,0
10,3.0,0,0,0,0,0,1,2,2,0,0,0,0.43,0.46,0,1,0,0,1,0,0
835,8.0,0,0,0,0,0,6,6,41,5,0,0,-99.0,-99.0,0,0,0,0,1,0,0
-3,8.0,0,412,700,1042,34,177,722,1175,58,0,21,0.28,0.28,5,0,0,0,1,0,1
9,8.0,0,7,14,21,9,15,23,31,7,0,0,0.92,0.96,0,0,0,0,1,0,1
62,8.0,24,0,36,36,5,33,66,95,16,0,0,1.0,1.0,0,0,0,0,1,0,0
57,4.0,0,19,75,123,12,30,64,74,0,0,0,0.62,0.73,0,1,0,0,1,0,0
0,8.0,0,18,27,36,4,10,18,31,1,0,0,0.76,0.79,0,0,0,0,1,0,1
0,8.0,0,5,7,10,5,5,9,10,4,0,0,0.99,0.98,0,0,0,1,1,0,1
1,0.0,0,106,188,272,22,62,123,176,0,0,0,0.93,0.88,0,0,0,0,0,0,1
0,8.0,0,7,9,13,2,5,6,8,0,0,0,0.17,0.33,0,0,0,0,1,0,1
3,9.0,0,0,0,0,0,0,0,0,0,0,0,0.7,0.66,0,0,0,1,1,0,0
5,8.0,0,0,0,8,0,3,3,4,0,0,0,0.49,0.45,0,0,0,1,1,0,0
16,2.0,0,45,81,117,8,42,76,113,1,0,0,0.99,0.99,0,0,0,0,1,0,0
6,2.0,0,10,10,20,3,10,16,19,0,0,0,0.98,0.98,0,0,0,0,1,0,0
2,12.0,0,10,16,22,3,10,20,39,0,0,0,0.99,0.99,0,0,0,0,1,0,1
0,12.0,0,10,16,17,0,0,0,0,0,0,0,0.78,0.78,0,1,0,0,1,0,1
1,8.0,0,0,0,0,0,0,0,0,0,0,0,0.82,0.83,0,0,0,0,1,0,0
61,12.0,22,42,84,126,27,76,138,191,26,0,0,1.0,0.99,0,0,0,0,1,0,0
1,8.0,0,1,2,3,0,1,1,2,0,0,0,0.98,0.95,0,0,0,0,1,0,1
13,12.0,5,0,0,0,0,0,0,0,1,0,0,0.58,0.58,0,1,0,0,1,0,0
175,8.0,0,0,0,0,4,10,20,31,2,0,0,0.98,0.89,0,0,0,0,1,0,0
8,4.0,0,38,56,74,6,20,39,55,15,0,0,0.73,0.78,0,0,0,0,1,0,1
8,2.0,0,0,0,0,0,0,0,0,1,0,0,0.81,0.83,0,1,0,0,1,0,1
-14,52.0,0,18,18,18,8,23,35,50,1,0,0,0.87,0.88,14,1,0,1,0,0,1
0,2.0,0,7,7,7,0,0,0,0,0,0,0,0.1,0.12,0,0,0,0,1,0,1
0,8.0,0,2,3,4,2,2,2,3,3,0,0,0.51,0.53,0,1,0,0,1,0,1
0,12.0,0,22,36,52,2,8,21,31,0,0,1,0.73,0.79,0,0,0,0,1,0,1
3,9.0,0,3,3,3,1,10,16,19,0,0,0,0.87,0.72,0,0,0,0,1,0,1
11,2.0,0,24,48,72,20,42,63,79,4,0,0,1.0,1.0,0,0,0,0,1,0,1
3,2.0,0,0,0,0,2,2,10,18,0,0,0,0.82,0.89,0,0,0,0,1,0,1
2,8.0,0,0,0,0,0,0,0,0,0,0,0,0.8,0.82,0,0,0,0,1,0,0
3,8.0,0,2760,4824,6552,0,0,0,0,0,0,0,0.73,0.69,0,0,0,0,1,0,1
74,2.0,0,0,0,0,5,17,24,26,2,0,0,1.0,1.0,0,1,0,0,1,0,0
0,2.0,0,0,0,0,0,0,0,0,0,0,0,0.0,0.0,0,0,0,0,1,0,0
24,3.0,16,28,61,94,5,92,121,212,31,0,0,0.89,0.92,0,0,0,0,1,0,1
28,8.0,0,0,0,0,0,1,5,7,1,0,0,0.97,0.95,0,1,0,0,1,0,0
48,8.0,3,286,499,669,38,181,389,636,34,0,19,0.51,0.53,0,0,0,1,1,0,1
13,12.0,1,0,0,0,0,0,0,0,1,0,0,0.58,0.58,0,1,0,0,1,0,0
69,2.0,0,82,160,256,21,62,124,224,32,0,0,0.0,0.0,0,0,0,0,1,0,1
6,8.0,0,60,80,120,14,61,88,110,0,0,0,0.99,0.98,0,0,0,0,1,0,1
61,4.0,0,0,0,0,1,3,5,6,0,0,0,0.73,0.78,0,0,0,0,1,0,0
5,8.0,0,0,0,0,0,0,0,0,1,0,0,1.0,0.9,0,0,0,0,1,0,0
4,8.0,0,0,0,0,0,0,0,1,0,0,0,0.82,0.88,0,0,0,0,1,0,0
190,4.0,0,0,0,0,0,10,10,10,0,0,0,0.73,0.78,0,0,0,0,1,0,0
0,12.0,0,0,0,0,0,0,0,0,0,0,0,0.74,0.74,0,1,0,0,1,0,0
4,8.0,0,0,0,0,0,0,0,1,0,0,0,0.95,0.96,0,0,0,0,1,0,0
21,2.0,0,0,0,0,0,1,1,2,0,0,0,0.83,0.91,0,0,0,0,1,0,0
22,2.0,0,0,0,0,4,7,21,35,1,0,0,0.86,0.89,0,0,0,0,1,0,0
408,12.0,0,0,0,0,0,0,0,0,0,0,0,0.93,0.88,0,0,0,0,1,0,0
1,2.0,0,0,0,0,0,0,0,0,0,0,0,0.91,0.94,0,0,0,0,1,0,0
7,2.0,0,0,0,0,0,1,2,2,0,0,0,0.99,0.97,0,1,0,0,1,0,0
2,2.0,0,2,5,7,1,3,5,5,0,0,0,0.9,0.92,0,1,0,0,1,0,1
68,8.0,0,0,0,12,8,8,18,19,7,0,0,0.76,0.84,0,0,0,1,1,0,0
50,8.0,0,60,120,240,16,48,75,117,10,0,0,0.97,0.96,0,0,0,0,1,0,0
3,2.0,1,0,0,0,1,1,1,1,0,0,0,0.24,0.26,0,1,0,0,1,0,0
18,2.0,0,0,26,52,10,21,39,56,5,0,0,0.92,0.97,0,0,0,0,1,0,0
0,2.0,0,4,7,8,0,0,0,0,0,0,0,0.42,0.36,0,1,0,1,1,0,1
0,8.0,0,13,15,18,1,5,6,13,0,0,0,0.7,0.74,0,0,0,0,1,0,1
2,8.0,0,0,1,2,0,1,2,2,0,0,0,0.93,0.96,0,0,0,0,1,0,1
6,2.0,0,40,60,100,14,31,42,44,0,0,0,0.9,0.83,0,0,0,0,1,0,1
1,9.0,0,0,0,0,0,0,0,0,0,0,0,0.99,0.98,0,0,0,0,1,0,0
25,2.0,0,0,0,0,0,0,6,6,0,0,0,0.45,0.45,0,1,0,0,1,0,0
10,8.0,0,5,5,5,7,7,11,28,0,0,0,1.0,1.0,0,0,0,0,1,0,1
0,2.0,0,4,4,4,0,0,0,0,0,0,0,0.0,0.0,0,1,0,1,1,0,0
4,8.0,1,20,30,42,9,19,40,60,10,0,2,0.24,0.47,0,0,0,0,1,0,1
110,4.0,12,39,117,182,31,90,185,312,22,0,0,0.82,0.88,0,0,0,0,1,0,0
14,3.0,0,0,0,0,0,0,0,0,0,0,0,0.89,0.9,0,0,0,0,1,0,0
0,4.0,0,0,0,0,0,0,0,0,0,0,0,0.73,0.78,0,0,0,0,1,0,0
0,9.0,0,14,26,38,3,12,17,23,0,0,0,0.96,0.95,0,0,0,0,1,0,1
985,2.0,215,2589,3909,5559,655,1967,3756,5889,411,0,69,0.53,0.44,0,0,0,1,1,0,0
282,52.0,0,0,0,0,8,19,37,59,0,0,0,0.97,0.95,0,1,0,1,0,0,0
0,8.0,0,8,10,12,3,6,7,7,0,0,0,0.82,0.81,0,1,0,0,1,0,1
2,4.0,0,0,0,0,0,0,0,2,0,0,0,0.89,0.9,0,0,0,0,1,0,1
6,2.0,0,0,0,0,0,0,0,0,1,0,0,1.0,1.0,0,1,0,0,1,0,1
7,12.0,0,0,0,0,0,1,1,1,0,0,0,0.98,0.98,0,1,0,0,1,0,0
6,12.0,0,0,0,0,2,3,3,3,1,0,0,0.98,0.98,0,0,0,0,1,0,0
2,2.0,1,2,4,7,1,2,2,2,0,0,0,0.81,0.85,0,0,0,1,1,0,1
1,8.0,0,0,0,0,2,2,3,3,1,0,0,0.43,0.46,0,1,0,0,1,0,0
454,2.0,141,837,1647,2457,264,829,1669,2458,237,0,0,0.93,0.96,0,0,0,0,1,0,0
3,9.0,0,0,0,1,1,1,3,9,0,0,0,0.99,0.98,0,0,0,0,1,0,1
2,12.0,3,510,510,692,52,226,434,633,43,0,22,0.52,0.41,10,1,0,0,1,0,1
57,8.0,25,41,80,106,9,33,59,87,10,0,0,0.89,0.79,0,0,0,0,1,0,0
9,4.0,0,0,0,0,0,1,3,3,0,0,0,0.77,0.8,0,0,0,0,1,0,0
3,8.0,0,0,0,0,0,1,1,2,0,0,0,0.96,0.97,0,0,0,0,1,0,0
72,8.0,0,0,0,0,0,0,0,0,2,0,0,1.0,0.9,0,0,0,0,1,0,0
13,9.0,0,0,0,0,0,0,0,3,0,0,0,0.86,0.84,0,0,0,0,1,0,0
5,9.0,0,0,0,0,0,0,0,0,0,0,0,1.0,0.99,0,0,0,0,1,0,0
212,8.0,0,168,420,756,57,244,532,826,59,0,0,0.84,0.86,0,0,0,0,1,0,0
6,8.0,0,0,0,1,0,0,6,7,0,0,0,0.99,0.96,0,0,0,0,1,0,0
4,8.0,0,0,0,0,0,0,4,7,1,0,0,0.42,0.36,0,0,0,0,1,0,1
4,2.0,1,0,0,0,0,0,0,0,0,0,0,0.53,0.54,0,1,0,0,1,0,0
6,14.0,0,0,0,0,0,0,0,0,2,0,0,0.99,0.99,0,0,0,0,1,0,0
8,20.0,0,0,0,0,0,1,1,1,2,0,0,0.64,0.77,0,0,0,0,1,0,0
1,12.0,0,0,0,0,0,0,0,0,0,0,0,0.78,0.78,0,0,0,0,1,0,0
144,2.0,122,200,300,400,46,154,283,452,11,0,0,0.99,0.91,0,0,0,1,1,0,0
34,9.0,0,0,10,20,2,7,18,40,1,0,0,1.0,0.96,0,0,0,0,1,0,1
1,8.0,0,20,20,40,2,6,20,27,1,0,0,0.2,0.15,0,0,0,0,1,0,1
0,8.0,1,6,6,6,0,4,9,12,0,0,1,0.9,0.89,0,0,0,0,1,0,1
1,8.0,0,29,43,43,2,11,23,32,0,0,0,0.42,0.36,0,0,0,0,1,0,1
2,8.0,0,23,35,47,4,10,17,30,0,0,0,0.15,0.34,0,0,0,0,1,0,1
6,6.0,11,5,10,20,2,17,35,50,2,0,0,0.84,0.88,0,0,0,0,1,0,0
2,2.0,0,0,9,9,2,4,6,7,1,0,0,0.98,0.98,0,1,0,0,1,0,0
1036,8.0,0,0,0,800,75,268,560,884,354,0,0,0.97,0.95,0,0,0,0,1,0,0
2,12.0,0,0,0,0,0,0,0,0,0,0,0,0.78,0.78,0,0,0,0,1,0,0
2,9.0,0,1,2,3,1,2,3,4,0,0,0,0.9,0.82,0,0,0,0,1,0,1
2,8.0,0,7,14,21,4,6,12,20,1,0,0,1.0,0.94,0,0,0,0,1,0,1
14,2.0,0,0,0,5,1,4,6,12,2,0,0,1.0,0.99,0,0,0,0,0,0,0
0,2.0,0,13,13,13,2,4,4,4,17,0,0,0.52,0.41,0,1,0,0,1,0,1
22,8.0,0,0,0,0,0,0,0,0,0,0,0,0.99,0.96,0,0,0,0,1,0,0
20,8.0,0,0,0,0,0,0,0,0,1,0,0,0.93,0.85,0,0,0,0,1,0,0
13,0.0,0,92,174,258,10,63,128,179,0,0,0,0.93,0.86,0,0,0,0,0,0,1
7,8.0,0,0,0,0,0,0,0,0,0,0,0,1.0,0.99,0,0,0,0,1,0,0
2292,9.0,936,5328,9828,15360,3462,11282,21955,33763,1080,0,0,0.74,0.5,0,0,0,0,1,0,0
-183,8.0,60,549,861,1173,505,1072,1942,2109,68,0,32,1.0,0.91,183,0,0,0,1,0,1
24,9.0,0,0,0,0,1,1,1,1,0,0,0,0.86,0.69,0,0,0,0,1,0,0
0,2.0,0,2008,2764,3169,4,766,766,767,654,0,0,0.98,0.99,0,0,0,0,0,0,1
17,2.0,0,0,0,0,1,3,8,17,0,0,0,1.0,0.95,0,0,0,0,1,0,0
478,2.0,290,950,1832,2768,345,963,1820,2523,489,0,0,0.77,0.87,8,0,0,0,1,0,0
184,8.0,0,0,0,0,7,20,43,63,1,0,0,0.9,0.92,0,1,0,0,1,0,0
10,12.0,0,0,0,0,0,0,1,2,1,0,0,0.82,0.79,0,0,0,0,1,0,0
15,2.0,0,0,0,0,0,1,1,2,1,0,0,0.99,0.95,0,0,0,0,1,0,0
7,4.0,0,0,0,0,35,133,180,323,5,0,0,0.73,0.78,0,0,0,0,1,0,0
6,8.0,0,283,283,283,0,7,10,18,0,0,0,0.51,0.53,0,1,0,0,1,0,0
6,8.0,0,5,10,15,0,4,8,12,0,0,0,0.98,0.99,0,0,0,0,1,0,0
0,2.0,0,6,12,18,2,8,13,17,0,0,2,0.79,0.89,0,0,0,0,1,0,1
5,2.0,0,0,0,2,1,2,2,2,0,0,0,0.65,0.67,0,0,0,0,1,0,0
74,8.0,0,0,0,0,1,2,4,6,2,0,0,0.37,0.6,0,1,0,0,1,0,0
12,8.0,0,0,0,5,2,11,33,53,8,0,0,0.85,0.76,0,0,0,0,1,0,1
11,8.0,0,0,0,0,0,0,3,8,2,0,0,0.73,0.73,0,0,0,0,1,0,0
575,8.0,279,0,312,546,143,405,597,785,144,0,0,0.88,0.89,0,0,0,0,1,0,0
14,9.0,0,0,0,0,0,0,3,3,0,0,0,0.91,0.74,0,0,0,0,1,0,1
12,2.0,0,0,0,0,0,0,0,0,0,0,0,0.64,0.44,0,1,0,0,1,0,0
3,2.0,0,0,0,0,0,0,0,0,0,0,0,0.8,0.82,0,1,0,0,1,0,0
3,9.0,0,0,0,0,0,0,0,0,0,0,0,0.98,0.98,0,0,0,0,1,0,0
0,4.0,0,10,14,20,3,9,19,24,0,0,2,0.73,0.76,0,0,0,1,1,0,1
10,2.0,8,28,64,100,15,30,32,33,0,0,0,0.58,0.45,0,0,0,0,1,0,1
0,2.0,0,5,5,6,0,4,6,10,0,0,0,0.28,0.28,0,0,0,0,1,0,1
247,9.0,0,0,0,0,4,4,8,10,0,0,0,1.0,1.0,0,0,0,0,1,0,0
13,8.0,0,0,0,0,2,18,41,59,1,0,0,0.97,0.97,0,0,0,0,1,0,1
0,2.0,0,0,4,8,0,0,0,0,0,0,0,0.99,0.99,0,1,0,0,1,0,0
0,8.0,0,4,6,8,1,1,5,6,0,0,1,0.85,0.56,0,0,0,1,1,0,1
0,8.0,0,6,8,12,2,7,9,18,0,0,0,0.64,0.69,0,0,0,0,1,0,1
1,8.0,0,100,100,100,4,45,56,65,2,0,0,0.98,0.99,0,0,0,0,1,0,1
10,8.0,0,8,20,28,1,8,18,28,4,0,0,0.99,0.97,0,0,0,0,1,0,1
92,8.0,12,1176,1968,3048,388,1191,2023,2712,271,0,24,0.32,0.15,24,0,0,0,1,0,1
9,8.0,0,0,0,0,1,1,3,7,0,0,0,0.64,0.68,0,1,0,0,1,0,0
0,8.0,0,40,90,120,7,27,58,104,6,0,0,0.94,0.94,0,0,0,0,1,0,1
196,4.0,80,150,375,525,76,181,343,453,72,0,0,1.0,0.97,0,0,0,0,1,0,0
5,2.0,0,0,24,24,2,4,6,15,0,0,0,0.99,0.98,0,0,0,0,1,0,1
0,2.0,0,5,5,5,0,0,1,1,0,0,0,0.0,0.0,0,1,0,1,1,0,1
7,2.0,0,0,5,5,0,0,5,11,0,0,0,0.98,0.99,0,0,0,0,1,0,1
997,8.0,95,1068,1620,2184,158,544,1085,1610,163,0,0,0.95,0.97,0,0,0,0,1,0,0
4,2.0,6,1,1,2,0,0,4,8,2,0,0,0.0,0.0,2,0,0,0,1,0,1
263,8.0,7,189,409,629,39,172,436,741,69,0,19,0.94,0.94,0,0,0,0,1,0,0
1,2.0,0,0,1,1,1,1,2,3,0,0,0,0.97,0.92,0,0,0,1,1,0,1
1289,2.0,327,1836,3636,5796,510,1809,3514,4980,488,0,36,0.99,0.98,0,0,0,0,1,0,0
434,8.0,87,265,297,537,72,276,626,1028,316,0,0,0.99,0.98,0,0,0,0,1,0,0
339,2.0,90,659,1336,1952,270,718,1445,1999,197,0,0,0.62,0.68,0,0,0,1,1,0,0
16,8.0,16,59,101,125,21,54,87,131,19,0,0,0.99,0.86,1,0,0,0,1,0,1
0,8.0,0,34,34,52,1,17,315,340,0,0,0,0.85,0.9,0,0,0,0,1,0,1
955,8.0,280,1720,3320,4720,494,1308,2541,3981,400,0,0,1.0,0.97,0,0,0,0,1,0,0
1,52.0,0,263,1363,1363,16,58,107,161,45,0,0,0.07,0.2,0,0,0,0,0,0,1
28,8.0,0,0,0,0,0,0,0,0,1,0,0,0.79,0.78,0,0,0,0,1,0,0
14,8.0,1,0,4,12,1,4,12,20,0,0,0,0.82,0.78,0,0,0,0,1,0,0
2,12.0,0,0,0,0,0,0,0,0,1,0,0,0.78,0.78,0,0,0,0,1,0,0
0,8.0,0,66,95,95,0,0,0,0,13,0,0,0.77,0.65,0,1,0,1,1,0,1
0,8.0,0,5,8,11,6,10,10,14,1,0,0,0.98,0.98,0,0,0,0,1,0,1
6,8.0,0,7,7,7,2,4,7,13,0,0,0,0.82,0.78,0,0,0,0,1,0,0
0,8.0,0,12,12,12,4,5,5,9,3,0,0,0.97,0.93,0,0,0,0,1,0,1
4,8.0,0,36,36,36,6,15,22,41,6,0,0,0.78,0.88,0,0,0,0,1,0,1
0,2.0,0,75,96,96,0,0,0,0,0,0,70,0.24,0.31,0,1,0,1,1,0,1
7,8.0,0,11,22,33,2,11,18,28,1,0,0,0.74,0.76,0,0,0,0,1,0,1
1,8.0,0,15,25,37,5,12,18,26,1,0,0,0.73,0.52,0,0,0,0,1,0,1
31,8.0,0,0,0,0,0,0,1,3,0,0,0,1.0,0.99,0,0,0,0,1,0,0
7,3.0,0,0,5,5,4,6,8,13,0,0,0,0.98,0.98,0,0,0,0,1,0,1
2,2.0,0,14,14,14,9,17,24,24,0,0,4,0.24,0.28,0,1,0,0,1,0,1
69,8.0,1,41,89,89,13,37,74,128,30,0,0,0.93,0.89,0,0,0,0,1,0,0
0,9.0,0,5,7,7,0,0,0,0,0,0,1,0.68,0.66,0,1,0,1,1,0,0
0,4.0,0,7,8,8,0,0,0,0,0,0,0,0.73,0.78,0,0,0,0,1,0,0
63,8.0,0,31,67,112,12,48,93,135,27,0,0,0.81,0.89,0,0,0,0,1,0,0
8,12.0,0,38,76,116,13,33,70,93,2,0,0,0.51,0.51,0,0,0,0,1,0,1
2,16.0,0,0,0,0,0,0,2,3,1,0,0,0.38,0.44,0,1,0,0,1,0,0
5,2.0,0,0,0,0,0,0,0,0,0,0,0,0.59,0.61,0,1,0,0,1,0,0
32,2.0,0,0,0,0,2,2,3,3,2,0,0,0.32,0.27,0,0,0,0,1,0,0
4,2.0,0,1,4,6,0,1,3,7,0,0,0,0.93,0.87,0,0,0,0,1,0,0
225,10.0,0,0,0,0,2,4,15,24,5,0,0,0.89,0.9,0,0,0,0,1,0,0
11,9.0,0,0,0,0,0,0,0,0,0,0,0,0.94,0.79,0,0,0,0,1,0,0
4,2.0,0,0,0,0,0,0,0,1,0,0,0,0.76,0.78,0,1,0,0,1,0,1
0,8.0,0,9,12,15,4,12,17,28,6,0,0,1.0,0.99,0,0,0,0,1,0,1
69,8.0,12,36,120,228,33,80,128,233,12,0,0,0.55,0.4,0,0,0,0,1,0,0
0,8.0,0,12,21,32,0,0,0,0,0,0,0,0.85,0.87,0,0,0,0,1,0,1
149,12.0,0,6,6,6,3,11,17,22,5,0,0,0.61,0.58,0,0,0,0,1,0,0
15,12.0,0,0,0,0,3,9,14,19,1,0,0,0.78,0.78,0,0,0,0,1,0,0
16,4.0,0,0,0,0,0,0,0,0,0,0,0,0.73,0.78,0,0,0,0,1,0,0
2,8.0,0,0,0,0,0,0,0,0,2,0,0,0.67,0.69,0,0,0,0,1,0,0
150,2.0,0,0,0,0,0,0,10,10,2,0,0,0.67,0.68,0,1,0,0,1,0,0
7,8.0,0,335,513,658,48,137,325,555,51,0,0,0.02,0.12,3,0,0,1,1,0,1
6,8.0,0,4,6,6,2,2,6,10,1,0,0,0.95,0.96,0,0,0,0,1,0,0
2,8.0,0,7,17,17,3,8,14,19,0,0,0,0.94,0.97,0,0,0,0,1,0,1
8,9.0,4,40,40,40,2,7,17,26,0,0,40,0.85,0.82,0,1,0,0,0,0,0
5,8.0,0,15,23,39,5,15,30,50,0,0,0,0.91,0.95,0,0,0,0,1,0,1
0,8.0,0,0,0,0,0,0,0,0,0,0,0,0.97,0.98,0,1,0,0,1,0,0
-8,2.0,0,66,66,66,8,10,10,10,4,0,0,0.27,0.39,8,1,0,0,1,0,1
13,12.0,0,0,0,0,0,0,0,0,1,0,0,0.58,0.58,0,1,0,0,1,0,0
61,8.0,0,0,0,0,7,22,40,68,2,0,0,0.71,0.71,0,0,0,0,1,0,0
0,8.0,0,1,1,1,1,6,6,6,1,0,0,0.42,0.41,0,0,0,0,1,0,1
1,8.0,0,1,2,3,0,1,2,2,0,0,0,0.8,0.87,0,0,0,0,1,0,0
9,12.0,0,24,24,24,1,3,9,15,1,0,0,0.98,0.98,0,0,0,0,1,0,0
4,8.0,0,0,0,0,0,0,0,0,0,0,0,0.85,0.78,0,0,0,1,1,0,0
2,12.0,0,0,0,0,0,0,0,0,0,0,0,0.82,0.79,0,0,0,0,1,0,0
0,2.0,0,5,5,8,0,3,5,5,0,0,0,0.99,0.98,0,0,0,0,1,0,1
0,8.0,0,3,5,6,3,4,5,6,0,0,0,0.99,0.98,0,0,0,0,1,0,1
20,4.0,0,0,0,0,0,0,0,10,0,0,0,0.73,0.78,0,0,0,0,1,0,0
1,4.0,0,0,0,0,0,0,0,0,0,0,0,0.73,0.78,0,0,0,0,1,0,0
3,8.0,0,0,1,2,0,0,2,3,0,0,0,1.0,0.99,0,0,0,0,1,0,1
8,3.0,0,3,7,17,0,4,9,14,0,0,0,0.98,0.98,0,0,0,0,1,0,0
15,12.0,0,0,0,0,0,0,0,0,1,0,0,0.58,0.58,0,1,0,0,1,0,0
0,8.0,0,24,24,36,2,9,19,29,0,0,0,0.0,0.0,0,0,0,0,1,0,1
0,8.0,0,3,4,5,0,2,4,5,1,0,0,0.84,0.77,0,0,0,1,1,0,1
0,2.0,0,0,0,0,1,1,1,1,0,0,0,0.84,0.9,0,0,0,0,1,0,1
372,8.0,0,0,0,0,2,10,17,32,10,0,0,0.95,0.94,0,0,0,0,1,0,0
83,8.0,9,287,525,756,84,267,501,753,65,0,18,0.79,0.66,0,0,0,0,1,0,1
9,2.0,0,0,0,0,0,0,0,0,0,0,0,1.0,1.0,0,1,0,0,1,0,0
177,8.0,35,258,515,809,85,311,598,883,64,0,0,0.99,0.99,0,0,0,0,1,0,0
0,8.0,0,10,10,10,0,2,6,9,4,0,0,0.0,0.0,0,0,0,0,1,0,1
-2,8.0,0,12,12,12,0,0,0,2,2,0,0,0.02,0.12,2,0,0,1,1,0,1
17,4.0,0,0,7,14,5,14,14,23,5,0,0,0.79,0.66,0,0,0,0,1,0,1
10,12.0,13,56,96,136,8,44,102,134,31,0,0,0.97,0.89,0,0,0,0,1,0,0
38,8.0,0,0,0,0,0,2,2,2,1,0,0,0.71,0.59,0,0,0,1,1,0,0
0,8.0,0,7,9,9,26,26,28,35,2,0,0,0.37,0.36,0,0,0,0,1,0,1
58,4.0,0,0,0,28,11,25,63,108,1,0,0,0.93,0.94,0,0,0,0,1,0,0
0,8.0,0,3,4,5,1,3,4,4,0,0,0,0.98,0.96,0,0,0,0,1,0,1
5,2.0,2,97,157,247,23,29,51,74,9,0,0,0.2,0.54,0,0,0,0,1,0,1
6,8.0,7,14,21,35,5,11,21,31,3,0,0,0.87,0.89,0,0,0,0,1,0,1
0,2.0,6,362,570,570,0,0,0,0,55,0,192,0.7,0.7,0,0,0,0,1,0,1
8,4.0,0,0,0,0,0,0,0,0,0,0,0,0.73,0.78,0,1,0,0,1,0,0
15,9.0,0,0,0,0,1,2,4,4,0,0,0,0.86,0.84,0,0,0,0,1,0,0
4,2.0,0,0,3,4,0,0,0,0,0,0,0,0.81,0.85,0,1,0,1,1,0,0
0,8.0,0,3,4,6,0,2,3,3,0,0,0,0.82,0.83,0,0,0,0,1,0,1
1,12.0,0,0,0,0,0,0,0,0,0,0,0,0.08,0.12,0,0,0,0,1,0,0
59,8.0,1,18,48,88,7,28,65,108,41,0,0,0.96,0.98,0,0,0,0,1,0,0
6,8.0,0,24,48,72,9,34,59,73,6,0,0,0.97,0.94,0,0,0,0,1,0,1
16,4.0,0,0,0,0,1,1,3,3,0,0,0,0.73,0.78,0,0,0,0,1,0,0
79,8.0,1,401,639,841,105,270,530,830,55,0,10,0.75,0.74,0,0,0,0,1,0,1
1,2.0,0,1,1,2,1,1,2,2,0,0,0,0.17,0.34,0,0,0,0,1,0,1
0,8.0,0,400,400,400,0,0,0,0,38,0,0,0.41,0.47,0,1,0,0,1,0,1
0,9.0,0,23,34,56,8,19,36,57,0,0,0,0.98,0.98,0,0,0,0,1,0,1
6,12.0,1,11,25,37,3,13,30,36,0,0,0,0.78,0.78,0,0,0,0,1,0,1
0,2.0,6,0,0,0,0,0,0,0,0,0,0,0.7,0.75,0,1,0,0,1,0,0
0,7.0,0,6,12,14,3,8,12,18,1,0,0,0.75,0.63,0,0,0,0,1,0,1
2,8.0,0,0,0,0,0,0,0,0,1,0,0,0.22,0.36,0,0,0,0,1,0,0
7,9.0,10,0,0,1,0,6,9,12,0,0,0,0.86,0.84,0,0,0,0,1,0,0
32,8.0,5,22,55,101,11,39,83,110,14,0,3,0.69,0.68,0,0,0,0,1,0,0
-1,8.0,0,6,10,18,3,14,25,31,55,0,0,0.54,0.65,1,0,0,0,1,0,1
0,8.0,0,28,28,56,3,12,28,44,0,0,0,0.95,0.91,0,0,0,0,1,0,1
3,2.0,0,0,0,0,0,0,0,0,0,0,0,0.8,0.83,0,1,0,0,1,0,0
1,4.0,0,0,0,0,0,0,0,0,0,0,0,0.88,0.92,0,0,0,0,1,0,0
2,2.0,0,0,1,2,0,0,2,4,0,0,0,0.99,0.97,0,0,0,0,1,0,1
0,12.0,0,50,50,50,0,0,0,0,1,0,0,0.63,0.63,0,1,0,0,1,0,1
0,9.0,0,17,31,43,1,4,6,11,0,0,0,0.87,0.72,0,0,0,0,1,0,1
16,12.0,0,0,0,0,0,0,0,0,1,0,0,0.58,0.58,0,1,0,0,1,0,0
220,8.0,16,109,109,109,12,271,314,358,35,0,0,1.0,0.98,0,0,0,1,1,0,0
0,12.0,0,5,8,11,2,5,5,10,0,0,0,0.82,0.79,0,0,0,1,1,0,1
49,8.0,3,25,53,88,6,23,59,99,34,0,0,0.99,0.99,0,0,0,0,1,0,0
2,8.0,0,0,0,0,0,0,0,0,0,0,0,0.8,0.83,0,0,0,0,1,0,0
29,8.0,70,205,379,522,42,155,277,430,88,0,0,0.92,0.96,4,0,0,0,1,0,0
0,3.0,0,283,463,477,0,0,1,1,64,0,0,0.99,0.99,0,0,0,0,1,0,1
119,2.0,0,12,36,60,3,5,9,9,0,0,0,1.0,0.99,0,0,0,0,1,0,0
13,2.0,0,0,0,0,2,6,15,19,2,0,0,0.85,0.92,0,0,0,0,1,0,1
15,8.0,0,0,0,0,1,6,6,7,2,0,0,0.28,0.57,0,0,0,1,1,0,1
2394,12.0,0,0,0,0,0,12,12,42,0,0,0,0.0,0.01,0,0,0,0,1,0,0
1,8.0,0,1,1,2,0,1,1,2,0,0,0,0.79,0.66,0,0,0,0,1,0,1
0,8.0,0,8,8,8,2,6,13,15,9,0,0,0.98,0.9,0,0,0,0,1,0,1
3,12.0,0,0,0,0,0,0,0,0,0,0,0,0.62,0.73,0,0,0,0,1,0,0
34,8.0,21,87,166,226,29,108,208,327,82,0,0,0.87,0.89,0,0,0,0,1,0,1
5,2.0,0,10,30,60,8,31,75,110,0,0,0,1.0,0.99,0,0,0,0,1,0,1
0,9.0,0,5,7,9,0,3,5,9,0,0,0,0.67,0.8,0,1,0,0,1,0,1
453,8.0,0,0,0,0,2,7,13,17,0,0,0,1.0,0.5,0,0,0,0,1,0,0
2,8.0,0,0,0,0,0,0,0,0,2,0,0,0.99,0.98,0,1,0,1,1,0,0
8514,8.0,0,0,0,0,18,18,43,43,154,0,0,0.98,0.91,0,0,0,0,1,0,0
0,8.0,0,5,10,11,3,5,9,13,3,0,0,0.14,0.32,0,0,0,0,1,0,1
16,8.0,1,0,0,0,0,0,5,9,0,0,0,0.98,0.98,0,0,0,0,1,0,0
208,9.0,64,0,96,192,32,108,208,308,85,0,0,0.99,0.98,0,0,0,0,1,0,0
-5,52.0,0,0,0,0,4,11,16,26,1,0,0,0.87,0.88,5,1,0,1,0,0,1
0,2.0,0,7,12,16,0,0,0,0,0,0,0,0.53,0.54,0,1,0,0,1,0,1
1,12.0,12,360,460,612,53,241,437,601,58,0,0,0.63,0.72,3,0,0,0,1,0,1
0,2.0,0,10,10,10,0,0,0,0,0,0,0,0.8,0.82,0,1,0,1,1,0,1
1,8.0,0,30,45,45,5,15,32,44,0,0,0,0.29,0.29,0,0,0,1,1,0,1
2,12.0,0,0,0,0,0,0,0,0,0,0,0,0.78,0.78,0,0,0,0,1,0,0
10,9.0,0,0,10,10,10,10,20,20,0,0,0,0.86,0.84,0,0,0,0,1,0,1
3,8.0,0,20,30,45,4,13,27,39,0,0,0,0.97,0.98,0,0,0,0,1,0,1
0,2.0,0,1,1,1,0,0,0,0,0,0,0,0.09,0.06,0,0,0,0,1,0,1
37,8.0,19,57,93,136,32,85,138,184,32,0,0,1.0,1.0,1,0,0,0,1,0,0
0,8.0,0,4,4,6,1,2,4,4,0,0,0,0.84,0.83,0,0,0,0,1,0,1
69,8.0,6,404,604,804,105,290,580,862,93,0,100,0.56,0.69,0,0,0,0,1,0,1
7,4.0,0,0,0,0,0,0,0,0,0,0,0,0.73,0.78,0,0,0,0,1,0,0
222,8.0,59,252,588,756,96,288,579,905,93,0,0,0.99,0.98,0,0,0,0,1,0,0
0,2.0,1,6,9,12,5,7,10,10,0,0,0,0.97,0.94,0,1,0,0,1,0,1
96,2.0,0,0,0,0,0,0,0,0,0,0,0,0.99,0.97,0,0,0,0,1,0,0
0,2.0,2,14,21,28,12,17,22,34,1,0,0,0.98,0.96,0,0,0,0,1,0,1
1,8.0,0,0,0,0,0,2,3,3,2,0,0,0.99,0.97,0,1,0,0,1,0,0
2,9.0,0,0,0,0,0,0,0,0,0,0,0,0.99,0.98,0,0,0,0,1,0,0
-57,9.0,0,438,536,683,175,272,370,535,29,0,0,0.52,0.41,57,0,0,0,1,0,1
0,2.0,0,40,40,40,1,1,1,1,3,0,0,0.27,0.12,0,1,0,1,1,0,1
16,8.0,0,0,0,0,0,3,8,15,0,0,0,0.95,0.89,0,0,0,0,1,0,0
294,2.0,208,418,819,1407,218,1080,1789,2428,203,0,0,0.89,0.94,0,0,0,0,1,0,0
7,2.0,0,1,1,1,6,21,22,22,2,0,0,0.99,0.9,0,1,0,0,1,0,1
4,8.0,0,5,9,15,4,8,12,20,2,0,0,0.37,0.42,0,0,0,0,1,0,1
4,8.0,0,0,0,0,0,0,1,1,0,0,0,0.93,0.95,0,0,0,0,1,0,0
3,2.0,0,0,0,10,3,3,3,3,0,0,0,0.99,0.98,0,0,0,0,1,0,1
-3,8.0,1,78,125,180,11,53,106,171,14,0,0,0.37,0.54,3,0,0,0,1,0,1
0,9.0,0,2,3,4,0,2,2,2,0,0,0,1.0,0.99,0,0,0,0,1,0,1
3,8.0,0,0,0,0,0,0,0,2,0,0,0,0.84,0.77,0,0,0,0,1,0,1
40,8.0,0,41,73,97,27,69,97,158,19,0,0,0.37,0.36,0,0,0,0,1,0,1
31,8.0,0,0,0,0,0,2,2,3,0,0,0,0.98,0.98,0,0,0,0,1,0,0
12,8.0,0,28,60,96,7,24,56,69,0,0,0,0.98,0.98,0,0,0,0,1,0,0
98,12.0,0,0,0,0,0,0,0,0,0,0,0,0.94,0.87,0,0,0,0,1,0,0
1,8.0,0,15,25,33,4,12,18,28,2,0,0,0.93,0.94,0,0,0,0,1,0,1
10,12.0,0,0,0,0,0,0,1,2,0,0,0,0.62,0.73,0,0,0,0,1,0,0
364,4.0,220,419,779,1109,116,359,741,1094,70,0,13,0.73,0.78,0,0,0,0,1,0,0
0,2.0,0,4,4,6,3,5,8,13,0,0,0,0.99,0.82,0,0,0,0,1,0,1
0,2.0,0,14,24,38,6,21,49,67,0,0,0,0.97,0.98,0,0,0,0,1,0,0
81,2.0,0,0,0,0,7,12,16,22,0,0,0,0.89,0.82,0,1,0,0,1,0,1
12,2.0,0,12,24,36,7,17,31,42,0,0,0,0.82,0.75,0,0,0,0,1,0,1
61,14.0,0,60,60,120,8,32,68,92,18,0,0,0.99,0.99,0,0,0,0,1,0,0
100,4.0,84,104,188,258,43,122,208,309,26,0,0,0.73,0.78,0,0,0,0,1,0,0
14,8.0,0,0,14,22,4,11,30,46,2,0,0,0.84,0.87,0,0,0,0,1,0,0
16,2.0,0,0,0,0,0,0,0,0,1,0,0,0.93,0.94,0,0,0,0,1,0,1
20,4.0,0,0,0,0,0,0,0,0,0,0,0,0.73,0.78,0,0,0,0,1,0,0
3,2.0,1,8,12,20,6,15,20,32,2,0,0,0.98,0.96,0,0,0,0,1,0,1
5,8.0,0,9,9,18,5,12,21,24,4,0,0,0.88,0.92,0,0,0,0,1,0,1
222,12.0,3,0,0,75,7,33,127,215,12,0,0,0.98,0.95,0,0,0,1,1,0,0
4,8.0,0,17,26,35,1,9,18,29,0,0,0,0.76,0.84,0,0,0,0,1,0,0
-1,12.0,0,20,20,30,0,3,10,25,50,0,0,0.73,0.69,1,0,0,0,1,0,1
0,8.0,0,24,24,36,8,13,26,38,1,0,0,0.5,0.35,0,0,0,0,1,0,1
0,12.0,1,4,7,10,1,3,5,8,0,0,0,0.82,0.79,0,0,0,0,1,0,1
0,9.0,0,4,5,7,0,1,4,4,0,0,0,0.69,0.68,0,0,0,1,1,0,1
726,8.0,0,600,600,600,0,0,0,0,0,0,0,-99.0,-99.0,0,0,0,0,1,0,0
8,4.0,0,0,0,0,1,1,1,1,1,0,0,0.35,0.54,0,1,0,1,1,0,0
2,2.0,0,1,3,4,0,0,2,5,0,0,0,0.78,0.82,0,0,0,0,1,0,1
0,9.0,0,3,5,6,1,2,2,2,0,0,0,0.68,0.66,0,0,0,0,1,0,1
152,8.0,0,0,0,0,7,24,56,95,0,0,0,1.0,1.0,0,0,0,0,1,0,1
177,8.0,27,168,336,420,98,307,590,917,64,0,0,0.83,0.86,0,0,0,0,1,0,0
32,4.0,0,30,30,30,16,55,96,157,0,0,0,0.73,0.78,0,0,0,0,1,0,0
0,2.0,0,6,26,26,0,0,0,0,1,0,0,0.95,0.97,0,0,0,0,1,0,0
17,4.0,0,0,0,0,0,0,0,0,2,0,0,0.35,0.54,0,1,0,0,1,0,0
8,8.0,4,30,45,75,16,41,75,94,1,0,0,0.9,0.86,0,0,0,1,1,0,1
393,13.0,27,720,1280,1840,105,369,1074,1812,380,0,0,0.62,0.69,0,0,0,0,1,0,0
1,2.0,0,2,2,2,3,6,8,8,1,0,0,0.7,0.66,0,0,0,0,1,0,1
0,2.0,0,1,1,1,0,0,1,1,0,0,0,0.0,0.0,0,1,0,0,1,0,1
1,3.0,0,6,10,14,3,3,7,7,0,0,0,0.98,0.98,0,0,0,0,1,0,0
5,8.0,0,0,0,0,0,0,0,0,0,0,0,0.8,0.83,0,1,0,0,1,0,0
37,8.0,10,0,0,0,0,2,5,17,0,0,0,0.97,0.97,0,0,0,0,1,0,0
20,12.0,0,0,0,0,0,0,0,0,1,0,0,0.63,0.63,0,1,0,0,1,0,0
6,8.0,0,30,60,90,3,14,21,31,0,0,0,0.97,0.96,0,0,0,0,1,0,1
991,8.0,2,0,0,0,1,49,395,548,29,0,0,0.87,0.91,0,0,0,0,1,0,0
7,8.0,0,6975,11925,16875,0,0,0,0,0,0,638,0.88,0.91,0,0,0,0,1,0,1
538,4.0,0,0,0,0,10,10,10,13,0,0,0,0.77,0.8,0,0,0,0,1,0,0
46,8.0,1,160,160,160,6,24,41,60,26,0,0,1.0,0.99,0,0,0,0,1,0,0
0,4.0,0,271,451,523,1,4,10,11,18,0,2,0.79,0.66,0,0,0,1,1,0,1
-17,12.0,30,256,408,544,86,189,312,447,46,0,0,0.56,0.47,25,0,0,0,1,0,1
23,12.0,0,0,0,0,2,3,9,13,2,0,0,0.93,0.96,0,1,0,1,1,0,0
13776,13.0,0,0,0,0,0,8,32,32,1,0,0,1.0,0.93,0,0,0,0,1,0,0
-101,2.0,0,262,262,262,0,104,104,114,25,0,60,0.0,0.0,101,1,0,0,1,0,1
0,8.0,0,3,4,6,1,2,3,3,0,0,0,0.86,0.88,0,0,0,0,1,0,1
6,0.0,0,0,0,0,0,0,0,0,1,0,0,0.0,0.0,0,0,0,0,0,0,0
0,2.0,0,54,54,54,0,0,0,0,0,0,0,1.0,0.98,0,1,0,1,1,0,1
20469,8.0,0,5003,5003,5003,0,0,0,7,0,0,0,0.5,0.66,0,0,0,0,1,0,0
0,2.0,0,6,7,7,0,0,0,0,0,0,0,0.71,0.75,0,1,0,0,1,0,0
0,8.0,0,4,6,8,1,4,5,6,0,0,0,0.48,0.39,0,0,0,1,1,0,1
223,8.0,2,300,600,900,145,316,517,790,74,0,0,0.99,0.99,0,0,0,0,1,0,0
610,2.0,0,0,0,0,2,11,16,18,1,0,0,0.93,0.96,0,1,0,1,1,0,0
24,4.0,0,0,0,0,0,2,15,25,0,0,0,0.82,0.87,0,1,0,0,1,0,0
2020,12.0,140,0,0,2000,113,344,760,1387,256,0,0,1.0,0.98,0,0,0,0,1,0,0
12,8.0,0,22,40,58,11,25,52,79,0,0,0,0.98,0.99,0,0,0,0,1,0,0
18,4.0,10,10,30,30,0,10,51,73,0,0,0,0.77,0.8,0,0,0,0,1,0,0
4,2.0,1,0,0,0,0,0,0,0,0,0,0,0.93,0.96,0,1,0,1,1,0,0
2,8.0,0,0,0,0,0,0,0,0,1,0,0,0.96,0.97,0,0,0,1,1,0,0
258,8.0,0,288,576,888,115,338,697,1037,48,0,0,0.98,0.98,0,0,0,1,1,0,0
0,8.0,0,3,4,6,1,2,3,3,0,0,0,0.86,0.88,0,0,0,0,1,0,1
0,2.0,10,0,0,0,3,3,3,3,0,0,0,0.78,0.82,0,1,0,0,1,0,0
10,3.0,0,0,0,0,1,3,8,8,1,0,0,0.95,0.97,0,1,0,0,1,0,0
18,8.0,0,0,0,0,0,1,2,3,2,0,0,1.0,0.98,0,0,0,0,1,0,0
0,9.0,1,15,22,29,2,8,14,19,4,0,0,0.54,0.47,0,0,0,0,1,0,1
6,8.0,15,362,586,747,35,191,402,632,40,0,11,0.51,0.53,2,0,0,1,1,0,1
5,8.0,7,0,0,0,2,5,8,12,0,0,0,0.85,0.78,0,0,0,0,1,0,0
40,5.0,0,442,442,442,161,341,763,1296,160,0,0,0.1,0.17,0,0,0,0,1,0,1
17,8.0,0,0,0,0,0,0,0,0,0,0,0,0.92,0.95,0,0,0,0,1,0,0
0,8.0,0,10,15,15,2,7,12,17,7,0,0,0.97,0.97,0,0,0,0,1,0,1
2,2.0,0,3,7,9,1,3,6,10,0,0,0,0.93,0.87,0,0,0,0,1,0,1
14,2.0,0,0,0,0,0,0,5,5,0,0,0,0.99,0.98,0,1,0,0,1,0,1
4,2.0,0,0,0,1,1,2,4,4,0,0,0,0.8,0.82,0,0,0,1,1,0,0
6,4.0,0,0,0,0,0,0,2,3,2,0,0,0.73,0.78,0,0,0,0,1,0,0
24,8.0,0,0,0,0,0,0,0,0,0,0,0,0.97,0.97,0,0,0,0,1,0,0
3,8.0,0,0,0,0,0,0,0,0,1,0,0,0.37,0.36,0,0,0,0,1,0,0
1,8.0,0,8,8,8,3,8,11,13,0,0,0,0.42,0.36,0,0,0,0,1,0,1
-1,4.0,0,43,43,43,4,9,9,9,0,0,0,0.59,0.62,1,1,0,1,1,0,1
2,8.0,0,7,9,12,3,5,11,20,0,0,0,0.72,0.77,0,0,0,0,1,0,1
9,8.0,3,0,0,2,1,3,5,9,1,0,0,0.96,0.98,0,0,0,0,1,0,0
0,2.0,0,11,20,24,0,0,0,0,0,0,0,0.64,0.67,0,1,0,1,1,0,1
3,4.0,0,0,0,0,0,0,0,0,0,0,0,0.73,0.78,0,0,0,1,1,0,0
11,2.0,0,0,0,0,0,0,0,0,1,0,0,0.99,0.96,0,0,0,1,1,0,1
14,2.0,30,30,60,90,8,21,23,24,5,0,0,0.85,0.8,0,1,0,1,1,0,0
22,9.0,0,0,0,0,0,2,2,2,0,0,0,0.85,0.82,0,0,0,0,1,0,0
3,8.0,0,0,0,0,0,0,0,0,0,0,0,0.8,0.75,0,0,0,0,1,0,0
0,12.0,0,7,9,13,0,3,6,8,0,0,0,0.82,0.79,0,0,0,0,1,0,1
556,8.0,0,225,675,900,110,433,968,1513,135,0,0,0.99,0.99,0,0,0,0,1,0,0
0,8.0,0,15,21,23,4,6,11,16,0,0,0,0.82,0.88,0,0,0,0,1,0,1
0,8.0,0,11,11,11,0,2,5,5,0,0,6,0.0,0.22,0,0,0,0,1,0,1
2,8.0,0,0,0,0,0,0,0,0,1,0,0,0.96,0.97,0,0,0,0,1,0,0
18,2.0,0,0,0,0,2,2,9,11,1,0,0,1.0,0.99,0,1,0,0,1,0,0
4,16.0,0,0,0,0,0,0,0,0,0,0,0,0.44,0.46,0,0,0,0,1,0,0
10,8.0,0,54,117,173,17,55,107,152,0,0,0,0.97,0.97,0,0,0,0,1,0,0
167,2.0,9,82,164,287,55,164,303,459,62,0,0,0.99,0.99,0,0,0,0,1,0,0
115,8.0,0,0,200,200,20,51,96,135,37,0,0,0.9,0.87,0,0,0,0,1,0,0
-1,2.0,0,4,5,6,7,7,11,15,2,0,0,0.0,0.0,1,0,0,0,1,0,1
27,3.0,0,54,108,162,27,74,115,166,0,0,0,0.94,0.9,0,0,0,0,1,0,1
11,2.0,7,108,158,243,21,69,159,197,10,0,0,0.44,0.44,1,0,0,1,1,0,1
3,2.0,0,0,2,4,2,4,4,4,0,0,0,0.88,0.92,0,1,0,0,1,0,1
1,13.0,0,3,6,8,2,4,5,7,0,0,0,0.82,0.81,0,0,0,0,1,0,1
0,8.0,0,5,7,7,0,0,0,0,0,0,1,0.42,0.36,0,1,0,0,1,0,0
0,2.0,0,2107,3061,3493,6,766,766,767,662,0,0,0.98,0.99,6,0,0,0,0,0,1
-4,8.0,0,181,285,379,38,127,232,349,51,0,11,0.37,0.4,9,0,0,0,1,0,1
15,8.0,5,16,36,56,11,29,51,76,8,0,0,0.81,0.89,0,0,0,0,1,0,1
56,8.0,0,0,0,0,1,3,12,26,20,0,0,0.89,0.93,0,0,0,0,1,0,0
19,4.0,0,68,124,164,23,73,120,191,0,0,0,0.11,0.08,0,0,0,0,1,0,1
11,8.0,0,62,94,126,12,38,64,108,0,0,0,0.98,0.98,0,0,0,0,1,0,1
62,8.0,0,0,45,45,11,27,53,85,12,0,0,0.82,0.89,0,0,0,0,1,0,0
232,8.0,0,0,0,0,0,0,0,0,30,0,0,0.98,0.96,0,0,0,0,1,0,0
0,4.0,0,50,94,132,0,0,0,0,1,0,0,1.0,0.98,0,0,0,0,1,0,1
8,12.0,3,1,1,1,0,0,0,0,1,0,1,0.63,0.63,0,1,0,0,1,0,0
0,8.0,0,36,56,56,8,13,17,30,0,0,0,0.17,0.33,0,0,0,0,1,0,1
17,9.0,0,0,0,0,0,0,0,0,0,0,0,0.85,0.83,0,0,0,0,1,0,0
1,8.0,0,1,3,4,1,2,3,4,1,0,0,0.83,0.86,0,0,0,0,1,0,1
5,8.0,5,20,35,45,3,13,20,35,0,0,0,0.99,0.99,0,0,0,0,1,0,0
5,2.0,0,0,0,0,0,0,0,0,0,0,0,0.83,0.66,0,0,0,0,1,0,0
0,8.0,0,15,20,25,0,2,6,13,0,0,0,0.0,0.0,0,0,0,0,1,0,1
4,8.0,0,0,0,0,1,1,1,2,0,0,0,0.71,0.49,0,0,0,0,1,0,0
10,2.0,1,12,32,68,10,25,48,70,0,0,0,0.89,0.91,0,0,0,0,1,0,1
7,12.0,0,0,0,0,0,1,2,4,2,0,0,0.78,0.78,0,0,0,0,1,0,0
13,8.0,4,27,43,59,5,23,35,58,0,0,0,0.95,0.8,0,0,0,1,1,0,0
41,4.0,0,1,1,1,0,0,0,0,0,0,0,0.73,0.78,0,0,0,1,1,0,0
2,8.0,0,1,1,2,4,8,11,22,0,0,0,0.84,0.87,0,0,0,0,1,0,1
0,12.0,0,900,4800,6000,0,0,0,0,1800,0,0,0.0,0.03,0,1,0,1,0,0,0
99,2.0,0,0,0,0,0,1,1,1,1,0,0,1.0,0.2,0,0,0,1,1,0,0
722,8.0,0,0,0,0,3,17,26,36,2,0,0,0.9,0.9,0,0,0,0,1,0,0
4,8.0,0,38,67,100,12,29,50,77,8,0,0,0.92,0.84,1,0,0,0,1,0,1
254,8.0,0,0,0,0,0,0,0,0,0,0,0,1.0,1.0,0,0,0,0,1,0,0
-8,8.0,0,730,1030,1330,82,303,696,1176,260,0,0,0.88,0.91,14,0,0,0,1,0,1
0,2.0,0,636,636,636,0,0,0,0,0,0,0,-99.0,-99.0,0,0,0,0,1,0,1
3,4.0,0,200,200,200,4,21,41,60,2,0,0,0.92,0.97,0,1,0,0,0,0,1
0,2.0,0,0,0,2,0,1,3,7,3,0,0,1.0,0.99,0,0,0,0,0,0,1
14,8.0,0,100,200,200,63,168,192,192,34,0,0,0.12,0.65,0,0,0,0,1,0,1
0,2.0,0,3,3,3,0,0,0,0,1,0,0,0.24,0.14,0,1,0,0,1,0,1
0,9.0,0,22,42,62,6,18,28,38,4,0,0,0.69,0.68,0,0,0,0,1,0,1
1,2.0,0,0,0,0,0,0,0,0,0,0,0,0.7,0.79,0,0,0,0,1,0,0
2,4.0,0,0,0,0,0,0,0,0,0,0,0,0.73,0.78,0,0,0,0,1,0,0
132,8.0,16,416,676,980,137,318,500,661,129,0,0,0.0,0.0,0,1,0,1,1,0,1
12,8.0,0,17,73,101,7,51,86,131,5,0,0,0.79,0.76,0,0,0,1,1,0,1
4,8.0,0,0,0,0,1,1,2,3,2,0,0,0.85,0.78,0,0,0,0,1,0,0
0,12.0,0,93,172,271,0,0,0,0,0,0,0,0.82,0.79,0,0,0,0,1,0,1
78,2.0,64,66,132,132,1,1,1,1,17,0,0,0.99,0.99,0,1,0,0,1,0,0
-4,8.0,1,1699,2367,3739,442,1502,2949,3607,464,0,0,0.65,0.67,9,0,0,1,1,0,1
0,8.0,0,16,32,44,2,8,20,24,3,0,0,0.84,0.77,0,0,0,0,1,0,1
50,12.0,50,0,0,0,0,0,0,0,1,0,0,0.58,0.58,0,1,0,0,1,0,0
277,14.0,1,0,0,91,10,77,189,258,29,0,0,0.68,0.69,0,0,0,1,1,0,0
9,14.0,0,0,0,0,0,0,0,0,0,0,0,0.89,0.9,0,0,0,0,1,0,0
0,2.0,0,3,4,5,2,3,4,7,0,0,0,0.99,0.97,0,0,0,0,1,0,1
8,4.0,0,0,0,0,4,4,5,5,0,0,0,0.73,0.78,0,1,0,0,1,0,0
31,2.0,0,0,0,50,1,8,10,24,2,0,0,0.83,0.91,0,0,0,0,1,0,0
0,8.0,0,6,6,6,0,1,4,9,0,0,0,0.17,0.33,0,0,0,0,1,0,1
0,2.0,0,6,12,18,0,0,0,0,0,0,0,0.78,0.78,0,0,0,0,1,0,1
2,4.0,0,0,0,0,0,0,0,1,0,0,0,0.73,0.78,0,1,0,0,1,0,0
6,4.0,0,0,4,8,0,2,4,6,0,0,0,0.85,0.88,0,0,0,0,1,0,1
31,2.0,4,0,0,0,12,49,86,108,17,0,0,0.91,0.93,0,0,0,1,1,0,0
12,2.0,0,0,0,0,0,0,0,0,0,0,0,0.53,0.54,0,1,0,0,1,0,0
0,2.0,0,7,8,11,3,3,4,7,0,0,0,0.97,0.98,0,0,0,1,1,0,1
-1,8.0,0,9,9,14,2,5,13,18,0,0,0,0.97,0.98,0,0,0,0,1,0,1
2,8.0,0,0,2,3,2,5,7,9,2,0,0,0.42,0.46,0,0,0,1,1,0,1
-6,8.0,13,343,585,818,141,349,601,842,66,0,16,0.69,0.68,44,0,0,0,1,0,1
1,8.0,0,1,3,4,3,3,5,8,1,0,0,0.83,0.71,0,0,0,0,1,0,1
11,4.0,0,15,40,55,9,24,73,94,10,0,0,0.86,0.91,0,0,0,0,1,0,1
1,8.0,0,18,28,38,9,15,24,36,1,0,0,0.98,0.99,0,0,0,0,1,0,1
1,9.0,0,0,0,0,1,1,1,1,0,0,0,0.68,0.66,0,0,0,1,1,0,0
12,13.0,0,12,12,12,1,6,10,15,0,0,0,0.8,0.82,0,0,0,0,1,0,0
10,8.0,0,0,0,4,4,10,27,34,0,0,0,0.91,0.92,0,0,0,0,1,0,0
105,8.0,15,50,115,180,37,166,191,231,32,0,0,0.91,0.93,0,0,0,1,1,0,1
4,8.0,0,7,12,17,4,8,16,27,0,0,0,0.79,0.87,0,0,0,0,1,0,0
0,4.0,0,4,4,4,0,0,1,3,1,0,0,0.69,0.68,0,0,0,1,1,0,1
1,12.0,0,29,53,78,9,26,48,59,0,0,0,0.83,0.86,0,0,0,0,1,0,1
5,8.0,0,0,0,0,0,0,0,0,0,0,0,0.56,0.46,0,0,0,0,1,0,0
2,12.0,0,0,0,0,0,0,0,0,0,0,0,0.73,0.76,0,1,0,0,1,0,0
0,8.0,0,5,7,9,4,8,9,17,0,0,0,0.8,0.92,0,0,0,0,1,0,1
0,2.0,3,3,6,10,0,5,10,11,0,0,0,0.96,0.94,0,0,0,0,1,0,1
12,8.0,0,0,0,0,0,0,1,1,0,0,0,1.0,0.93,0,0,0,0,1,0,1
13,8.0,0,10,20,35,3,9,22,32,0,0,0,0.94,0.97,0,0,0,0,1,0,0
2627,8.0,1740,0,2040,4080,591,2108,4348,6763,619,0,0,0.95,0.94,0,0,0,0,1,0,0
-2,12.0,0,104,154,224,18,63,129,180,17,0,10,0.78,0.78,2,0,0,0,1,0,1
8,8.0,52,623,1031,1542,137,475,846,1113,94,0,2,0.79,0.66,7,0,0,0,1,0,1
9,2.0,0,47,71,95,9,24,40,58,4,0,0,0.42,0.36,0,0,0,0,1,0,1
24,8.0,0,0,0,0,0,7,9,9,0,0,0,0.99,0.94,0,0,0,0,1,0,0
1,8.0,0,12,18,18,5,8,10,18,0,0,0,1.0,1.0,0,0,0,0,1,0,1
0,2.0,0,44,44,68,0,0,0,0,1,0,0,1.0,1.0,0,0,0,0,1,0,1
16,8.0,0,0,0,0,0,0,1,1,0,0,0,0.07,0.24,0,1,0,1,1,0,0
51,2.0,50,40,80,160,26,73,130,131,28,0,0,0.96,0.97,0,0,0,0,1,0,0
254,9.0,0,0,0,0,0,0,0,0,2,0,0,0.99,0.98,0,0,0,0,1,0,0
25,2.0,0,0,0,0,1,5,9,9,2,0,0,0.99,0.99,0,0,0,1,1,0,1
24,8.0,0,3456,3456,3456,10,39,68,93,7,0,0,1.0,0.95,1,0,0,1,1,0,1
1,8.0,0,1,1,1,0,1,1,2,0,0,1,0.79,0.66,0,0,0,0,1,0,1
8,2.0,0,0,0,0,0,1,2,4,0,0,0,0.96,0.91,0,0,0,0,1,0,0
43,2.0,64,161,311,476,84,262,411,499,31,0,0,1.0,0.95,0,0,0,1,1,0,0
1,12.0,0,7,7,7,0,0,6,7,0,0,0,0.78,0.78,0,0,0,1,1,0,1
378,8.0,58,338,646,954,111,413,1134,1644,141,0,0,0.53,0.54,0,0,0,1,1,0,0
17,8.0,0,0,0,0,1,4,6,11,4,0,0,1.0,1.0,0,1,0,0,1,0,0
0,5.0,0,14,23,25,0,0,0,0,0,0,0,0.68,0.69,0,1,0,1,1,0,1
9,2.0,0,0,0,4,0,5,10,11,5,0,0,1.0,0.99,0,0,0,0,1,0,0
0,8.0,0,14,25,33,4,10,18,30,0,0,4,0.79,0.66,0,0,0,0,1,0,0
5,9.0,0,0,0,0,0,0,0,0,0,0,0,0.69,0.68,0,0,0,0,1,0,0
38,2.0,0,0,12,24,6,23,40,42,4,0,0,1.0,0.85,0,1,0,0,1,0,0
30,2.0,210,0,0,0,0,0,0,0,22,0,0,0.35,0.73,0,1,0,1,1,0,0
1,2.0,0,20,30,40,7,10,19,31,0,0,0,0.98,0.95,0,0,0,1,1,0,1
30,8.0,0,0,0,0,0,2,2,3,2,0,0,-99.0,-99.0,0,1,0,0,1,0,0
4,12.0,0,0,1,2,0,1,4,5,0,0,0,0.94,0.94,0,0,0,0,1,0,0
7,8.0,0,0,0,0,0,0,2,3,0,0,0,0.93,0.96,0,0,0,0,1,0,0
85,8.0,32,33,69,87,10,55,108,173,80,0,0,1.0,0.99,0,0,0,0,1,0,0
98,8.0,0,0,0,0,0,0,2,2,0,0,0,0.8,0.88,0,0,0,1,1,0,0
0,0.0,0,25,49,59,0,0,0,0,5,0,0,0.0,0.0,0,0,0,0,0,0,1
12,2.0,0,12,36,60,7,13,30,48,0,0,0,0.98,0.95,0,0,0,1,1,0,1
6,2.0,28,0,0,0,12,23,23,23,0,0,0,0.26,0.32,0,1,0,0,1,0,1
59,8.0,0,0,0,0,0,0,0,0,0,0,0,0.44,0.66,0,0,0,0,1,0,0
3,8.0,0,391,391,391,5,15,24,40,0,0,0,0.51,0.53,0,1,0,0,1,0,1
13,8.0,0,0,0,0,2,6,8,11,0,0,0,0.97,0.98,0,0,0,0,1,0,0
36,8.0,0,0,0,0,6,8,13,23,3,0,0,0.58,0.17,0,0,0,0,0,0,1
102,8.0,5,0,100,100,17,54,94,147,28,0,0,1.0,0.99,0,0,0,0,1,0,0
10,12.0,0,0,0,0,0,0,0,0,1,0,0,0.58,0.58,0,1,0,0,1,0,0
2,8.0,0,11,22,28,1,5,12,25,2,0,0,1.0,0.96,0,0,0,0,1,0,1
1,8.0,0,10,12,20,2,8,9,12,3,0,0,0.86,0.88,0,0,0,0,1,0,1
149,8.0,1,0,100,100,15,48,115,207,22,0,0,0.98,0.99,0,0,0,0,1,0,0
0,2.0,0,34,52,52,0,0,0,0,0,0,0,0.93,0.93,0,0,0,0,1,0,1
55,12.0,109,81,241,366,60,189,383,646,88,0,0,0.1,0.16,0,0,0,0,1,0,0
12,2.0,0,0,0,0,0,0,0,80,1,0,0,0.98,0.99,0,1,0,0,1,0,0
0,8.0,0,0,0,0,0,0,0,0,0,0,0,-99.0,0.66,0,0,0,0,1,0,0
13,8.0,0,0,0,0,0,0,0,0,2,0,0,0.71,0.75,0,0,0,0,1,0,0
3,2.0,0,0,0,0,0,0,0,0,0,0,0,0.76,0.77,0,1,0,0,1,0,0
2,12.0,0,0,1,1,0,1,1,2,0,0,0,0.78,0.78,0,0,0,0,1,0,0
14,12.0,49,159,290,422,49,133,253,355,49,0,0,0.51,0.51,0,0,0,0,1,0,1
2,4.0,0,0,0,0,0,0,0,0,0,0,0,0.73,0.78,0,0,0,0,1,0,0
1200,2.0,0,0,300,600,532,568,587,12610,63,0,0,0.5,0.66,0,0,0,1,1,0,1
0,8.0,0,0,0,0,0,0,0,0,1,0,0,0.7,0.73,0,0,0,1,1,0,0
2,8.0,0,25,25,50,3,13,20,28,2,0,0,0.97,0.97,0,0,0,0,1,0,1
0,8.0,0,0,0,0,0,0,0,0,0,0,0,0.97,0.98,0,0,0,0,1,0,0
0,12.0,0,4,5,7,2,3,5,7,2,0,0,0.87,0.93,0,0,0,0,1,0,1
0,2.0,0,1,1,1,0,0,1,1,0,0,0,0.09,0.06,0,0,0,0,1,0,1
0,16.0,13,13,39,52,5,25,38,50,3,0,0,0.38,0.44,0,0,0,0,1,0,1
7,4.0,0,0,0,0,0,0,0,0,0,0,0,0.73,0.78,0,0,0,0,1,0,0
0,2.0,0,352,442,442,0,0,2,2,62,0,0,0.88,0.74,0,0,0,0,1,0,1
1,3.0,0,48,83,125,12,29,44,54,0,0,0,0.99,0.98,0,1,0,0,1,0,1
-21,8.0,0,36,36,36,0,0,0,16,0,0,0,0.84,0.89,21,0,0,1,1,0,1
55,9.0,0,0,0,0,0,0,0,0,0,0,0,0.98,0.98,0,0,0,0,1,0,0
14,2.0,0,46,46,46,5,10,10,10,1,0,0,0.99,0.98,0,0,0,0,1,0,1
2,8.0,0,0,0,0,0,0,0,0,0,0,0,0.73,0.77,0,0,0,0,1,0,0
73,8.0,0,0,0,0,0,4,5,6,2,0,0,0.98,0.94,0,0,0,0,1,0,0
97,15.0,66,0,35,70,11,38,74,103,32,0,0,0.84,0.71,0,0,0,0,1,0,0
0,12.0,0,6,6,6,0,1,7,9,1,0,0,0.82,0.79,0,0,0,0,1,0,1
64,2.0,0,242,442,622,53,172,244,244,52,0,0,0.94,0.97,0,0,0,0,1,0,1
7,2.0,0,0,0,0,2,7,7,7,0,0,0,0.56,0.56,0,1,0,0,1,0,0
6,8.0,0,0,0,0,0,0,0,0,0,0,0,0.99,0.98,0,0,0,0,1,0,0
38,8.0,9,28,64,100,12,34,77,123,17,0,3,0.82,0.78,0,0,0,0,1,0,0
79,2.0,1,30,86,122,21,70,131,177,23,0,0,0.97,0.92,0,0,0,0,1,0,0
11,2.0,0,0,5,5,2,4,12,19,0,0,0,1.0,0.99,0,0,0,0,1,0,0
44,8.0,0,0,0,0,0,0,0,0,0,0,0,0.19,0.16,0,0,0,0,1,0,0
-8,2.0,0,66,66,66,9,10,10,10,4,0,0,0.27,0.39,8,1,0,0,1,0,1
0,8.0,0,7,12,15,4,7,23,28,1,0,0,0.07,0.33,0,0,0,0,1,0,1
0,8.0,0,3,5,6,1,2,4,8,0,0,0,0.97,0.98,0,0,0,1,1,0,1
1,8.0,0,0,0,0,0,0,0,0,0,0,0,0.8,0.82,0,0,0,1,1,0,0
236,8.0,71,938,1378,1698,278,770,1403,2265,387,0,60,0.61,0.57,0,0,0,1,1,0,1
10,2.0,1,12,27,42,4,29,48,66,4,0,0,0.99,0.97,0,0,0,0,1,0,1
685,8.0,0,0,0,0,7,31,87,160,44,0,0,1.0,0.98,0,0,0,1,1,0,0
4,8.0,0,9,24,24,5,10,13,20,2,0,0,1.0,0.98,0,0,0,0,1,0,1
16,8.0,0,0,0,0,2,8,11,15,0,0,0,0.34,0.53,0,0,0,0,1,0,0
0,12.0,0,7,17,22,9,18,27,44,0,0,0,0.98,0.98,0,0,0,0,1,0,1
0,8.0,0,13,23,33,8,21,36,51,0,0,0,0.97,0.94,0,0,0,0,1,0,1
100,8.0,0,0,0,0,0,0,0,0,0,0,0,1.0,1.0,0,0,0,0,1,0,0
3,2.0,0,8,8,8,0,0,0,0,0,0,0,0.98,0.99,0,0,0,0,1,0,0
1,2.0,0,0,0,0,3,3,3,3,0,0,0,0.9,0.88,0,1,0,0,1,0,1
7,8.0,0,0,0,0,0,3,9,13,2,0,0,0.99,0.99,0,0,0,0,1,0,0
9,8.0,40,410,565,800,264,567,720,979,150,0,0,0.91,0.93,14,0,0,0,1,0,1
9,0.0,0,0,0,0,0,0,0,0,1,0,0,0.0,0.0,0,0,0,0,0,0,0
7,8.0,0,0,0,0,0,0,0,1,0,0,0,0.79,0.66,0,0,0,0,1,0,1
15,8.0,0,0,0,0,0,0,0,0,1,0,0,0.95,0.96,0,0,0,0,1,0,0
110,4.0,70,80,160,240,20,93,156,286,0,0,0,0.73,0.78,0,0,0,1,1,0,0
0,2.0,0,25,25,25,0,0,0,0,1,0,0,0.85,0.76,0,1,0,0,1,0,1
-3,8.0,0,18,24,35,5,16,28,34,0,0,0,0.79,0.66,3,0,0,0,1,0,1
0,2.0,0,14,14,14,0,0,0,0,1,0,0,0.65,0.37,0,1,0,0,1,0,1
12,4.0,0,17,34,68,7,22,39,71,0,0,0,0.99,0.98,0,0,0,0,1,0,1
39,2.0,0,7,42,77,5,35,80,116,0,0,0,0.73,0.81,0,0,0,0,1,0,1
1,2.0,0,12,20,28,6,14,21,31,0,0,0,0.93,0.94,0,0,0,0,1,0,1
0,8.0,0,48,95,95,0,0,0,0,11,0,0,0.68,0.38,0,1,0,1,0,0,1
8,4.0,0,35,53,71,11,21,40,70,0,0,0,0.99,0.98,0,0,0,0,1,0,1
29,8.0,1,291,291,291,23,486,516,542,129,0,0,0.12,0.65,0,0,0,0,1,0,1
0,8.0,0,22,40,52,5,10,29,42,0,0,0,0.87,0.84,0,0,0,0,1,0,1
11,3.0,0,0,0,0,0,0,4,6,3,0,0,0.75,0.63,0,0,0,0,1,0,0
256,2.0,0,0,0,0,5,12,26,40,0,0,0,0.99,0.97,0,0,0,0,1,0,0
22,8.0,9,1241,2069,3509,387,1221,2217,2949,249,0,0,0.64,0.67,57,0,0,0,1,0,1
83,52.0,0,0,0,0,0,0,0,0,0,0,0,0.92,0.88,0,1,0,0,0,0,0
66,10.0,362,1638,3138,4638,509,1708,3024,4047,247,0,0,0.37,0.6,28,0,0,0,1,0,1
8,12.0,0,0,0,0,1,5,8,13,2,0,0,0.78,0.78,0,1,0,0,1,0,0
76,2.0,4,49,103,162,4,11,11,11,12,0,0,0.99,0.99,0,0,0,0,1,0,0
0,5.0,0,16,16,16,1,1,1,1,0,0,0,0.64,0.67,0,1,0,1,1,0,1
0,17.0,0,0,0,0,0,0,0,0,0,0,0,1.0,0.99,0,0,0,0,0,0,0
15,8.0,1,36,60,100,10,41,73,98,14,0,0,0.89,0.92,0,0,0,0,1,0,1
1,12.0,0,21,31,47,3,17,26,38,0,0,0,0.98,0.98,0,0,0,0,1,0,1
5,8.0,0,0,0,0,0,0,1,1,0,0,0,-99.0,-99.0,0,1,0,1,1,0,0
52,12.0,0,0,0,0,0,0,0,0,0,0,0,0.93,0.88,0,0,0,0,1,0,0
0,9.0,0,2,3,4,0,1,2,2,0,0,1,0.7,0.66,0,0,0,0,1,0,1
1,2.0,0,0,0,2,2,2,2,3,1,0,0,0.76,0.78,0,0,0,0,1,0,1
1458,4.0,0,0,0,0,2,52,72,83,3,0,0,0.97,0.91,0,0,0,0,1,0,0
29,9.0,0,0,0,0,0,0,0,0,0,0,0,0.85,0.82,0,0,0,0,1,0,0
0,2.0,0,75,75,75,0,1,6,6,11,0,0,0.37,0.42,0,0,0,0,1,0,1
13,8.0,0,0,4,12,2,7,17,62,3,0,0,0.95,0.95,0,0,0,0,1,0,1
10,12.0,0,0,0,0,0,0,0,0,1,0,0,0.48,0.48,0,1,0,0,1,0,0
11,8.0,0,0,0,0,0,6,10,13,0,0,0,1.0,0.94,0,0,0,0,1,0,0
0,2.0,0,35,45,45,0,0,0,0,0,0,0,0.0,0.0,0,0,0,0,1,0,1
3,2.0,0,0,0,0,0,0,1,1,0,0,0,0.8,0.82,0,1,0,0,1,0,1
1,15.0,0,2,3,3,0,3,4,12,11,0,0,1.0,0.96,0,0,0,0,0,0,1
7,8.0,0,0,0,0,0,0,0,1,1,0,0,0.95,0.97,0,0,0,0,1,0,0
2,12.0,0,0,0,0,0,0,0,0,0,0,0,0.78,0.78,0,0,0,0,1,0,0
0,8.0,0,0,0,0,0,0,0,0,0,0,0,0.94,0.92,0,0,0,0,1,0,0
13,8.0,0,146,254,326,20,67,159,242,33,0,0,0.05,0.12,1,0,0,1,1,0,1
-2,12.0,0,51,75,108,8,45,77,120,22,0,0,0.96,0.88,2,0,0,0,1,0,1
1,2.0,0,11,22,31,9,9,9,9,0,0,0,0.97,0.92,0,0,0,0,1,0,1
2,12.0,0,0,0,1,0,1,1,1,0,0,0,0.63,0.72,0,0,0,0,1,0,0
72,12.0,0,0,0,0,70,91,91,91,0,0,0,0.77,0.79,0,0,0,0,1,0,1
7,12.0,0,22,38,55,8,18,31,55,1,0,0,0.76,0.73,0,0,0,0,1,0,1
12,8.0,0,0,0,0,116,301,508,752,1,0,0,0.99,0.99,0,0,0,0,1,0,0
24,8.0,0,0,0,0,0,0,1,1,2,0,0,0.83,0.83,0,0,0,1,1,0,0
26,8.0,0,0,0,0,1,2,3,6,0,0,0,0.6,0.43,0,0,0,0,1,0,0
-2,2.0,8,148,300,484,40,136,272,342,0,0,0,0.61,0.62,2,0,0,0,1,0,1
0,8.0,0,1,1,3,5,12,14,17,0,0,0,0.98,0.97,0,0,0,0,1,0,1
11,8.0,0,20,28,36,6,17,32,47,8,0,0,0.81,0.8,0,0,0,0,1,0,1
5,2.0,0,0,0,0,0,0,2,2,0,0,0,0.99,0.99,0,0,0,0,1,0,0
2,8.0,0,18,38,58,4,20,38,54,3,0,0,0.69,0.71,0,0,0,0,1,0,1
50,12.0,50,0,0,0,0,0,0,0,1,0,0,0.58,0.58,0,1,0,0,1,0,0
1,9.0,0,19,34,54,3,12,31,38,1,0,8,0.68,0.66,0,0,0,0,1,0,1
3,8.0,0,36,64,100,13,34,65,91,0,0,0,0.96,0.94,0,0,0,0,1,0,1
-42,8.0,0,574,754,970,109,394,610,949,98,0,36,0.4,0.43,42,0,0,0,1,0,1
10,8.0,0,0,0,0,0,0,0,0,0,0,0,0.99,0.99,0,1,0,0,1,0,0
10,4.0,0,11,11,11,0,1,1,1,1,0,0,0.73,0.78,0,1,0,0,1,0,0
1414,4.0,0,0,0,0,22,32,54,576,4,0,0,0.0,0.33,0,0,0,0,1,0,0
2,8.0,0,14,17,23,1,7,9,14,0,0,0,0.42,0.36,0,0,0,0,1,0,1
10,8.0,0,0,0,0,0,0,0,0,0,0,0,0.8,0.83,0,0,0,0,1,0,0
918,8.0,0,0,0,0,1,4,9,12,2,0,0,-99.0,-99.0,0,0,0,0,1,0,0
10,9.0,0,0,0,0,0,0,0,0,0,0,0,0.68,0.66,0,0,0,1,1,0,0
3,12.0,0,0,0,0,0,0,0,0,0,0,0,0.82,0.79,0,0,0,0,1,0,0
71,8.0,2,63,63,63,18,37,89,139,21,0,0,0.9,0.9,0,0,0,0,1,0,0
25,8.0,0,0,0,0,0,2,4,6,3,0,0,1.0,1.0,0,0,0,0,1,0,0
1900,8.0,680,988,2560,2786,0,0,0,0,0,0,0,0.06,0.16,0,0,0,0,1,0,0
1,8.0,0,0,0,0,0,0,0,0,0,0,0,0.18,0.31,0,0,0,0,1,0,0
4,2.0,0,0,0,0,0,0,0,0,1,0,0,0.0,0.33,0,1,0,0,1,0,0
241,12.0,6,29,29,87,39,97,229,487,40,0,0,0.9,0.72,0,0,0,0,1,0,0
9,8.0,0,0,0,0,0,0,0,0,1,0,0,1.0,0.91,0,0,0,0,1,0,0
1,9.0,0,3,6,8,1,3,5,6,1,0,0,0.99,0.96,0,0,0,0,1,0,1
2609,2.0,14,0,0,0,47,126,216,320,71,0,0,0.21,0.24,0,0,0,1,1,0,0
57,6.0,0,0,0,0,3,3,5,7,8,0,0,0.78,0.78,0,0,0,0,1,0,0
3,2.0,0,1,1,1,2,6,8,8,0,0,0,0.99,0.99,0,1,0,0,1,0,1
4,8.0,0,0,0,0,0,0,0,0,1,0,0,1.0,0.94,0,0,0,0,1,0,0
50,2.0,0,0,0,0,0,0,100,100,1,0,0,0.76,0.87,0,0,0,0,1,0,0
2,2.0,0,10,10,20,2,7,11,18,0,0,0,0.77,0.81,0,0,0,0,1,0,1
1,8.0,0,52,73,94,6,19,48,79,23,0,0,0.83,0.86,0,0,0,0,1,0,1
2,12.0,0,21,21,27,4,12,32,46,1,0,0,0.44,0.38,0,0,0,0,1,0,1
20,8.0,0,0,0,0,0,0,0,0,2,0,0,0.99,0.99,0,0,0,1,1,0,0
9,8.0,0,0,0,0,0,0,3,6,2,0,0,0.98,0.99,0,0,0,0,1,0,0
1,12.0,0,84,132,180,60,146,171,235,0,0,0,0.63,0.72,0,0,0,0,1,0,1
19,2.0,0,11,11,11,12,12,12,12,0,0,0,0.9,0.89,0,1,0,0,1,0,1
-21,6.0,0,1275,2100,2700,379,885,1758,2741,291,0,0,0.79,0.66,29,0,0,0,1,0,1
0,8.0,0,3,4,6,2,3,4,6,0,0,0,0.8,0.82,0,0,0,0,1,0,1
0,6.0,0,66,132,176,13,68,137,207,22,0,22,0.73,0.76,0,0,0,0,1,0,1
1,14.0,0,27,27,33,3,11,19,28,2,0,0,0.41,0.45,0,0,0,0,1,0,1
0,8.0,0,17,35,44,12,20,28,40,1,0,0,0.73,0.77,0,0,0,0,1,0,1
77,8.0,0,106,190,246,40,111,207,326,132,0,0,0.95,0.95,0,0,0,0,1,0,0
0,2.0,0,7,9,9,0,0,0,0,1,0,0,0.65,0.37,0,0,0,0,1,0,1
0,2.0,0,10,14,14,0,0,1,1,1,0,1,0.53,0.54,0,1,0,0,1,0,1
15,8.0,0,18,36,36,6,16,26,33,2,0,0,0.67,0.39,0,0,0,0,1,0,1
34,8.0,0,0,0,0,0,0,0,2,0,0,0,-99.0,-99.0,0,1,0,0,1,0,0
0,2.0,0,5,5,8,0,2,5,5,0,0,3,0.99,0.98,0,0,0,0,1,0,1
14,0.0,0,0,0,0,0,0,0,0,0,0,0,0.0,0.0,0,0,0,0,0,0,0
8,9.0,0,0,4,8,3,5,8,14,0,0,0,0.98,0.98,0,0,0,0,1,0,0
13,8.0,0,0,0,0,0,1,6,12,0,0,0,0.99,0.99,0,0,0,0,1,0,0
4,2.0,0,0,0,10,2,2,3,6,2,0,0,1.0,0.88,0,0,0,0,1,0,1
48,2.0,0,0,0,0,0,0,0,0,0,0,0,0.68,0.64,0,0,0,0,1,0,0
53,0.0,11,30,66,108,11,48,74,107,18,0,0,0.0,0.0,0,0,0,0,0,0,0
0,8.0,0,2,3,5,1,2,3,3,1,0,0,0.84,0.83,0,0,0,0,1,0,1
4,8.0,0,25,25,25,6,15,29,57,0,0,0,0.93,0.91,0,0,0,0,1,0,1
2,8.0,0,12,18,24,2,5,14,17,2,0,6,0.78,0.74,0,0,0,0,1,0,0
2,8.0,0,0,0,0,9,10,14,16,0,0,0,0.94,0.97,0,0,0,0,1,0,1
1,8.0,0,12,24,24,14,23,35,46,11,0,0,1.0,0.91,0,0,0,0,1,0,1
42,8.0,0,0,0,0,4,5,7,23,0,0,0,0.91,0.63,0,0,0,0,1,0,0
3,9.0,0,8,13,15,5,9,10,13,5,0,0,0.69,0.68,0,0,0,0,1,0,1
0,8.0,0,7,13,17,2,8,12,18,0,0,0,0.69,0.69,0,0,0,0,1,0,1
1,2.0,8,1,17,33,3,16,29,46,0,0,0,0.97,0.92,0,0,0,0,1,0,0
351,3.0,7,0,0,0,10,32,69,162,42,0,0,0.5,0.39,0,0,0,0,1,0,0
0,12.0,0,8,11,14,0,2,5,10,0,0,0,0.78,0.78,0,0,0,0,1,0,1
155,9.0,3,60,200,300,52,133,261,421,29,0,0,0.5,0.39,0,0,0,0,1,0,1
-1,8.0,5,70,91,126,6,24,51,88,36,0,0,0.0,0.27,1,0,0,0,1,0,1
422,8.0,0,0,0,0,0,17,22,40,0,0,0,1.0,0.84,0,0,0,1,1,0,0
171,9.0,0,30,97,134,31,96,217,329,11,0,0,0.85,0.83,0,0,0,0,1,0,0
84,8.0,36,0,27,54,11,38,78,115,20,0,0,0.79,0.89,0,0,0,0,1,0,0
3,8.0,1,28,49,73,4,14,35,47,0,0,0,0.97,0.98,0,0,0,0,1,0,1
1,8.0,0,0,0,0,0,0,0,0,1,0,0,0.96,0.97,0,0,0,0,1,0,0
0,2.0,0,500,500,500,0,0,0,0,0,0,0,0.68,0.85,0,1,0,0,1,0,0
0,8.0,0,0,0,0,0,0,0,0,0,0,0,0.99,0.99,0,0,0,0,1,0,0
18,8.0,0,0,0,0,1,2,7,10,0,0,0,0.27,0.21,0,0,0,0,1,0,0
12,8.0,0,12,12,12,1,11,21,31,7,0,0,1.0,1.0,0,0,0,0,1,0,1
16,12.0,0,14,14,14,8,9,10,30,5,0,0,0.93,0.89,0,0,0,0,1,0,1
3,12.0,0,0,0,0,0,0,0,0,0,0,0,0.74,0.74,0,0,0,0,1,0,0
63,2.0,0,0,0,0,0,0,1,2,1,0,0,0.98,0.99,0,0,0,0,1,0,0
3,8.0,0,0,0,0,0,0,0,0,1,0,0,0.42,0.36,0,0,0,1,1,0,0
0,4.0,0,32,40,43,0,2,2,8,0,0,0,0.79,0.66,0,0,0,0,1,0,1
3,8.0,0,0,0,0,0,1,1,2,1,0,0,0.85,0.9,0,0,0,0,1,0,0
21,12.0,0,0,0,0,0,0,9,10,0,0,0,0.76,0.78,0,0,0,0,1,0,0
5,2.0,0,0,0,0,0,0,0,0,1,0,0,0.84,0.66,0,1,0,0,1,0,0
11,8.0,0,0,0,0,0,0,4,11,1,0,0,0.97,0.93,0,0,0,0,1,0,0
3,8.0,0,19,28,46,2,9,16,27,0,0,0,0.15,0.34,0,0,0,0,1,0,1
58,9.0,0,0,0,0,1,1,1,4,1,0,0,0.96,0.96,0,0,0,1,1,0,0
13,8.0,0,294,486,678,62,164,303,450,64,0,72,0.15,0.34,0,0,0,0,1,0,1
10,12.0,0,0,0,0,0,0,0,0,0,0,0,0.74,0.74,0,0,0,0,1,0,0
39,2.0,0,0,0,0,2,4,13,18,0,0,0,1.0,0.98,0,0,0,0,1,0,0
20,3.0,0,0,0,0,0,0,0,0,0,0,0,0.98,0.98,0,0,0,0,1,0,0
3,8.0,0,4,10,16,1,4,10,14,0,0,0,0.78,0.74,0,0,0,0,1,0,1
552,8.0,117,180,360,450,114,268,550,822,170,0,0,0.5,0.66,0,0,0,0,1,0,0
0,3.0,0,854,1873,1887,2,3,3,3,91,0,0,0.49,0.72,1,0,0,1,1,0,1
14,8.0,0,0,50,50,5,9,19,27,4,0,0,0.83,0.88,0,0,0,0,1,0,0
0,2.0,0,36,36,36,0,0,0,0,1,0,0,1.0,1.0,0,1,0,0,1,0,0
7,8.0,0,0,0,0,0,0,0,0,1,0,0,0.1,0.13,0,0,0,0,1,0,0
7,9.0,0,0,0,0,0,0,1,1,0,0,0,0.99,0.98,0,0,0,0,1,0,0
3,8.0,0,1,4,6,4,5,6,6,2,0,0,0.67,0.62,0,0,0,0,1,0,1
16,9.0,0,0,0,0,0,0,3,6,0,0,0,0.91,0.77,0,0,0,0,1,0,0
14,8.0,0,14,28,42,6,13,22,36,2,0,0,0.95,0.96,0,0,0,0,1,0,1
114,8.0,21,96,192,312,24,100,206,341,40,0,0,0.99,0.99,0,0,0,0,1,0,0
1,2.0,0,0,0,2,2,2,2,3,1,0,0,0.76,0.78,0,0,0,0,1,0,1
4,8.0,0,0,2,3,1,1,3,7,1,0,0,0.94,0.97,0,0,0,0,1,0,0
0,6.0,0,5,8,9,0,0,0,0,0,0,0,0.0,0.0,0,0,0,0,1,0,1
4,8.0,0,64,64,64,9,17,32,50,0,0,0,0.0,0.0,0,0,0,0,1,0,1
9,9.0,0,0,0,0,0,0,0,0,0,0,0,0.86,0.84,0,0,0,0,1,0,0
23,0.0,0,0,0,0,0,1,3,4,1,0,0,0.0,0.0,0,0,0,1,1,0,0
2,2.0,0,2,2,2,0,0,0,0,0,0,0,0.99,0.98,0,0,0,1,1,0,0
-6,12.0,0,360,360,360,21,63,136,234,46,0,0,0.0,0.0,26,0,0,0,1,0,1
2,8.0,0,2,4,6,1,2,7,9,0,0,0,0.78,0.74,0,0,0,0,1,0,1
47,2.0,0,0,0,0,2,3,4,30,2,0,0,0.97,0.98,0,0,0,0,1,0,0
-2,8.0,48,408,744,996,136,386,636,1036,304,0,36,0.86,0.88,41,0,0,0,1,0,1
1,12.0,0,0,0,0,0,0,0,0,0,0,0,0.78,0.78,0,0,0,0,1,0,0
99,2.0,19,40,80,120,5,47,97,148,24,0,0,0.99,0.99,0,0,0,0,1,0,0
9,8.0,80,350,500,800,69,237,427,4118,23,0,0,0.82,0.91,0,0,0,0,1,0,1
-1,2.0,0,8,8,12,4,7,7,7,0,0,0,0.33,0.59,1,0,0,0,1,0,1
4,2.0,0,112,224,224,4,4,4,4,2,0,0,0.98,0.99,0,1,0,0,1,0,1
-178,8.0,1,391,441,531,42,158,356,483,100,0,2,0.09,0.09,179,1,0,0,1,0,1
132,8.0,18,420,660,870,133,320,601,928,73,0,0,0.5,0.35,0,0,0,0,1,0,0
4,3.0,0,2,10,14,0,5,7,12,0,0,0,0.99,0.98,0,0,0,0,1,0,0
49,8.0,0,0,0,0,0,2,3,3,2,0,0,0.89,0.88,0,0,0,0,1,0,0
7,9.0,0,6,18,27,1,9,19,28,6,0,0,0.58,0.44,0,0,0,0,1,0,0
5,3.0,0,200,200,300,39,103,157,186,9,0,0,0.52,0.41,0,0,0,0,1,0,1
0,2.0,0,56,107,162,0,0,0,0,0,0,0,1.0,0.99,0,1,0,1,1,0,1
3,8.0,0,0,0,0,2,4,7,14,1,0,0,0.9,0.95,0,0,0,0,1,0,1
0,2.0,0,10,10,10,0,0,0,0,0,0,0,0.48,0.53,0,1,0,1,1,0,1
2,8.0,0,2,4,6,1,3,6,7,4,0,0,1.0,1.0,0,0,0,0,1,0,0
12,2.0,0,0,0,0,0,0,0,0,2,0,0,0.99,0.9,0,1,0,0,1,0,0
18,8.0,18,0,0,6,0,14,20,32,7,0,0,0.5,0.46,0,0,0,0,1,0,0
0,2.0,0,4334,7232,7358,8,8,8,8,282,0,0,0.89,0.88,1,0,0,0,1,0,1
5,2.0,0,36,72,108,7,42,58,68,0,0,1,0.8,0.82,0,0,0,0,1,0,1
1,8.0,0,18,36,54,3,19,31,54,6,0,0,0.96,0.96,0,0,0,0,1,0,1
0,2.0,0,5,5,5,0,0,0,1,1,0,0,0.76,0.72,0,1,0,1,1,0,1
93,8.0,0,0,0,0,1,3,4,7,0,0,0,0.85,0.89,0,0,0,1,1,0,1
10,12.0,10,0,0,0,0,0,0,0,1,0,0,0.58,0.58,0,1,0,0,1,0,0
10,2.0,0,0,0,0,3,10,10,10,0,0,0,0.6,0.6,0,1,0,0,1,0,1
9,8.0,0,0,0,0,1,2,3,6,2,0,0,0.98,0.99,0,0,0,0,1,0,0
3,9.0,0,0,0,0,0,0,1,2,1,0,0,0.99,0.99,0,0,0,0,1,0,0
6,8.0,3,71,103,134,25,61,95,138,20,0,0,0.99,0.86,0,0,0,0,1,0,1
0,2.0,0,1,1,1,1,2,2,2,0,0,0,0.8,0.82,0,1,0,0,1,0,1
2,12.0,0,0,0,0,0,0,0,0,0,0,0,0.78,0.78,0,0,0,0,1,0,0
95,8.0,4,98,238,350,43,141,239,364,44,0,0,1.0,0.95,8,0,0,1,1,0,0
0,9.0,0,0,0,0,0,1,1,1,0,0,0,0.69,0.68,0,1,0,0,1,0,1
105,8.0,3,88,184,296,29,88,176,345,37,0,0,0.83,0.85,0,0,0,0,1,0,0
2,8.0,0,7,15,19,3,6,10,16,0,0,0,0.99,0.99,0,0,0,0,1,0,1
0,2.0,0,7,11,16,3,7,10,10,0,0,3,0.78,0.82,0,0,0,0,1,0,1
47,12.0,0,623,1063,1503,112,387,787,1205,92,0,0,0.88,0.86,4,0,0,1,1,0,1
0,3.0,0,30,30,30,11,28,29,29,15,0,0,0.42,0.46,0,0,0,0,1,0,1
4,10.0,0,0,0,2,1,2,5,7,0,0,0,0.77,0.85,0,0,0,0,1,0,0
7,9.0,0,0,0,0,0,0,0,0,0,0,0,0.94,0.79,0,1,0,0,1,0,0
30,8.0,0,18,18,18,0,5,7,11,1,0,0,0.88,0.92,0,0,0,0,1,0,0
0,8.0,0,5,6,6,0,0,0,3,0,0,2,0.42,0.36,0,1,0,0,1,0,1
38,4.0,0,0,0,0,0,5,17,18,3,0,0,0.04,0.1,0,1,0,0,1,0,0
0,5.0,0,19,31,34,0,0,0,0,0,0,0,0.68,0.69,0,1,0,1,1,0,1
-7,8.0,0,76,95,95,2,38,79,119,11,0,0,0.74,0.74,7,0,0,0,1,0,1
11,2.0,0,0,0,0,0,0,0,0,1,0,0,0.98,0.95,0,1,0,0,1,0,0
0,8.0,2,15,25,25,1,2,11,17,2,0,2,0.37,0.38,0,0,0,0,1,0,1
2,9.0,0,0,0,0,0,0,0,0,1,0,0,0.7,0.66,0,0,0,0,1,0,0
1,10.0,0,0,0,0,0,0,0,0,0,0,0,0.71,0.75,0,0,0,0,1,0,0
1,8.0,0,2,4,6,1,2,4,4,1,0,0,0.84,0.89,0,0,0,0,1,0,1
2,9.0,0,0,0,0,0,0,0,0,0,0,0,0.68,0.66,0,0,0,0,1,0,0
1245,52.0,84,0,0,0,17,50,99,145,21,0,0,0.97,0.97,0,1,0,0,1,0,0
12,52.0,0,0,0,0,0,2,2,4,0,0,0,0.66,0.8,0,1,0,0,0,0,0
2,9.0,0,0,1,2,0,1,2,3,0,0,0,0.94,0.9,0,0,0,0,1,0,1
12,8.0,0,24,40,56,8,18,32,61,2,0,0,0.5,0.35,0,0,0,0,1,0,1
0,9.0,0,241,241,241,0,0,0,0,0,0,0,0.92,0.83,90,0,0,0,1,0,1
705,8.0,0,0,0,0,20,24,34,60,0,0,0,0.98,0.99,0,1,0,1,1,0,0
0,8.0,0,5,7,7,0,0,0,0,0,0,1,0.42,0.36,0,1,0,0,1,0,1
2,12.0,0,17,26,35,2,12,23,37,0,0,8,0.62,0.73,0,0,0,0,1,0,1
0,8.0,0,80,116,164,18,52,97,138,13,0,12,0.53,0.54,0,0,0,1,1,0,1
0,8.0,10,0,0,0,0,1,2,2,0,0,0,1.0,0.99,0,0,0,0,1,0,0
2,12.0,0,0,0,0,0,0,0,0,0,0,0,0.63,0.72,0,0,0,1,1,0,0
4,12.0,0,0,0,0,1,1,2,2,1,0,0,0.1,0.17,0,1,0,0,1,0,1
10,3.0,0,0,0,0,0,0,0,0,1,0,0,0.03,0.1,0,0,0,0,1,0,0
44,8.0,0,0,0,0,0,1,4,7,1,0,0,0.12,0.65,0,0,0,0,1,0,0
176,9.0,0,0,0,0,0,72,146,226,26,0,0,0.91,0.74,0,0,0,0,1,0,0
8,2.0,0,15,20,25,25,25,25,25,0,0,0,0.99,0.97,0,1,0,0,1,0,0
5,9.0,0,0,0,0,0,0,0,0,0,0,0,0.68,0.66,0,0,0,0,1,0,0
1,8.0,0,3,6,9,1,4,5,5,1,0,0,0.91,0.82,0,0,0,0,1,0,0
2,9.0,0,0,0,0,0,0,0,0,0,0,0,0.99,0.98,0,0,0,1,1,0,0
41,8.0,0,0,38,38,11,24,36,56,0,0,0,0.91,0.96,0,0,0,0,1,0,0
525,8.0,79,291,651,1011,260,558,985,1593,169,0,0,0.99,0.98,0,0,0,0,1,0,0
6,14.0,4,32,64,100,15,37,66,90,14,0,0,0.68,0.69,0,0,0,0,1,0,1
139,8.0,74,55,55,55,11,270,314,358,22,0,0,1.0,0.98,0,0,0,1,1,0,0
0,2.0,0,87,87,87,0,0,8,8,0,0,0,0.87,0.71,8,1,0,0,1,0,0
3,8.0,0,0,0,0,0,0,0,0,1,0,0,0.96,0.97,0,0,0,0,1,0,0
398,9.0,179,385,910,1330,226,663,1300,1956,182,0,0,0.95,0.89,0,0,0,0,1,0,0
0,8.0,0,15,22,29,4,12,16,23,3,0,0,0.99,0.97,0,0,0,0,1,0,1
11,8.0,0,0,0,0,0,0,1,1,0,0,0,0.98,0.99,0,0,0,0,1,0,0
0,2.0,0,15,15,15,3,7,14,16,0,0,0,0.77,0.91,0,0,0,0,1,0,1
6,2.0,0,0,0,5,1,2,9,15,0,0,0,0.98,0.97,0,1,0,0,1,0,1
2,12.0,0,0,0,0,0,0,0,0,0,0,0,0.63,0.72,0,0,0,0,1,0,0
2,2.0,0,0,0,1,0,0,1,2,0,0,0,0.96,0.91,0,0,0,1,1,0,1
0,2.0,0,11,17,19,0,0,0,0,0,0,0,0.5,0.34,0,0,0,0,1,0,1
1,8.0,0,15,30,40,1,4,22,37,0,0,0,0.8,0.82,0,0,0,0,1,0,1
316,8.0,0,300,800,1320,0,20,522,751,0,0,0,0.69,0.68,0,0,0,0,1,0,0
57,8.0,0,0,0,0,3,8,10,12,0,0,0,-99.0,0.5,0,0,0,0,1,0,0
31,8.0,0,0,0,0,0,0,0,1,0,0,0,0.73,0.79,0,0,0,0,1,0,0
83,2.0,35,421,822,1295,130,168,204,249,41,0,23,0.69,0.68,0,0,0,0,1,0,1
1,8.0,0,29,29,35,5,6,17,26,0,0,0,0.99,0.97,0,0,0,0,1,0,1
7,9.0,0,89,149,218,17,58,74,74,0,0,0,0.99,0.98,0,1,0,1,1,0,1
2,8.0,0,0,0,0,0,0,3,3,2,0,0,0.78,0.74,0,1,0,1,1,0,0
1,12.0,0,8,8,8,0,3,7,12,3,0,4,0.78,0.78,0,0,0,0,1,0,1
419,8.0,0,0,0,0,8,27,61,92,6,0,0,0.9,0.95,0,0,0,0,1,0,0
7,8.0,0,26,51,61,5,15,27,49,8,0,18,0.3,0.3,0,0,0,0,1,0,1
72,8.0,0,26,52,52,5,29,49,153,27,0,0,0.9,0.93,0,0,0,0,1,0,0
7,10.0,0,0,0,0,0,0,0,0,0,0,0,0.99,0.98,0,0,0,1,1,0,0
38,8.0,20,30,60,90,6,35,64,104,19,0,0,0.8,0.82,0,0,0,0,1,0,0
116,9.0,0,0,0,0,6,17,35,47,5,0,0,0.98,0.98,0,0,0,0,1,0,0
47,8.0,0,0,0,0,0,0,0,0,0,0,0,0.96,0.96,0,1,0,0,1,0,0
0,4.0,0,32,42,45,1,2,2,8,0,0,0,0.79,0.66,0,0,0,0,1,0,1
7,8.0,0,9,21,42,16,39,68,94,10,0,0,0.91,0.95,0,0,0,0,1,0,1
83,9.0,0,0,28,56,20,88,255,352,0,0,0,0.91,0.77,0,0,0,0,1,0,0
15,8.0,0,0,0,0,0,1,1,1,3,0,0,1.0,0.98,0,1,0,0,1,0,0
4,12.0,0,1,3,3,0,1,2,2,0,0,0,0.78,0.78,0,1,0,0,1,0,0
0,6.0,0,12,24,30,2,8,9,18,0,0,0,0.82,0.79,0,0,0,1,1,0,1
24,8.0,21,130,208,232,27,126,254,417,36,0,0,0.38,0.38,0,0,0,0,1,0,0
270,2.0,197,294,539,735,84,279,498,711,93,0,0,0.79,0.83,0,0,0,0,1,0,0
60,2.0,0,0,0,0,0,0,0,0,0,0,0,0.98,0.99,0,1,0,0,1,0,0
0,8.0,0,65,98,131,9,31,70,96,37,0,0,0.29,0.34,2,0,0,0,1,0,1
0,8.0,0,9,14,19,0,2,8,15,0,0,0,0.39,0.62,0,0,0,0,1,0,1
0,2.0,0,16,16,16,0,0,0,0,0,0,0,0.78,0.76,0,1,0,0,1,0,1
0,8.0,24,0,0,0,4,15,21,27,0,0,0,0.78,0.74,0,1,0,0,1,0,1
8,2.0,0,50,50,50,17,40,48,50,1,0,0,-99.0,0.0,0,1,0,0,1,0,1
-7,8.0,130,181,245,245,43,124,348,595,9,0,0,0.28,0.57,7,0,0,0,1,0,0
1,8.0,0,3,6,6,1,3,5,7,1,0,0,0.84,0.89,0,0,0,0,1,0,1
5,8.0,0,0,0,0,0,0,0,0,0,0,0,0.83,0.78,0,0,0,0,1,0,0
0,3.0,0,16,16,16,3,4,9,10,0,0,0,0.98,0.99,0,0,0,0,1,0,1
9,2.0,0,0,0,0,0,0,0,2,0,0,0,0.93,0.96,0,1,0,0,1,0,0
10,4.0,0,0,0,0,0,1,2,2,0,0,0,0.73,0.78,0,0,0,0,1,0,0
39,4.0,0,0,0,0,3,6,12,21,0,0,0,0.77,0.8,0,0,0,0,1,0,1
-223,8.0,3,1539,2386,3079,200,682,1431,2230,107,0,0,0.15,0.15,229,0,0,1,1,0,1
2,12.0,0,2,3,5,1,3,4,6,0,0,0,0.87,0.59,0,0,0,0,1,0,1
4,12.0,0,0,0,0,0,0,0,0,0,0,0,0.73,0.69,0,0,0,0,1,0,0
0,12.0,0,15,19,27,3,8,11,19,0,0,0,0.73,0.76,0,0,0,0,1,0,1
2,9.0,0,0,0,0,0,0,0,0,0,0,0,0.69,0.68,0,0,0,0,1,0,0
16,2.0,0,0,0,0,0,0,0,0,1,0,0,1.0,0.95,0,0,0,0,1,0,1
-2,8.0,0,45,77,111,1,22,34,67,0,0,0,0.66,0.78,2,0,0,0,1,0,1
5,12.0,0,0,0,0,0,0,0,0,1,0,0,0.74,0.74,0,0,0,1,1,0,0
0,12.0,0,0,0,0,0,0,0,0,0,0,0,0.63,0.72,0,0,0,1,1,0,0
0,2.0,0,102,138,138,0,0,0,0,0,0,0,0.93,0.8,0,1,0,0,1,0,1
1,52.0,0,0,0,0,0,0,0,0,0,0,0,0.52,0.41,0,1,0,0,1,0,0
0,8.0,0,6,8,10,5,6,10,13,0,0,0,0.51,0.45,0,0,0,0,1,0,1
1,12.0,0,0,0,0,0,0,0,0,0,0,0,0.99,0.99,0,0,0,0,1,0,0
1,8.0,0,6,6,12,2,4,5,6,0,0,0,0.91,0.89,0,0,0,0,1,0,1
12,12.0,0,0,0,2,1,3,4,10,0,0,0,0.78,0.78,0,0,0,0,1,0,0
807,2.0,0,0,0,0,67,134,241,347,318,0,0,0.21,0.24,0,0,0,1,1,0,0
-1,8.0,0,174,174,231,4,54,175,231,30,0,9,0.66,0.64,2,0,0,0,1,0,1
1879,2.0,1332,3680,8320,13600,1653,5748,9513,12646,1371,0,0,0.71,0.71,0,0,0,0,1,0,0
5,8.0,0,0,0,0,0,0,0,0,1,0,0,0.42,0.36,0,0,0,0,1,0,0
2,8.0,0,8,8,10,2,9,10,12,0,0,0,0.46,0.35,0,0,0,0,1,0,1
0,8.0,0,0,0,0,0,0,0,0,0,0,0,0.97,0.95,0,0,0,0,1,0,0
-54,8.0,0,3000,4200,5400,585,1725,2779,4383,523,0,200,0.1,0.1,65,1,0,1,1,0,1
4,12.0,0,0,0,0,0,0,0,0,0,0,0,1.0,0.99,0,0,0,0,1,0,0
3,8.0,0,0,0,0,0,0,0,0,0,0,0,0.79,0.87,0,0,0,0,1,0,0
0,4.0,0,5,7,7,0,0,0,0,0,0,0,0.79,0.67,0,1,0,0,1,0,1
3,2.0,0,3,3,3,0,0,0,0,1,0,0,0.84,0.66,0,1,0,1,1,0,0
3,2.0,0,2,3,3,0,0,0,0,0,0,0,0.05,0.24,0,1,0,1,1,0,1
0,8.0,0,1,2,2,0,1,2,2,1,0,0,1.0,0.97,0,0,0,0,1,0,1
63,9.0,0,0,0,15,8,18,43,67,0,0,0,0.86,0.84,0,0,0,0,1,0,0
389,2.0,210,887,1767,2655,291,892,1659,2396,228,0,0,0.99,0.99,0,0,0,0,1,0,0
304,8.0,0,0,0,0,0,0,0,0,2,0,0,1.0,0.7,0,0,0,0,1,0,0
14,12.0,0,0,0,0,0,0,0,0,0,0,0,0.57,0.7,0,1,0,0,1,0,0
38,2.0,0,0,0,0,0,1,2,4,0,0,0,0.68,0.64,0,0,0,0,1,0,0
8,4.0,0,0,0,0,0,0,0,0,0,0,0,0.73,0.78,0,1,0,0,1,0,0
10,2.0,0,0,0,0,0,0,0,0,0,0,0,0.99,0.95,0,1,0,0,1,0,0
13,12.0,0,0,0,0,0,0,0,0,1,0,0,0.48,0.48,0,1,0,0,1,0,0
111,8.0,26,286,682,1006,109,361,734,1165,635,0,48,0.84,0.86,0,0,0,0,1,0,0
0,2.0,0,5,8,8,0,0,0,0,0,0,0,0.37,0.36,0,1,0,1,1,0,1
4,8.0,0,8,8,8,1,5,13,21,2,0,3,0.5,0.75,0,0,0,0,1,0,1
7,2.0,0,0,0,0,0,0,0,0,1,0,0,0.82,0.81,0,1,0,0,1,0,0
0,2.0,0,17,17,17,0,0,0,0,1,0,0,0.0,0.2,0,1,0,0,1,0,1
1,3.0,4,0,0,0,2,4,11,14,1,0,0,0.94,0.97,0,0,0,0,1,0,1
0,8.0,0,0,0,0,0,0,0,0,0,0,0,0.92,0.94,0,0,0,0,1,0,0
4,12.0,0,0,0,0,0,0,0,0,0,0,0,0.74,0.74,0,0,0,1,1,0,0
36,12.0,0,0,0,0,0,0,0,3,0,0,0,0.77,0.73,0,0,0,0,1,0,0
16,9.0,0,0,0,0,0,0,0,0,0,0,0,0.85,0.82,0,0,0,0,1,0,0
1,2.0,0,0,18,18,1,6,11,14,0,0,0,1.0,1.0,0,0,0,0,1,0,1
0,9.0,0,2,3,4,0,2,2,2,0,0,0,1.0,0.99,0,0,0,0,1,0,1
-3,8.0,67,173,173,173,70,155,178,200,39,0,0,1.0,0.97,70,0,0,0,1,0,1
62,4.0,0,0,0,0,9,14,15,15,1,0,0,0.73,0.78,0,1,0,0,1,0,0
2,2.0,0,0,0,0,1,3,6,6,0,0,0,0.98,0.95,0,1,0,0,1,0,1
0,8.0,0,6,8,12,0,0,0,0,0,0,1,0.96,0.96,0,0,0,0,1,0,1
2,8.0,0,3,6,9,4,7,10,16,0,0,0,0.99,0.99,0,0,0,0,1,0,1
4,8.0,0,0,0,1,1,2,2,6,0,0,0,0.75,0.74,0,0,0,0,1,0,0
20,2.0,0,0,0,0,0,0,0,0,0,0,0,0.68,0.64,0,0,0,0,1,0,0
0,8.0,0,8,16,28,5,21,28,36,2,0,0,0.74,0.7,0,0,0,1,1,0,1
19,2.0,0,0,0,0,0,2,6,14,0,0,0,0.97,0.98,0,1,0,0,1,0,0
0,2.0,0,6,7,7,0,0,0,0,0,0,6,0.56,0.56,0,1,0,0,1,0,1
0,8.0,0,12,12,12,3,4,4,8,3,0,0,0.97,0.93,0,0,0,0,1,0,1
22244,8.0,0,0,0,0,0,0,0,0,0,0,0,1.0,1.0,0,0,0,0,1,0,0
176,8.0,0,100,200,400,40,166,334,462,56,0,0,1.0,1.0,0,0,0,0,1,0,0
5,8.0,0,0,0,0,1,1,2,4,1,0,0,0.99,0.99,0,0,0,0,1,0,1
4,8.0,0,12,24,24,5,9,16,21,0,0,0,0.99,0.99,0,0,0,1,1,0,1
0,8.0,0,20,30,40,5,18,30,48,0,0,5,0.82,0.81,0,0,0,0,1,0,1
29,8.0,0,0,0,0,0,2,3,4,0,0,0,1.0,1.0,0,0,0,1,1,0,0
1,2.0,0,3,5,8,1,2,9,13,0,0,1,0.21,0.38,0,0,0,0,1,0,1
13,8.0,0,112,112,212,43,67,98,150,18,0,0,0.0,0.0,0,0,0,0,1,0,1
24,8.0,0,150,250,350,18,125,211,307,24,0,0,1.0,0.99,0,0,0,0,1,0,0
5,8.0,0,0,0,0,0,0,0,1,1,0,0,0.42,0.41,0,0,0,0,1,0,0
19,4.0,0,25,39,55,12,17,37,64,0,0,0,0.77,0.8,0,0,0,0,1,0,1
0,12.0,0,6,6,6,0,2,3,6,0,0,0,0.56,0.46,0,1,0,1,1,0,1
2,8.0,0,10,15,25,1,6,14,18,3,0,0,0.92,0.95,0,0,0,0,1,0,1
12,0.0,0,0,0,0,0,0,0,0,1,0,0,0.0,0.0,0,0,0,0,0,0,0
0,2.0,0,2,2,2,0,0,0,0,0,0,2,0.8,0.82,0,1,0,1,1,0,0
10,2.0,0,0,6,10,3,7,22,29,1,0,0,0.85,0.76,0,0,0,0,1,0,1
100,12.0,0,30,90,162,23,77,136,194,29,0,0,0.74,0.63,0,0,0,0,1,0,0
0,2.0,0,1,1,1,0,0,0,0,0,0,0,0.8,0.82,0,0,0,1,1,0,0
10,2.0,0,0,12,12,2,2,2,2,1,0,0,0.95,0.95,0,1,0,0,1,0,1
40,8.0,0,0,0,0,0,0,0,0,0,0,0,0.98,0.99,0,0,0,1,1,0,0
18,8.0,0,0,0,0,3,4,11,14,0,0,0,0.45,0.69,0,0,0,0,1,0,0
72,8.0,0,0,0,0,3,8,11,17,1,0,0,0.95,0.96,0,0,0,0,1,0,0
18,8.0,0,0,0,0,1,1,5,8,0,0,0,0.94,0.93,0,0,0,0,1,0,0
12,2.0,0,0,0,0,0,0,0,0,0,0,0,0.86,0.9,0,1,0,0,1,0,0
0,8.0,0,71,120,156,0,0,0,0,11,0,0,0.65,0.4,0,1,0,1,0,0,1
75,2.0,38,185,354,538,52,174,350,495,41,0,0,0.99,0.99,0,0,0,0,1,0,0
300,8.0,0,0,0,0,2,18,19,51,9,0,0,1.0,1.0,0,0,0,0,1,0,0
1,2.0,5,12,12,14,6,10,21,25,1,0,0,0.99,0.91,0,0,0,0,1,0,0
2,8.0,0,2,4,6,0,2,2,4,0,0,0,0.99,0.97,0,0,0,0,1,0,0
0,4.0,0,0,0,0,0,0,0,0,0,0,0,0.73,0.78,0,0,0,0,1,0,0
7,8.0,0,0,0,0,0,0,0,0,1,0,0,0.99,0.91,0,0,0,0,1,0,0
2,10.0,0,0,0,0,0,0,2,2,0,0,0,0.89,0.9,0,0,0,0,1,0,1
8,8.0,0,0,0,0,0,0,0,0,0,0,0,0.82,0.81,0,0,0,0,1,0,0
0,9.0,0,1,1,1,0,0,0,1,1,0,0,0.69,0.68,0,0,0,0,1,0,1
5,2.0,0,12,32,42,3,9,15,15,2,0,0,0.99,0.93,0,0,0,1,1,0,1
2,7.0,0,0,0,1,0,0,1,4,1,0,0,0.75,0.65,0,0,0,0,1,0,0
0,2.0,3,9,9,9,0,0,0,0,0,0,0,0.91,0.89,0,1,0,0,1,0,1
55,8.0,30,30,90,120,6,37,66,99,19,0,0,0.85,0.81,0,0,0,0,1,0,0
9,4.0,0,0,0,0,0,0,0,0,0,0,0,0.73,0.78,0,0,0,0,1,0,0
25,8.0,0,0,0,0,3,5,10,16,0,0,0,0.32,0.27,0,0,0,0,1,0,0
0,4.0,4,3,6,8,2,5,6,10,1,0,0,0.77,0.8,0,0,0,0,1,0,0
1,10.0,0,1,1,1,0,0,0,1,2,0,0,0.89,0.9,0,0,0,1,1,0,0
15,12.0,0,0,0,0,2,3,4,10,0,0,0,0.99,0.96,0,0,0,0,1,0,0
3,2.0,0,2,3,3,0,0,0,0,0,0,0,0.76,0.85,0,1,0,0,1,0,0
0,8.0,0,5,5,5,2,3,5,8,2,0,1,0.84,0.8,0,0,0,1,1,0,0
4,2.0,0,0,0,0,0,0,0,1,0,0,0,0.73,0.77,0,1,0,0,1,0,1
4,2.0,0,0,4,6,0,2,5,8,0,0,0,0.99,0.97,0,0,0,0,1,0,1
19,8.0,0,32,35,55,5,20,41,96,2,0,0,0.96,0.94,0,0,0,0,1,0,0
0,12.0,0,14,28,42,0,7,7,13,0,0,0,0.68,0.65,0,0,0,1,1,0,1
214,2.0,36,419,819,1203,129,380,745,1150,106,0,0,0.92,0.84,0,0,0,1,1,0,0
0,8.0,0,4,6,8,0,1,3,5,0,0,0,0.85,0.59,0,0,0,1,1,0,1
39,8.0,0,0,0,0,1,1,1,1,0,0,0,0.95,0.97,0,0,0,0,1,0,0
1,8.0,0,37,49,55,7,18,34,49,6,0,1,0.25,0.26,0,0,0,0,1,0,1
2,8.0,1,9,13,17,5,9,20,27,0,0,0,0.82,0.78,0,0,0,0,1,0,1
83,8.0,18,0,0,18,10,44,71,128,26,0,0,0.71,0.7,0,0,0,1,1,0,0
4,2.0,1,18,42,69,15,30,64,97,0,0,0,0.91,0.93,0,0,0,1,1,0,1
0,2.0,0,1,1,1,2,2,2,2,0,0,0,0.8,0.82,0,1,0,0,1,0,1
69,8.0,22,202,391,580,45,152,284,448,47,0,0,0.44,0.66,0,0,0,0,1,0,0
2,2.0,0,0,0,0,0,0,0,0,0,0,0,0.99,0.96,0,1,0,0,1,0,1
90,9.0,0,0,0,0,10,10,11,11,3,0,0,0.86,0.84,0,0,0,0,1,0,0
26,8.0,0,0,0,0,1,2,3,4,2,0,0,0.98,0.98,0,1,0,0,1,0,0
5,4.0,1,35,73,107,13,33,70,75,0,0,0,0.84,0.9,0,0,0,0,1,0,1
3,10.0,0,0,0,0,0,0,0,2,0,0,0,0.89,0.9,0,0,0,0,1,0,0
12,2.0,0,124,208,240,18,20,20,20,16,0,4,0.89,0.78,0,0,0,0,1,0,1
13,8.0,0,0,10,10,1,5,10,14,1,0,0,1.0,0.99,0,0,0,0,1,0,0
-13,8.0,0,21,26,26,4,14,19,23,16,0,0,0.73,0.73,13,0,0,0,1,0,1
21,0.0,0,184,312,440,47,150,253,388,19,0,0,0.0,0.0,1,0,0,1,0,0,1
0,8.0,0,5,7,9,1,3,5,6,0,0,1,0.56,0.46,0,0,0,1,1,0,1
70,8.0,0,0,0,0,3,6,10,10,6,0,0,0.98,0.63,0,0,0,0,1,0,0
30,8.0,0,23,71,103,15,24,70,111,0,0,0,1.0,1.0,0,0,0,1,1,0,1
1,2.0,0,1,2,2,3,5,7,12,0,0,0,0.68,0.64,0,0,0,0,1,0,1
0,2.0,0,10,10,10,0,0,2,2,1,0,0,0.79,0.83,0,1,0,0,1,0,1
49,12.0,0,0,0,0,6,21,42,67,2,0,0,0.88,0.65,0,0,0,0,1,0,0
0,2.0,0,29,53,63,0,0,0,0,0,0,18,0.7,0.75,0,1,0,1,1,0,1
0,12.0,0,8,11,14,0,2,5,10,0,0,0,0.78,0.78,0,0,0,0,1,0,1
0,2.0,0,12,12,12,6,11,21,37,2,0,0,0.99,0.93,0,0,0,0,1,0,1
190,8.0,0,230,398,500,48,151,304,411,49,0,0,1.0,0.92,0,0,0,0,1,0,0
0,2.0,0,24,36,48,14,24,35,40,0,0,0,0.97,0.9,0,0,0,0,1,0,1
0,5.0,0,462,632,632,0,2,2,2,41,0,0,0.68,0.69,0,0,0,0,1,0,1
3,2.0,0,61,85,85,11,23,74,136,15,0,0,0.44,0.64,0,0,0,1,1,0,1
88,4.0,0,0,0,0,5,18,18,18,2,0,0,0.22,0.14,0,1,0,0,1,0,1
3,2.0,0,0,0,0,2,4,6,6,2,0,0,0.97,0.98,0,1,0,1,1,0,1
56,8.0,0,0,30,30,2,18,36,61,20,0,0,0.43,0.46,0,0,0,0,1,0,0
4,8.0,0,0,0,25,0,1,2,5,1,0,0,0.92,0.94,0,0,0,0,1,0,0
1,9.0,0,8,10,13,1,2,6,14,0,0,0,0.69,0.68,0,0,0,0,1,0,1
14,2.0,0,0,0,0,0,0,0,0,0,0,0,0.13,0.14,0,0,0,1,1,0,0
9,2.0,0,0,0,0,0,0,1,1,1,0,0,0.99,0.98,0,1,0,0,1,0,0
10,9.0,0,0,0,0,0,0,0,0,0,0,0,0.91,0.77,0,0,0,0,1,0,0
49,8.0,35,254,374,470,117,307,419,717,136,0,0,0.94,0.9,0,0,0,0,1,0,1
0,12.0,0,8,11,14,0,2,4,10,0,0,0,0.73,0.76,0,0,0,0,1,0,1
143,12.0,0,0,0,0,0,0,0,0,1,0,0,0.74,0.74,0,0,0,0,1,0,0
0,2.0,0,36,47,47,0,0,0,0,0,0,0,0.0,0.0,0,0,0,0,1,0,1
20,2.0,0,0,0,0,0,0,0,0,0,0,0,0.78,0.74,0,1,0,1,1,0,0
12,2.0,0,400,800,1000,97,246,367,682,0,0,0,0.85,0.87,0,0,0,0,1,0,1
5,2.0,0,0,2,5,2,3,9,13,0,0,0,0.85,0.88,0,0,0,0,1,0,0
0,2.0,0,26,26,26,1,1,1,1,2,0,0,-99.0,0.0,0,1,0,0,1,0,1
16,2.0,0,0,0,0,0,0,0,0,1,0,0,0.93,0.95,0,0,0,0,1,0,1
8,9.0,0,180,255,315,29,77,142,279,54,0,0,0.68,0.66,1,0,0,0,1,0,1
9,12.0,0,0,0,0,0,0,0,0,1,0,0,0.63,0.63,0,1,0,0,1,0,0
3,8.0,0,6,18,24,2,12,19,27,2,0,0,0.75,0.72,0,0,0,0,1,0,1
0,8.0,0,4,6,8,2,4,9,11,0,0,0,0.78,0.74,0,0,0,0,1,0,1
155,8.0,39,288,539,827,68,261,513,788,82,0,0,0.94,0.95,0,0,0,0,1,0,0
4,8.0,0,0,0,0,0,0,0,0,0,0,0,0.36,0.57,0,0,0,1,1,0,0
4,8.0,0,0,0,0,0,0,0,0,0,0,0,0.8,0.82,0,0,0,0,1,0,0
0,2.0,0,115,115,161,0,1,1,1,0,0,0,0.98,0.94,0,1,0,1,1,0,1
0,2.0,0,5,6,6,0,0,0,0,1,0,0,0.58,0.58,0,1,0,0,1,0,0
40,2.0,93,540,880,1220,189,342,350,350,130,0,60,0.6,0.66,0,0,0,0,1,0,1
41,8.0,0,0,0,0,0,0,4,5,0,0,0,0.71,0.75,0,0,0,0,1,0,0
4,8.0,0,6,12,18,5,16,23,29,2,0,0,0.57,0.74,0,0,0,0,1,0,1
33,2.0,0,15,30,60,2,7,7,7,6,0,0,0.59,0.56,0,0,0,0,1,0,0
11,2.0,0,0,0,0,0,0,0,0,0,0,0,0.53,0.54,0,1,0,0,1,0,0
10,8.0,0,0,0,0,0,0,0,0,0,0,0,0.51,0.51,0,0,0,1,1,0,0
2,8.0,3,1,1,1,0,5,7,12,1,0,0,1.0,0.99,0,0,0,0,1,0,0
7,8.0,0,40,68,92,6,26,62,95,0,0,4,0.66,0.67,0,0,0,0,1,0,1
2,4.0,0,0,0,0,0,0,0,0,0,0,0,0.89,0.9,0,0,0,0,1,0,0
0,2.0,0,5,5,5,0,0,0,0,0,0,0,0.63,0.72,0,1,0,0,1,0,1
13,2.0,0,0,0,0,0,0,0,0,0,0,0,1.0,1.0,0,0,0,0,1,0,0
-103,0.0,0,117,119,127,36,179,182,182,0,0,0,0.93,0.88,103,0,0,0,0,0,1
0,2.0,0,30,30,30,0,0,0,0,0,0,0,1.0,1.0,0,1,0,0,1,0,1
0,8.0,0,3,4,6,2,3,5,5,0,0,0,0.85,0.56,1,0,0,0,1,0,1
-2,8.0,0,9,9,11,0,0,4,10,2,0,0,0.81,0.83,2,0,0,0,1,0,1
23,8.0,0,43,129,172,16,45,99,156,8,0,0,0.15,0.34,0,0,0,0,1,0,0
20,8.0,0,0,0,0,0,1,2,3,1,0,0,0.98,0.92,0,0,0,0,1,0,0
3,8.0,0,4,13,19,1,6,10,17,0,0,0,0.97,0.93,0,0,0,0,1,0,0
1,8.0,20,0,0,20,2,12,26,38,1,0,0,0.93,0.96,0,0,0,0,1,0,0
29,8.0,0,368,485,680,218,398,521,742,37,0,0,0.98,0.93,0,0,0,0,1,0,1
1,8.0,0,1,3,7,1,4,9,13,2,0,0,0.99,0.98,0,0,0,0,1,0,1
9,9.0,0,0,0,0,0,0,0,0,1,0,0,0.43,0.45,0,0,0,1,1,0,0
1,8.0,0,28,56,56,5,14,31,47,0,0,0,0.94,0.88,0,0,0,0,1,0,1
0,2.0,0,500,500,500,0,0,0,0,0,0,0,0.59,0.78,0,0,0,1,1,0,1
4,9.0,0,43,63,83,2,20,39,57,3,0,16,0.68,0.66,0,0,0,0,1,0,1
11,4.0,1,0,5,8,2,6,7,7,0,0,0,0.73,0.78,0,0,0,0,1,0,0
13,8.0,0,15,30,60,5,15,29,41,3,0,0,0.91,0.95,0,0,0,0,1,0,0
4,17.0,0,19,31,31,2,3,10,21,1,0,5,0.05,0.41,0,0,0,0,1,0,1
-98,8.0,1,170,170,170,1,100,122,173,3,0,0,0.84,0.71,98,0,0,0,1,0,1
10,12.0,5,0,0,0,0,0,0,0,1,0,0,0.58,0.58,0,1,0,0,1,0,0
9,8.0,0,16,48,48,7,27,41,59,2,0,0,0.93,0.95,0,0,0,0,1,0,1
0,9.0,0,241,241,241,0,0,0,0,0,0,0,0.9,0.83,91,0,0,0,1,0,1
0,2.0,0,2,2,2,0,0,0,0,0,0,0,0.76,0.77,0,1,0,0,1,0,1
67,8.0,18,142,274,390,38,147,288,427,38,0,0,0.19,0.39,0,0,0,0,1,0,0
21,8.0,0,0,0,9,3,8,15,26,0,0,0,0.76,0.72,0,0,0,0,1,0,0
5,8.0,0,0,0,0,0,0,0,0,0,0,0,-99.0,0.93,0,0,0,0,1,0,1
3,12.0,0,24,56,88,6,22,49,71,9,0,0,0.73,0.69,0,0,0,0,1,0,1
4,3.0,0,0,0,0,3,11,11,11,2,0,0,0.41,0.46,0,0,0,0,1,0,1
6,2.0,0,0,2,4,1,4,5,6,0,0,0,0.13,0.09,0,0,0,0,1,0,1
4,8.0,0,100,162,225,19,62,118,178,18,0,24,0.65,0.74,0,0,0,0,1,0,1
3,9.0,0,0,0,0,0,0,0,0,1,0,0,0.68,0.66,0,0,0,0,1,0,0
4,8.0,0,0,36,36,2,2,3,8,2,0,0,0.95,0.8,0,0,0,0,1,0,1
10,2.0,0,0,0,0,0,0,0,0,1,0,0,0.02,0.1,0,1,0,1,1,0,1
18,8.0,0,0,0,0,0,0,0,0,0,0,0,-99.0,0.66,0,0,0,1,1,0,0
15,9.0,0,0,0,0,43,166,392,610,1,0,0,0.91,0.74,0,0,0,0,1,0,0
42,8.0,0,0,0,0,0,0,0,1,0,0,0,0.96,0.93,0,0,0,0,1,0,0
4,2.0,0,0,0,0,0,0,0,0,0,0,0,0.66,0.6,0,0,0,0,1,0,0
18,2.0,0,0,0,0,1,2,3,4,0,0,0,0.99,0.99,0,1,0,0,1,0,0
8,12.0,0,0,3,6,0,2,2,2,0,0,0,0.78,0.78,0,0,0,0,1,0,0
116,8.0,0,6900,11700,16500,0,0,0,0,0,0,600,0.0,0.0,0,0,0,0,1,0,1
4,2.0,0,10,10,20,2,2,2,2,0,0,0,0.85,0.85,0,1,0,0,1,0,1
1,12.0,0,12,12,12,0,0,0,0,1,0,0,0.58,0.58,0,1,0,0,1,0,0
0,2.0,0,4,6,8,2,2,5,11,0,0,0,0.6,0.6,0,0,0,0,1,0,1
3,4.0,0,4,10,16,2,5,16,17,1,0,0,0.89,0.9,0,0,0,0,1,0,1
0,12.0,0,9,9,9,2,3,6,6,0,0,0,0.42,0.36,0,0,0,0,1,0,1
0,2.0,0,193,313,433,0,0,0,0,16,0,0,0.44,0.62,0,0,0,0,1,0,1
0,8.0,0,3,3,4,0,1,1,3,3,0,0,0.68,0.69,0,0,0,0,1,0,1
4766,52.0,2,0,0,0,93,211,389,659,54,0,0,0.99,0.91,0,1,0,0,1,0,0
7,4.0,0,7,12,15,4,9,14,19,0,0,0,0.77,0.8,0,0,0,0,1,0,1
0,12.0,1,96,160,224,16,64,138,188,18,0,0,0.82,0.79,0,0,0,0,1,0,1
31,8.0,0,0,200,200,15,30,49,73,12,0,0,0.78,0.82,0,0,0,0,1,0,1
45,8.0,1,147,266,387,31,105,219,354,80,1,9,0.87,0.89,0,0,0,1,1,0,1
5,8.0,0,2,4,6,0,3,7,11,5,0,0,1.0,0.99,0,0,0,0,1,0,0
59,8.0,31,90,120,180,61,148,283,450,49,0,0,0.95,0.95,0,0,0,0,1,0,1
3,2.0,0,0,0,0,0,1,1,1,1,0,0,0.99,0.99,0,1,0,0,0,0,1
41,8.0,0,0,0,0,10,28,45,64,60,0,0,0.78,0.86,0,0,0,0,1,0,0
0,2.0,0,0,0,0,0,0,0,0,0,0,0,0.37,0.36,0,0,0,0,1,0,1
0,8.0,1,53,71,89,6,20,38,56,7,0,0,0.08,0.3,0,0,0,0,1,0,1
0,8.0,1,14,14,14,2,11,22,26,3,0,0,0.94,0.9,0,0,0,0,1,0,0
17,8.0,0,0,0,0,0,1,4,5,0,0,0,0.78,0.74,0,0,0,0,1,0,0
112,9.0,0,0,0,0,0,1,2,4,0,0,0,0.58,0.44,0,0,0,0,1,0,0
5,8.0,0,6,15,25,6,12,15,16,0,0,0,0.48,0.53,0,0,0,0,1,0,1
239,8.0,75,289,659,881,106,314,630,968,118,0,0,0.87,0.84,0,0,0,0,1,0,0
732,4.0,162,834,2184,3168,233,943,2114,3166,213,0,132,0.74,0.5,0,0,0,1,1,0,0
0,2.0,0,12,21,24,0,0,0,0,0,0,0,0.8,0.77,0,1,0,0,1,0,0
13,2.0,25,210,322,450,44,74,84,84,31,0,16,0.77,0.85,2,1,0,0,1,0,1
0,4.0,12,97,111,111,0,0,0,0,0,0,0,0.73,0.78,0,1,0,1,1,0,0
2,2.0,0,0,0,0,0,0,0,0,1,0,0,0.91,0.82,0,0,0,1,1,0,0
0,8.0,0,10,10,10,0,0,0,0,1,0,0,0.0,0.0,0,0,0,0,1,0,1
12,8.0,32,160,290,423,62,169,307,431,35,0,0,0.68,0.69,2,0,0,0,1,0,1
13,2.0,20,24,84,132,12,31,83,119,0,0,0,0.95,0.95,0,0,0,0,1,0,0
1,8.0,0,3,5,7,0,2,3,3,0,0,0,0.89,0.94,0,0,0,0,1,0,1
0,12.0,0,204,204,204,0,0,0,0,0,0,0,0.95,0.86,0,1,0,1,1,0,1
22,4.0,0,43,43,86,10,25,53,91,23,0,0,0.39,0.46,0,0,0,0,1,0,1
8,8.0,0,67,91,106,18,42,88,133,11,0,0,-99.0,-99.0,0,0,0,0,1,0,1
2,8.0,0,0,0,0,0,0,0,0,1,0,0,0.49,0.56,0,0,0,1,1,0,0
6,8.0,0,0,0,0,3,5,9,21,0,0,0,0.82,0.87,0,0,0,0,1,0,1
2,2.0,0,0,0,0,0,1,1,1,0,0,0,0.78,0.82,0,1,0,0,1,0,0
23,8.0,0,0,0,0,0,2,2,4,1,0,0,0.99,0.96,0,0,0,0,1,0,0
272,4.0,0,0,0,0,5,6,8,17,0,0,0,0.73,0.78,0,0,0,0,1,0,0
0,8.0,0,28,28,28,2,5,17,29,13,0,0,0.81,0.75,0,0,0,0,1,0,1
4,2.0,0,0,2,4,0,7,12,16,0,0,0,0.92,0.94,0,0,0,0,1,0,0
0,8.0,0,6,6,6,0,1,4,9,0,0,0,0.18,0.31,0,0,0,0,1,0,1
175,8.0,0,0,0,0,1,13,31,42,0,0,0,1.0,1.0,0,0,0,0,1,0,0
0,2.0,0,0,0,0,0,0,0,0,0,0,0,1.0,0.8,0,1,0,1,1,0,0
2,9.0,1,0,0,1,0,1,2,4,0,0,0,0.98,0.98,0,0,0,0,1,0,0
3,8.0,0,72,72,72,0,1,1,1,0,0,0,0.51,0.53,0,1,0,0,1,0,1
540,8.0,0,9910,9910,9910,14,28,50,104,10,0,0,1.0,0.93,0,0,0,0,1,0,1
0,2.0,0,6,9,9,0,0,0,0,0,0,0,0.42,0.36,0,1,0,1,1,0,1
78,8.0,20,105,174,259,18,85,164,273,25,0,0,0.78,0.74,0,0,0,0,1,0,0
3,12.0,0,0,0,0,0,0,0,0,0,0,0,0.73,0.76,0,0,0,0,1,0,0
2,8.0,0,0,0,0,0,0,0,0,0,0,0,1.0,0.9,0,0,0,0,1,0,0
18,2.0,1,8,25,51,1,1,1,1,0,0,0,0.91,0.94,0,0,0,0,1,0,1
20,8.0,20,45,87,136,24,56,94,127,18,0,0,0.97,0.94,0,0,0,0,1,0,1
1,12.0,0,0,0,0,1,1,1,1,0,0,0,0.57,0.7,0,1,0,0,1,0,0
0,8.0,0,0,0,0,0,0,2,3,0,0,0,0.78,0.82,0,0,0,0,1,0,1
4,8.0,0,57,97,127,10,33,54,82,3,0,0,0.78,0.74,0,0,0,0,1,0,1
5,2.0,0,0,2,2,0,0,0,0,1,0,0,0.49,0.62,0,1,0,0,1,0,1
7,6.0,0,8,16,24,2,5,16,35,5,0,0,0.78,0.78,0,0,0,0,1,0,1
19,8.0,0,0,0,0,0,0,0,0,0,0,0,0.79,0.78,0,0,0,0,1,0,0
2,8.0,0,0,0,1,4,10,14,17,0,0,0,0.99,0.98,0,0,0,0,1,0,1
0,8.0,0,2,3,5,2,2,3,3,1,0,0,0.81,0.82,0,0,0,0,1,0,1
0,9.0,0,0,0,0,0,0,0,0,1,0,0,0.69,0.68,0,0,0,1,1,0,0
22,2.0,0,0,6,18,1,7,11,16,2,0,0,0.99,0.94,0,1,0,0,1,0,0
3,2.0,22,40,100,160,12,33,77,122,0,0,0,0.92,0.95,0,0,0,0,1,0,1
12,8.0,0,0,0,0,1,11,20,33,0,0,0,0.85,0.74,0,0,0,0,1,0,1
2,8.0,0,3,5,8,3,5,9,10,1,0,0,0.99,0.99,0,0,0,0,1,0,0
3,12.0,0,0,0,0,0,0,0,1,0,0,0,0.63,0.72,0,0,0,0,1,0,0
3,8.0,0,0,0,0,0,0,0,0,0,0,0,0.8,0.83,0,0,0,0,1,0,0
2,8.0,0,4,7,11,0,2,7,13,0,0,0,0.0,0.0,0,0,0,0,1,0,1
4,8.0,0,7,7,7,0,3,6,6,0,0,0,0.45,0.45,0,1,0,0,1,0,0
3,12.0,3,49,61,73,3,17,38,57,13,0,0,0.44,0.38,0,0,0,0,1,0,1
4,8.0,0,0,0,0,4,8,13,22,0,0,0,0.97,0.94,0,0,0,0,1,0,0
35,2.0,0,0,0,0,0,0,1,1,0,0,0,0.99,0.94,0,1,0,1,1,0,0
1,8.0,0,0,0,0,0,0,0,1,0,0,0,0.17,0.34,0,0,0,0,1,0,0
0,2.0,0,146,186,186,2,6,6,6,11,0,0,0.1,0.05,0,1,0,1,1,0,1
71,2.0,1,59,153,200,17,56,125,197,27,0,0,0.93,0.92,0,0,0,0,1,0,0
-10,8.0,45,493,883,1183,251,484,851,1142,129,0,0,0.69,0.68,41,0,0,0,1,0,1
50,8.0,1,13,41,76,8,30,63,112,18,0,0,0.9,0.95,0,0,0,0,1,0,0
0,8.0,0,2,3,4,0,1,1,2,1,0,1,0.41,0.46,0,0,0,0,1,0,1
0,12.0,0,1,1,1,0,0,1,1,0,0,0,0.62,0.73,0,0,0,1,1,0,1
37,8.0,20,115,163,211,78,209,441,735,25,0,0,0.98,0.98,0,0,0,0,1,0,0
0,8.0,0,5,7,7,0,0,0,0,0,0,0,0.46,0.35,0,1,0,0,1,0,1
1,2.0,0,188,244,300,31,66,118,144,13,0,29,0.0,0.0,0,0,0,0,1,0,1
2,9.0,0,0,0,0,0,0,0,0,0,0,0,0.99,0.99,0,1,0,0,1,0,0
0,14.0,0,2,4,5,1,2,3,3,0,0,0,0.89,0.9,0,0,0,0,1,0,1
4,12.0,0,0,0,0,0,0,0,0,0,0,0,0.78,0.78,0,1,0,0,1,0,0
11,4.0,0,0,0,0,0,0,0,0,0,0,0,0.73,0.78,0,1,0,0,1,0,0
0,2.0,0,4,4,4,0,0,0,0,0,0,0,0.0,0.0,0,1,0,1,1,0,1
1,8.0,0,0,0,0,0,0,0,0,1,0,0,0.5,0.66,0,1,0,1,1,0,0
10,2.0,0,0,0,0,5,13,17,26,0,0,0,0.62,0.62,0,0,0,0,1,0,1
13,2.0,0,11,11,11,3,20,29,59,2,0,0,0.85,0.84,0,0,0,0,1,0,1
9,2.0,0,0,0,0,0,0,2,2,1,0,0,-99.0,-99.0,0,1,0,0,1,0,0
259,8.0,5,0,0,0,20,57,119,199,44,0,0,0.98,0.98,0,0,0,1,1,0,0
40,8.0,0,0,200,200,10,23,43,62,11,0,0,0.82,0.82,0,0,0,0,1,0,1
0,12.0,0,4,4,4,0,0,0,0,0,0,0,0.63,0.72,0,0,0,0,1,0,1
21,8.0,31,0,0,0,8,29,55,73,1,0,0,0.97,0.97,0,0,0,0,1,0,0
8,3.0,0,0,0,0,0,0,0,0,0,0,0,0.99,0.98,0,1,0,0,1,0,0
425,9.0,0,0,0,0,0,0,0,0,0,0,0,0.91,0.74,0,0,0,1,1,0,0
5039,52.0,32,0,0,0,61,189,406,611,80,0,0,0.83,0.85,0,1,0,0,1,0,0
14,9.0,0,1,1,1,1,6,16,17,0,0,0,0.68,0.66,0,0,0,1,1,0,0
2,8.0,0,0,1,2,0,1,1,1,0,0,0,0.82,0.89,0,0,0,0,1,0,1
143,8.0,0,48,168,288,21,99,223,316,22,0,0,1.0,0.96,0,0,0,0,1,0,0
26,2.0,0,0,0,0,0,0,5,6,0,0,0,1.0,1.0,0,1,0,0,1,0,0
2823,2.0,1679,2385,5565,7950,781,2835,6291,8932,782,0,0,1.0,0.99,0,0,0,0,1,0,0
10,8.0,0,0,0,0,0,0,0,0,0,0,0,0.81,0.82,0,0,0,0,1,0,0
152,52.0,0,0,0,0,5,9,11,13,4,0,0,0.72,0.67,0,1,0,1,1,0,0
7,2.0,0,50,50,100,14,39,49,50,1,0,0,-99.0,0.0,0,1,0,0,1,0,1
357,2.0,0,0,0,0,4,8,12,16,1,0,0,0.99,0.99,0,0,0,0,1,0,0
3,2.0,0,8,24,40,3,9,16,22,2,0,0,0.88,0.74,0,0,0,0,1,0,1
0,8.0,0,45,68,91,11,35,62,90,7,0,0,0.99,0.97,0,0,0,0,1,0,1
755,8.0,0,0,0,0,38,146,394,727,61,0,0,0.76,0.46,0,0,0,0,1,0,0
28,2.0,0,238,318,398,75,159,314,434,56,0,0,0.15,0.15,0,0,0,1,1,0,1
32,8.0,0,96,144,208,26,79,132,172,32,0,16,0.84,0.77,0,0,0,0,1,0,1
-4,8.0,0,15,19,19,1,8,13,23,0,0,0,0.77,0.74,4,0,0,0,1,0,1
9,8.0,0,0,15,15,0,4,8,19,1,0,0,0.82,0.79,0,0,0,0,1,0,0
0,8.0,0,5,13,21,0,1,12,17,4,0,0,0.98,0.9,0,0,0,0,1,0,1
6,12.0,9,6,12,18,4,18,21,21,2,0,0,0.68,0.65,0,0,0,0,1,0,1
1,2.0,0,0,0,0,0,0,0,0,0,0,0,0.38,0.4,0,1,0,0,1,0,1
1,8.0,0,19,19,19,4,5,7,7,0,0,0,0.89,0.88,0,0,0,0,1,0,1
1,2.0,0,1,1,2,0,1,1,1,0,0,0,0.68,0.64,0,0,0,0,1,0,0
3,8.0,1,3,6,9,3,3,8,15,1,0,0,0.81,0.82,0,0,0,0,1,0,1
1088,2.0,95,968,1694,2662,371,1490,2340,3030,320,0,0,0.94,0.97,0,0,0,0,1,0,0
0,8.0,0,4,6,7,1,3,4,4,0,0,0,0.8,0.82,0,0,0,0,1,0,1
11,8.0,0,0,4,4,0,4,5,13,2,0,0,0.96,0.96,0,0,0,0,1,0,0
9,8.0,0,12,36,54,8,18,47,74,10,0,0,0.64,0.64,0,0,0,0,1,0,1
6,2.0,0,252,252,252,5,18,34,34,0,0,0,0.44,0.44,0,1,0,0,1,0,1
0,2.0,0,11,11,11,0,0,0,0,0,0,0,0.17,0.17,0,1,0,0,0,0,1
132,2.0,0,0,0,0,1,2,3,4,0,0,0,0.83,0.86,0,0,0,0,1,0,0
2,9.0,0,0,0,0,0,0,0,0,1,0,0,0.68,0.66,0,0,0,0,1,0,0
4,2.0,0,40,72,104,15,41,69,98,0,0,0,0.99,0.98,0,0,0,0,1,0,1
1,8.0,0,8,12,16,6,12,17,22,2,0,0,0.99,0.97,0,0,0,0,1,0,1
66,8.0,14,42,90,139,13,57,111,162,24,0,0,0.97,0.84,0,0,0,0,1,0,0
14,4.0,0,0,0,20,1,3,14,22,0,0,0,0.85,0.78,0,0,0,0,1,0,0
0,8.0,0,0,0,0,0,0,0,0,0,0,0,0.97,0.94,0,0,0,0,1,0,0
6,8.0,0,6,12,18,2,3,6,14,3,0,0,0.86,0.88,0,0,0,0,1,0,0
0,8.0,0,4,6,7,1,3,4,5,0,0,0,0.46,0.35,0,0,0,0,1,0,1
115,4.0,55,46,184,230,24,68,131,180,25,0,0,0.96,0.94,0,1,0,0,1,0,0
3,12.0,0,0,0,0,0,0,0,0,0,0,0,0.82,0.79,0,0,0,0,1,0,0
-107,12.0,0,699,797,881,159,679,1660,2155,189,0,0,0.94,0.89,110,0,0,0,1,0,1
10,8.0,0,0,0,0,0,0,0,0,0,0,0,0.62,0.6,0,1,0,1,1,0,0
12,2.0,0,0,0,0,16,45,53,54,0,0,0,0.9,0.92,0,1,0,0,1,0,1
66,8.0,0,0,0,0,4,22,45,66,0,0,0,0.97,0.95,0,0,0,0,1,0,0
164,8.0,3,63,247,393,32,109,255,489,41,0,0,0.9,0.9,0,0,0,0,1,0,0
3,2.0,0,0,0,0,0,1,1,1,0,0,0,0.81,0.82,0,1,0,1,1,0,0
11,2.0,0,20,20,20,0,1,2,2,1,0,0,0.59,0.71,0,1,0,0,0,0,0
7,8.0,3,36,56,80,10,25,60,100,20,0,0,0.78,0.88,0,0,0,0,1,0,1
117,8.0,3,41,82,123,28,59,115,196,27,0,0,0.75,0.72,0,0,0,0,1,0,0
0,2.0,13,112,112,224,0,0,0,0,3,0,0,0.98,0.99,0,1,0,0,1,0,1
5,8.0,0,2,3,6,0,2,7,9,0,0,0,0.13,0.14,0,0,0,0,1,0,0
0,2.0,0,4,6,10,2,3,7,8,2,0,0,0.81,0.88,0,0,0,0,1,0,1
14,8.0,0,0,0,4,1,3,12,14,7,0,0,0.8,0.87,0,0,0,0,1,0,0
1,8.0,0,4,4,8,1,5,6,8,0,0,0,0.64,0.69,0,0,0,0,1,0,0
0,2.0,0,4,19,19,0,0,0,0,1,0,0,0.81,0.87,0,0,0,0,1,0,1
3,9.0,0,0,0,0,0,0,1,2,0,0,0,0.99,0.98,0,0,0,0,1,0,0
24,8.0,0,0,0,0,0,0,0,0,0,0,0,0.02,0.13,0,0,0,0,1,0,0
156,8.0,45,110,240,370,51,171,324,498,55,0,0,0.86,0.85,0,0,0,0,1,0,0
12,8.0,0,0,0,0,2,2,6,11,2,0,0,0.42,0.36,0,0,0,0,1,0,1
8,2.0,0,0,0,0,6,13,18,19,1,0,0,0.95,0.97,0,0,0,0,1,0,1
1,3.0,0,9,17,29,6,21,41,49,0,0,0,0.99,0.98,0,0,0,0,1,0,1
3,8.0,0,72,72,72,0,0,1,1,0,0,0,0.5,0.52,0,1,0,0,1,0,1
247,8.0,44,192,480,720,63,260,499,683,90,0,0,0.98,0.97,0,0,0,0,1,0,0
300,2.0,1,0,0,0,22,42,44,44,30,0,0,1.0,0.98,0,0,0,0,1,0,0
8,4.0,0,0,0,0,0,1,1,2,0,0,0,0.73,0.78,0,0,0,0,1,0,0
2,8.0,0,118,172,235,21,69,130,186,44,0,9,0.76,0.78,0,0,0,0,1,0,1
38,4.0,0,0,0,15,3,7,24,41,0,0,0,0.77,0.8,0,0,0,0,1,0,0
8,2.0,0,9,9,9,7,8,20,20,1,0,0,0.9,0.88,0,1,0,0,1,0,1
260,2.0,27,0,0,200,30,93,186,245,42,0,0,0.97,0.98,0,0,0,0,0,0,0
185,8.0,0,0,0,0,0,0,0,0,0,0,0,1.0,0.99,0,0,0,0,1,0,0
3,2.0,0,2,4,4,0,0,0,0,0,0,0,0.66,0.69,0,1,0,0,1,0,1
2,9.0,0,0,0,1,0,0,1,1,0,0,0,0.99,0.98,0,0,0,0,1,0,1
2,8.0,0,1,1,1,0,2,3,3,1,0,0,0.6,0.77,0,0,0,0,1,0,1
8,8.0,0,5,10,16,0,7,8,11,0,0,0,0.98,0.96,0,0,0,0,1,0,0
0,2.0,0,30,51,55,0,0,0,0,0,0,0,0.5,0.39,0,1,0,0,1,0,1
41,52.0,0,0,0,0,0,0,1,1,2,0,0,0.87,0.89,0,1,0,1,1,0,0
16,8.0,0,0,0,0,0,0,0,0,2,0,0,1.0,0.98,0,0,0,0,1,0,0
0,12.0,0,7,8,9,1,4,6,8,0,0,0,0.78,0.78,0,1,0,0,1,0,1
2,12.0,0,5,7,9,0,3,5,8,0,0,0,0.78,0.78,0,0,0,1,1,0,1
2,9.0,0,0,0,0,0,0,0,0,0,0,0,0.1,0.18,0,0,0,0,1,0,0
1,8.0,0,1,3,4,3,3,5,7,0,0,0,0.7,0.74,0,0,0,0,1,0,1
1,12.0,1,4,4,4,0,5,7,8,0,0,0,0.82,0.79,0,0,0,0,1,0,1
483,2.0,0,1000,1500,2250,292,902,1140,1368,277,0,0,1.0,1.0,0,0,0,0,1,0,0
3,8.0,0,20,20,20,2,5,7,15,1,0,0,0.84,0.83,0,0,0,0,1,0,1
42,8.0,1,150,270,390,50,174,279,471,42,0,0,0.96,0.97,0,0,0,0,1,0,1
7,2.0,0,16,40,72,3,16,38,54,0,0,0,0.99,0.99,0,0,0,0,1,0,0
0,2.0,0,0,21,27,0,0,0,0,1,0,0,0.9,0.86,0,1,0,1,1,0,1
85,9.0,0,61,115,169,10,50,115,191,26,0,0,0.99,0.98,0,0,0,0,1,0,0
4,3.0,0,0,0,0,0,0,0,2,0,0,0,0.99,0.99,0,0,0,0,1,0,0
26,8.0,0,0,0,0,0,0,0,0,0,0,0,0.9,0.95,0,1,0,0,1,0,0
22,8.0,0,0,0,0,0,0,1,2,0,0,0,0.47,0.62,0,0,0,0,1,0,0
99,2.0,27,58,116,174,27,102,225,350,28,0,0,0.41,0.7,0,0,0,0,1,0,0
376,2.0,0,0,0,0,9,23,41,56,1,0,0,0.97,0.94,0,0,0,0,1,0,0
44,2.0,52,90,210,360,50,105,176,220,46,0,0,0.1,0.05,0,1,0,1,1,0,1
15,8.0,0,225,325,400,34,121,255,413,44,0,25,0.02,0.12,1,0,0,1,1,0,1
1,12.0,0,50,80,100,7,32,52,88,2,0,0,0.91,0.73,0,0,0,0,1,0,1
0,2.0,0,12,12,12,0,1,1,1,0,0,0,0.0,0.0,0,1,0,0,1,0,1
2,8.0,0,8,12,16,6,11,17,21,2,0,0,0.99,0.97,0,0,0,0,1,0,1
3,2.0,0,0,0,0,0,0,0,0,3,0,0,0.98,0.95,0,0,0,0,1,0,0
10,9.0,0,0,0,0,0,0,0,0,0,0,0,0.85,0.82,0,0,0,0,1,0,0
108,8.0,0,0,0,0,10,22,39,64,0,0,0,0.93,0.96,0,0,0,0,1,0,0
0,12.0,0,0,0,0,0,0,1,1,0,0,0,0.73,0.76,0,1,0,1,1,0,0
0,2.0,16,0,0,0,0,0,0,0,0,0,0,0.0,0.09,0,1,0,0,1,0,0
3,8.0,0,0,0,0,0,0,1,1,1,0,0,0.99,0.99,0,0,0,0,1,0,0
7,8.0,3,0,0,0,1,3,5,9,0,0,0,0.97,0.94,0,0,0,0,1,0,0
0,10.0,0,14,19,24,2,10,13,16,0,0,0,0.89,0.9,0,0,0,0,1,0,1
22,8.0,0,0,0,0,0,7,18,19,0,0,0,0.74,0.74,0,1,0,0,0,0,0
60,8.0,1,15,36,64,7,26,44,60400,14,0,0,0.99,0.99,0,0,0,0,1,0,0
0,8.0,0,25,25,25,2,13,18,28,11,0,0,0.79,0.78,0,0,0,1,1,0,1
6,2.0,0,4,8,14,0,16,21,28,1,0,0,0.87,0.93,0,0,0,0,1,0,1
10,8.0,0,0,0,0,0,0,0,0,2,0,0,1.0,0.96,0,0,0,1,1,0,0
26,2.0,0,29,58,87,6,25,34,39,0,0,0,0.97,0.92,0,0,0,0,1,0,0
0,2.0,0,7,37,37,0,0,0,0,1,0,5,0.12,0.1,0,0,0,0,1,0,1
1065,12.0,319,1605,2718,3683,688,1524,3123,5066,470,0,0,1.0,1.0,0,0,0,0,1,0,0
0,12.0,0,18,28,40,8,17,24,51,0,0,0,1.0,1.0,0,0,0,0,1,0,1
709,2.0,0,0,0,0,0,3,4,4,1,0,0,0.98,0.99,0,0,0,0,1,0,0
3,2.0,4,19,43,73,15,29,63,93,0,0,0,0.91,0.93,0,0,0,1,1,0,1
1,8.0,0,20,40,60,3,17,35,51,0,0,0,0.99,0.94,0,0,0,0,1,0,1
506,8.0,184,1236,2544,3552,397,1053,1975,3545,216,0,0,0.96,0.95,0,0,0,0,1,0,0
3,12.0,7,42,70,91,9,25,46,53,10,0,0,0.78,0.78,0,0,0,1,1,0,1
3,2.0,0,4,6,8,2,4,5,7,0,0,0,0.5,0.2,0,1,0,0,1,0,1
0,9.0,0,5,6,6,0,0,0,0,0,0,0,0.7,0.66,0,1,0,0,1,0,1
193,8.0,7,442,862,1198,125,385,756,1510,24,0,0,0.5,0.35,0,0,0,0,1,0,0
0,2.0,0,13,13,13,0,0,0,0,0,0,0,0.62,0.62,0,0,0,0,1,0,1
5,2.0,0,0,25,25,0,2,4,6,2,0,0,0.98,0.97,0,0,0,0,1,0,1
1,8.0,0,3,5,7,2,3,4,5,1,0,0,0.32,0.15,0,0,0,1,1,0,1
2,4.0,0,15,21,26,12,37,59,88,8,0,0,0.79,0.66,1,0,0,0,1,0,1
20,8.0,0,0,0,0,0,1,1,1,1,0,0,0.0,0.2,0,0,0,0,1,0,0
6,2.0,0,138,198,246,10,43,83,141,0,0,72,-99.0,-99.0,0,0,0,0,1,0,1
30,4.0,0,0,0,0,0,3,5,7,0,0,0,0.73,0.78,0,0,0,0,1,0,0
393,2.0,0,0,0,0,2,2,10,12,2,0,0,0.98,0.98,0,0,0,0,1,0,0
20,9.0,0,0,0,0,0,0,10,10,0,0,0,0.86,0.84,0,0,0,0,1,0,1
295,52.0,0,0,0,0,1,2,10,15,1,0,0,0.9,0.83,0,1,0,0,1,0,0
1,4.0,0,3,5,7,3,3,3,3,0,0,0,0.68,0.66,0,1,0,0,1,0,1
23,8.0,0,200,300,360,38,99,181,289,41,1,0,1.0,0.88,1,0,0,0,1,0,1
5,8.0,0,0,0,0,0,0,0,2,0,0,0,0.82,0.75,0,0,0,0,1,0,0
4,4.0,0,0,0,0,0,0,0,2,0,0,0,0.73,0.78,0,0,0,0,1,0,0
0,8.0,150,250,250,250,0,0,0,0,38,0,0,0.41,0.47,0,1,0,0,1,0,1
7,8.0,0,68,111,168,4,43,84,123,19,0,4,0.13,0.09,2,0,0,1,1,0,1
118,9.0,0,0,0,0,0,0,0,0,0,0,0,0.86,0.84,0,0,0,0,1,0,0
91,8.0,6,58,100,142,23,48,112,170,19,0,0,0.95,0.87,0,0,0,0,1,0,0
0,12.0,0,5,7,7,1,1,2,2,0,0,0,0.78,0.78,0,1,0,0,1,0,1
0,2.0,0,12,12,12,0,0,0,0,0,0,0,0.9,0.88,0,1,0,0,1,0,1
81,8.0,0,0,0,0,4,8,16,23,2,0,0,0.96,0.94,0,1,0,0,1,0,0
45,2.0,0,0,0,0,0,0,11,11,1,0,0,0.98,0.85,0,1,0,0,1,0,0
10,5.0,0,0,0,0,0,0,5,5,0,0,0,0.68,0.69,0,1,0,0,1,0,0
0,2.0,0,4,6,8,2,4,8,10,0,0,0,0.91,0.94,0,0,0,0,1,0,1
79,8.0,0,52,104,156,16,42,113,206,26,0,0,1.0,1.0,0,0,0,0,1,0,0
5,9.0,0,0,0,0,0,0,0,0,0,0,0,0.87,0.72,0,0,0,0,1,0,0
0,2.0,0,7,9,9,0,0,0,0,0,0,0,0.0,0.0,0,1,0,1,1,0,1
7,12.0,0,15,23,25,3,9,23,31,0,0,0,0.76,0.73,0,0,0,0,1,0,1
0,8.0,0,3,3,4,0,1,1,3,0,0,0,0.81,0.82,0,0,0,0,1,0,0
0,2.0,0,14,24,34,0,0,0,0,0,0,9,0.8,0.82,0,0,0,1,1,0,1
0,9.0,0,1,1,1,1,3,6,8,3,0,0,0.99,0.98,0,0,0,0,1,0,1
-1,12.0,0,22,34,54,9,24,41,56,0,0,4,0.73,0.79,1,0,0,1,1,0,1
2,8.0,0,0,0,0,0,1,1,2,0,0,0,0.0,0.0,0,0,0,1,1,0,0
29,2.0,0,0,0,0,0,0,0,0,0,0,0,0.48,0.74,0,1,0,1,1,0,1
3,9.0,0,21,33,49,5,18,40,56,2,0,1,0.7,0.66,0,0,0,0,1,0,1
237,9.0,0,0,0,0,3,4,5,7,0,0,0,0.85,0.83,0,0,0,0,1,0,0
0,4.0,0,15,19,19,0,0,0,0,0,0,0,0.85,0.78,0,1,0,1,1,0,1
5,2.0,0,1,3,7,3,7,9,13,0,0,0,0.48,0.36,0,0,0,0,1,0,1
34817,8.0,0,6468,32844,59248,0,0,0,0,0,0,0,0.96,0.81,0,0,0,0,1,0,0
8,8.0,0,0,0,0,0,0,0,0,0,0,0,0.82,0.83,0,0,0,0,1,0,0
3,2.0,0,15,20,30,10,24,49,68,0,0,0,0.8,0.82,0,0,0,0,1,0,1
0,2.0,0,7,9,9,0,0,0,0,0,0,0,0.0,0.0,0,1,0,1,1,0,1
1,8.0,0,20,20,20,2,5,8,9,0,0,0,1.0,0.99,0,0,0,0,1,0,1
0,8.0,0,30,46,66,3,17,21,36,3,0,0,0.94,0.96,0,0,0,0,1,0,1
-17,6.0,29,83,112,141,11,91,212,268,39,0,0,0.78,0.78,17,0,0,0,1,0,1
88,12.0,0,0,0,0,2,7,12,19,0,0,0,0.57,0.68,0,0,0,0,1,0,0
0,8.0,0,71,104,137,1,26,61,102,28,0,0,0.85,0.87,0,0,0,0,1,0,1
0,8.0,0,2,2,2,0,0,1,1,0,0,0,0.87,0.88,0,1,0,1,1,0,1
1,8.0,0,0,0,10,2,7,16,26,4,0,0,0.99,0.99,0,0,0,0,1,0,1
32,8.0,0,0,0,0,2,6,6,6,1,0,0,0.93,0.86,0,0,0,0,1,0,0
1,4.0,0,1,1,1,3,3,3,3,0,0,0,0.82,0.78,0,1,0,1,1,0,1
0,8.0,0,30,30,30,0,0,0,0,0,0,0,0.99,0.96,0,0,0,0,1,0,0
3,8.0,0,2,5,8,1,3,5,8,4,0,0,0.77,0.87,0,0,0,0,1,0,0
0,12.0,12,0,0,0,0,0,0,0,3,0,0,0.78,0.78,0,1,0,0,1,0,1
7,8.0,0,18,36,54,6,12,29,59,8,0,0,0.96,0.93,0,0,0,0,1,0,1
1760,8.0,1131,1024,2048,3072,566,1511,2795,3849,474,0,0,0.98,0.98,0,0,0,0,1,0,0
4,2.0,0,0,0,0,0,4,4,4,0,0,0,0.54,0.56,0,1,0,0,1,0,1
93,2.0,0,94,190,286,33,86,128,138,14,0,0,0.63,0.63,0,1,0,0,1,0,0
50,4.0,0,0,0,0,0,0,0,0,0,0,0,0.73,0.78,0,0,0,0,1,0,0
2,12.0,0,10,10,10,0,0,2,5,0,0,0,0.0,0.0,0,0,0,0,1,0,1
0,8.0,0,5,8,9,1,4,6,9,0,0,0,0.95,0.93,0,0,0,0,1,0,1
1228,2.0,510,2961,5796,8568,835,2733,5619,8518,753,0,0,0.99,0.96,0,0,0,0,1,0,0
2,6.0,0,0,1,2,1,1,3,4,1,0,0,0.78,0.78,0,0,0,0,1,0,0
0,12.0,0,5,7,10,3,5,8,11,1,0,0,0.86,0.88,0,0,0,0,1,0,1
2,2.0,0,111,111,141,15,36,84,132,24,0,0,0.69,0.75,1,0,0,0,1,0,1
1,8.0,0,1,2,3,1,2,2,2,0,0,0,0.82,0.87,0,0,0,0,1,0,1
64,8.0,0,240,360,480,36,184,299,431,66,0,0,0.73,0.69,0,0,0,0,1,0,0
2,2.0,0,4,4,8,0,4,6,8,0,0,0,0.99,0.99,0,1,0,0,1,0,0
0,8.0,0,8,8,8,0,0,0,0,4,0,0,0.78,0.71,0,1,0,1,1,0,1
16,8.0,0,0,0,0,1,3,4,4,0,0,0,0.82,0.78,0,1,0,0,1,0,0
10,2.0,0,0,10,15,2,8,15,18,1,0,0,0.84,0.73,0,1,0,0,1,0,0
2,10.0,0,9,19,24,2,8,11,14,0,0,0,0.89,0.9,0,0,0,0,1,0,1
276,9.0,0,79,154,254,23,93,172,234,19,0,0,0.5,0.39,0,0,0,0,1,0,0
0,8.0,0,2,3,4,1,2,3,3,0,0,0,0.78,0.82,0,0,0,0,1,0,1
59,8.0,0,0,0,0,0,0,2,3,1,0,0,0.54,0.64,0,0,0,0,1,0,0
7,3.0,0,0,0,0,0,2,3,4,0,0,0,0.99,0.98,0,0,0,0,1,0,0
205,2.0,131,600,1080,1560,151,327,436,450,176,1,0,0.89,0.87,0,1,0,0,1,0,0
119,0.0,0,105,135,135,6,28,52,74,8,0,0,0.0,0.0,0,0,0,0,1,0,0
265,8.0,7,120,240,480,55,169,328,509,69,0,0,0.99,0.98,0,0,0,0,1,0,0
108,8.0,0,0,0,0,2,4,10,12,1,0,0,0.79,0.66,0,0,0,0,1,0,0
1,8.0,0,1,2,3,2,2,4,4,0,0,0,0.42,0.36,0,0,0,0,1,0,1
0,8.0,0,3,3,4,2,2,2,7,3,0,0,0.78,0.82,0,0,0,1,1,0,1
-1,3.0,4,10,16,24,6,14,20,30,2,0,0,0.89,0.9,3,0,0,0,1,0,1
246,4.0,0,0,0,0,0,0,0,0,0,0,0,0.73,0.78,0,0,0,0,1,0,0
7,2.0,0,0,0,0,8,15,20,28,0,0,0,0.66,0.63,0,0,0,0,1,0,1
1,4.0,0,30,40,40,80,110,120,160,0,0,0,0.73,0.78,0,0,0,0,1,0,1
17,8.0,0,0,0,0,1,2,2,4,0,0,0,0.14,0.14,0,0,0,1,1,0,0
500,8.0,0,2886,4413,6225,113,397,784,1420,99,0,0,0.69,0.69,0,0,0,0,1,0,0
8,2.0,0,184,272,356,0,0,0,0,1,0,0,0.81,0.83,0,1,0,0,1,0,1
0,14.0,0,3,3,4,1,2,3,3,0,0,0,0.89,0.9,0,0,0,0,1,0,1
199,8.0,0,0,0,0,0,1,3,4,0,0,0,0.78,0.88,0,0,0,0,1,0,0
3,8.0,0,26,29,39,3,10,23,42,2,0,12,0.18,0.1,0,0,0,0,1,0,1
13,2.0,0,504,810,1128,76,283,544,765,89,0,0,0.35,0.27,8,0,0,0,1,0,1
0,8.0,0,5,7,9,0,3,4,8,0,0,0,0.8,0.75,0,0,0,0,1,0,1
56,8.0,1,40,100,140,13,40,94,139,21,0,0,1.0,0.98,0,0,0,0,1,0,0
63,8.0,12,51,120,180,27,58,125,220,0,0,0,1.0,1.0,0,0,0,0,1,0,0
6,8.0,0,0,0,0,0,0,0,0,1,0,0,0.78,0.78,0,1,0,0,1,0,0
2255,12.0,2913,1902,4338,6600,533,4601,6976,9478,551,0,0,0.91,0.95,0,0,0,0,1,0,0
0,12.0,0,6,9,13,1,4,8,8,0,0,0,0.78,0.78,0,1,0,0,0,0,1
6,8.0,0,32,53,86,9,33,63,69,0,0,0,0.95,0.94,0,0,0,1,1,0,1
3,2.0,0,6,6,12,5,11,25,28,0,0,0,0.92,0.95,0,0,0,0,1,0,1
8,2.0,0,0,0,0,0,0,0,0,1,0,0,0.79,0.83,0,1,0,0,1,0,1
37,12.0,0,0,12,18,6,13,38,50,10,0,0,0.73,0.69,0,0,0,0,1,0,0
2,8.0,0,2,4,6,2,4,8,13,2,0,0,0.99,0.97,0,0,0,0,1,0,1
48,2.0,0,0,0,0,0,1,2,2,1,0,0,1.0,0.28,0,0,0,0,1,0,0
3,8.0,0,4,6,8,0,5,6,6,2,0,3,-99.0,-99.0,0,0,0,0,1,0,1
-1,8.0,36,292,488,702,55,223,362,474,47,0,0,0.96,0.88,8,0,0,0,1,0,1
13,2.0,0,0,0,0,0,0,0,0,0,0,0,0.73,0.77,0,0,0,0,1,0,0
1,8.0,0,2,4,5,1,3,3,4,0,0,0,0.85,0.56,0,0,0,0,1,0,1
5,2.0,0,5,15,20,9,13,21,28,1,0,0,0.99,0.99,0,0,0,0,1,0,1
0,8.0,0,2,2,3,0,1,1,1,0,0,0,0.56,0.69,0,0,0,0,1,0,0
10,8.0,0,18,28,28,2,6,13,28,0,0,0,1.0,0.99,0,0,0,0,1,0,1
9,16.0,0,54,76,106,8,34,59,82,17,0,0,0.99,0.99,0,0,0,0,1,0,1
34,8.0,0,0,0,0,0,0,0,0,0,0,0,0.74,0.74,0,0,0,0,1,0,0
133,8.0,72,1049,1721,2257,329,882,1520,2274,334,0,88,0.44,0.62,29,0,0,0,1,0,1
-4,2.0,0,15,15,15,19,32,33,33,0,0,0,0.24,0.28,0,1,0,0,1,0,1
100,12.0,0,0,0,0,0,0,0,0,0,0,0,0.96,0.86,0,0,0,0,1,0,0
11,8.0,0,14,35,49,2,14,28,39,0,0,0,0.99,0.99,0,0,0,0,1,0,0
13,8.0,0,120,220,360,2,11,21,21,0,0,0,0.49,0.45,0,0,0,1,1,0,1
0,2.0,0,0,0,0,0,0,0,0,0,0,0,0.56,0.56,0,1,0,0,1,0,1
398,8.0,0,0,77,139,0,0,1,1,2,0,0,0.85,0.93,0,0,0,0,1,0,0
3,9.0,0,0,0,1,2,2,2,5,0,0,0,0.68,0.66,0,0,0,1,1,0,1
8,8.0,0,24,24,48,6,15,27,38,3,0,0,0.93,0.96,0,0,0,0,1,0,1
2,4.0,0,4,6,9,4,4,8,9,0,0,0,0.77,0.85,0,0,0,0,1,0,1
2,8.0,0,1,3,4,0,2,2,6,0,0,0,0.78,0.86,0,0,0,1,1,0,1
158,8.0,0,0,0,0,0,5,12,17,2,0,0,0.73,0.6,0,0,0,1,1,0,0
10,2.0,0,0,0,0,0,3,5,5,2,0,0,0.59,0.81,0,0,0,0,1,0,1
7,4.0,0,0,0,0,0,0,0,0,0,0,0,0.73,0.78,0,0,0,0,1,0,0
0,8.0,0,0,0,0,0,0,0,0,0,0,0,0.98,0.99,0,0,0,0,1,0,0
3,8.0,0,0,0,0,0,0,0,0,0,0,0,0.0,0.0,0,0,0,0,1,0,0
3,2.0,0,45,45,45,5,9,12,13,2,0,0,0.97,0.96,0,1,0,0,1,0,1
1,8.0,0,3,6,9,2,4,8,10,0,0,0,0.72,0.75,0,0,0,0,1,0,1
2,8.0,0,0,0,0,0,0,0,0,0,0,0,0.96,0.97,0,0,0,0,1,0,0
5,4.0,0,0,1,3,3,4,8,10,0,0,0,0.77,0.8,0,0,0,0,1,0,0
0,12.0,0,5,5,5,0,0,0,0,0,0,1,0.57,0.68,0,1,0,0,1,0,1
6,4.0,0,0,2,5,0,1,4,5,0,0,0,0.84,0.86,0,0,0,0,1,0,1
-2,8.0,2,12,12,12,0,6,8,9,0,0,2,0.85,0.56,2,0,0,0,1,0,0
5,2.0,0,0,0,0,2,3,3,3,0,0,0,0.95,0.96,0,1,0,0,1,0,1
0,2.0,0,8,13,15,1,1,1,1,0,0,0,0.68,0.66,0,1,0,0,1,0,1
10,3.0,0,34,69,111,11,22,38,45,0,0,7,0.99,0.98,0,1,0,0,1,0,1
0,2.0,0,28,49,50,0,0,0,0,2,0,0,0.89,0.78,0,1,0,0,1,0,1
0,2.0,0,10,10,10,0,0,0,0,0,0,0,0.85,0.56,0,0,0,1,1,0,1
11,8.0,0,0,6,14,10,26,41,63,17,0,0,0.45,0.57,0,0,0,0,1,0,1
0,2.0,0,11,11,11,0,0,2,2,1,0,0,0.0,0.0,0,1,0,0,1,0,1
2461,8.0,847,2800,5200,6400,927,2362,4553,7397,784,0,0,0.99,0.99,0,0,0,0,1,0,0
2,2.0,10,20,30,50,11,19,32,68,4,0,0,0.98,0.97,0,0,0,0,1,0,1
3,4.0,0,0,0,0,0,0,1,2,0,0,0,0.73,0.78,0,0,0,0,1,0,0
0,2.0,0,1,1,1,0,0,0,0,0,0,1,0.18,0.33,0,1,0,0,1,0,1
74,8.0,1,0,56,112,7,32,63,91,26,0,0,0.96,0.89,0,0,0,0,1,0,0
-1,8.0,0,19,30,43,11,31,51,55,0,0,0,0.96,0.96,1,0,0,0,1,0,1
5,8.0,0,0,0,0,0,0,0,0,1,0,0,0.82,0.62,0,0,0,1,1,0,0
0,9.0,3,0,0,0,0,0,0,0,0,0,0,0.91,0.77,0,1,0,0,1,0,0
0,8.0,0,26,42,74,5,17,25,43,0,0,0,0.15,0.34,0,0,0,0,1,0,1
0,5.0,0,16,16,16,1,1,1,1,0,0,0,0.68,0.69,0,1,0,1,1,0,1
0,8.0,2,0,3,3,0,9,13,16,0,0,0,0.78,0.88,0,0,0,0,1,0,1
0,2.0,0,12,12,12,0,1,1,1,0,0,0,0.0,0.0,0,1,0,0,1,0,1
14,2.0,0,300,450,600,73,111,147,150,0,0,0,0.53,0.52,0,1,0,0,1,0,1
0,2.0,0,39,66,92,0,0,0,3,1,0,0,1.0,1.0,0,0,0,0,1,0,1
13457,2.0,4836,27960,59160,86640,7598,25828,55143,87860,7611,0,0,1.0,0.99,0,0,0,0,1,0,0
82,12.0,21,70,136,216,21,72,150,236,31,0,0,0.72,0.81,0,0,0,1,1,0,0
99,2.0,0,0,0,0,0,0,0,1,0,0,0,0.82,0.68,0,0,0,0,1,0,0
2,8.0,0,0,0,0,0,0,0,0,0,0,0,0.42,0.36,0,0,0,0,1,0,0
0,8.0,0,3,5,6,2,4,4,5,0,0,0,0.85,0.59,0,0,0,0,1,0,1
53,8.0,12,416,740,1064,137,401,659,864,100,0,0,0.92,0.93,1,0,0,0,1,0,1
0,2.0,0,5,5,5,0,0,0,0,0,0,0,0.0,0.0,0,1,0,1,1,0,1
3,9.0,0,0,0,0,0,0,0,0,1,0,0,0.7,0.66,0,0,0,0,1,0,0
305,8.0,124,112,206,206,4,6,9,9,0,0,0,0.77,0.77,0,1,0,0,1,0,0
604,8.0,136,910,1650,2390,204,658,1376,2252,211,0,139,0.86,0.88,0,0,0,0,1,0,0
0,12.0,0,4,6,9,1,4,6,8,0,0,0,0.78,0.78,0,0,0,0,1,0,1
72,8.0,1,57,57,106,15,52,104,160,12,0,0,0.92,0.91,0,0,0,0,1,0,0
0,2.0,0,11,20,22,0,0,0,0,0,0,0,0.71,0.75,0,0,0,1,1,0,1
6,12.0,3,12,15,21,4,14,26,32,1,0,0,0.78,0.78,0,0,0,0,1,0,1
2,8.0,0,0,0,1,0,0,3,3,0,0,0,0.82,0.81,0,0,0,0,1,0,0
38,8.0,0,0,19,38,6,14,49,72,9,0,0,0.93,0.95,0,0,0,0,1,0,0
-4,8.0,0,173,173,173,37,155,175,198,40,0,0,1.0,0.98,4,0,0,0,1,0,1
13,8.0,0,0,0,0,0,2,3,6,1,0,0,0.94,0.92,0,0,0,0,1,0,0
100,2.0,0,50,50,50,9,35,47,54,13,0,0,0.78,0.86,0,0,0,0,1,0,0
101,14.0,0,0,0,0,0,0,0,1,1,0,0,0.99,0.99,0,0,0,0,1,0,0
6,13.0,0,0,0,0,1,2,2,2,0,0,0,0.82,0.81,0,1,0,1,1,0,0
0,2.0,0,100,100,100,0,0,0,0,2,0,0,0.03,0.01,0,1,0,1,1,0,1
0,2.0,0,2080,2890,3475,5,766,766,767,656,0,0,0.98,0.99,6,0,0,0,0,0,1
54,8.0,0,0,0,0,0,0,0,1,1,0,0,0.99,0.99,0,0,0,1,1,0,0
558,16.0,588,1275,3635,5275,546,1561,3824,5649,369,0,0,0.93,0.91,0,0,0,0,1,0,0
13,2.0,0,20,20,40,3,9,46,54,0,0,0,0.95,0.97,0,0,0,1,1,0,0
0,2.0,0,1200,2112,2864,0,0,0,0,136,0,0,0.92,0.79,0,0,0,1,0,0,1
24,8.0,0,0,0,0,0,0,0,0,0,0,0,0.99,0.95,0,0,0,0,1,0,0
44,9.0,0,0,0,0,15,41,87,127,6,0,0,0.99,0.99,0,1,0,0,1,0,0
2654,2.0,0,0,0,0,6,19,58,90,0,0,0,0.84,0.89,0,0,0,0,1,0,0
11,2.0,0,9,18,27,0,40,45,46,0,0,0,0.84,0.84,0,0,0,0,1,0,0
3,8.0,0,6,10,16,1,5,9,11,1,0,0,0.92,0.96,0,0,0,0,1,0,1
3,8.0,0,0,0,1,0,0,1,3,0,0,0,0.12,0.1,0,0,0,0,1,0,0
223,8.0,0,0,0,0,16,47,136,180,22,0,0,0.96,0.93,0,0,0,1,1,0,0
0,2.0,40,40,120,160,20,55,119,162,0,0,0,0.97,0.97,0,0,0,0,1,0,1
7,10.0,0,315,596,880,52,248,529,741,0,0,53,0.89,0.9,0,0,0,0,1,0,1
210,8.0,0,6,29,52,8,20,47,82,0,0,0,1.0,0.9,0,0,0,0,1,0,0
28,2.0,0,0,0,0,0,0,2,2,2,0,0,0.77,0.82,0,1,0,0,1,0,0
17,8.0,0,0,0,0,0,0,0,0,0,0,0,0.68,0.85,0,0,0,0,1,0,0
104,8.0,0,0,0,0,5,14,23,31,1,0,0,0.86,0.91,0,0,0,0,1,0,0
0,2.0,0,3,6,7,4,12,19,37,3,0,0,0.91,0.95,0,0,0,0,1,0,1
107,8.0,14,330,546,834,94,295,498,730,73,0,0,0.43,0.46,0,0,0,1,1,0,1
-11,8.0,0,24,24,24,2,3,6,6,1,0,0,0.43,0.46,11,0,0,0,1,0,1
5,12.0,0,14,17,29,8,23,35,51,0,0,0,0.78,0.78,0,0,0,1,1,0,1
0,8.0,0,0,0,0,0,0,0,0,0,0,0,1.0,0.99,0,0,0,0,1,0,0
8,7.0,0,0,0,0,0,2,2,2,1,0,0,0.75,0.65,0,0,0,0,1,0,0
182,8.0,0,0,0,0,2,14,39,56,0,0,0,0.98,0.92,0,0,0,0,1,0,0
1,8.0,0,2,3,5,0,1,2,3,0,0,0,0.46,0.35,0,0,0,0,1,0,1
4,9.0,0,0,0,0,1,1,1,2,0,0,0,0.87,0.72,0,0,0,0,1,0,0
0,2.0,0,10,11,11,0,0,0,0,0,0,0,0.23,0.26,0,1,0,1,1,0,1
2,8.0,0,0,0,0,0,0,0,0,1,0,0,0.98,0.98,0,0,0,0,1,0,0
0,2.0,0,11,11,11,0,0,0,0,0,0,0,0.92,0.92,0,0,0,0,1,0,1
175,16.0,0,0,0,0,4,6,8,12,0,0,0,0.66,0.63,0,0,0,0,1,0,0
14,8.0,0,0,0,0,0,0,0,0,1,0,0,0.92,0.94,0,0,0,0,0,0,0
38,8.0,12,138,231,332,25,105,213,350,79,0,27,0.86,0.88,1,0,0,1,1,0,1
2,2.0,0,19,37,58,6,11,21,39,0,0,0,0.82,0.75,0,0,0,1,1,0,0
7108,2.0,121,0,0,0,278,558,1090,1561,198,0,0,0.93,0.95,0,0,0,0,1,0,0
7,8.0,0,20,40,60,2,12,22,37,5,0,0,0.94,0.94,0,0,0,0,1,0,1
35,8.0,0,0,50,50,4,25,33,42,1,0,0,0.96,0.96,0,0,0,0,1,0,0
4,4.0,8,24,24,48,26,40,103,187,0,0,0,0.62,0.62,0,0,0,0,1,0,1
0,2.0,0,636,636,636,0,0,0,0,0,0,0,0.0,0.0,0,0,0,0,1,0,1
159,8.0,72,172,362,559,47,229,467,646,99,0,0,0.94,0.96,0,0,0,0,1,0,0
11,15.0,7,123,123,138,26,72,111,155,40,0,0,0.93,0.92,3,0,0,0,1,0,1
19,14.0,0,0,0,0,1,2,2,3,1,0,0,0.89,0.9,0,0,0,1,1,0,0
7,8.0,0,69,111,153,13,30,71,112,24,0,0,0.86,0.88,0,0,0,0,1,0,1
5,8.0,0,6,16,26,2,6,17,30,0,0,0,0.65,0.67,0,0,0,0,1,0,1
0,4.0,0,1,1,2,1,2,2,2,0,0,0,0.87,0.9,0,0,0,0,1,0,1
357,12.0,195,360,816,1200,204,471,752,1319,127,0,0,0.99,0.99,0,0,0,0,1,0,0
2,12.0,0,2,4,6,0,2,4,5,0,0,0,0.87,0.75,0,0,0,0,1,0,0
-2,8.0,0,3456,3456,3456,7,27,70,92,5,0,0,1.0,0.95,2,0,0,1,1,0,1
81,8.0,70,22,90,162,21,120,214,314,37,0,0,0.84,0.77,0,0,0,0,1,0,0
19,2.0,0,0,0,0,0,0,0,0,0,0,0,0.46,0.22,0,0,0,0,1,0,0
25,8.0,0,0,0,0,0,6,16,23,1,0,0,0.96,0.98,0,0,0,0,1,0,0
10,4.0,0,0,0,0,11,25,26,27,0,0,0,0.73,0.78,0,0,0,0,1,0,1
-101,8.0,66,3442,5629,7735,1182,2576,4753,6750,476,0,81,-99.0,-99.0,126,0,0,0,1,0,1
4,8.0,0,0,1,2,0,1,5,6,2,0,0,0.98,0.97,0,0,0,0,1,0,0
15,8.0,4,816,1356,1856,223,626,1054,1426,197,0,0,0.95,0.97,13,0,0,0,1,0,1
0,12.0,0,5,7,10,1,6,6,11,0,0,0,0.82,0.79,0,0,0,0,1,0,1
1,8.0,0,1,2,3,1,2,4,4,0,0,0,0.37,0.36,0,0,0,0,1,0,1
5,8.0,2,10,38,56,0,19,33,63,3,0,0,0.7,0.9,0,0,0,0,1,0,1
2,12.0,0,219,485,620,44,209,648,839,71,0,46,0.73,0.79,0,0,0,1,1,0,1
60,9.0,0,0,15,15,0,5,19,26,2,0,0,0.85,0.82,0,0,0,0,1,0,0
20,8.0,0,110,175,240,17,42,95,141,10,0,0,0.95,0.94,0,0,0,0,1,0,1
0,2.0,0,4,7,8,0,0,0,0,0,0,0,0.98,0.95,0,1,0,0,1,0,1
0,2.0,0,52,80,87,4,16,32,65,0,0,0,0.0,0.0,0,0,0,0,1,0,1
2,12.0,0,1,1,1,0,0,1,1,0,0,0,0.57,0.7,0,0,0,0,1,0,0
81,11.0,0,0,0,0,12,36,53,84,8,0,0,0.85,0.76,0,0,0,0,1,0,0
0,2.0,0,12,24,26,2,5,12,28,0,0,0,0.85,0.89,0,0,0,1,1,0,1
6,11.0,0,54,81,108,11,35,78,119,13,0,0,0.85,0.77,0,0,0,0,1,0,1
68,8.0,90,0,0,0,16,21,38,64,9,0,0,0.99,0.97,0,0,0,0,1,0,0
1940,2.0,20,0,0,2000,232,602,1079,1894,255,0,0,1.0,0.99,0,0,0,0,1,0,0
0,8.0,0,7,7,7,0,1,4,4,0,0,0,0.46,0.35,0,0,0,0,1,0,1
0,2.0,0,5,8,8,0,1,1,1,1,0,5,0.66,0.69,0,1,0,1,1,0,1
205,17.0,0,0,0,0,0,0,0,0,0,0,0,1.0,0.99,0,0,0,0,1,0,0
9,8.0,0,8,15,29,1,9,15,22,4,0,0,0.99,0.98,0,0,0,0,1,0,0
112,2.0,0,0,0,0,13,513,513,513,0,0,0,0.86,0.79,0,1,0,0,1,0,1
4,12.0,0,30,42,60,0,11,21,36,0,0,0,0.69,0.68,0,0,0,1,1,0,1
11,8.0,0,0,0,0,0,0,0,0,1,0,0,0.95,0.95,0,0,0,0,1,0,0
4,8.0,0,0,0,0,0,0,0,0,0,0,0,0.42,0.36,0,0,0,0,1,0,0
1,12.0,0,2,3,5,2,5,8,16,1,0,0,0.81,0.82,0,0,0,0,1,0,1
71,8.0,0,72,144,180,24,71,159,243,32,0,0,0.96,0.81,0,0,0,1,1,0,0
10,8.0,0,0,0,0,0,0,2,2,1,0,0,1.0,0.99,0,0,0,0,1,0,0
3460,52.0,15,0,0,0,59,192,387,678,76,0,0,-99.0,0.0,0,1,0,0,1,0,0
6,8.0,0,9,9,23,5,12,21,31,0,0,0,0.93,0.95,0,0,0,0,1,0,1
25,8.0,0,0,0,0,0,0,0,6,0,0,0,0.86,0.88,0,0,0,0,1,0,0
5,2.0,0,0,0,0,0,0,0,0,0,0,0,0.91,0.94,0,0,0,0,1,0,0
3,8.0,0,6,11,15,4,7,9,14,7,0,0,0.43,0.46,0,0,0,0,1,0,0
239,2.0,0,0,0,0,0,0,0,0,0,0,0,-99.0,-99.0,0,0,0,0,1,0,0
3,4.0,0,25,50,65,14,31,77,101,10,0,0,0.87,0.91,0,0,0,0,1,0,1
0,2.0,0,6,12,12,4,8,8,8,0,0,0,0.21,0.36,0,1,0,0,1,0,1
7,8.0,0,0,0,0,0,2,3,3,0,0,0,0.0,0.12,0,0,0,0,1,0,0
11,2.0,0,0,0,0,7,15,20,20,0,0,0,0.97,0.94,0,1,0,0,1,0,1
0,2.0,0,4,7,8,0,0,0,0,0,0,4,0.78,0.78,0,0,0,0,1,0,0
12,2.0,0,0,0,0,0,0,0,0,0,0,0,0.53,0.54,0,1,0,0,1,0,0
6,9.0,0,0,0,0,0,0,0,0,0,0,0,0.91,0.77,0,1,0,0,1,0,0
222,8.0,0,0,0,0,0,1,2,3,2,0,0,0.97,0.98,0,1,0,0,0,0,0
10,2.0,0,12,12,12,2,2,2,2,1,0,0,0.96,0.95,0,1,0,0,1,0,1
32,8.0,0,337,629,775,44,266,588,850,113,0,0,0.47,0.47,1,1,0,0,1,0,1
2,8.0,0,35,55,70,7,16,29,45,2,0,3,0.0,0.0,0,0,0,0,1,0,1
8,8.0,0,15,15,30,3,11,20,25,1,0,0,0.92,0.93,0,0,0,0,1,0,1
6,12.0,0,32,56,74,6,14,23,35,0,0,0,0.69,0.69,0,0,0,1,1,0,0
72,12.0,50,1,1,41,10,30,78,125,19,0,0,0.92,0.95,0,0,0,0,1,0,0
5,2.0,0,3,3,3,0,0,0,0,0,0,3,0.18,0.33,0,1,0,0,1,0,0
43,8.0,35,254,350,446,118,310,419,718,136,0,0,0.94,0.9,0,0,0,0,1,0,1
2,10.0,0,0,0,0,0,0,2,2,0,0,0,0.89,0.9,0,0,0,0,1,0,1
0,2.0,0,567,897,952,0,0,0,0,43,0,0,0.2,0.35,0,0,0,0,1,0,0
0,8.0,0,115,160,160,0,0,0,0,20,0,0,0.98,0.98,0,1,0,0,1,0,1
-100,8.0,0,540,540,540,70,170,387,823,125,0,0,0.14,0.14,100,0,0,0,1,0,1
17,2.0,0,0,0,0,0,4,4,9,1,0,0,0.37,0.4,0,1,0,0,1,0,0
1,8.0,0,0,0,0,0,0,0,0,0,0,0,1.0,0.99,0,0,0,0,1,0,0
0,8.0,0,10,14,14,1,10,15,20,1,0,0,0.97,0.84,0,0,0,0,1,0,1
5,8.0,0,0,0,0,1,1,2,4,1,0,0,0.99,0.99,0,0,0,0,1,0,1
-12,8.0,0,96,96,144,13,50,79,97,0,0,0,0.95,0.84,12,0,0,0,1,0,1
10,12.0,0,14,14,14,10,15,16,29,4,0,0,0.94,0.89,0,0,0,0,1,0,1
9,9.0,0,0,0,0,0,2,2,2,0,0,0,0.91,0.74,0,1,0,0,1,0,0
0,9.0,0,2,2,2,0,0,1,2,0,0,2,0.87,0.72,0,0,0,0,1,0,1
8,3.0,0,41,76,118,7,23,40,47,0,0,13,0.99,0.98,0,1,0,0,1,0,1
3,8.0,0,0,0,0,0,0,1,1,0,0,0,0.8,0.82,0,0,0,0,1,0,0
3,8.0,0,264,264,264,1,2,11,17,0,0,0,0.5,0.52,0,1,0,0,1,0,1
0,2.0,0,4,4,4,0,0,0,0,1,0,0,0.83,0.86,0,0,0,0,1,0,1
9,12.0,4,0,0,0,0,0,0,0,1,0,0,0.48,0.48,0,1,0,0,1,0,0
35,2.0,54,0,36,72,0,0,0,0,15,0,0,0.85,0.76,0,1,0,0,1,0,1
0,2.0,0,0,0,0,7,298,898,1353,8,0,0,0.99,0.96,0,0,0,0,1,0,1
0,8.0,0,0,0,0,0,0,0,0,0,0,0,0.78,0.74,0,0,0,0,1,0,0
171,9.0,57,240,432,660,73,266,527,840,129,0,0,0.99,0.99,0,0,0,0,1,0,0
46,8.0,0,343,631,847,76,299,605,885,83,0,5,0.8,0.75,0,0,0,0,1,0,1
0,2.0,0,20,32,44,2,9,14,25,0,0,7,0.1,0.17,0,0,0,0,1,0,1
14,8.0,0,0,4,10,1,5,16,21,0,0,0,0.99,0.96,0,0,0,0,1,0,0
1,12.0,0,12,18,24,2,9,16,24,5,0,0,0.73,0.76,0,0,0,0,1,0,1
32,8.0,1,2800,2800,2800,616,1674,2433,2776,480,0,0,0.98,0.96,84,0,0,0,1,0,1
207,12.0,0,0,0,0,25,41,81,116,12,0,0,0.98,0.95,0,0,0,0,1,0,0
3,4.0,0,0,0,0,1,9,12,18,0,0,0,0.73,0.78,0,0,0,0,1,0,0
0,8.0,0,11,16,21,1,4,10,17,3,0,0,0.3,0.3,0,0,0,0,1,0,1
933,2.0,28,0,0,0,58,186,324,463,65,0,0,0.84,0.82,0,0,0,0,1,0,0
-171,12.0,0,2520,2640,2640,6,57,189,253,2176,0,0,0.0,0.0,171,0,0,0,1,0,1
0,8.0,0,18,18,18,1,3,17,22,3,0,0,0.02,0.03,0,0,0,0,1,0,1
1024,52.0,0,0,0,0,3,6,25,28,5,0,0,0.0,0.66,0,1,0,0,0,0,0
2,9.0,0,0,0,0,0,0,0,0,0,0,0,0.68,0.66,0,0,0,0,1,0,0
5,4.0,0,0,0,0,0,0,0,0,0,0,0,0.73,0.78,0,0,0,0,1,0,0
13,8.0,0,18,36,54,7,16,26,35,2,0,0,0.67,0.39,0,0,0,0,1,0,1
-85,12.0,0,126,126,126,0,110,141,187,140,0,0,0.0,0.01,0,0,0,0,1,0,1
34,8.0,0,96,192,288,23,56,108,204,16,0,0,0.75,0.72,0,0,0,0,1,0,1
2,9.0,0,0,0,0,0,0,0,0,0,0,0,0.87,0.72,0,0,0,0,1,0,0
0,12.0,0,4,5,7,1,3,4,6,0,0,0,0.78,0.78,0,0,0,0,1,0,1
233,8.0,3,220,495,770,79,278,582,924,56,0,0,0.81,0.9,0,0,0,0,1,0,0
231,8.0,0,0,0,0,4,4,4,4,8,0,0,0.99,0.97,0,1,0,0,1,0,0
13,8.0,0,0,0,0,0,0,0,0,0,0,0,0.96,0.96,0,0,0,0,1,0,0
0,2.0,0,28,49,49,0,0,0,0,2,0,14,0.87,0.78,0,1,0,0,1,0,1
52,12.0,0,496,688,880,45,164,600,919,56,0,0,0.61,0.58,42,0,0,0,1,0,0
27992,8.0,180,855,20235,35340,2768,10363,23699,43275,3619,0,0,0.98,0.99,180,0,0,0,1,0,1
2,8.0,0,0,0,0,1,1,3,5,2,0,0,0.99,0.98,0,1,0,0,1,0,0
0,8.0,0,0,0,0,0,0,0,0,0,0,0,0.44,0.49,0,0,0,0,1,0,0
5,0.0,0,51,87,123,19,48,80,106,5,0,0,0.0,0.0,0,0,0,0,0,0,1
0,0.0,0,62,134,217,1,1,1,1,27,0,0,0.0,0.0,0,1,0,0,1,0,1
3,9.0,0,2,2,2,0,0,0,0,0,0,0,0.68,0.66,0,1,0,0,1,0,0
4,8.0,0,60,90,117,12,29,73,96,38,0,0,0.3,0.32,1,0,0,0,1,0,1
8,8.0,0,28,43,68,10,29,55,75,8,0,0,0.84,0.89,0,0,0,0,1,0,1
3,8.0,0,0,0,0,0,0,0,1,0,0,0,0.82,0.75,0,0,0,0,1,0,0
65,4.0,23,42,84,126,29,72,136,193,16,0,0,0.77,0.8,0,0,0,0,1,0,0
9,2.0,0,40,60,80,11,34,48,73,0,0,0,0.95,0.97,0,0,0,0,1,0,1
65,2.0,0,0,0,0,4,7,7,11,0,0,0,1.0,0.97,0,0,0,1,1,0,0
1,8.0,0,10,20,25,6,15,15,21,0,0,0,0.84,0.77,0,0,0,0,1,0,1
2,12.0,0,0,0,0,0,0,0,0,0,0,0,0.63,0.72,0,0,0,0,1,0,0
1,9.0,0,1,1,2,0,1,1,2,0,0,0,1.0,0.99,0,0,0,0,1,0,1
247,16.0,15,400,400,400,39,134,250,378,46,0,0,0.63,0.58,0,1,0,0,0,0,0
5,12.0,0,0,0,0,0,0,0,0,1,0,0,0.74,0.74,0,0,0,1,1,0,0
35,9.0,0,0,0,0,0,0,0,0,0,0,0,0.85,0.82,0,0,0,0,1,0,0
5,8.0,0,90,126,180,61,149,268,381,29,0,18,0.43,0.46,1,0,0,1,1,0,1
1,8.0,0,1,2,3,1,1,3,4,1,0,0,0.79,0.66,0,0,0,0,1,0,1
5,8.0,0,16,27,49,4,11,27,39,0,0,0,0.84,0.83,0,0,0,0,1,0,1
6,2.0,0,2,2,2,0,0,0,0,0,0,0,0.59,0.61,0,1,0,0,1,0,0
2,2.0,0,0,0,0,1,3,7,7,0,0,0,0.21,0.36,0,0,0,0,1,0,1
3,8.0,0,0,0,0,0,0,0,0,0,0,0,0.8,0.83,0,0,0,0,1,0,0
11,8.0,0,0,0,0,0,3,4,5,0,0,0,0.78,0.76,0,1,0,0,1,0,0
-2,8.0,8,11,24,35,10,30,52,56,0,0,0,0.94,0.95,2,0,0,0,1,0,1
0,12.0,1,4,4,4,5,6,7,7,0,0,0,0.73,0.76,0,0,0,0,1,0,1
0,8.0,0,4,6,8,1,1,5,6,0,0,0,0.85,0.56,0,0,0,1,1,0,1
1,8.0,0,0,1,1,0,0,1,1,0,0,0,0.79,0.66,0,0,0,0,1,0,0
2,12.0,0,0,0,0,0,0,0,0,0,0,0,0.62,0.73,0,1,0,0,1,0,0
0,9.0,0,8,8,8,0,1,5,5,0,0,0,0.99,0.98,0,0,0,0,1,0,1
0,9.0,0,3,4,5,2,3,4,7,1,0,0,0.92,0.76,0,0,0,0,1,0,1
0,2.0,0,83,107,107,0,0,0,0,5,0,0,0.47,0.55,0,1,0,0,1,0,1
-41,10.0,649,1638,2638,4138,557,1719,3061,4148,251,0,0,0.37,0.6,34,0,0,0,1,0,1
-4,8.0,0,24,41,50,3,6,19,32,5,0,1,0.77,0.74,4,0,0,0,1,0,1
3,2.0,0,2,5,6,0,0,0,0,0,0,0,0.84,0.89,0,1,0,0,1,0,0
0,8.0,0,1,1,2,0,1,1,2,1,0,0,0.43,0.46,0,0,0,0,1,0,1
4,12.0,0,0,0,0,0,0,0,0,0,0,0,0.63,0.72,0,0,0,0,1,0,0
0,2.0,0,90,90,90,0,99,99,99,3,0,0,0.68,0.82,0,1,0,0,1,0,1
9,8.0,0,0,0,0,6,12,20,32,18,0,0,1.0,0.99,0,0,0,0,1,0,0
4,2.0,0,7,14,21,5,7,18,31,0,0,0,0.98,0.95,0,0,0,1,1,0,1
0,8.0,0,21,30,39,4,12,24,33,0,0,0,0.79,0.66,0,0,0,0,1,0,1
136,2.0,37,144,378,630,52,209,443,583,73,0,0,0.79,0.91,0,0,0,1,1,0,0
0,12.0,0,6,7,7,0,1,1,1,0,0,0,0.63,0.72,0,1,0,0,1,0,1
11,2.0,0,419,619,779,71,156,267,339,96,0,6,0.19,0.39,0,1,0,0,1,0,1
97,2.0,0,82,206,342,19,48,61,136,0,0,0,1.0,0.74,0,1,0,0,1,0,0
0,8.0,900,350,350,350,0,0,0,0,85,0,0,0.41,0.47,0,1,0,0,1,0,1
-6,12.0,0,32,32,32,0,2,8,8,0,0,0,0.0,0.01,6,0,0,0,1,0,1
4,2.0,0,20,38,63,9,29,51,59,1,0,0,0.07,0.07,0,0,0,0,1,0,1
6,8.0,0,0,0,0,0,1,1,2,0,0,0,0.93,0.96,0,0,0,0,1,0,1
0,8.0,0,3,4,6,2,3,4,6,0,0,0,0.82,0.81,0,0,0,0,1,0,1
3,10.0,0,0,1,3,0,1,1,4,0,0,0,0.89,0.9,0,0,0,0,1,0,1
355,12.0,12,0,0,250,25,113,235,345,62,0,0,0.92,0.89,0,0,0,0,1,0,0
0,9.0,0,3,3,3,0,0,0,0,0,0,0,0.7,0.66,0,1,0,0,1,0,0
26,2.0,0,40,80,120,11,29,53,77,0,0,0,0.99,0.99,0,0,0,0,1,0,1
23,8.0,0,0,0,0,2,3,7,11,0,0,0,0.88,0.81,0,0,0,0,1,0,0
2,12.0,0,0,0,0,0,0,0,0,0,0,0,0.63,0.72,0,0,0,0,1,0,0
1,2.0,0,34,34,34,10,18,22,28,0,0,20,0.0,0.0,0,1,0,0,1,0,1
1,8.0,0,0,0,0,0,0,0,0,0,0,0,0.46,0.35,0,0,0,0,1,0,0
6,2.0,0,0,0,2,3,3,11,11,1,0,0,0.99,0.99,0,1,0,0,1,0,1
21,2.0,0,0,0,20,3,11,24,29,1,0,0,0.96,0.98,0,0,0,0,0,0,0
0,2.0,0,10,11,11,0,0,0,0,0,0,0,-99.0,0.28,0,1,0,0,1,0,1
-21,8.0,11,444,804,1080,123,389,638,1029,296,0,60,0.84,0.86,41,0,0,0,1,0,1
457,9.0,165,636,1200,1836,216,732,1495,2420,296,0,0,1.0,0.99,0,0,0,0,1,0,0
5,4.0,0,1,1,1,2,2,2,2,3,0,0,0.24,0.14,0,1,0,0,1,0,0
1,2.0,0,2,4,6,0,1,4,4,2,0,0,1.0,1.0,0,0,0,0,1,0,1
0,2.0,0,5,8,9,0,0,0,0,0,0,0,0.42,0.36,0,1,0,1,1,0,1
7,8.0,0,8,16,20,2,7,14,19,1,0,0,0.85,0.78,0,0,0,0,1,0,0
1964,8.0,0,1218,1827,2436,19,972,3235,8755,0,0,0,0.73,0.52,0,0,0,0,1,0,0
70,8.0,10,10,30,60,0,16,41,58,5,0,0,0.82,0.77,0,0,0,0,1,0,0
44,8.0,10,43,73,113,25,52,81,119,21,0,0,0.99,0.94,0,0,0,0,1,0,0
0,8.0,0,1,1,1,1,1,1,1,0,0,0,0.89,0.88,0,0,0,0,1,0,1
4,52.0,0,0,0,0,1,3,5,10,0,0,0,-99.0,-99.0,0,1,0,0,0,0,1
47,8.0,0,0,0,0,0,0,0,0,0,0,0,0.59,0.78,0,0,0,0,1,0,0
47,8.0,0,0,0,0,16,34,73,101,0,0,0,1.0,0.84,0,1,0,0,1,0,0
0,8.0,0,1,2,2,0,1,2,2,0,0,0,0.42,0.46,0,0,0,1,1,0,1
0,2.0,0,12,21,25,0,0,0,0,1,0,0,0.89,0.94,0,1,0,0,1,0,0
54,4.0,19,123,203,283,14,47,71,72,1,0,0,0.24,0.14,0,1,0,1,1,0,0
30,2.0,0,150,300,450,50,110,182,232,47,0,0,0.1,0.05,0,1,0,1,1,0,1
1,2.0,0,36,48,72,1,6,6,6,0,0,24,0.31,0.34,0,1,0,0,1,0,1
0,2.0,0,10,10,10,0,0,0,0,0,0,0,0.82,0.89,0,1,0,1,1,0,1
-8,2.0,13,27,34,34,14,40,40,40,0,0,0,0.98,0.98,8,0,0,0,1,0,1
5,2.0,0,30,54,78,16,55,115,151,25,0,0,1.0,0.99,0,0,0,0,1,0,1
7,2.0,0,0,0,0,0,0,0,0,0,0,0,0.35,0.73,0,1,0,0,1,0,0
455,10.0,1,0,0,0,8,45,101,174,27,0,0,0.84,0.86,0,0,0,0,1,0,0
2,8.0,0,22,35,48,7,19,29,39,1,0,0,0.81,0.77,0,0,0,0,1,0,1
168,2.0,79,0,600,600,89,321,666,975,142,0,0,1.0,1.0,0,0,0,0,1,0,0
44,8.0,0,0,0,17,3,12,21,35,0,0,0,0.56,0.46,0,0,0,0,1,0,0
1,8.0,0,1,2,2,0,1,1,2,1,0,0,0.84,0.77,0,0,0,0,1,0,0
11,9.0,6,0,0,0,21,34,34,34,4,0,0,0.86,0.84,0,0,0,0,1,0,1
4,8.0,0,1,5,9,1,4,9,19,0,0,0,0.78,0.82,0,0,0,0,1,0,0
11,2.0,9,27,54,72,12,26,51,73,7,0,0,0.99,0.93,0,0,0,0,1,0,1
3,8.0,0,0,0,0,0,0,1,1,1,0,0,0.66,0.72,0,0,0,0,1,0,0
656,4.0,471,693,1009,1483,196,743,1597,2307,171,0,0,0.73,0.78,0,0,0,0,1,0,0
0,12.0,0,15,19,27,3,8,11,19,0,0,0,0.78,0.78,0,0,0,0,1,0,1
0,2.0,0,0,1,3,0,1,2,7,3,0,0,0.91,0.96,0,0,0,0,0,0,1
11,2.0,0,0,0,0,0,0,0,0,0,0,0,0.81,0.41,0,1,0,0,1,0,1
1,2.0,0,12,20,28,6,14,21,32,0,0,0,0.93,0.94,0,0,0,0,1,0,1
0,2.0,0,92260,170880,207160,1,1,1,1,0,0,0,0.97,0.91,0,1,0,1,1,0,1
2,12.0,0,5,7,9,0,4,5,8,0,0,0,0.78,0.78,0,0,0,1,1,0,1
2,2.0,0,4,12,16,4,6,11,18,0,0,0,0.97,0.93,0,0,0,0,1,0,1
48,2.0,0,0,0,0,0,0,2,2,0,0,0,0.93,0.92,0,0,0,0,1,0,0
14,8.0,0,0,0,12,2,9,14,19,0,0,0,0.97,0.93,0,0,0,0,1,0,0
7,4.0,0,0,0,0,0,0,0,0,0,0,0,0.73,0.78,0,1,0,0,1,0,0
2,0.0,0,26,42,56,4,16,32,51,2,0,0,0.0,0.0,0,0,0,0,0,0,1
4,12.0,0,4,8,12,4,9,10,15,7,0,0,0.73,0.76,0,0,0,0,1,0,0
41,2.0,0,183,321,477,39,114,221,316,21,0,18,0.66,0.6,0,0,0,1,1,0,1
2,8.0,0,0,0,0,0,0,0,0,0,0,0,0.82,0.83,0,0,0,0,1,0,0
14,2.0,0,10,20,30,6,10,22,40,1,0,0,1.0,0.92,0,0,0,0,1,0,0
1,9.0,0,2,3,5,1,3,3,6,0,0,0,0.54,0.47,0,0,0,0,1,0,1
32,0.0,0,2,20,36,22,60,84,105,20,0,0,0.0,0.0,0,0,0,0,0,0,1
18,8.0,0,38,63,88,11,32,55,80,12,0,0,0.31,0.41,0,0,0,0,1,0,0
0,2.0,0,4,5,7,0,0,0,0,0,0,0,0.73,0.76,0,0,0,0,1,0,1
3,4.0,1,5,9,15,1,11,16,16,0,0,0,0.79,0.66,0,0,0,0,1,0,1
-7,8.0,13,659,899,1187,118,363,652,939,146,0,48,0.53,0.54,17,0,0,1,1,0,1
6,2.0,0,0,3,9,2,5,8,13,0,0,0,0.86,0.77,0,0,0,0,1,0,1
8,8.0,0,0,0,0,0,0,0,0,1,0,0,1.0,0.99,0,0,0,0,1,0,0
8,8.0,0,31,59,105,8,37,82,104,15,0,0,0.37,0.4,0,0,0,0,1,0,1
377,9.0,287,120,600,1008,134,547,1136,1711,1274,0,0,0.42,0.54,0,0,0,0,1,0,0
0,4.0,0,0,0,0,0,0,0,0,0,0,0,0.73,0.78,0,0,0,0,1,0,1
2,12.0,0,0,0,0,0,0,0,1,0,0,0,0.82,0.79,0,0,0,0,1,0,0
34,2.0,3,360,648,936,98,239,448,701,129,0,0,0.67,0.61,0,0,0,1,1,0,1
1,3.0,0,2,3,5,0,2,2,4,0,0,0,0.89,0.9,0,0,0,0,1,0,1
4,2.0,0,0,0,0,0,0,0,0,0,0,0,1.0,0.99,0,1,0,1,1,0,1
259,8.0,0,0,0,0,0,34,51,74,24,0,0,1.0,1.0,0,0,0,0,1,0,0
5,8.0,0,10,20,25,4,15,29,49,0,0,0,0.8,0.82,0,0,0,0,1,0,1
0,2.0,0,29,50,54,0,0,0,0,1,0,0,0.52,0.41,0,1,0,0,0,0,1
4,8.0,0,28,40,52,9,17,35,52,8,1,4,0.82,0.8,0,0,0,0,1,0,1
0,2.0,0,12,27,27,0,0,0,0,1,0,0,0.81,0.87,0,0,0,1,1,0,1
4,8.0,0,50,75,100,3,25,39,49,0,0,0,0.98,0.98,0,0,0,0,1,0,1
1,3.0,0,10,15,25,8,24,41,49,0,0,0,0.99,0.98,0,0,0,0,1,0,1
466,8.0,361,560,720,1040,152,569,1259,1939,96,0,0,0.7,0.64,0,0,0,0,1,0,0
3,8.0,0,1,1,2,0,0,2,4,0,0,0,1.0,0.92,0,0,0,0,1,0,0
28,4.0,0,0,0,0,0,0,0,0,0,0,0,1.0,1.0,0,0,0,0,1,0,0
7,2.0,0,0,0,0,0,2,3,3,0,0,0,0.73,0.77,0,0,0,0,1,0,0
5,8.0,0,32,47,62,3,14,27,53,0,0,0,0.79,0.87,0,0,0,0,1,0,1
0,2.0,0,5,5,5,0,0,0,0,0,0,0,0.0,0.0,0,1,0,1,1,0,1
11,0.0,0,0,0,0,0,0,0,1,3,0,0,0.0,0.0,0,0,0,0,0,0,0
113,4.0,112,0,56,168,43,88,196,271,45,0,0,1.0,0.99,0,0,0,0,1,0,0
52,2.0,0,13,60,60,0,0,0,0,0,0,1,0.84,0.86,0,1,0,1,1,0,0
48,17.0,1,37,76,115,8,44,93,135,30,0,0,1.0,1.0,0,0,0,1,1,0,0
725,8.0,293,808,1824,2768,280,1023,2206,3490,303,0,0,1.0,0.97,0,0,0,0,1,0,0
100,2.0,19,112,224,336,46,140,266,368,33,0,0,0.99,0.99,0,0,0,1,1,0,0
19,2.0,0,0,0,0,1,2,4,4,1,0,0,0.85,0.8,0,1,0,0,1,0,1
679,8.0,78,400,900,1400,232,582,1170,1709,275,0,0,0.87,0.82,0,0,0,0,1,0,0
3,8.0,0,0,0,0,0,0,2,3,0,0,0,0.94,0.9,0,0,0,0,1,0,0
2,8.0,0,4,12,16,2,7,12,21,1,0,0,1.0,0.99,0,0,0,0,1,0,1
4,8.0,0,15,23,31,6,13,18,33,0,0,0,0.17,0.33,0,0,0,0,1,0,1
1020,8.0,325,740,1270,1800,222,623,1039,1632,269,0,0,0.9,0.94,5,0,0,0,1,0,0
3,2.0,0,20,38,65,9,30,51,58,1,0,0,0.12,0.1,0,0,0,0,1,0,1
3,2.0,10,90,165,240,37,91,145,196,43,0,0,0.99,0.98,0,0,0,0,1,0,1
-7,6.0,0,38,38,57,11,31,70,105,4,0,0,0.78,0.78,7,0,0,0,1,0,1
-4,8.0,0,15,19,20,0,7,12,24,0,0,0,0.73,0.73,4,0,0,0,1,0,1
36,14.0,1,48,84,144,18,50,87,130,31,0,0,0.89,0.93,0,0,0,0,1,0,0
8430,2.0,10,420,420,420,38,176,382,777,181,0,0,1.0,1.0,0,0,0,0,1,0,0
0,12.0,0,500,500,500,6,31,39,60,0,0,0,0.95,0.86,0,0,0,0,1,0,1
3,2.0,0,2,6,8,0,2,5,9,0,0,0,0.91,0.86,0,0,0,0,1,0,1
4,12.0,0,0,0,0,0,0,0,0,0,0,0,0.73,0.76,0,0,0,0,1,0,0
20,8.0,14,66,119,189,22,76,132,191,29,0,0,0.79,0.66,0,0,0,0,1,0,1
5,2.0,6,37,55,79,6,19,25,32,0,0,0,0.0,0.02,0,1,0,0,1,0,1
8,8.0,0,12,12,12,9,9,13,28,0,0,0,1.0,1.0,0,0,0,0,1,0,1
0,8.0,0,10,10,10,2,4,5,10,1,0,0,0.84,0.8,0,0,0,0,1,0,1
9,12.0,0,0,0,0,0,0,0,0,1,0,0,0.58,0.58,0,1,0,0,1,0,0
3,3.0,3,0,0,0,2,2,4,5,0,0,0,0.98,0.98,0,0,0,0,1,0,1
1,8.0,0,4,6,7,2,3,5,5,1,0,0,0.99,0.98,0,0,0,0,1,0,1
118,12.0,79,0,75,150,21,75,124,209,34,0,0,0.98,0.95,0,0,0,0,1,0,0
2,2.0,1,35,65,100,14,35,63,74,0,0,0,0.89,0.92,0,0,0,0,1,0,1
37,8.0,0,9,44,84,1,6,14,19,0,0,0,0.78,0.88,0,0,0,0,1,0,0
0,12.0,0,8,13,18,3,5,11,14,1,0,3,0.62,0.73,0,1,0,1,1,0,0
7,8.0,0,6,24,39,3,12,20,28,0,0,0,0.56,0.46,0,0,0,0,1,0,0
10,12.0,0,0,0,0,0,0,0,0,1,0,0,0.48,0.48,0,1,0,0,1,0,0
3,8.0,0,0,1,3,0,1,2,2,0,0,0,0.7,0.75,0,0,0,0,1,0,1
13,12.0,0,0,0,0,0,0,0,0,0,0,0,0.74,0.74,0,0,0,0,1,0,0
6,2.0,0,0,0,5,0,2,8,15,0,0,0,0.97,0.97,0,1,0,0,1,0,1
6,5.0,0,15,15,15,0,0,0,0,0,0,0,0.0,0.0,0,1,0,0,1,0,1
648,8.0,0,0,0,0,44,156,310,580,75,0,0,0.0,0.33,0,0,0,1,1,0,0
0,12.0,0,8,12,16,1,5,8,13,3,0,0,0.78,0.78,0,0,0,0,1,0,1
15,8.0,0,16,25,28,0,5,8,19,0,0,0,0.7,0.64,0,0,0,0,1,0,0
0,4.0,0,6,6,6,0,0,0,0,0,0,0,0.79,0.66,0,1,0,1,1,0,1
2,12.0,0,90,144,198,38,64,130,168,22,0,12,0.73,0.79,0,0,0,0,1,0,1
2,4.0,4,0,0,0,0,2,2,2,1,0,0,0.24,0.14,0,1,0,0,1,0,1
1,2.0,0,25,25,50,8,18,33,50,2,0,0,0.81,0.82,0,0,0,0,1,0,1
2,2.0,0,12,24,24,3,12,16,27,1,0,0,0.98,0.99,0,0,0,0,1,0,1
21,2.0,0,0,0,0,6,12,17,27,0,0,0,0.89,0.93,0,0,0,0,1,0,1
9,8.0,0,19,19,30,6,16,32,71,0,0,0,0.17,0.33,0,0,0,0,1,0,1
18,12.0,0,0,0,0,0,0,0,0,0,0,0,0.74,0.74,0,0,0,0,1,0,0
-6,6.0,6,1,1,2,7,13,17,17,1,0,0,0.73,0.76,6,0,0,0,1,0,1
0,8.0,0,3,3,3,0,2,3,6,1,0,0,0.82,0.68,0,0,0,0,1,0,1
106,8.0,0,0,0,0,14,44,49,108,0,0,0,0.99,0.98,0,0,0,0,1,0,0
2,14.0,0,3,7,9,2,6,7,10,1,0,0,0.85,0.76,0,0,0,0,1,0,1
0,12.0,0,8,12,18,3,5,8,15,0,0,0,0.63,0.72,0,0,0,1,1,0,1
82,2.0,0,72,180,252,8,51,127,154,35,0,0,0.83,0.92,0,1,0,1,1,0,0
178,8.0,0,0,0,0,0,3,5,7,3,0,0,0.81,0.82,0,0,0,0,1,0,0
95,8.0,3,40,80,120,29,74,149,219,141,0,0,0.96,0.98,0,0,0,0,1,0,0
6,12.0,0,9,12,18,0,6,15,19,0,0,0,0.82,0.79,0,0,0,0,1,0,0
0,2.0,0,72,108,108,0,0,0,0,4,0,0,0.67,0.55,0,1,0,0,0,0,1
2,8.0,0,0,0,0,0,0,0,0,1,0,0,0.42,0.36,0,0,0,0,1,0,0
0,8.0,0,6,10,10,4,11,16,20,0,0,0,0.76,0.87,0,0,0,0,1,0,1
0,2.0,0,2,2,2,0,0,0,1,0,0,2,0.0,0.02,0,0,0,0,1,0,1
134,2.0,0,0,0,0,12,34,55,75,11,0,0,0.73,0.77,0,0,0,0,1,0,0
0,4.0,0,14,18,21,5,9,11,11,0,0,0,0.73,0.78,0,1,0,0,1,0,1
2,2.0,0,12,18,28,6,11,25,48,0,0,0,1.0,1.0,0,0,0,0,1,0,1
-5,8.0,8,68,124,173,2,27,38,71,15,0,0,0.73,0.6,8,0,0,0,1,0,1
74,8.0,15,9,36,90,10,31,81,125,17,0,0,1.0,1.0,0,0,0,1,1,0,0
17,2.0,0,16,32,32,3,16,28,47,2,0,0,1.0,1.0,0,0,0,0,1,0,0
3,8.0,0,0,0,0,0,0,0,0,0,0,0,0.84,0.77,0,0,0,0,1,0,0
2,8.0,0,0,0,0,0,0,0,0,1,0,0,0.98,0.98,0,0,0,0,1,0,0
36,2.0,0,0,12,48,9,29,81,104,0,0,0,0.83,0.83,0,0,0,0,1,0,0
1,12.0,0,0,0,0,0,0,0,0,0,0,0,0.62,0.73,0,0,0,1,1,0,0
3,2.0,0,0,1,2,3,10,11,12,0,0,0,0.9,0.93,0,0,0,0,1,0,1
4,8.0,0,0,0,0,0,0,0,0,0,0,0,0.63,0.78,0,0,0,0,1,0,0
1,8.0,0,10,10,20,1,6,12,13,1,0,0,0.99,0.99,0,0,0,0,1,0,1
2,8.0,0,5,9,13,1,3,7,12,0,0,0,0.77,0.78,0,0,0,0,1,0,1
-2,8.0,0,45,77,109,2,25,37,69,0,0,1,0.66,0.78,2,0,0,0,1,0,1
399,8.0,36,188,380,604,95,225,507,796,76,0,0,0.91,0.71,0,0,0,0,1,0,0
152,8.0,0,220,440,660,41,176,317,469,58,0,0,1.0,0.99,0,0,0,0,1,0,0
7,9.0,0,0,0,0,1,3,4,4,1,0,0,0.99,0.99,0,0,0,0,1,0,0
0,2.0,0,322,322,322,0,0,0,0,0,0,0,0.63,0.72,0,1,0,0,1,0,1
2,2.0,1,1,1,1,1,1,1,1,0,0,0,0.68,0.64,0,0,0,0,1,0,0
10,12.0,0,0,0,3,1,3,6,11,0,0,0,0.82,0.79,0,0,0,1,1,0,0
5,12.0,0,0,0,0,0,0,0,0,0,0,0,0.74,0.74,0,0,0,0,1,0,0
6,8.0,0,0,6,10,0,4,6,9,0,0,0,0.67,0.69,0,0,0,0,1,0,0
0,8.0,0,5,7,9,0,3,5,6,0,0,1,0.56,0.46,0,0,0,1,1,0,1
0,2.0,0,21,34,41,0,1,2,2,0,0,0,0.13,0.09,0,0,0,0,1,0,1
130,14.0,2,0,0,0,7,18,48,76,23,0,0,1.0,0.97,0,0,0,0,1,0,0
29,4.0,0,0,18,27,5,14,36,49,0,0,0,0.73,0.78,0,0,0,0,1,0,0
2,8.0,0,5,5,10,1,4,10,18,1,0,0,0.95,0.9,0,0,0,0,1,0,1
1,9.0,0,1,3,4,0,1,2,3,0,0,0,0.43,0.45,0,0,0,0,1,0,0
3,8.0,0,24,36,48,2,17,30,44,2,0,0,0.5,0.37,0,0,0,0,1,0,1
2,8.0,0,7,7,14,0,4,7,7,0,0,0,0.95,0.97,0,0,0,0,1,0,1
1,9.0,1,8,15,22,2,7,13,19,4,0,0,0.43,0.45,0,0,0,0,1,0,1
0,2.0,0,40,60,60,2,9,10,10,0,0,0,0.24,0.28,0,1,0,0,0,0,1
6,8.0,0,0,4,4,0,1,3,9,0,0,0,0.49,0.56,0,0,0,1,1,0,0
2,12.0,0,48,72,72,6,20,40,61,15,0,0,0.78,0.78,0,0,0,0,1,0,1
16,4.0,0,0,0,0,1,2,4,7,0,0,0,0.73,0.78,0,0,0,0,1,0,0
0,2.0,0,47,79,112,0,0,0,3,1,0,0,1.0,1.0,0,0,0,0,1,0,1
9,6.0,0,4,4,8,0,2,5,10,1,0,0,0.78,0.78,0,0,0,1,1,0,0
0,2.0,0,0,40,40,3,10,18,25,2,0,0,-99.0,-99.0,0,0,0,0,1,0,1
0,2.0,0,21,37,56,4,13,39,62,0,0,0,1.0,1.0,0,0,0,0,1,0,1
34,12.0,0,192,312,432,31,116,222,333,29,0,24,0.78,0.78,0,0,0,1,1,0,1
110,8.0,3,816,1476,2316,174,744,1376,1858,156,0,12,0.31,0.18,0,0,0,0,1,0,1
1,2.0,0,4,5,5,2,2,2,2,0,0,0,0.68,0.7,0,1,0,0,1,0,1
2,9.0,0,0,0,0,0,0,0,0,1,0,0,0.7,0.66,0,0,0,0,1,0,0
0,2.0,0,3,4,5,2,3,6,7,0,0,0,0.69,0.71,0,0,0,0,1,0,1
2,14.0,0,3,4,7,0,2,3,6,0,0,0,0.89,0.9,0,0,0,0,1,0,1
8,12.0,0,5,5,5,0,0,0,0,1,0,5,0.63,0.63,0,1,0,0,1,0,0
6,8.0,0,0,0,0,0,1,1,1,0,0,0,1.0,0.94,0,0,0,0,1,0,0
0,8.0,0,4,8,8,0,2,4,4,0,0,0,0.9,0.9,0,0,0,0,1,0,1
9,12.0,0,0,0,0,0,0,0,0,0,0,0,0.66,0.69,0,0,0,0,1,0,0
14,2.0,0,0,0,0,0,2,4,4,0,0,0,0.78,0.8,0,1,0,0,1,0,0
21,12.0,0,20,56,92,18,50,93,113,14,0,0,0.95,0.86,0,0,0,0,1,0,1
15,8.0,0,14,26,32,3,16,20,23,0,0,0,0.59,0.61,0,0,0,0,1,0,0
0,12.0,0,1,1,1,0,0,0,0,0,0,0,0.78,0.78,0,1,0,1,1,0,1
5,8.0,0,0,0,0,0,0,0,0,1,0,0,0.7,0.75,0,0,0,0,1,0,0
6,2.0,0,0,0,0,0,1,1,1,1,0,0,0.81,0.78,0,1,0,0,1,0,0
0,4.0,0,9,14,14,0,0,0,0,0,0,0,0.79,0.66,0,1,0,0,1,0,1
2,2.0,0,0,0,0,0,0,0,0,0,0,0,0.75,0.88,0,1,0,0,1,0,0
70,9.0,0,0,0,0,0,0,0,0,0,0,0,0.86,0.84,0,0,0,0,1,0,0
1,8.0,0,0,0,0,0,0,0,0,0,0,0,0.8,0.82,0,0,0,0,1,0,0
52,8.0,13,53,85,141,15,55,111,206,54,0,5,0.77,0.82,0,0,0,0,1,0,0
7,8.0,0,12,12,12,0,0,0,0,0,0,0,0.95,0.96,0,1,0,0,1,0,1
0,2.0,0,20,20,20,0,0,0,0,0,0,16,0.86,0.67,0,1,0,0,1,0,1
-18,8.0,0,223,337,358,50,130,220,287,25,0,0,-99.0,-99.0,18,0,0,0,1,0,1
192,12.0,0,0,0,0,0,1,1,2,0,0,0,0.57,0.69,0,0,0,0,1,0,0
1,8.0,0,3,4,6,2,3,9,12,1,0,0,0.99,0.98,0,0,0,0,1,0,1
2,2.0,0,63,63,63,22,24,30,30,15,0,42,0.28,0.28,0,1,0,0,1,0,1
0,12.0,0,15,21,21,0,0,0,0,0,0,0,0.48,0.48,0,1,0,0,1,0,0
101,9.0,0,0,0,0,4,14,29,37,10,0,0,0.69,0.68,0,0,0,0,1,0,0
27,8.0,0,0,8,24,7,18,44,63,7,0,0,0.96,0.93,0,0,0,0,1,0,0
0,8.0,0,45,75,105,12,44,79,97,1,0,0,0.89,0.88,1,0,0,1,1,0,1
2,2.0,0,80,80,80,0,0,0,0,0,1,0,0.71,0.85,0,0,0,0,1,0,0
7,8.0,0,84,162,266,8,39,65,102,13,0,0,0.93,0.96,0,0,0,0,1,0,1
4,8.0,0,34,61,108,11,38,86,105,15,0,0,0.38,0.41,0,0,0,0,1,0,1
27,4.0,0,638,974,1226,127,361,649,955,249,0,72,0.73,0.76,6,0,0,0,1,0,1
102,8.0,0,0,0,0,1,3,5,7,1,0,0,0.85,0.74,0,0,0,0,1,0,0
0,8.0,0,0,0,0,0,0,0,3,0,0,0,0.0,0.0,0,0,0,0,1,0,1
0,12.0,0,2,4,5,1,1,2,3,0,0,1,0.78,0.78,0,0,0,1,1,0,1
1,8.0,0,1,2,3,2,2,3,4,0,0,0,0.78,0.82,0,0,0,0,1,0,1
258,8.0,0,0,0,0,0,1,5,7,0,0,0,0.56,0.72,0,1,0,0,1,0,0
2,2.0,0,2,3,3,1,2,2,2,1,0,0,1.0,1.0,0,0,0,0,1,0,1
79,8.0,0,0,17,17,8,24,53,110,24,0,0,0.48,0.52,0,0,0,0,1,0,0
15,8.0,0,0,0,0,0,0,1,2,0,0,0,0.97,0.94,0,0,0,0,1,0,0
0,12.0,0,2,4,5,0,1,2,3,0,0,0,0.78,0.78,0,0,0,1,1,0,1
140,9.0,0,0,0,0,3,3,6,7,0,0,0,0.7,0.66,0,0,0,0,1,0,0
2,2.0,0,30,45,60,8,16,33,45,4,0,0,0.84,0.89,0,0,0,0,1,0,1
6,8.0,0,256,352,416,36,99,198,338,46,0,32,0.0,0.0,1,0,0,0,1,0,1
144,10.0,0,59,140,200,31,128,295,598,51,0,0,0.94,0.9,0,0,0,0,1,0,0
514,2.0,54,216,594,972,2,999,1426,1660,235,0,0,0.97,0.98,134,0,0,0,1,0,1
2,8.0,0,67,107,147,11,40,73,116,23,0,0,0.0,0.5,0,0,0,1,1,0,1
19,8.0,0,0,50,50,7,16,26,32,2,0,0,0.99,0.98,0,0,0,0,1,0,1
1,8.0,0,35,35,35,5,16,35,52,25,0,0,-99.0,0.0,0,0,0,0,1,0,1
2,8.0,0,2,3,5,1,2,8,9,0,0,0,0.75,0.74,0,0,0,0,1,0,1
0,8.0,0,31,54,81,0,0,0,0,0,0,13,0.95,0.96,1,0,0,0,1,0,1
5,2.0,0,0,0,0,1,2,2,2,0,0,0,1.0,0.99,0,1,0,0,1,0,1
95,8.0,0,0,0,0,3,13,24,37,2,0,0,0.9,0.92,0,1,0,0,1,0,0
0,2.0,0,5,5,5,0,0,0,0,0,0,0,0.43,0.19,0,1,0,0,1,0,1
0,8.0,0,79,109,154,6,27,64,95,52,0,0,0.61,0.62,0,1,0,0,1,0,1
59,9.0,15,40,73,117,20,57,120,204,19,0,0,0.94,0.97,0,0,0,0,1,0,0
268,4.0,67,704,1320,1944,156,540,1150,1662,156,0,0,0.99,0.99,0,0,0,0,1,0,0
0,2.0,0,11,11,11,0,0,0,0,1,0,0,0.79,0.78,0,1,0,1,1,0,1
6,8.0,0,187,304,416,38,138,272,426,27,0,19,0.79,0.66,0,0,0,0,1,0,1
0,9.0,0,17,29,37,15,27,40,45,0,0,0,0.69,0.68,0,0,0,1,1,0,1
11,8.0,0,0,0,0,0,1,2,3,0,0,0,0.93,0.96,0,0,0,0,1,0,0
21,4.0,0,0,0,0,0,0,0,0,1,0,0,0.22,0.14,0,1,0,0,1,0,0
0,9.0,0,241,241,241,0,0,0,0,0,0,70,0.92,0.83,90,0,0,0,1,0,1
229,2.0,0,0,0,0,21,42,74,117,0,0,0,1.0,0.99,0,0,0,0,1,0,0
0,2.0,0,40,60,60,0,0,0,0,0,0,40,0.24,0.28,0,0,0,0,1,0,1
-9,12.0,4,510,510,737,37,183,421,637,39,0,0,0.58,0.44,12,1,0,0,1,0,1
0,2.0,0,20,20,20,0,0,0,0,1,0,0,0.07,0.07,0,0,0,0,1,0,0
2,2.0,0,46,69,115,19,40,62,83,0,0,0,0.0,0.0,0,0,0,0,1,0,1
16,8.0,0,0,0,0,2,5,14,22,22,0,0,0.76,0.84,0,0,0,0,1,0,0
0,2.0,0,6,10,13,1,1,1,1,0,0,0,0.74,0.73,0,1,0,1,1,0,0
-44,8.0,0,1338,1758,2298,293,841,1475,2242,413,0,20,0.53,0.54,58,0,0,1,1,0,1
7,4.0,0,35,53,71,7,22,41,69,0,0,0,0.99,0.98,0,0,0,0,1,0,1
15,8.0,0,0,0,0,0,0,0,0,1,0,0,0.89,0.93,0,0,0,0,1,0,0
2,2.0,0,0,0,0,3,3,11,19,0,0,0,0.76,0.87,0,0,0,0,1,0,1
4195,8.0,2143,6600,15300,24300,1933,7150,15744,22833,1944,0,0,0.4,0.65,0,0,0,0,1,0,0
995,12.0,12,0,648,1296,184,582,1150,1866,187,0,0,0.98,0.98,0,0,0,0,1,0,0
86,2.0,0,36,108,180,14,48,114,197,0,0,0,0.88,0.93,0,0,0,0,1,0,1
9,12.0,0,0,0,0,0,0,0,0,0,0,0,0.73,0.69,0,0,0,0,1,0,0
21,8.0,0,0,0,0,2,2,5,14,0,0,0,0.48,0.39,0,0,0,0,1,0,0
0,2.0,0,0,0,0,12,25,25,25,0,0,0,0.98,0.98,0,0,0,0,1,0,1
132,8.0,0,0,0,240,9,36,76,125,28,0,0,0.67,0.52,0,0,0,0,1,0,0
5,12.0,0,0,0,0,0,0,0,0,0,0,0,0.77,0.73,0,0,0,0,1,0,0
2,2.0,0,0,0,0,0,1,5,6,0,0,0,1.0,0.99,0,0,0,0,1,0,1
5,8.0,0,12,28,48,0,11,21,33,6,0,0,0.64,0.67,0,0,0,0,1,0,0
2,8.0,0,385,565,727,84,267,498,775,1532,0,18,0.79,0.66,4,0,0,0,1,0,1
11,0.0,0,0,0,0,0,0,0,0,1,0,0,0.0,0.0,0,0,0,0,0,0,0
2,8.0,0,0,1,2,0,1,1,2,0,0,0,0.95,0.97,0,0,0,0,1,0,1
-1142,8.0,0,0,0,0,0,0,0,0,0,0,0,1.0,0.95,0,0,0,0,1,0,0
0,8.0,0,2,2,3,2,2,3,6,0,0,0,0.96,0.97,0,0,0,0,1,0,1
219,8.0,0,1341,2181,2811,346,794,1450,2304,328,0,70,0.06,0.13,0,0,0,0,1,0,1
18,9.0,0,0,0,0,4,5,7,8,2,0,0,0.91,0.77,0,0,0,0,1,0,0
8,2.0,0,48,48,48,23,42,42,42,7,0,0,0.35,0.27,0,1,0,0,1,0,1
1,8.0,0,15,35,55,5,16,23,36,3,0,0,0.96,0.96,0,0,0,0,1,0,1
52,8.0,0,0,0,0,0,0,0,0,0,0,0,0.88,0.92,0,0,0,0,1,0,0
2,8.0,0,0,0,0,0,0,0,1,0,0,0,0.85,0.89,0,0,0,0,1,0,1
2,9.0,0,0,0,0,0,0,0,0,0,0,0,0.69,0.68,0,0,0,0,1,0,0
200,8.0,0,0,0,0,0,0,0,0,0,0,0,0.54,0.64,0,0,0,0,1,0,0
34,2.0,0,331,499,643,60,141,247,320,73,0,28,0.27,0.39,0,1,0,0,1,0,1
0,8.0,0,0,0,0,0,0,0,0,0,0,0,0.78,0.82,0,0,0,0,1,0,0
5,9.0,0,0,0,0,0,0,2,4,0,0,0,0.69,0.68,0,0,0,1,1,0,1
2,0.0,0,0,0,0,0,0,0,0,1,0,0,0.0,0.0,0,0,0,0,0,0,0
2,8.0,0,0,0,0,0,0,2,2,0,0,0,0.8,0.82,0,0,0,1,1,0,1
1,8.0,0,5,5,5,0,2,4,5,0,0,0,0.98,0.97,0,0,0,0,1,0,1
45,12.0,0,0,0,0,0,5,8,12,10,0,0,0.98,0.96,0,0,0,0,1,0,0
92,2.0,0,0,0,0,1,3,3,4,1,0,0,0.94,0.97,0,1,0,0,1,0,0
15,2.0,0,0,0,0,15,43,51,51,0,0,0,0.93,0.93,0,1,0,0,1,0,1
202,16.0,0,0,0,160,19,61,115,184,31,0,0,0.84,0.86,0,0,0,0,1,0,0
6,4.0,0,0,0,0,0,0,0,0,0,0,0,0.73,0.78,0,0,0,0,1,0,0
8,8.0,4,0,1,1,1,1,8,10,2,0,0,0.85,0.72,0,0,0,0,1,0,1
1,9.0,0,3,12,16,3,6,12,18,3,0,0,0.68,0.66,0,0,0,0,1,0,1
0,2.0,1,2,4,5,3,4,7,12,0,0,0,0.94,0.86,0,0,0,0,1,0,1
24,12.0,0,0,0,0,0,0,0,0,1,0,0,0.68,0.57,0,0,0,0,1,0,0
4850,52.0,0,0,0,0,0,4,19,20,0,0,0,0.59,0.78,0,1,0,0,0,0,0
0,2.0,0,1,1,1,2,2,3,3,0,0,0,0.93,0.87,0,1,0,0,1,0,1
11,12.0,0,0,0,0,0,1,2,4,0,0,0,0.57,0.7,0,0,0,1,1,0,0
0,2.0,0,3,3,6,0,0,2,2,0,0,0,0.34,0.38,0,1,0,0,1,0,1
95,8.0,93,0,0,0,3,11,18,29,4,0,0,0.98,0.94,0,0,0,0,1,0,0
0,2.0,1,3,7,10,1,4,7,12,0,0,0,0.8,0.82,0,0,0,0,1,0,1
0,8.0,2,1,1,1,1,1,2,2,0,0,0,0.84,0.9,0,1,0,0,1,0,1
0,2.0,0,0,0,0,0,0,0,0,0,0,0,0.93,0.87,0,0,0,0,1,0,0
1684,14.0,1,0,0,0,135,563,943,1519,193,0,0,1.0,1.0,0,0,0,0,1,0,0
6,2.0,5,14,26,36,5,10,19,26,0,0,0,0.83,0.66,0,0,0,0,1,0,0
9,8.0,0,0,0,0,1,1,1,1,2,0,0,-99.0,-99.0,0,0,0,0,1,0,0
26,8.0,1,0,0,0,1,1,1,1,0,0,0,0.72,0.79,0,0,0,0,1,0,0
0,2.0,0,4,4,4,0,0,0,0,0,0,0,0.56,0.56,0,1,0,0,1,0,0
6,52.0,0,0,0,0,0,0,0,0,1,0,0,0.69,0.68,0,1,0,0,0,0,0
3486,8.0,0,0,0,0,4,4,18,49,195,0,0,0.65,0.49,0,0,0,0,1,0,0
1,2.0,0,3,3,6,0,2,2,4,1,0,0,0.82,0.89,0,0,0,0,1,0,1
0,2.0,0,29,53,61,0,0,0,0,0,0,1,0.71,0.75,0,1,0,1,1,0,1
18,8.0,2,50,82,114,8,37,61,97,13,0,12,0.86,0.88,0,0,0,0,1,0,1
1,9.0,0,0,1,1,1,1,1,2,0,0,0,0.99,0.98,0,0,0,0,1,0,1
28,2.0,0,100,100,100,14,37,72,133,66,0,0,0.98,0.97,0,0,0,0,1,0,1
101,8.0,2,0,12,36,9,29,79,128,21,0,0,0.79,0.71,0,0,0,0,1,0,0
0,12.0,0,1,2,2,1,1,2,2,0,0,0,0.63,0.72,0,0,0,0,1,0,1
0,8.0,0,323,576,828,0,0,0,0,38,0,0,0.69,0.69,0,0,0,1,1,0,1
15,4.0,0,0,0,0,1,1,6,8,0,0,0,0.73,0.78,0,0,0,0,1,0,0
50,12.0,0,1320,1800,2160,200,563,949,1491,305,0,0,0.82,0.79,12,0,0,0,1,0,1
4,8.0,0,10,18,26,5,9,17,24,3,0,0,0.82,0.75,0,0,0,0,1,0,1
2,8.0,0,0,0,0,0,0,0,1,1,0,0,0.46,0.45,0,1,0,0,1,0,0
5,9.0,0,0,0,0,0,0,1,4,0,0,0,0.68,0.66,0,0,0,1,1,0,1
186,8.0,35,305,525,755,202,409,450,731,121,0,0,0.89,0.93,0,0,0,0,1,0,1
0,2.0,0,16,30,46,5,16,27,27,0,0,0,0.97,0.97,0,0,0,0,1,0,1
9,8.0,0,6,14,22,2,11,29,45,4,0,0,0.95,0.86,0,0,0,0,1,0,0
0,9.0,2,41,50,71,16,56,83,83,13,0,1,0.96,0.84,0,0,0,0,1,0,1
6,8.0,0,27,27,27,4,9,20,27,0,0,0,0.62,0.62,0,0,0,0,1,0,0
2222,2.0,2,3225,9030,13545,412,2506,6070,9119,695,0,0,0.99,0.98,0,0,0,0,1,0,0
75,8.0,162,252,444,636,106,238,505,742,56,0,0,0.75,0.74,0,0,0,0,1,0,0
23,8.0,0,0,0,0,0,0,0,0,2,0,0,0.93,0.85,0,0,0,0,1,0,0
43,8.0,0,84,192,318,12,122,289,408,25,0,24,0.09,0.09,0,0,0,0,1,0,0
161,8.0,0,1,81,163,10,29,44,63,6,0,0,0.99,0.99,0,0,0,0,1,0,0
12,2.0,0,20,40,80,6,20,50,71,11,0,0,0.99,0.99,0,0,0,0,1,0,1
0,2.0,0,166,206,206,3,6,6,6,11,0,0,0.1,0.04,3,1,0,1,1,0,1
1,8.0,0,2,3,3,0,1,1,1,0,0,0,0.08,0.03,0,0,0,0,1,0,1
1,8.0,0,294,498,624,63,162,307,446,63,0,18,0.17,0.33,3,0,0,0,1,0,1
15,2.0,0,324,534,774,94,272,479,484,15,0,12,0.62,0.62,1,0,0,1,1,0,1
2,8.0,0,13,27,35,4,14,21,32,0,0,0,0.97,0.94,0,0,0,0,1,0,1
16,2.0,0,0,0,0,0,0,0,0,0,0,0,0.98,0.99,0,0,0,0,1,0,0
65,8.0,0,0,0,0,3,18,30,47,0,0,0,0.99,0.94,0,0,0,0,1,0,0
7,2.0,0,0,1,1,1,1,1,1,1,0,0,0.79,0.83,0,1,0,0,1,0,1
0,8.0,10,7,7,7,0,0,0,1,1,0,0,0.0,0.0,0,0,0,0,1,0,1
2,2.0,0,2,5,7,1,4,5,5,0,0,0,0.9,0.94,0,1,0,0,1,0,1
18,2.0,0,0,0,0,0,1,1,2,1,0,0,0.11,0.07,0,0,0,0,1,0,0
0,4.0,0,11,11,11,0,0,0,0,0,0,0,0.73,0.78,0,0,0,0,1,0,1
1,5.0,0,2,3,5,2,2,4,6,1,0,0,0.99,0.97,0,0,0,0,1,0,1
0,8.0,0,1,1,1,0,1,1,1,1,0,0,0.99,0.97,0,0,0,0,1,0,1
3877,14.0,0,0,0,0,0,104,192,313,42,0,0,0.91,0.93,0,0,0,0,1,0,0
81,4.0,0,0,0,0,0,3,3,3,0,0,0,0.77,0.84,0,0,0,0,1,0,0
2,2.0,0,4,4,4,2,8,9,9,0,0,0,-99.0,-99.0,0,1,0,0,1,0,1
39,8.0,0,0,0,0,5,11,20,37,0,0,0,0.99,0.98,0,0,0,0,1,0,0
1,8.0,2,11,19,27,6,7,14,26,0,0,0,0.63,0.64,0,0,0,1,1,0,1
4,4.0,0,0,0,0,0,0,0,0,0,0,0,0.73,0.78,0,0,0,0,1,0,0
1,5.0,0,2,3,5,2,2,4,6,1,0,0,0.99,0.97,0,0,0,0,1,0,1
9,4.0,2,0,2,2,2,10,10,16,3,0,0,0.73,0.78,0,0,0,0,1,0,0
-1193,12.0,0,3787,3787,3787,4,15,27,35,30,0,0,0.0,0.0,1267,0,0,0,1,0,1
3,8.0,12,843,1131,1419,153,496,900,1304,217,0,48,0.53,0.54,21,0,0,1,1,0,1
1,12.0,0,27,45,63,10,30,49,64,0,0,0,0.62,0.73,0,0,0,0,1,0,1
-134,2.0,54,702,918,1242,706,1000,1508,1785,270,0,0,0.96,0.98,0,0,0,0,1,0,1
15,8.0,0,0,0,10,3,11,24,29,1,0,0,0.99,0.98,0,0,0,0,1,0,0
88,4.0,0,0,0,0,8,18,18,18,1,0,0,0.24,0.14,0,1,0,0,1,0,1
5,2.0,11,29,53,77,4,26,47,61,0,0,0,0.96,0.97,0,0,0,0,1,0,1
-4,3.0,4,8,14,19,5,9,16,18,1,0,0,0.94,0.96,4,0,0,0,1,0,1
144,12.0,0,0,0,0,1,1,2,2,3,0,0,0.74,0.74,0,0,0,0,1,0,0
0,2.0,0,20,40,50,12,22,43,54,1,0,0,0.54,0.65,0,0,0,0,1,0,1
-1,8.0,0,12,24,24,0,5,10,15,1,0,0,0.98,0.97,1,0,0,0,1,0,1
7,52.0,0,0,3,12,0,4,6,10,1,0,0,0.99,0.99,0,1,0,0,0,0,0
312,8.0,0,0,0,0,0,0,0,0,0,0,0,0.73,0.79,0,0,0,0,1,0,0
2482,8.0,0,0,0,790,800,800,800,1966,0,0,0,0.98,0.98,0,0,0,0,1,0,0
129,4.0,59,90,195,315,38,107,205,257,62,0,0,0.82,0.87,0,1,0,1,1,0,0
329,2.0,109,358,1209,1988,159,661,1677,2417,336,0,0,1.0,1.0,0,0,0,0,1,0,0
0,8.0,0,3,3,3,10,18,25,40,0,0,0,0.9,0.89,0,0,0,0,1,0,1
10,8.0,0,0,0,0,0,0,0,0,0,0,0,1.0,0.99,0,0,0,1,1,0,0
1,9.0,0,10,10,10,2,11,17,19,0,0,0,0.68,0.66,0,0,0,0,1,0,1
4740,2.0,3043,4932,9750,13182,1592,4472,8601,15343,1733,0,0,0.91,0.79,0,0,0,1,1,0,0
131,14.0,0,0,0,0,0,0,0,0,2,0,0,0.99,0.99,0,0,0,0,1,0,0
8,4.0,0,0,0,0,0,0,0,0,0,0,0,0.73,0.78,0,0,0,0,1,0,0
3,12.0,0,0,0,0,0,0,0,0,0,0,0,0.82,0.79,0,0,0,0,1,0,0
182,8.0,44,0,19,95,16,64,125,194,36,0,0,0.98,0.98,0,0,0,1,1,0,0
78,12.0,0,0,0,200,0,0,0,0,0,0,0,0.93,0.89,0,0,0,0,1,0,0
96,12.0,0,360,360,360,0,0,0,0,0,0,210,0.74,0.83,0,0,0,0,1,0,0
2,4.0,4,2,2,2,0,2,2,2,1,0,0,0.22,0.11,0,1,0,0,1,0,1
2,8.0,0,8,8,8,1,3,8,11,15,0,0,0.79,0.78,0,0,0,0,1,0,1
2,8.0,0,7,14,21,3,7,16,19,0,0,0,1.0,1.0,0,0,0,0,1,0,1
59,8.0,0,370,505,595,59,205,355,539,115,0,45,0.53,0.44,0,0,0,0,1,0,1
1,8.0,0,0,0,0,0,0,0,0,0,0,0,0.66,0.63,0,0,0,1,1,0,0
13,2.0,0,0,0,0,0,0,0,0,0,0,0,0.78,0.86,0,0,0,0,1,0,0
7,8.0,0,0,0,0,0,0,1,3,0,0,0,0.0,0.0,0,0,0,0,1,0,0
1,8.0,0,0,0,0,0,2,2,3,0,0,0,0.65,0.81,0,1,0,0,1,0,0
0,8.0,0,17,26,38,1,13,28,42,3,0,0,1.0,0.85,0,0,0,0,1,0,1
20,12.0,0,0,0,0,0,0,0,0,1,0,0,0.76,0.82,0,1,0,0,1,0,0
0,8.0,0,50,50,50,46,55,66,71,2,0,0,0.99,0.98,0,0,0,0,1,0,1
1,8.0,0,59,94,129,13,35,59,86,0,0,0,0.96,0.97,0,0,0,0,1,0,1
203,8.0,1,0,0,0,19,44,95,163,21,0,0,0.71,0.7,0,0,0,1,1,0,0
1,4.0,0,90,150,200,28,77,132,198,13,0,2,0.1,0.08,0,0,0,0,1,0,1
630,9.0,0,0,0,0,0,1,11,16,2,0,0,0.94,0.79,0,0,0,1,1,0,0
8,9.0,0,7,21,28,8,20,35,42,5,0,0,0.95,0.89,0,0,0,0,1,0,1
108,8.0,0,0,0,0,9,16,31,66,2,0,0,1.0,1.0,0,0,0,0,1,0,0
2034,13.0,37,0,0,0,67,200,387,609,70,0,0,0.95,0.97,0,0,0,0,1,0,0
3,9.0,0,0,0,0,0,0,0,0,1,0,0,0.99,0.99,0,0,0,0,1,0,0
41,8.0,12,144,276,420,44,133,234,320,34,0,24,0.31,0.18,0,0,0,0,1,0,0
0,2.0,0,4,19,19,0,0,0,0,1,0,0,0.81,0.87,0,0,0,0,1,0,1
4,2.0,0,0,0,0,0,0,0,0,0,0,0,0.82,0.81,0,1,0,0,1,0,0
23,52.0,0,0,0,0,1,1,3,3,2,0,0,-99.0,-99.0,0,1,0,0,1,0,0
1,12.0,0,1,1,2,1,2,2,3,0,0,0,0.74,0.74,0,0,0,0,1,0,1
7,2.0,1,0,0,0,2,17,23,23,2,0,0,0.99,0.9,0,1,0,0,1,0,1
0,9.0,0,1,1,1,0,0,1,3,1,0,0,0.43,0.45,0,1,0,1,0,0,1
0,2.0,0,0,0,0,0,0,0,0,0,0,0,1.0,0.99,0,0,0,0,1,0,1
349,3.0,32,423,795,1170,107,375,910,1428,121,0,0,0.96,0.95,0,0,0,0,1,0,0
266,52.0,0,0,0,0,2,17,43,62,2,0,0,0.0,0.0,0,1,0,0,1,0,0
8,2.0,0,34,94,154,11,53,102,176,0,0,34,0.94,0.97,0,0,0,0,1,0,1
16,2.0,0,0,0,14,11,28,33,35,0,0,0,0.85,0.89,0,1,0,0,1,0,1
6,8.0,0,8,22,36,2,9,19,30,2,0,0,0.84,0.89,0,0,0,0,1,0,1
10295,2.0,18,0,0,0,495,1296,2074,2887,157,0,0,1.0,0.83,0,0,0,0,1,0,0
58,8.0,80,250,450,700,70,239,431,4136,22,0,0,0.82,0.91,25,0,0,0,1,0,1
9,8.0,0,0,15,15,3,10,19,24,1,0,0,0.94,0.94,0,0,0,0,1,0,1
0,2.0,0,13,23,28,0,0,1,1,0,0,5,0.8,0.82,0,0,0,1,1,0,1
2,8.0,5,212,316,435,51,156,273,368,50,0,7,0.41,0.46,3,0,0,0,1,0,1
0,12.0,0,0,0,0,0,0,0,0,0,0,0,0.5,0.32,0,0,0,0,1,0,0
-2,8.0,0,249,353,353,12,147,307,470,81,0,26,0.14,0.14,37,0,0,0,1,0,0
0,8.0,0,100,100,100,5,17,36,54,5,0,0,0.84,0.89,0,0,0,0,1,0,1
0,2.0,0,2,7,7,0,0,0,0,0,0,0,0.82,0.81,0,0,0,1,1,0,1
4,8.0,1,1,1,1,0,4,7,7,1,0,0,0.99,0.9,0,1,0,0,1,0,1
1,8.0,0,10,14,18,2,8,9,11,3,0,0,0.84,0.87,0,0,0,0,1,0,1
5,4.0,0,0,0,0,0,0,0,0,0,0,0,0.73,0.78,0,0,0,0,1,0,0
29,2.0,0,0,0,0,0,2,5,8,1,0,0,0.89,0.95,0,0,0,0,1,0,0
3,2.0,0,88,88,88,39,66,66,66,0,0,0,0.62,0.62,0,1,0,0,1,0,1
2,8.0,0,7,11,15,0,5,13,14,0,0,0,0.15,0.34,0,0,0,0,1,0,1
0,2.0,0,1,3,3,4,30,34,34,2,0,0,0.97,0.94,0,0,0,0,1,0,1
180,8.0,0,0,0,0,0,0,0,0,0,0,0,1.0,1.0,0,0,0,1,1,0,0
0,4.0,0,13,13,13,0,0,0,0,1,0,0,0.22,0.11,0,1,0,0,1,0,1
7,2.0,0,30,50,60,11,24,36,67,4,0,0,0.98,0.97,0,0,0,0,1,0,1
0,12.0,7,480,768,1008,252,423,649,916,73,0,0,0.98,0.96,52,0,0,0,1,0,1
205,8.0,63,1441,2067,3358,495,1778,3146,4125,320,0,0,0.72,0.72,0,0,0,0,1,0,1
0,2.0,0,7,9,9,0,0,0,0,0,0,0,0.0,0.0,0,1,0,1,1,0,1
9,2.0,0,0,0,0,0,1,2,2,0,0,0,0.98,0.98,0,1,0,0,1,0,0
34,14.0,0,10,50,50,7,20,36,54,0,0,0,0.99,0.99,0,0,0,0,1,0,0
0,8.0,0,10,10,15,2,8,15,17,0,0,5,0.34,0.57,0,0,0,0,1,0,1
60,8.0,0,0,15,30,5,17,42,82,0,0,0,0.98,0.99,0,0,0,0,1,0,0
0,8.0,0,0,0,0,0,0,0,0,0,0,0,0.42,0.36,0,0,0,0,1,0,0
107,8.0,0,127,283,439,0,0,0,0,0,0,0,0.95,0.96,0,0,0,0,1,0,0
0,8.0,0,4,6,8,3,4,5,7,0,0,0,0.93,0.96,0,0,0,0,1,0,1
0,2.0,0,25,46,52,0,0,0,0,0,0,0,0.99,0.99,0,0,0,0,1,0,1
0,2.0,0,0,0,0,0,0,0,0,0,0,0,0.49,0.45,0,0,0,0,1,0,1
-18,2.0,0,34,43,51,129,129,129,129,2,0,0,0.65,0.37,18,0,0,0,1,0,1
9,8.0,1,1,8,16,1,4,4,4,1,0,0,1.0,0.99,0,0,0,0,1,0,0
14,2.0,0,0,0,0,11,13,15,15,0,0,0,0.24,0.28,0,1,0,0,1,0,1
2,12.0,0,1,2,3,1,2,4,6,2,0,0,0.73,0.76,0,0,0,1,1,0,0
44,8.0,0,0,0,0,0,1,1,1,0,0,0,0.57,0.74,0,0,0,0,1,0,0
30,4.0,0,0,0,0,0,2,15,19,0,0,0,0.73,0.78,0,0,0,0,1,0,0
137,8.0,114,396,720,990,123,394,643,886,115,0,18,0.43,0.46,0,0,0,1,1,0,1
60,4.0,0,0,0,0,1,2,2,7,2,0,0,0.73,0.78,0,0,0,0,1,0,0
11,8.0,4,0,5,10,0,3,11,17,0,0,0,0.91,0.95,0,0,0,0,1,0,0
1,8.0,0,4,7,10,3,5,8,10,2,0,0,0.43,0.46,0,0,0,1,1,0,1
5,8.0,0,0,0,0,0,0,0,0,0,0,0,0.81,0.85,0,0,0,0,1,0,0
14,8.0,0,0,0,0,0,0,0,7,1,0,0,0.98,0.99,0,0,0,1,1,0,0
11,8.0,0,0,0,0,0,0,1,2,1,0,0,0.42,0.36,0,0,0,0,1,0,0
55,9.0,0,20,40,40,5,15,29,36,0,0,0,0.91,0.77,0,0,0,0,1,0,0
32,0.0,0,0,0,0,3,6,8,8,1,0,0,0.0,0.0,0,0,0,0,0,0,0
7,4.0,0,0,0,0,0,2,4,6,0,0,0,0.73,0.78,0,0,0,0,1,0,0
0,9.0,0,383,503,503,0,0,0,0,28,0,146,0.91,0.77,0,0,0,1,1,0,1
21,8.0,0,73,98,123,8,28,68,111,41,0,0,0.9,0.95,1,0,0,0,1,0,1
11,10.0,0,0,0,0,0,0,25,27,0,0,0,0.89,0.9,0,0,0,0,1,0,0
23,2.0,0,0,22,22,5,16,25,36,0,0,0,0.73,0.82,0,0,0,0,1,0,1
-15,8.0,0,569,932,1370,114,423,945,1366,96,0,33,0.48,0.53,22,0,0,0,1,0,1
4,2.0,0,5,10,14,30,58,77,81,0,0,0,1.0,1.0,0,0,0,0,1,0,1
19,8.0,0,20,40,60,6,18,36,59,3,0,0,0.99,0.97,0,0,0,0,1,0,1
0,2.0,0,11,11,11,0,0,0,0,1,0,0,0.98,0.99,0,1,0,0,1,0,1
55,2.0,0,0,0,0,0,0,0,0,10,0,0,0.81,0.83,0,0,0,1,1,0,0
-5,8.0,0,26,40,54,6,24,35,44,5,0,0,0.86,0.68,5,0,0,0,1,0,1
5,8.0,0,18,30,42,11,26,48,73,0,0,0,0.18,0.31,0,0,0,0,1,0,1
0,8.0,0,1,1,1,0,0,0,1,0,0,0,0.62,0.62,0,0,0,0,1,0,1
0,8.0,0,8,16,16,2,15,24,35,11,0,0,0.89,0.78,0,0,0,0,1,0,1
0,8.0,0,2,4,4,3,6,13,18,1,0,0,0.97,0.94,0,0,0,0,1,0,1
79,8.0,0,0,0,0,21,30,52,79,0,0,0,0.97,0.94,0,0,0,0,1,0,1
4,9.0,0,3,6,9,4,7,10,15,0,0,0,0.69,0.68,0,0,0,0,1,0,1
1,8.0,0,2,4,5,1,2,4,7,0,0,0,0.97,0.98,0,0,0,1,1,0,1
92,2.0,60,126,198,270,54,163,279,392,51,0,0,1.0,0.98,0,0,0,0,1,0,0
288,12.0,0,0,0,0,4,10,22,37,2,0,0,0.89,0.89,0,0,0,0,1,0,0
6,8.0,0,0,0,1,0,0,4,7,4,0,0,0.99,0.99,0,0,0,1,1,0,0
1,2.0,0,1,2,3,3,3,3,9,0,0,0,0.93,0.92,0,0,0,0,1,0,1
194,8.0,0,0,0,1000,19,62,149,213,29,0,0,0.98,0.93,0,0,0,0,1,0,0
0,8.0,0,6,6,6,0,2,2,4,1,0,0,0.2,0.31,0,0,0,0,1,0,1
3,8.0,0,2,5,8,0,2,3,6,4,0,0,0.68,0.69,0,0,0,0,1,0,0
5,4.0,1,0,1,1,0,0,0,0,0,0,0,0.63,0.72,0,1,0,0,1,0,0
1,8.0,0,17,28,37,2,8,18,29,0,0,1,0.96,0.96,0,0,0,0,1,0,1
-105,8.0,0,600,800,1000,196,533,792,1104,143,0,0,0.47,0.49,117,0,0,0,1,0,1
10,8.0,0,0,0,0,0,0,0,0,0,0,0,0.13,0.09,0,0,0,1,1,0,0
