national_inv,lead_time,in_transit_qty,forecast_3_month,sales_3_month,went_on_backorder
0,8.0,0,24,15,1
60,8.0,0,1000,303,1
2,8.0,0,50,0,0
50,8.0,39,64,174,1
187,9.0,0,0,17,0
0,8.0,0,2,3,0
-2,8.0,0,16,19,1
2,8.0,0,0,1,0
0,8.0,0,6,5,1
24,2.0,0,0,8,0
1,12.0,0,0,0,0
3,12.0,0,0,3,1
9,2.0,0,0,5,0
2,8.0,0,0,0,0
1,9.0,0,14,14,1
12,8.0,0,0,1,0
20,2.0,0,45,42,1
427,8.0,0,0,12,0
0,2.0,0,5,0,1
5,4.0,0,0,0,0
17,8.0,0,0,0,0
19,8.0,0,0,1,0
63,8.0,103,100,117,0
2,12.0,0,0,0,0
3,8.0,0,15,7,1
0,12.0,0,7,2,1
1,2.0,0,2,4,1
0,2.0,0,7,2,1
0,2.0,0,88,0,1
11,8.0,0,0,2,0
4,2.0,0,5,1,1
0,2.0,0,178,4,1
96,12.0,0,0,0,0
314,8.0,0,0,47,0
0,2.0,0,20,0,1
24,8.0,0,0,0,0
6,4.0,1,0,0,0
449,12.0,0,0,0,0
25,2.0,0,24,12,0
34,9.0,0,0,9,1
0,10.0,0,4,6,1
1,8.0,0,10,10,1
0,2.0,0,2,0,1
0,9.0,0,9,4,1
0,8.0,0,3,3,1
0,8.0,0,12,13,1
0,10.0,0,56,39,1
0,2.0,0,2,5,1
3,8.0,0,6,16,1
2,12.0,0,0,0,0
80,8.0,0,0,0,0
3,9.0,0,0,0,0
0,2.0,0,23,9,1
367,8.0,0,0,18,0
3,2.0,0,4,4,1
-126,8.0,0,1286,978,1
9,9.0,16,13,13,1
0,12.0,0,14,14,1
0,9.0,0,12,14,1
12,8.0,0,30,1,1
35,8.0,0,0,20,0
1,4.0,0,0,1,1
35,8.0,0,317,222,1
2,12.0,0,0,3,1
91,2.0,0,38,43,1
0,8.0,0,118,0,1
50,2.0,0,10,46,1
0,8.0,0,9,9,1
35,9.0,0,0,10,0
10,12.0,0,0,0,0
2,9.0,0,8,10,1
-18,2.0,0,210,157,1
6,2.0,0,0,0,0
0,2.0,0,1,2,1
107,2.0,340,90,495,0
3,4.0,0,7,2,1
2,2.0,0,4,2,1
3,2.0,0,10,0,0
2,2.0,2,4,5,0
54,16.0,0,621,522,1
0,2.0,0,0,0,0
3,8.0,0,1,5,1
-1,16.0,0,6,2,1
5,12.0,0,26,19,0
0,9.0,0,5,0,1
8,8.0,0,64,35,0
298,8.0,0,1441,1910,1
4,12.0,0,0,0,0
0,8.0,0,1,1,1
1,8.0,0,5,4,1
3,12.0,0,0,0,0
0,9.0,0,1,3,1
6,8.0,0,18,8,1
0,12.0,0,5,0,1
13849,8.0,0,0,0,0
53,8.0,0,0,0,0
7,8.0,0,0,0,0
4,8.0,0,2,2,1
56,2.0,0,0,15,0
37,8.0,0,200,89,1
9,14.0,0,0,0,0
2,8.0,0,20,0,0
5,8.0,0,8,7,1
0,2.0,0,3,2,1
6,10.0,0,0,0,0
603,2.0,168,412,311,0
73,17.0,0,0,18,0
13,2.0,0,0,0,0
0,12.0,0,9,5,1
0,12.0,0,9,3,1
7,2.0,0,12,12,1
2,12.0,0,0,0,0
62,8.0,2,20,29,0
-3,8.0,0,47,16,1
20,12.0,0,0,0,0
0,2.0,0,5,0,0
1,2.0,0,15,10,1
3,8.0,0,1,5,1
0,5.0,0,1894,0,1
0,2.0,0,9,1,1
7,9.0,0,0,0,0
217,8.0,5,85,97,0
11,2.0,0,0,0,0
3,8.0,0,0,0,0
5,8.0,0,24,34,1
114,8.0,3,64,97,0
-29,8.0,0,88,29,1
2030,8.0,3590,0,1392,0
5,2.0,0,25,29,1
0,8.0,0,2,0,1
17,12.0,0,0,3,0
-13,8.0,0,21,12,1
1,8.0,0,0,5,0
6,10.0,1,0,2,0
25,8.0,0,306,164,1
0,8.0,0,1,5,1
0,8.0,0,6,0,1
0,5.0,0,12,0,1
147,2.0,69,120,118,0
2,9.0,0,8,6,1
70,12.0,4,50,66,0
0,0.0,0,58,1,1
105,8.0,0,0,22,0
152,2.0,0,0,0,0
0,2.0,0,17,4,1
4,9.0,0,1,0,0
2,8.0,0,12,6,1
23,8.0,2,0,9,0
544,52.0,5,0,31,0
0,2.0,0,7,3,1
4,12.0,0,0,3,0
2,8.0,0,1,1,0
6,4.0,0,0,6,1
0,10.0,0,2,4,1
5,2.0,0,10,11,1
0,8.0,0,14,0,1
1,12.0,0,3,1,0
74,0.0,0,0,0,0
4,2.0,0,0,0,0
41,9.0,0,0,1,0
10,4.0,0,0,0,0
211,12.0,0,100,125,0
151,12.0,0,34,94,0
247,8.0,0,242,189,0
0,8.0,0,0,0,0
132,8.0,0,0,4,0
4,8.0,1,15,14,1
156,3.0,0,0,4,0
3,4.0,4,2,0,0
-2036,8.0,36,15000,9162,1
2,2.0,0,38,23,1
92,8.0,0,12,44,0
2,10.0,0,0,0,0
59,0.0,0,0,17,0
5,0.0,0,10,17,1
1,12.0,0,3,4,1
3,9.0,0,17,10,1
6,52.0,0,0,2,0
0,8.0,0,5,0,1
67,8.0,0,0,1,0
0,8.0,0,6,3,1
6,8.0,0,0,0,0
0,2.0,0,6,0,1
3,2.0,0,0,0,1
37,8.0,0,0,29,1
1,8.0,0,3,3,1
6,4.0,0,0,4,1
4,12.0,0,0,0,0
0,8.0,0,9,11,1
321,8.0,24,80,261,0
-2,8.0,0,68,50,1
0,2.0,0,0,1,1
4,2.0,0,1,3,1
0,2.0,0,34,0,1
10,2.0,0,0,0,1
9,8.0,0,13,11,1
44,2.0,30,103,113,0
0,12.0,0,4,3,1
0,2.0,0,9,0,0
2,2.0,0,12,10,1
1,9.0,0,0,0,0
2,8.0,0,0,0,0
1,14.0,0,27,9,1
2,8.0,0,7,5,1
10,4.0,0,0,2,0
4,8.0,7,7,7,1
7,2.0,0,0,0,0
4,2.0,0,2,7,1
10,12.0,0,0,0,0
3,2.0,0,0,0,0
0,8.0,0,115,0,1
0,9.0,0,5,0,0
10,2.0,1,6,3,0
3,8.0,2,105,40,1
9,8.0,0,74,31,1
124,8.0,0,0,16,1
88,8.0,0,0,12,0
8,2.0,2,2,5,1
26,2.0,0,0,4,1
1,14.0,0,8,0,1
1,8.0,0,1,1,0
17,2.0,0,0,5,1
25,2.0,0,0,1,0
76,52.0,0,0,0,0
110,2.0,0,0,41,0
0,2.0,0,14,19,1
17,4.0,0,167,66,1
5,8.0,0,0,1,0
57,8.0,1,896,362,1
2,9.0,0,0,0,0
3,2.0,0,0,0,1
1,8.0,0,2,2,1
7,12.0,0,0,1,0
10,8.0,0,0,0,0
420,2.0,0,0,3,0
9,2.0,0,25,26,1
272,52.0,0,0,1,0
188,12.0,0,0,0,0
-9,2.0,5,340,167,1
6,12.0,0,0,0,0
4,2.0,0,0,0,1
5,8.0,0,36,19,1
11,4.0,0,0,0,0
2,12.0,0,0,0,0
0,8.0,0,4,4,1
9,8.0,5,71,37,1
0,14.0,0,12,0,1
0,2.0,0,22,0,1
1,8.0,0,5,2,1
3,8.0,1,0,1,0
0,8.0,0,5,4,1
2,8.0,0,1,2,1
12,8.0,0,80,51,1
12,8.0,1,5,10,1
0,8.0,0,20,10,1
5,8.0,0,0,4,0
1,4.0,0,0,0,0
1,9.0,0,0,0,0
0,2.0,0,5,0,1
2,8.0,0,0,0,0
0,10.0,0,8,8,0
4,8.0,0,0,1,0
6,0.0,0,3,6,1
11,4.0,0,0,0,0
0,8.0,0,8,3,1
-24,8.0,9,556,386,1
1,2.0,0,8,3,1
80,8.0,55,45,69,0
37,2.0,0,0,6,0
43,8.0,3,37,54,0
4,9.0,0,0,0,0
0,12.0,0,29,7,1
-1,2.0,0,10,12,1
11,8.0,3,32,25,0
11,8.0,0,0,0,0
3,8.0,0,21,25,1
0,2.0,0,4,1,1
2,8.0,0,38,27,1
6,8.0,0,0,0,0
0,9.0,0,6,3,1
4,9.0,0,0,0,0
2,8.0,0,0,0,0
5,8.0,1,149,115,1
60,12.0,0,0,0,0
0,4.0,20,0,49,0
9,8.0,1,175,130,1
1,8.0,0,12,11,1
3,12.0,0,0,0,0
91,8.0,13,22,51,0
535,8.0,143,1170,921,0
0,12.0,0,4,0,1
0,8.0,0,5,4,1
7,2.0,0,6,6,1
4,8.0,0,1,6,1
7,8.0,0,0,0,0
16,8.0,0,0,5,1
56,2.0,0,0,56,1
5,2.0,0,54,11,1
-32,8.0,0,161,120,1
82,12.0,0,0,0,0
0,8.0,0,4,1,0
2,8.0,0,0,0,0
12,2.0,0,0,0,0
117,8.0,0,100,189,1
6,12.0,0,14,19,1
19,2.0,0,0,5,0
19,13.0,0,24,47,1
3,8.0,0,9,9,1
2,8.0,0,40,20,1
2,8.0,0,4,4,0
4,2.0,2,28,31,1
2,2.0,0,0,0,0
2,8.0,0,6,8,1
55,8.0,0,44,36,0
2,8.0,0,15,15,1
0,2.0,0,5,0,1
7,9.0,0,0,0,0
2,9.0,0,0,0,0
3,8.0,0,0,0,1
139,9.0,0,0,40,0
0,2.0,0,13,0,0
2,4.0,0,0,0,0
4,2.0,0,2,7,1
3982,8.0,187,1944,2958,0
0,2.0,0,5,0,1
0,4.0,0,12,0,0
9,8.0,0,0,1,0
-2,8.0,0,8,1,1
50,8.0,6,88,53,0
51,12.0,0,0,0,0
28,8.0,0,0,0,0
2,8.0,0,0,0,0
11,4.0,0,0,0,0
15,12.0,119,699,585,1
1,8.0,17,248,145,1
60,8.0,0,0,7,0
1285,8.0,646,540,1126,0
16,2.0,0,0,48,1
0,8.0,0,15,3,1
534,13.0,0,0,10,0
-25,2.0,0,3029,2002,1
3,12.0,0,0,0,0
0,5.0,0,11,0,1
15,4.0,0,0,2,1
3,8.0,0,600,49,1
2,8.0,0,21,23,1
352,4.0,112,208,201,0
6,8.0,1,32,21,0
132,8.0,73,115,139,0
3,2.0,0,0,0,0
4,8.0,0,14,8,1
14,8.0,0,19,8,0
9,12.0,0,24,30,1
14,2.0,0,0,1,0
4,2.0,0,0,0,0
7,8.0,0,0,0,0
2,8.0,0,20,5,1
1,8.0,0,0,0,0
63,8.0,0,0,11,0
3,5.0,0,0,2,1
-4,2.0,0,188,153,1
3,8.0,0,0,0,0
0,8.0,0,3,0,1
156,8.0,50,415,408,1
1078,4.0,0,0,19,0
19,8.0,0,0,0,0
0,12.0,0,5,3,1
30,8.0,14,42,56,1
7,2.0,0,30,8,1
4,12.0,0,0,0,0
0,9.0,0,0,0,0
741,8.0,6,0,33,0
8,8.0,0,7,12,1
27,8.0,0,0,2,0
19,8.0,20,181,173,1
14,9.0,0,0,0,0
12,8.0,0,0,1,0
0,2.0,0,4,0,1
-54,8.0,24,465,363,1
94,8.0,3,80,72,0
3,8.0,0,0,1,1
10,10.0,0,0,1,0
0,12.0,0,40,22,1
0,8.0,0,320,0,1
219,8.0,7,0,54,0
20,8.0,0,0,0,0
3599,12.0,0,0,1,0
5,8.0,0,0,0,0
3,12.0,0,75,32,1
0,8.0,0,4,2,1
32,8.0,0,0,2,0
4,8.0,0,11,20,1
24,12.0,20,60,102,1
0,2.0,0,12,0,1
360,5.0,254,1095,1043,0
3,8.0,0,0,0,0
35,8.0,0,0,0,0
1,8.0,0,8,0,1
40,4.0,0,170,151,1
22,9.0,0,0,0,0
22,8.0,0,40,31,0
9,8.0,0,0,0,0
0,0.0,0,12,0,0
7,8.0,0,15,13,1
7,8.0,0,0,0,0
26,52.0,0,0,6,0
14,9.0,0,0,0,1
4,8.0,0,0,0,0
0,8.0,0,2,2,1
20,4.0,0,10,13,1
0,8.0,0,0,0,0
-1,2.0,0,110,130,1
6,12.0,0,11,13,1
7,12.0,0,50,23,1
1,2.0,0,3,1,1
-228,2.0,0,296,418,1
2,8.0,0,32,32,1
11,2.0,0,6,19,1
103,4.0,0,0,17,0
0,0.0,0,50,11,1
0,8.0,0,15,8,1
7,8.0,0,0,0,0
3,12.0,0,0,0,0
2,2.0,0,40,15,1
100,4.0,614,0,187,0
20,12.0,0,5,9,0
31,10.0,0,0,0,0
0,8.0,0,10,7,1
1,9.0,0,7,73,1
7,8.0,0,16,21,1
6,2.0,0,0,0,0
0,2.0,0,5,0,1
43,8.0,0,46,22,0
40,8.0,0,0,0,0
1,2.0,0,0,1,1
0,16.0,0,8,3,1
93,15.0,3,23,61,0
288,8.0,7,117,251,0
4,8.0,0,17,8,1
8,2.0,0,4,18,1
14,2.0,0,0,9,1
9,8.0,0,0,0,0
3,8.0,0,0,0,0
9,8.0,0,5,8,0
3,8.0,0,4,1,0
401,8.0,11,0,90,0
2245,8.0,4,0,30,0
30,0.0,0,0,1,0
0,8.0,0,13,6,1
17,11.0,0,41,38,1
-2,8.0,0,3456,27,1
2801,8.0,0,0,273,0
4,2.0,0,0,0,0
0,2.0,0,2,0,0
3,4.0,0,15,7,1
2,9.0,0,0,0,0
0,8.0,0,107,0,1
0,12.0,0,5,0,0
6,8.0,0,0,0,0
2,8.0,0,0,1,0
0,8.0,0,2,2,1
0,4.0,0,125,0,1
0,8.0,0,5,3,1
2308,2.0,576,7000,4586,0
2,8.0,0,0,1,0
5,8.0,0,0,2,0
3,8.0,0,0,0,0
13,12.0,0,21,24,1
0,2.0,0,5,0,1
151,4.0,72,1167,796,1
58,8.0,0,357,266,1
0,2.0,0,120,0,1
228,8.0,1,420,258,0
0,2.0,0,0,22,1
39,8.0,26,115,114,0
10,8.0,0,7,12,1
2,8.0,0,24,15,1
4,2.0,0,0,0,0
43,8.0,9,4,24,0
2,8.0,0,43,24,1
4,2.0,0,9,14,1
28,8.0,0,0,0,0
0,8.0,0,7,3,1
1,9.0,1,9,6,1
4,0.0,0,4,8,1
388,2.0,197,785,870,0
5,8.0,0,50,30,1
45,2.0,0,0,3,0
2,12.0,0,20,10,1
56,8.0,25,145,187,1
4,2.0,0,0,3,1
1458,13.0,0,0,8,0
245,8.0,0,0,1,0
28576,8.0,180,0,9898,1
2,8.0,0,0,0,0
2,8.0,0,30,43,1
152,8.0,0,0,21,0
2,12.0,0,8,2,0
2,4.0,0,0,0,0
0,2.0,0,5,0,1
2,8.0,0,0,0,0
2,2.0,0,4,5,1
33,8.0,0,0,0,0
14,9.0,0,0,0,0
12,8.0,0,83,111,1
2,8.0,0,0,0,0
19,14.0,0,0,0,0
77,4.0,0,22,43,0
5,8.0,0,0,0,0
4,8.0,0,0,0,1
3196,2.0,0,0,0,0
1,2.0,0,3,2,1
47,2.0,84,48,57,0
0,2.0,59,364,54,1
13,8.0,0,45,27,0
0,8.0,0,18,13,1
2,8.0,0,0,0,1
0,2.0,0,0,1,1
2,9.0,0,0,0,0
0,2.0,0,21,3,1
2,4.0,0,17,1,1
32,8.0,0,0,4,0
25,8.0,0,0,0,0
10,12.0,0,3,0,0
9,4.0,0,0,12,1
11,2.0,0,0,0,0
-301,8.0,112,605,1076,1
2,3.0,0,0,0,0
0,2.0,0,32,1,1
42,8.0,0,12,0,0
14,8.0,0,0,1,0
13,6.0,0,84,23,1
12,12.0,0,0,0,0
6,12.0,0,0,0,0
0,8.0,0,4,8,1
2,8.0,0,0,0,0
42,12.0,0,0,0,0
255,2.0,132,120,282,0
-13,8.0,3,286,161,1
0,12.0,0,214,5,1
11,52.0,0,0,0,0
99,8.0,31,0,25,0
83,8.0,20,418,275,1
19,2.0,0,0,0,0
2,8.0,0,2,2,1
50,8.0,0,500,145,1
0,12.0,0,14,7,1
0,8.0,0,15,8,1
211,8.0,52,598,516,0
3,12.0,0,0,1,0
0,12.0,0,0,0,0
0,8.0,0,156,0,1
0,8.0,0,2,1,1
0,9.0,0,17,9,1
40,12.0,0,0,0,0
51,8.0,0,31,43,0
535,8.0,12,2400,1482,1
3,8.0,0,26,11,1
11,4.0,0,0,2,0
0,2.0,0,14,0,0
0,9.0,0,380,0,1
15,8.0,0,12,15,0
7,8.0,0,20,12,1
9,2.0,0,0,10,1
13,14.0,2,24,36,1
-3,8.0,0,64,51,1
39,8.0,1,40,26,0
3,9.0,0,14,12,1
11,8.0,0,9,10,0
18,2.0,0,24,37,1
3,8.0,0,0,0,0
6,2.0,0,15,0,0
6,9.0,0,3,7,1
4,10.0,0,0,0,0
996,8.0,34,0,171,0
7,8.0,1,0,3,0
2,9.0,0,0,0,0
2,4.0,4,0,2,1
0,12.0,0,6,1,1
65,12.0,0,0,24,0
170,8.0,0,160,94,0
8,12.0,0,5,0,0
0,4.0,0,6,0,1
10,2.0,0,0,0,0
0,9.0,0,1,0,1
6580,8.0,1,0,28,0
4,10.0,0,0,0,0
24,8.0,0,157,10,0
255,12.0,162,200,270,0
53,8.0,0,285,142,1
0,8.0,0,2,3,1
7,8.0,0,0,0,0
14,8.0,0,0,3,0
8,8.0,0,2,1,0
30,4.0,0,0,0,0
6,2.0,0,0,0,0
2,2.0,0,0,0,0
123,8.0,21,161,152,0
0,0.0,0,14,1,1
1,2.0,0,0,0,1
0,2.0,0,5,0,1
0,4.0,0,6,0,1
2,8.0,0,2,4,1
7,8.0,0,48,28,1
0,12.0,0,4,6,1
0,2.0,0,14,0,1
94,4.0,11,30,62,0
98,8.0,0,0,0,0
9,8.0,0,0,0,1
106,8.0,24,141,192,0
21,4.0,0,0,66,0
24,8.0,0,0,4,0
2,2.0,0,0,0,0
186,8.0,50,0,0,0
4570,8.0,0,0,0,0
1,4.0,0,1,5,0
10,9.0,0,0,0,0
1,52.0,0,6,1,1
21290,8.0,0,0,3270,0
1,2.0,1,0,2,1
17,4.0,10,0,5,0
30,8.0,0,101,80,1
10,2.0,0,26,31,1
0,12.0,0,9,7,1
10,9.0,0,0,0,0
16,8.0,0,20,11,0
11,12.0,5,0,0,0
27,8.0,16,62,47,0
110,2.0,0,0,38,1
17,8.0,0,0,2,0
5,8.0,0,0,0,0
0,2.0,0,6,0,1
3,4.0,0,0,0,0
7,8.0,0,0,0,0
3,9.0,0,13,20,1
458,8.0,33,149,1090,1
4,12.0,0,0,0,0
0,13.0,0,20,17,1
5,2.0,0,1,0,0
6,2.0,0,2,0,0
6,2.0,0,0,0,0
0,2.0,0,4,0,1
4,9.0,0,0,0,0
7,2.0,0,47,42,1
3,8.0,0,0,0,0
100,2.0,0,0,0,0
-13,8.0,0,1385,907,1
2,8.0,1,26,19,1
2,2.0,0,1,1,1
474,12.0,0,0,122,0
3,9.0,0,0,0,0
0,8.0,0,3,1,1
99,8.0,30,747,476,1
1,8.0,0,23,17,1
0,8.0,5,30,29,1
12,8.0,0,2,8,0
13,12.0,12,0,0,0
0,9.0,0,4,0,1
1,4.0,0,2,0,0
30,52.0,0,0,0,0
7,8.0,0,23,4,1
-7,8.0,0,56,30,1
11848,8.0,0,0,0,0
7,2.0,0,0,0,0
4,12.0,0,0,1,0
0,12.0,0,10,0,1
0,2.0,0,5,0,1
10,2.0,0,13,6,0
37,9.0,0,0,2,0
0,2.0,0,5,0,1
14,8.0,0,0,6,0
4,9.0,0,0,0,0
0,8.0,0,12,0,1
1,2.0,0,0,0,1
0,8.0,0,80,0,1
1,9.0,0,3,4,1
17,3.0,0,54,87,1
7,8.0,0,0,0,0
0,12.0,0,5,3,1
12,8.0,0,0,0,1
28,15.0,0,0,23,1
91,2.0,13,60,83,0
2,2.0,0,15,13,1
94,8.0,0,0,7,0
0,8.0,0,1,2,1
39,12.0,22,109,120,0
16,8.0,0,68,0,0
4,8.0,0,0,1,1
500,2.0,0,0,0,0
54,8.0,0,0,0,0
3,2.0,0,2,0,0
90,8.0,4,0,18,0
331,8.0,0,8264,0,1
59,52.0,0,0,0,0
11,9.0,0,0,0,0
0,8.0,0,9,4,1
30,8.0,46,1256,1219,1
4,8.0,3,58,39,1
133,2.0,21,211,279,0
59,2.0,0,129,0,1
21,2.0,0,0,15,0
3758,12.0,278,0,893,0
2,9.0,0,0,1,0
0,9.0,2,0,1,1
8,8.0,3,18,17,0
3,2.0,0,3,7,1
2,2.0,0,0,1,1
1,8.0,0,2,2,1
17,8.0,0,77,62,1
15,4.0,0,0,8,0
9,8.0,0,0,0,0
20,4.0,0,0,5,1
3,2.0,0,10,1,1
0,2.0,0,1,0,1
0,2.0,0,2,0,0
3,8.0,7,18,31,1
1,2.0,0,10,2,1
10,8.0,0,0,0,0
3,8.0,0,7,3,1
0,2.0,0,7,5,1
7,2.0,9,11,20,0
24,4.0,0,0,0,0
24,8.0,0,73,33,1
8,8.0,0,47,29,1
1,8.0,0,1,3,1
4,8.0,0,0,1,0
1,8.0,0,3,3,1
3,8.0,0,0,0,0
208,9.0,0,0,6,0
349,2.0,0,0,439,1
485,2.0,0,0,4,0
9,2.0,10,15,36,1
1960,8.0,0,0,40,0
231,52.0,0,0,4,0
1,8.0,0,1,3,1
1,8.0,0,10,8,1
0,2.0,0,4,0,1
0,8.0,0,50,22,1
1,12.0,0,0,0,0
7,12.0,0,96,26,1
22,8.0,0,83,116,1
137,12.0,0,0,14,0
0,10.0,0,1,2,0
396,2.0,0,1000,2634,1
1,52.0,0,0,0,0
14,12.0,3,1,0,0
1,8.0,1,14,12,1
3,2.0,0,0,0,0
0,8.0,0,5,0,0
7,8.0,7,0,0,0
181,8.0,0,0,0,0
10,8.0,0,0,0,0
4,8.0,5,23,31,1
4,8.0,0,0,2,0
440,8.0,0,0,0,0
44,8.0,1,26,17,0
6169,16.0,0,0,1850,0
2,8.0,0,0,0,1
67,2.0,31,33,52,0
1,16.0,0,1,0,0
3,2.0,0,0,1,1
4,2.0,0,4,4,0
3,8.0,0,20,17,1
0,2.0,0,11,0,1
0,8.0,0,19,22,1
27,8.0,15,349,204,1
-1,8.0,0,6,5,1
4,8.0,0,0,0,1
13,12.0,5,0,0,0
8,8.0,4,12,15,0
2,8.0,0,0,0,0
13,8.0,0,0,4,0
0,8.0,0,0,0,1
0,2.0,0,243,0,0
0,0.0,0,53,1,1
13,2.0,0,0,2,0
0,2.0,0,8,0,1
13,2.0,0,0,7,1
1,2.0,0,24,27,1
119,8.0,57,112,110,0
48,8.0,0,208,248,0
0,8.0,0,74,0,1
9,8.0,0,0,0,0
10,13.0,0,0,6,1
0,12.0,0,8,5,1
10,9.0,0,0,0,0
6,2.0,0,64,77,1
1,8.0,0,28,16,1
3,4.0,0,0,2,0
0,12.0,0,8,5,1
2,2.0,0,0,2,1
1,9.0,0,0,0,0
4,2.0,0,5,15,1
111,8.0,0,0,46,0
0,8.0,0,6,0,1
0,2.0,0,4,0,0
227,8.0,0,6900,0,1
3,8.0,0,24,16,1
0,2.0,0,2,1,1
391,8.0,92,494,337,0
33,3.0,70,675,565,1
0,8.0,0,4,4,1
95,8.0,1,366,302,1
3,12.0,0,0,1,0
1,2.0,0,0,0,1
0,2.0,0,24,0,1
2,8.0,0,19,26,1
0,8.0,0,0,0,0
30,8.0,5,36,32,0
31,2.0,0,0,13,0
8,2.0,0,20,10,0
2,2.0,0,12,8,1
7,2.0,0,0,4,1
17,8.0,1,187,108,1
20,12.0,0,0,0,1
198,4.0,107,193,202,0
48,8.0,0,0,2,0
0,2.0,0,6,0,1
5,2.0,1,0,19,1
89,8.0,4,61,101,0
0,9.0,2,8,11,1
45,2.0,59,60,6,1
0,8.0,0,6,0,1
0,8.0,0,60,1,1
3,2.0,0,2,12,1
56,8.0,0,120,0,0
115,8.0,0,439,309,0
1485,8.0,0,0,10,0
1,8.0,0,600,281,1
2,4.0,0,0,0,0
312,9.0,0,0,10,0
1,8.0,2,1,3,0
3,2.0,0,16,24,1
11,9.0,0,0,1,0
3,8.0,0,0,1,0
0,4.0,0,2,0,1
7,12.0,1,11,14,1
66,8.0,5,5,25,0
75,8.0,60,747,493,1
23,2.0,0,0,0,0
4,4.0,0,0,1,1
3,8.0,1,1,5,1
0,2.0,0,8,2,1
11,8.0,0,100,26,1
1,9.0,0,1,1,0
1,2.0,0,19,7,1
51,9.0,0,0,10,0
0,8.0,0,16,13,1
3,9.0,0,0,0,0
97,8.0,3,0,25,0
4,12.0,0,0,0,0
27,2.0,0,24,26,0
-3,8.0,0,173,155,1
11,8.0,2,105,45,1
37,4.0,0,0,0,0
1013,8.0,510,350,949,0
5,8.0,0,0,0,0
3,2.0,0,1,1,0
22,12.0,0,0,0,0
1,8.0,0,15,5,1
32,15.0,0,168,108,0
62,8.0,12,13,26,0
0,8.0,0,22,20,1
394,2.0,46,540,525,0
0,8.0,0,0,0,0
47,12.0,7,0,21,0
21,8.0,0,0,0,0
0,2.0,0,6,0,1
222,8.0,0,0,5,0
8,2.0,0,12,9,1
8,2.0,5,108,71,1
2,2.0,0,13,8,1
4,12.0,0,0,0,0
9,8.0,0,144,66,1
0,8.0,0,0,0,0
6,2.0,0,0,3,0
0,2.0,0,5,0,1
212,8.0,0,0,4,0
0,2.0,0,10,0,1
16,2.0,0,104,16,1
3,9.0,0,0,0,0
5,8.0,0,31,22,1
2,8.0,0,30,16,1
106,8.0,19,248,228,0
-101,8.0,0,317,0,1
0,2.0,0,0,0,1
11,2.0,0,0,0,0
94,8.0,46,28,30,0
1460,8.0,92,0,348,0
5,2.0,0,3,1,1
0,8.0,0,12,4,1
7,8.0,0,0,0,0
1,8.0,0,1,3,1
97,8.0,0,54,73,0
75,8.0,15,50,155,1
0,8.0,0,15,6,1
0,9.0,0,9,3,1
1,2.0,0,3,2,1
36,2.0,8,30,34,0
1,8.0,0,4,5,1
60,8.0,0,0,4,0
2,8.0,0,17,13,1
97,4.0,0,0,0,0
1,8.0,0,3,2,0
22,2.0,10,32,19,0
4,8.0,0,0,0,0
-1,9.0,0,17,24,1
171,8.0,36,217,259,0
1,12.0,0,6,6,1
6,8.0,0,32,19,1
0,2.0,0,7,0,1
0,2.0,0,4,0,0
-13,8.0,16,81,62,1
22,12.0,0,200,146,1
14,9.0,0,0,0,0
6,8.0,0,0,0,0
0,8.0,0,12,7,1
0,8.0,0,2,4,1
0,12.0,0,13,7,1
14,8.0,0,0,0,0
1,12.0,0,11,15,1
88,12.0,15,72,83,0
25,8.0,0,0,1,0
9,8.0,9,5,32,1
0,8.0,0,25,15,1
77,8.0,8,720,450,1
24,8.0,1,0,3,0
17,4.0,0,0,0,0
5,2.0,0,0,4,0
2,2.0,0,0,0,0
189,8.0,74,183,262,0
0,8.0,0,18,10,1
49,2.0,0,44,100,0
5,8.0,0,51,2,0
11,8.0,0,9,10,1
13,2.0,0,0,1,0
5,12.0,0,0,0,0
0,8.0,0,0,0,0
4,8.0,0,20,4,1
3,9.0,0,3,7,1
0,4.0,0,15,0,1
-4,8.0,0,96,42,1
43,9.0,0,0,4,0
66,8.0,0,0,0,0
2,8.0,0,20,3,1
0,2.0,0,545,9,1
0,8.0,0,5,5,1
0,8.0,0,435,0,1
1,2.0,0,12,4,1
2,9.0,0,0,0,0
15,4.0,0,0,3,0
3,8.0,0,0,0,0
2351,52.0,1,0,62,0
6,8.0,0,9,10,1
4,2.0,0,0,1,0
5,8.0,0,5,3,1
49,8.0,0,39,39,0
6,8.0,0,0,0,0
4,8.0,0,583,476,1
16,8.0,0,12,15,1
7,8.0,0,0,0,0
1,12.0,0,8,3,1
8,8.0,0,37,18,1
58,8.0,0,0,0,0
0,8.0,0,26,11,1
1,14.0,0,8,1,1
3,8.0,0,0,7,1
9,2.0,0,0,5,0
2,8.0,0,9,14,1
5,2.0,9,1,0,0
28,15.0,0,0,23,1
0,0.0,0,5,3,1
0,2.0,0,2,3,1
1,4.0,0,3,3,1
0,8.0,0,0,0,0
-82,16.0,0,1220,369,1
-4,12.0,0,8,14,1
-1,9.0,0,20,16,1
3,8.0,0,0,0,0
8,2.0,0,14,7,1
0,8.0,0,8,5,1
9,2.0,0,0,4,0
2,2.0,0,2,1,0
4,12.0,0,20,11,1
1872,2.0,797,0,1412,0
112,8.0,133,354,496,1
9,8.0,0,220,109,1
2,8.0,0,0,0,0
2,8.0,0,1,3,1
56,8.0,0,0,1,0
97,8.0,0,0,43,1
0,12.0,0,2,5,1
51,4.0,0,0,30,0
23,8.0,0,0,1,0
7,2.0,0,0,0,0
5,8.0,0,0,0,0
15,8.0,0,0,0,0
4980,52.0,0,0,0,0
0,2.0,0,6,17,1
37,12.0,0,0,10,0
2,8.0,0,26,8,1
1,2.0,0,10,2,1
46,8.0,0,424,0,0
2,8.0,0,0,0,0
7,8.0,0,0,2,0
2,2.0,0,0,0,0
0,8.0,0,2,3,1
0,8.0,0,5,5,1
17,8.0,0,0,0,0
42,8.0,53,0,54,0
0,9.0,0,3,0,0
12,8.0,0,0,0,0
0,9.0,0,5,8,1
7,8.0,62,0,11,0
0,12.0,0,3,0,1
7,9.0,0,0,0,0
5,8.0,0,0,10,1
7,2.0,0,5,8,1
0,8.0,0,0,0,0
23,2.0,0,0,0,0
47,8.0,0,0,2,0
331,12.0,0,0,12,0
0,2.0,0,3,3,1
348,8.0,10,150,319,0
13,2.0,0,100,70,1
1,14.0,0,27,9,1
1,8.0,0,2,4,1
135,12.0,28,740,728,1
1,8.0,0,1,1,1
2,12.0,1,0,0,0
8495,8.0,6,0,90,0
356,8.0,0,0,24,0
0,8.0,0,0,0,0
10,2.0,0,0,0,0
1,3.0,0,6,10,1
0,9.0,0,1,1,1
2,8.0,0,1,2,1
-1,16.0,0,48,25,1
1,8.0,0,1,3,1
0,12.0,0,7,0,1
1,8.0,0,1,3,1
11,8.0,0,7,13,1
0,2.0,0,0,0,1
29,2.0,0,0,0,0
128,8.0,6,104,65,0
15,2.0,4,514,253,1
4,2.0,0,4,0,0
0,8.0,0,0,0,0
49,8.0,4,33,63,1
45,8.0,6,12,24,0
10,12.0,10,0,0,0
2,8.0,0,12,6,1
5,9.0,0,0,0,0
1672,2.0,0,0,2,0
39,8.0,0,0,0,0
0,8.0,0,12,4,1
7,4.0,0,0,0,0
5,9.0,0,10,21,0
3,12.0,0,46,29,1
0,8.0,0,15,8,1
1,8.0,0,1,3,1
90,8.0,0,0,18,0
29,8.0,0,338,162,1
3,8.0,0,0,0,1
0,12.0,0,4,3,1
1,3.0,0,3,44,1
31,2.0,0,0,1,1
161,2.0,0,0,0,0
18,2.0,0,11,2,1
5,8.0,0,2,3,0
1725,2.0,93,1000,1371,0
4,2.0,0,3,3,0
36,8.0,0,20,19,0
3,2.0,0,5,0,0
1,8.0,0,1,4,0
0,8.0,0,2,0,0
1010,2.0,517,2430,3863,0
2,8.0,0,35,21,1
4,2.0,0,16,23,1
0,8.0,0,10,2,1
63,52.0,0,0,6,0
2,2.0,0,0,21,1
-7,12.0,0,10,21,1
2,2.0,0,6,2,1
0,2.0,0,10,0,1
0,4.0,0,10,0,1
0,8.0,0,0,0,1
3,8.0,0,0,0,0
29,8.0,2,502,357,1
122,9.0,18,83,92,0
9,4.0,0,0,0,0
0,2.0,0,30,0,1
0,2.0,0,3,2,1
136,8.0,0,0,9,0
48,2.0,0,0,0,0
191,4.0,0,0,5,0
1,8.0,0,17,8,1
47,4.0,0,208,156,1
190,8.0,0,0,6,0
2,2.0,0,24,20,1
3,8.0,0,24,14,1
0,8.0,0,0,0,1
0,8.0,0,0,0,0
0,2.0,0,0,0,1
4,9.0,0,5,6,1
0,12.0,0,5,0,1
22,9.0,0,0,1,0
14,2.0,0,16,16,1
189,12.0,0,0,0,0
0,8.0,0,7,6,0
10,8.0,0,51,38,1
0,8.0,0,3,4,1
3,8.0,0,0,0,0
3,8.0,0,7,4,0
4,8.0,0,2,4,1
10,2.0,0,0,0,0
609,2.0,105,1152,997,0
102,8.0,0,0,1,0
5,2.0,0,0,2,1
6,8.0,0,0,1,0
0,2.0,0,136,32,1
28,2.0,4,30,27,1
1276,2.0,308,5139,6286,0
1,2.0,0,20,15,1
1,2.0,7,0,3,0
1,8.0,0,2,2,1
502,8.0,95,90,251,0
16,8.0,0,54,42,0
0,2.0,0,42,33,1
0,4.0,0,100,22,1
0,8.0,0,5,4,1
24,8.0,0,0,0,0
0,2.0,0,5,0,1
41,8.0,0,0,6,0
2,2.0,0,3,5,1
25,8.0,2,305,263,1
4,8.0,0,0,0,1
2,8.0,0,13,8,1
2,8.0,0,4,6,1
460,8.0,43,228,419,0
3,8.0,0,0,4,1
13,2.0,0,108,114,1
208,8.0,108,90,254,0
7,8.0,0,0,2,0
1006,8.0,33,284,453,0
0,2.0,0,17,0,1
0,8.0,0,5,3,1
2,2.0,0,10,10,1
81,9.0,0,0,22,0
2,8.0,0,11,18,1
747,8.0,0,0,0,0
351,2.0,0,0,49,0
17,0.0,0,0,0,0
0,2.0,0,21,0,1
1,8.0,0,0,0,0
2348,2.0,4,0,39,0
92,2.0,0,288,264,1
7,8.0,0,64,34,0
0,2.0,0,0,0,1
9,12.0,0,10,10,1
3,8.0,0,0,0,0
1,2.0,0,15,12,1
0,2.0,0,8,0,1
18,8.0,1,154,110,1
0,2.0,0,8,1,1
389,4.0,279,263,354,0
0,2.0,0,5,0,1
0,2.0,0,65,0,0
2,9.0,0,0,2,0
0,9.0,0,1,0,1
7,2.0,0,6,6,1
12,8.0,0,204,136,1
2,8.0,0,2,2,0
55,2.0,0,0,3,0
1,12.0,0,1,5,1
1,12.0,0,3,2,1
-31,8.0,0,157,107,1
10,2.0,0,12,12,1
0,2.0,0,2,0,1
392,8.0,63,84,377,0
4,8.0,0,52,21,1
-100,8.0,0,540,180,1
27,2.0,1,62,23,1
170,8.0,1,202,169,0
0,8.0,0,20,5,1
0,2.0,0,21,1,1
2,2.0,0,0,0,0
3,9.0,0,0,0,0
-10,2.0,92,132,197,1
31,8.0,0,0,1,0
23,12.0,0,216,121,1
7,2.0,0,47,23,1
27,2.0,0,105,41,1
3,0.0,0,606,373,1
49,8.0,41,140,109,0
34,8.0,0,0,8,0
39,8.0,2,185,158,0
147,4.0,0,72,86,0
10,2.0,0,0,2,1
1,2.0,0,5,29,1
6,4.0,0,0,2,0
5,12.0,0,0,0,0
2,12.0,0,0,0,1
6,2.0,0,0,0,0
182,12.0,0,0,1,0
3,8.0,0,12,14,1
1,4.0,0,0,1,1
4,9.0,0,0,0,0
5,2.0,0,0,18,1
0,2.0,0,1,3,1
36,8.0,0,0,25,0
3,8.0,0,0,1,0
4,12.0,0,0,4,1
3,9.0,0,0,0,0
0,8.0,0,30,26,1
5,2.0,0,0,12,1
8,2.0,0,0,0,0
4,8.0,0,0,0,0
0,8.0,0,6,0,1
644,2.0,272,250,765,0
1543,2.0,0,0,15,0
0,9.0,0,3,2,1
0,12.0,0,13,5,1
42,9.0,0,0,0,0
7,2.0,0,0,3,1
86,8.0,11,28,43,0
100,8.0,0,500,437,1
16,2.0,0,0,8,1
2,9.0,0,0,0,0
1,8.0,0,9,4,1
0,2.0,0,11,0,1
0,8.0,0,46,41,1
2,8.0,0,20,3,1
0,2.0,0,6,0,1
28,13.0,0,0,0,0
21,8.0,0,11,16,0
3,8.0,0,4,4,1
0,2.0,0,307,0,1
2,12.0,0,0,0,1
433,4.0,0,0,0,0
3,8.0,0,20,6,1
6,8.0,0,89,78,1
0,4.0,0,7,0,0
2,8.0,0,1,1,1
9,8.0,0,20,17,1
2,8.0,0,16,14,1
0,2.0,0,10,0,1
3,12.0,0,0,0,0
12,8.0,0,0,6,0
57,8.0,0,64,45,0
0,8.0,0,8,16,1
0,2.0,0,500,0,1
189,8.0,279,7419,2561,1
2,8.0,0,7,5,1
2,8.0,0,0,3,0
-1,8.0,0,2,4,0
0,8.0,0,6,2,1
15,4.0,0,119,24,1
0,8.0,0,0,0,0
2,12.0,0,5,18,1
13,12.0,0,0,0,0
0,9.0,0,3,3,1
2,4.0,0,0,0,0
66,8.0,0,0,0,0
14,2.0,0,0,0,0
8,2.0,9,0,1,0
2,8.0,0,9,13,1
3,8.0,0,2,5,0
6,2.0,6,0,0,0
20,12.0,0,4,8,1
1046,8.0,800,4400,0,0
3,3.0,0,0,0,0
1,4.0,0,0,0,0
37,2.0,0,0,106,1
2,9.0,2,0,2,0
7,9.0,0,43,20,1
152,2.0,83,224,174,0
67,2.0,0,0,5,0
-1,8.0,0,25,9,1
20,8.0,0,110,42,1
15,2.0,0,20,12,0
63,9.0,0,0,0,0
16,2.0,2,238,139,1
0,2.0,0,0,1,1
10,9.0,0,0,0,0
2,9.0,0,0,0,0
1,8.0,0,0,0,0
31,2.0,0,0,0,0
5,8.0,0,0,1,0
2,9.0,0,1,2,1
9,8.0,0,0,0,0
0,9.0,0,3,4,1
23,6.0,0,0,0,0
4,8.0,0,0,0,0
10,12.0,0,0,0,0
44,2.0,4,29,43,0
0,2.0,0,5,0,0
0,8.0,0,74,29,1
9,2.0,12,0,22,0
1127,2.0,0,600,28,0
10,8.0,0,0,0,0
4,8.0,0,18,8,1
1,8.0,0,6,6,1
0,2.0,0,5,0,1
17,2.0,0,0,0,0
107,8.0,8,0,2,0
15,9.0,0,0,4,0
200,8.0,0,0,0,0
4,9.0,0,0,0,0
0,2.0,0,13,0,1
13,2.0,0,24,38,1
4,2.0,0,1,4,1
6,3.0,0,0,4,1
39,8.0,0,29,32,0
1,12.0,0,4,5,1
2,2.0,0,6,29,1
1235,12.0,0,0,32,0
0,2.0,0,6,0,0
47,2.0,0,0,23,0
3,9.0,0,0,1,0
10,8.0,0,0,0,0
10,8.0,0,0,23,1
13,8.0,10,20,31,1
10,8.0,0,12,10,0
2560,13.0,0,0,0,0
1,2.0,0,3,2,1
102,4.0,3,34,69,0
3,8.0,0,17,1,0
92,14.0,201,600,417,0
2,12.0,0,24,14,1
0,2.0,0,9,0,0
13,2.0,0,12,36,1
0,12.0,0,19,8,1
0,8.0,0,0,2,0
12,8.0,0,0,8,1
2,8.0,0,5,6,1
14,8.0,0,0,0,0
28,2.0,0,0,7,0
15,2.0,0,0,0,0
51,12.0,0,0,12,0
8,2.0,0,20,20,1
16,2.0,0,100,42,1
0,4.0,0,15,0,1
0,2.0,0,2,0,1
-4,8.0,0,400,46,1
1,3.0,2,7,10,0
2,9.0,0,0,0,0
2,12.0,3,130,85,1
2,8.0,0,0,0,0
2,9.0,0,0,0,0
-40,8.0,0,536,405,1
5,0.0,0,10,12,1
37,12.0,1,5,7,0
41,2.0,73,96,87,0
96,2.0,0,0,0,0
1,4.0,0,0,1,1
0,2.0,0,224,6,1
7318,8.0,63,0,552,0
-769,12.0,0,1559,14454,1
6,8.0,0,20,13,1
3,12.0,0,18,18,1
2,8.0,0,25,1,1
6,8.0,0,0,0,0
73,52.0,0,0,0,0
0,12.0,0,12,7,1
10,2.0,0,3,17,1
2,8.0,0,10,10,1
200,2.0,0,0,0,0
113,8.0,0,0,7,0
0,8.0,0,288,6,1
919,8.0,0,0,48,0
23,2.0,3,36,41,1
115,8.0,0,0,12,0
0,2.0,0,5,1,1
20,8.0,0,33,49,0
-3,16.0,0,19,12,1
5,2.0,0,0,2,1
12,4.0,0,0,0,0
20,4.0,0,100,39,0
22,2.0,0,0,0,0
8,8.0,0,0,0,0
66,2.0,41,30,85,0
34,8.0,32,80,91,0
-346,2.0,0,17815,7739,1
119,8.0,0,0,3,0
1,8.0,0,12,14,1
158,8.0,61,1100,577,1
3,4.0,0,3,3,1
16,2.0,0,25,32,0
0,2.0,0,14,4,1
1,8.0,0,8,7,1
0,2.0,0,27,0,1
10,12.0,0,0,0,0
40,2.0,0,0,20,0
1,8.0,0,10,15,1
0,8.0,0,4,4,1
0,8.0,0,34,19,0
4,2.0,0,0,0,0
0,4.0,2,19,18,1
1,2.0,1,3,3,1
8,12.0,0,0,0,0
0,8.0,0,26,14,1
0,4.0,0,6,0,1
10,2.0,0,0,0,1
37,8.0,0,0,0,0
22,2.0,0,19,55,1
5,8.0,0,9,17,1
351,8.0,0,0,1,0
45,8.0,0,0,0,0
52,12.0,0,0,0,0
5,2.0,0,4,14,0
1,2.0,0,8,11,1
-6,12.0,0,32,2,1
18,8.0,0,0,0,0
9,2.0,0,21,30,1
4,9.0,0,0,1,0
4,12.0,0,0,0,0
1,8.0,0,24,16,1
1,8.0,0,30,9,1
5001,2.0,0,0,1,0
1,2.0,0,15,13,1
197,8.0,33,208,185,0
8,8.0,0,55,41,1
11,8.0,6,74,59,1
109,2.0,0,0,40,0
2,2.0,0,38,20,1
191,8.0,106,96,142,0
17,4.0,0,0,0,0
154,8.0,51,174,206,0
7,2.0,0,0,1,0
0,2.0,0,143,78,1
1,2.0,0,0,0,1
4,2.0,0,32,0,1
80,8.0,2,30,80,0
1,8.0,0,0,2,0
8,2.0,0,0,0,0
62,8.0,0,0,2,0
75,2.0,0,0,9,0
3,8.0,0,0,0,0
0,8.0,0,3,1,1
2,2.0,4,6,13,1
2,12.0,0,0,0,0
6,8.0,0,15,12,1
12,8.0,0,0,2,0
8884,4.0,2940,17360,18699,0
0,8.0,0,7,7,1
4,2.0,0,4,6,1
0,0.0,0,25,0,1
-2,8.0,0,9,0,1
24,8.0,0,7,8,0
97,8.0,0,0,1,0
17,2.0,0,30,29,0
5,8.0,0,7,8,1
4,9.0,0,0,0,0
127,8.0,0,0,0,0
19,2.0,0,0,0,0
4,2.0,0,0,17,1
5,9.0,0,10,10,1
6,12.0,2,3,0,0
17,8.0,0,0,0,0
12,8.0,0,8,13,0
26,8.0,0,0,14,0
5,2.0,0,12,12,1
21,8.0,0,0,7,0
0,8.0,0,329,0,0
0,4.0,0,3,2,0
1,2.0,0,28,28,1
23,2.0,4,30,29,1
130,2.0,0,0,5,0
15,2.0,0,12,9,1
8,8.0,0,43,30,1
222,8.0,4,0,34,0
5,2.0,0,0,12,1
166,8.0,85,267,299,0
4316,8.0,4,0,75,0
186,2.0,0,0,9,0
2,8.0,0,26,17,1
215,2.0,0,0,6,0
4,8.0,0,35,15,1
-2,8.0,0,11,7,1
4,8.0,0,0,0,0
53,8.0,0,40,20,0
0,2.0,0,10,0,1
28,2.0,0,25,24,1
93,4.0,16,20,199,0
6,2.0,0,0,0,1
2,12.0,0,0,0,0
6,6.0,0,0,0,0
23,12.0,0,0,0,0
3,3.0,0,167,97,1
38,4.0,0,0,0,0
6,8.0,0,0,4,0
70,9.0,0,0,0,0
46,8.0,0,0,6,0
105,8.0,0,0,0,0
34,8.0,0,0,0,0
5,8.0,0,1,3,0
6,4.0,0,18,9,1
9,8.0,0,7,5,0
120,2.0,0,0,0,0
11,8.0,0,0,0,0
-28,9.0,0,86,63,1
0,9.0,0,2,1,1
16,8.0,0,118,61,1
0,2.0,0,5,0,1
2,8.0,0,8,7,1
0,8.0,0,0,0,1
0,8.0,0,26,14,1
83,8.0,0,70,90,0
16,8.0,0,0,1,0
0,8.0,0,16,14,1
245,2.0,26,330,448,0
0,2.0,0,5,0,0
19,2.0,0,400,363,1
15,0.0,0,0,6,0
4,2.0,0,0,2,0
14,8.0,0,30,39,1
3,8.0,0,0,0,0
2,4.0,0,0,0,0
20,2.0,0,0,0,0
3,8.0,0,0,0,0
3,2.0,0,180,43,1
89,8.0,0,0,1,0
7,2.0,0,26,19,1
0,8.0,0,6,10,1
495,8.0,0,0,0,0
11,8.0,0,100,22,1
64,8.0,13,171,140,0
100,2.0,0,0,204,1
1,8.0,0,60,17,1
-4,9.0,0,53,50,1
0,8.0,0,1,1,1
0,8.0,0,0,0,0
0,4.0,0,7,11,1
60,9.0,4,0,98,0
92,8.0,0,0,3,1
13,3.0,0,35,19,1
1,8.0,0,19,19,1
9,2.0,0,410,665,1
15,2.0,0,0,0,0
9,2.0,0,0,0,0
-1,8.0,0,6,11,1
31,2.0,0,300,104,1
24,13.0,0,240,74,1
1,10.0,0,4,6,1
8,10.0,0,0,5,1
13,8.0,0,0,0,0
-3,8.0,0,240,42,1
8,8.0,0,8,4,0
0,2.0,0,5,4,1
9,8.0,0,14,23,1
-219,8.0,1,291,734,1
7,8.0,0,10,9,1
8,8.0,0,0,0,0
23,0.0,0,0,2,0
14,3.0,16,82,113,1
50,15.0,0,20,0,0
2,9.0,0,0,0,0
1,8.0,0,2,2,1
9,8.0,0,6,8,1
2,12.0,0,0,0,0
2,12.0,0,0,0,0
0,12.0,0,3,2,1
21,0.0,2,36,41,1
18,8.0,0,0,1,0
11,9.0,0,0,0,0
1,6.0,1,1,1,0
112,2.0,23,152,142,0
1,3.0,0,2,9,1
73,8.0,0,0,1,0
0,8.0,0,7,0,1
3,4.0,0,0,0,0
11,9.0,0,0,0,0
-1,8.0,1,15,7,1
3,2.0,0,0,1,0
23,12.0,2,2375,1805,1
116,8.0,0,0,4,0
18,8.0,0,13,3,0
4,2.0,0,0,0,0
6,9.0,0,0,0,0
6,2.0,0,0,1,1
1,9.0,0,1,1,1
21,8.0,0,22,16,0
84,4.0,0,0,7,0
-3,9.0,7,10,23,1
76,9.0,20,240,160,1
0,4.0,0,82,1,1
24,8.0,2,151,116,1
2,8.0,0,0,0,0
7,8.0,0,0,1,1
0,8.0,0,13,6,1
1,12.0,0,0,1,1
78,12.0,0,0,19,0
7,4.0,0,0,0,0
2,8.0,0,16,12,1
8,9.0,0,7,8,1
3,8.0,0,0,0,1
104,0.0,0,1249,661,1
8,2.0,0,0,3,0
28,2.0,17,183,109,1
0,8.0,1,14,6,1
1,8.0,0,6,7,1
0,2.0,0,25,16,1
0,12.0,0,17,10,1
0,2.0,0,4,0,1
0,12.0,0,10,8,1
-23,8.0,1,256,182,1
1,8.0,0,47,22,1
3,8.0,3,9,12,1
2,8.0,0,0,0,0
14,8.0,0,0,0,0
1,2.0,0,5,6,1
3993,2.0,637,2900,4528,0
3,8.0,0,0,0,0
0,2.0,0,77,1,1
25,12.0,0,46,38,0
99,12.0,0,0,0,0
39,8.0,14,64,52,0
6,8.0,0,48,48,1
6,8.0,0,0,0,0
2,9.0,0,0,0,0
164,9.0,22,0,64,0
129,8.0,0,0,2,0
4,8.0,0,0,0,1
0,8.0,0,0,0,0
13,8.0,0,20,22,1
11,8.0,0,0,0,0
79,8.0,2,24,40,0
43,8.0,0,0,13,0
2,2.0,0,1,8,1
0,8.0,0,212,5,1
0,9.0,0,241,0,1
0,8.0,0,16,8,1
18,8.0,0,0,8,0
27,2.0,0,0,0,0
1,0.0,0,8,5,1
199,12.0,0,0,0,0
3120,52.0,1,0,12,0
0,2.0,0,10,5,1
1,12.0,0,16,16,1
1811,8.0,2,0,62,0
2,2.0,0,1,1,1
0,12.0,0,10,8,1
7,8.0,0,16,15,1
8,12.0,0,31,23,1
19,14.0,0,2,15,0
2,8.0,0,3,3,1
0,9.0,0,5,0,0
21,0.0,0,434,81,1
0,2.0,0,22,0,1
400,9.0,0,0,0,0
-35,12.0,26,288,224,1
9,9.0,0,0,0,0
582,8.0,7,0,118,0
2,8.0,0,1,14,1
26,2.0,0,0,0,0
6,2.0,0,39,39,1
1015,8.0,0,700,2,0
4,8.0,0,0,1,0
0,2.0,0,6,0,1
6,2.0,0,312,3,1
1,4.0,0,8,7,1
2,12.0,0,185,5,1
17,12.0,0,29,24,1
3,2.0,0,0,1,1
721,12.0,60,29,332,0
524,12.0,185,1408,1430,0
40,8.0,0,0,9,0
534,8.0,0,0,2,0
212,12.0,15,0,84,0
1,8.0,0,17,11,1
20,2.0,0,0,2,1
628,12.0,4,0,91,0
1106,2.0,0,0,0,0
1,12.0,0,20,10,1
18,2.0,0,0,0,0
0,3.0,0,12,5,1
120,15.0,0,0,22,0
8,8.0,0,0,4,1
8,4.0,2,6,3,0
8,12.0,4,9,12,0
95,2.0,80,0,17,0
12,2.0,1,6,6,0
7,2.0,0,5,6,1
5,9.0,0,0,1,0
5,16.0,0,26,26,1
5,4.0,0,0,0,0
14,12.0,0,0,4,0
0,2.0,0,118,0,1
6,8.0,0,8,12,1
55,2.0,0,0,2,0
12,8.0,0,12,8,0
51,11.0,3,53,51,0
17,4.0,0,0,7,0
0,8.0,0,1,1,1
1,8.0,0,4,4,1
212,2.0,67,96,87,0
0,8.0,4,13,16,1
1,2.0,0,0,1,1
3,5.0,3,4,5,0
-2,8.0,0,12,0,1
18,8.0,0,112,0,1
6,2.0,0,0,2,1
1,12.0,0,4,4,1
0,8.0,0,0,3,0
-1,8.0,3,5,7,1
305,2.0,4,112,134,0
61,4.0,0,0,12,0
1,9.0,0,1,0,1
3,8.0,0,1,5,1
0,8.0,0,3200,0,1
4,8.0,0,0,0,0
59,8.0,1,5,41,0
0,12.0,0,3,2,1
3,8.0,0,0,0,0
5,8.0,0,37,13,1
0,2.0,0,5,0,1
3,8.0,0,0,0,0
65,4.0,0,0,0,0
11,2.0,0,0,0,0
28,8.0,0,0,2,0
1,8.0,2,24,14,1
57,4.0,0,0,12,0
37,8.0,0,0,21,0
81,8.0,31,60,143,1
-7,17.0,0,27,13,1
21,8.0,0,96,69,1
17,8.0,0,0,0,0
49,8.0,0,0,1,0
155,8.0,3,0,46,0
0,8.0,0,3,4,1
1,8.0,0,28,16,1
4,8.0,0,0,0,0
10,8.0,0,22,30,1
25,2.0,0,0,0,0
0,8.0,0,20,9,1
4,2.0,0,0,18,1
502,8.0,116,307,521,0
3081,9.0,116,2760,2055,0
5,2.0,0,10,4,0
59,2.0,0,11,57,1
8,8.0,0,0,2,0
154,8.0,488,1200,1330,0
1,12.0,0,5,5,1
59,8.0,14,34,36,0
0,8.0,0,3,2,1
1,12.0,0,10,6,1
4,8.0,0,0,0,0
0,8.0,0,5,0,1
8,2.0,1,13,12,1
0,12.0,0,6,0,0
4,8.0,0,0,2,0
100,4.0,0,566,316,1
21,2.0,0,0,13,1
311,2.0,39,191,267,0
18,8.0,0,10,14,0
4,8.0,0,2,4,1
0,2.0,0,50,19,1
2,8.0,0,0,1,1
7,4.0,0,0,1,0
8,4.0,0,0,0,0
53,4.0,0,0,44,0
1,8.0,0,12,14,1
6,8.0,0,32,18,1
0,8.0,0,66,0,1
7,8.0,0,0,0,0
1,8.0,0,24,20,1
63,8.0,0,343,300,1
2,2.0,0,0,0,0
79,2.0,0,0,14,1
0,4.0,0,18,12,1
166,8.0,0,210,102,0
215,2.0,0,0,2,0
207,8.0,35,1218,697,1
2,4.0,0,12,11,1
27,2.0,0,60,53,1
9,8.0,0,60,60,1
0,12.0,0,0,0,0
6,2.0,0,110,52,1
0,8.0,0,12,7,1
0,8.0,0,24,14,1
20,4.0,0,0,0,0
6,8.0,0,12,8,1
15,8.0,4,60,27,0
0,8.0,0,2,1,1
4,8.0,0,5,3,1
16,8.0,0,0,9,1
10,8.0,0,112,43,1
5,8.0,1,35,19,1
3,8.0,0,0,0,1
50,2.0,0,0,1,0
0,2.0,0,12,0,1
12,8.0,0,0,0,0
16,2.0,0,0,0,0
959,8.0,12,0,117,0
6,2.0,0,0,6,1
78,8.0,0,0,2,0
10,2.0,0,0,1,0
0,9.0,0,11,3,1
5,52.0,0,0,0,0
32,16.0,0,24,34,0
0,2.0,0,85,0,1
439,2.0,345,856,809,0
420,8.0,0,0,50,0
0,2.0,0,130,0,1
3,2.0,0,28,14,1
321,8.0,0,0,0,0
6,2.0,0,0,0,0
18,8.0,0,0,0,0
0,12.0,0,5,5,1
-21,2.0,0,39,106,1
0,2.0,0,3,0,0
5072,2.0,0,0,24,0
0,2.0,0,10,0,1
5,10.0,0,0,0,0
471,9.0,77,540,691,0
-4,8.0,0,24,6,1
0,2.0,1,6,6,1
0,8.0,0,2,0,0
5,8.0,0,4,4,1
13,4.0,0,0,22,1
4,2.0,0,1,0,0
1,2.0,0,6,3,1
20,8.0,0,0,0,0
0,8.0,0,3,3,1
5,8.0,0,80,49,1
4,8.0,0,0,4,1
3,2.0,0,0,4,1
166,9.0,66,126,144,0
3,8.0,0,6,7,1
555,8.0,400,1032,922,0
466,3.0,123,592,616,0
0,2.0,0,5,0,0
7,12.0,0,11,14,1
21,8.0,54,110,206,1
2,8.0,0,1,0,0
1,2.0,0,2,2,1
-29,8.0,12,843,501,1
27,52.0,0,116,9,0
14,2.0,0,5,0,0
0,2.0,0,130,1,1
544,8.0,13,366,310,0
235,2.0,89,725,642,1
14,8.0,0,0,0,0
20,2.0,0,0,8,0
7,9.0,0,0,0,0
0,12.0,0,6,1,1
107,2.0,84,149,247,0
2,2.0,0,2,3,1
6,8.0,0,8,10,0
0,8.0,0,0,0,0
0,8.0,0,6,1,1
3,12.0,0,0,0,0
0,9.0,0,2,1,1
2038,8.0,101,1050,1010,0
5,9.0,0,0,0,0
42,8.0,1,408,290,1
0,12.0,3,2,0,0
15,8.0,0,0,1,0
0,2.0,0,200,0,1
24,2.0,0,0,0,0
24,2.0,0,0,0,0
743,4.0,564,698,758,0
113,52.0,0,0,0,0
2,12.0,0,0,0,0
1,9.0,0,2,6,1
0,3.0,0,4,0,0
0,2.0,0,11,0,1
143,8.0,46,100,142,0
66,8.0,0,0,3,0
10,2.0,0,2,17,1
4,8.0,0,43,34,1
10,8.0,0,0,0,0
21,8.0,0,0,14,0
8,2.0,0,0,0,0
4569,8.0,10,25000,334,0
7,8.0,0,0,0,0
30,8.0,0,500,157,1
14,8.0,0,20,22,1
1,8.0,0,1,3,1
0,12.0,0,1,0,1
6684,2.0,3800,0,2227,0
3,8.0,0,0,0,0
0,3.0,0,4,2,1
0,15.0,0,0,0,0
1,2.0,0,6,6,1
276,2.0,508,160,584,0
0,2.0,0,4,5,1
3,4.0,0,0,0,0
2000,8.0,0,0,0,0
134,8.0,0,0,82,0
0,2.0,0,5,4,1
3,8.0,0,11,5,1
0,8.0,0,6,3,1
2,2.0,0,10,19,1
0,8.0,0,3,1,1
0,2.0,0,5,0,1
6,2.0,0,6,1,0
0,8.0,0,100,9,1
1,2.0,0,0,1,1
306,8.0,0,0,39,0
129,2.0,0,644,628,1
2,2.0,0,4,11,1
3,2.0,0,0,1,1
472,0.0,0,0,0,0
2,4.0,0,0,0,0
5,9.0,0,0,3,1
13,2.0,0,0,9,1
3,9.0,0,3,9,1
0,9.0,0,2,1,1
63,9.0,18,0,10,0
56,8.0,26,179,150,1
0,2.0,0,9,0,0
2,8.0,0,0,0,0
0,8.0,0,2,3,1
0,9.0,0,241,0,1
5,9.0,0,0,2,0
56,8.0,0,0,0,0
-85,12.0,0,126,110,1
6,12.0,58,42,72,1
11,8.0,0,0,6,0
14,8.0,0,0,1,0
71,8.0,12,124,75,0
128,8.0,0,248,167,1
0,9.0,0,4,2,1
74,8.0,0,0,3,0
185,8.0,0,0,2,0
0,2.0,0,12,0,0
0,8.0,2,1,1,1
927,8.0,36,0,223,0
15,8.0,0,0,0,0
2601,2.0,2,0,129,0
60,4.0,15,6,38,0
2,9.0,0,0,1,0
3,2.0,0,6,5,1
868,8.0,260,1200,1077,0
9,2.0,0,80,53,1
130,2.0,11,502,301,0
5,9.0,0,0,0,0
32,2.0,0,0,9,0
0,2.0,0,5,0,0
4,12.0,0,0,0,0
3,12.0,0,0,0,0
3,8.0,0,0,0,0
7,2.0,0,0,1,0
1,8.0,0,0,0,0
0,8.0,0,32,20,1
0,2.0,0,2,0,1
3,12.0,0,0,1,0
1,2.0,0,2,1,1
29,12.0,0,36,26,0
8,2.0,0,680,0,0
15,8.0,24,234,0,0
0,2.0,0,10,0,1
22,9.0,0,0,0,0
10,8.0,0,2,5,0
26,2.0,0,0,10,0
1649,4.0,0,0,3,0
10,9.0,0,0,0,0
2,8.0,0,5,5,1
380,2.0,73,577,469,0
68,2.0,0,0,2,0
195,2.0,0,400,113,0
-2,12.0,0,32,19,1
0,2.0,0,4,0,0
0,8.0,0,4,5,1
-140,8.0,132,2028,1618,0
55,0.0,0,0,6,0
7,2.0,0,0,1,0
1,12.0,0,12,10,1
95,8.0,0,0,1,0
6,2.0,0,0,0,0
0,8.0,0,1,1,0
4,2.0,3,1,6,0
6,8.0,0,0,0,0
9,12.0,0,0,0,0
2,8.0,0,0,0,0
3,8.0,0,12,10,1
1,8.0,0,2,2,1
4,8.0,0,0,0,0
55,8.0,0,0,22,0
2,8.0,0,11,20,1
7,2.0,0,0,0,0
6,2.0,0,0,0,0
3,8.0,0,32,7,1
2,15.0,0,10,10,1
0,8.0,0,3,1,0
29,8.0,0,0,3,0
2,8.0,0,12,17,1
1184,2.0,0,981,522,0
0,0.0,0,5,3,1
0,2.0,0,6,4,1
582,8.0,0,0,80,0
0,2.0,0,17,0,0
3,2.0,11,24,27,1
-1,8.0,0,5,3,1
3,8.0,0,0,0,0
24,8.0,0,28,41,0
0,8.0,0,2,4,1
21,2.0,0,0,1,0
5,2.0,0,32,21,1
10,2.0,0,152,56,1
14,8.0,0,0,0,0
113,2.0,0,0,4,0
31,4.0,20,0,22,0
2,8.0,0,0,0,0
5,2.0,0,0,0,1
19,9.0,0,0,1,0
2,8.0,0,0,0,0
5,2.0,0,32,72,1
1,12.0,0,24,22,1
50,4.0,0,0,11,0
2,4.0,0,1,3,1
2,9.0,0,0,0,0
5,2.0,0,4,4,1
2,8.0,2,10,16,0
1,10.0,0,0,1,0
1,2.0,0,0,0,0
10,9.0,0,15,22,0
0,8.0,0,1,1,1
36,12.0,4,33,25,0
0,2.0,0,40,9,1
5,8.0,0,0,0,0
0,2.0,0,3,0,1
-1,8.0,1,2,5,1
2,2.0,0,2,2,1
217,8.0,0,0,10,0
0,8.0,0,3,4,1
18,2.0,0,0,2,1
68,8.0,0,167,71,0
4,3.0,0,0,2,1
0,12.0,0,57,0,0
570,4.0,0,0,150,0
1,8.0,0,16,15,1
3,8.0,0,0,0,0
42,8.0,0,0,0,0
1,9.0,0,0,1,1
13,12.0,0,0,0,0
44,2.0,0,0,12,0
83,12.0,0,0,0,0
2,9.0,0,0,0,0
59,8.0,0,0,15,0
1,2.0,4,22,15,1
1,2.0,22,25,27,0
0,2.0,0,30,25,1
359,9.0,362,1236,3290,0
4,8.0,0,0,1,0
200,2.0,0,0,0,0
3,2.0,0,0,2,0
0,4.0,7,0,0,0
0,8.0,0,7,4,0
13,2.0,0,0,0,0
6,8.0,0,0,2,0
5,2.0,0,0,0,0
500,2.0,0,0,0,0
68,12.0,56,356,310,1
329,12.0,5,137,307,0
2,8.0,0,0,0,0
4,12.0,0,0,0,0
1,8.0,0,1,1,0
11,8.0,0,10,22,1
25,2.0,0,0,0,0
3,8.0,0,0,0,1
0,8.0,0,0,0,0
74,8.0,16,24,35,0
9,12.0,0,0,0,0
134,8.0,0,120,55,0
0,8.0,0,5,0,1
0,2.0,0,6,0,1
2,12.0,0,17,1,1
158,2.0,0,0,4,0
201,8.0,0,0,0,0
19,9.0,0,0,0,0
132,12.0,5,200,78,0
228,2.0,0,0,62,0
27,8.0,0,0,9,0
0,2.0,0,102,0,1
3,4.0,0,0,0,0
0,4.0,0,9,0,1
117,8.0,0,0,12,0
780,2.0,169,1275,1412,0
16,8.0,0,0,0,0
823,4.0,438,3222,2818,0
8,4.0,0,0,2,0
5,2.0,0,20,27,1
34,8.0,0,0,0,0
120,12.0,0,0,0,0
2,8.0,0,1,0,0
0,9.0,0,23,19,1
214,8.0,0,60,167,0
0,12.0,0,0,0,0
4,8.0,0,0,0,0
21,2.0,0,0,14,1
0,10.0,0,15,10,1
1,12.0,0,11,9,1
9,8.0,0,0,4,0
43,4.0,0,0,0,0
46,8.0,0,0,8,0
-222,8.0,1292,10380,7759,1
325,8.0,134,140,160,0
2,8.0,0,6,2,1
8,8.0,0,0,0,0
3,2.0,0,6,5,1
0,2.0,0,7,0,1
2,8.0,0,0,1,0
4,8.0,1,37,0,0
25,12.0,0,0,0,0
0,2.0,0,0,0,1
-6,5.0,0,87,26,1
5,8.0,0,0,1,0
0,2.0,0,22,1,1
2,4.0,0,0,1,1
0,2.0,0,39,20,1
0,2.0,0,65,0,1
0,8.0,0,57,34,1
5,8.0,0,0,0,0
9305,8.0,4570,9000,10028,0
7,2.0,0,6,36,1
10,8.0,0,0,0,0
9,12.0,0,7,9,0
23,8.0,0,0,1,0
0,2.0,0,5,0,1
38,2.0,0,0,10,0
37,2.0,0,0,0,0
2,8.0,0,0,0,0
6,2.0,0,5,2,0
2,8.0,0,1,2,1
1432,8.0,0,0,0,0
10,8.0,0,104,48,1
11,8.0,0,0,0,0
10,12.0,0,0,0,0
83,2.0,0,0,14,0
0,2.0,0,360,1,1
14,8.0,0,8,10,0
10,12.0,8,36,39,1
0,2.0,0,72,0,1
28,8.0,0,0,0,0
5,12.0,0,0,1,0
95,8.0,0,0,36,0
5250,8.0,1800,5790,5598,0
-25,8.0,157,655,1358,1
11,12.0,1,25,13,0
-25,8.0,7,67,45,0
-1735,8.0,36,15000,9508,1
409,8.0,2,0,25,0
5,8.0,0,30,33,1
4,12.0,0,1,2,0
17,8.0,0,208,88,1
0,2.0,0,3,0,1
27,10.0,15,54,59,1
20,8.0,14,55,36,0
1,12.0,0,49,55,1
7,8.0,0,263,58,1
56,8.0,6,6,21,0
1000,8.0,284,1461,1535,0
2,8.0,0,0,0,0
22,8.0,0,41,29,0
2,8.0,2,9,11,1
59,8.0,0,0,13,0
8,4.0,0,0,2,1
10,8.0,0,5,7,0
0,8.0,0,3,15,1
9,12.0,0,0,0,0
21,8.0,0,0,0,0
7,8.0,0,0,0,0
50,4.0,0,30,21,0
58,8.0,0,0,9,0
4,4.0,0,0,0,0
0,2.0,0,4,0,1
5,2.0,0,39,39,1
4,15.0,0,15,18,1
15,12.0,18,0,1,0
1,8.0,0,48,10,1
0,2.0,0,142,0,1
12,2.0,0,0,1,0
-34,8.0,0,120,122,1
0,8.0,0,21216,0,1
8,4.0,0,0,3,0
9,0.0,1,50,46,1
125,12.0,8,60,78,0
172,2.0,62,240,220,1
1,8.0,0,200,57,1
0,2.0,0,3,0,1
0,8.0,0,1,0,1
5,2.0,0,0,0,0
1,9.0,0,19,11,1
0,8.0,0,24,17,1
-11,8.0,0,924,680,1
0,2.0,0,4,0,1
93,8.0,0,0,4,1
6,8.0,0,48,25,1
0,8.0,0,36,32,1
0,9.0,0,31,51,1
1,8.0,1,11,10,1
0,8.0,0,11,10,1
1,12.0,0,0,0,0
0,8.0,10,10,0,0
134,12.0,6,0,64,0
89,2.0,0,100,64,1
-1,8.0,0,9,11,1
3,2.0,0,1,1,1
17,8.0,0,0,8,0
31,8.0,0,0,10,0
1,2.0,0,16,29,1
0,8.0,0,2,1,1
5,8.0,0,0,0,1
3,12.0,0,4,5,1
3,2.0,0,50,41,1
119,2.0,0,0,0,0
116,8.0,10,42,92,0
0,2.0,0,15,0,1
4,2.0,0,6,0,0
60,8.0,43,25,56,0
1,8.0,0,5,6,1
-17,8.0,0,257,123,1
0,2.0,0,27,0,1
2,4.0,0,0,0,0
139,10.0,1,0,21,0
5,9.0,0,0,2,0
64,8.0,0,0,0,0
16,8.0,0,20,27,1
83,8.0,22,0,33,0
140,17.0,0,0,15,0
0,2.0,0,3,0,1
11,8.0,0,0,2,0
2,9.0,0,0,0,0
0,8.0,0,3,3,1
55,11.0,0,0,0,0
-89,8.0,58,455,533,1
3,12.0,0,11,7,1
28,8.0,0,0,1,0
4,8.0,0,0,0,0
19,2.0,1,17,0,1
16,9.0,8,17,20,1
43,8.0,0,72,55,0
1,9.0,1,0,3,1
5,12.0,0,0,0,0
-1,9.0,0,17,25,1
5,8.0,0,0,0,0
15,3.0,57,121,206,1
3,2.0,0,2,2,0
3,2.0,0,0,1,1
3,8.0,0,0,0,0
12,2.0,0,0,2,0
18,8.0,0,259,165,1
17,8.0,0,63,52,1
-6,9.0,0,18,11,1
-101,2.0,0,262,104,1
2,9.0,0,0,0,0
0,2.0,0,5,0,1
0,12.0,0,4,0,0
6,3.0,2,2,0,0
1,12.0,0,0,0,0
0,3.0,0,5,0,1
1,2.0,0,8,4,1
5,14.0,0,80,34,1
368,2.0,463,690,924,0
-2,2.0,0,20,26,1
3,4.0,0,1,2,1
57,8.0,1,7,27,0
3,8.0,0,0,0,1
2,2.0,0,4,8,1
41,2.0,0,21,17,0
0,2.0,0,40,0,1
8,9.0,0,10,5,0
32,2.0,0,25,24,1
7,9.0,0,6,3,0
0,8.0,0,12,11,1
1,8.0,0,2,1,1
76,12.0,15,384,321,1
1,2.0,0,12,9,1
0,2.0,0,2287,1,1
0,2.0,0,66,0,0
192,8.0,4,0,53,0
3,3.0,0,0,0,0
0,2.0,0,3,0,1
2,2.0,0,40,157,1
5,8.0,0,0,0,0
9,8.0,0,0,0,0
0,12.0,0,0,2,1
307,8.0,93,440,273,0
62,8.0,1,60,66,0
0,8.0,0,12,9,1
422,12.0,1,0,53,0
0,8.0,0,0,0,0
0,8.0,0,4,14,1
3,8.0,0,40,1,0
56,2.0,0,32,68,0
1,12.0,0,20,23,1
0,2.0,0,72,0,1
16,12.0,706,1660,1604,1
4,8.0,0,0,0,0
11,8.0,0,245,189,1
92,4.0,6,60,60,0
66,8.0,0,50,43,0
0,8.0,0,8,7,1
2,8.0,0,4,1,0
994,8.0,202,905,1149,0
523,8.0,0,0,0,0
11,8.0,0,0,1,0
4,12.0,0,1,6,0
0,9.0,0,4,2,1
20,12.0,0,0,0,0
36,9.0,0,0,0,0
12,8.0,0,30,9,0
0,2.0,0,5,1,1
5,4.0,0,48,40,1
15,8.0,0,15,11,1
1,2.0,0,1,2,1
4,2.0,6,15,12,1
-1,8.0,0,25,10,1
8,9.0,7,7,20,1
3,9.0,0,43,18,1
7,2.0,0,45,5,1
146,8.0,2,112,163,0
0,8.0,1,4,8,1
1,12.0,0,6,3,1
188,8.0,246,0,246,0
113,12.0,0,0,0,0
40,2.0,0,560,356,1
7,2.0,0,20,20,1
2,12.0,12,18,9,1
6,12.0,0,0,0,0
0,8.0,0,10,5,1
4,8.0,7,0,6,0
18,9.0,0,0,0,0
4140,12.0,3385,9996,45078,0
2,8.0,0,17,16,1
1333,8.0,0,0,7,0
30,8.0,20,6,39,0
0,2.0,0,16,0,1
3,8.0,0,31,44,1
9,2.0,0,52,65,1
4,2.0,0,0,18,1
0,2.0,0,7,2,1
1,4.0,4,4,3,1
0,2.0,0,13,0,1
0,2.0,0,2,4,1
4,2.0,0,0,0,0
648,8.0,9,0,259,0
0,4.0,0,2992,0,1
0,12.0,0,0,0,0
2,10.0,0,0,0,0
1,8.0,0,0,0,0
61,2.0,0,379,297,1
155,2.0,0,0,7,0
111,8.0,1,125,101,0
4,8.0,4,14,17,1
3,8.0,0,7,10,1
-3,9.0,0,20,8,1
-26,8.0,17,418,323,1
-3,8.0,0,70,45,1
5,8.0,0,0,0,0
0,8.0,0,0,0,0
1,8.0,0,19,6,1
1,8.0,0,4,7,1
0,2.0,0,3,0,1
0,8.0,0,28,17,1
1,12.0,0,7,0,1
21,2.0,67,96,120,0
0,8.0,0,8,8,1
13,8.0,0,0,0,0
1,8.0,0,11,12,1
0,2.0,4,0,7,1
9,8.0,0,0,0,0
15,12.0,0,0,0,0
94,8.0,0,0,0,0
0,8.0,0,18,0,1
20,9.0,0,16,19,1
108,8.0,4,0,45,0
26,8.0,0,0,6,0
4,9.0,0,0,5,1
294,2.0,0,0,20,0
9,8.0,0,0,0,0
0,2.0,0,0,0,1
0,8.0,0,11,4,1
1,8.0,0,10,7,1
15,4.0,7,7,9,1
6,2.0,0,4,3,1
12,16.0,0,0,0,0
8,2.0,0,5,3,0
12,9.0,0,0,0,0
110,8.0,2,0,29,0
24,8.0,0,0,1,0
0,12.0,0,9,8,1
10,0.0,2,220,20,0
2,2.0,0,6,1,1
68,2.0,0,0,7,1
105,8.0,41,48,69,0
119,8.0,0,40,96,0
151,8.0,0,1120,1072,1
-3,16.0,0,13,11,1
12,12.0,0,0,2,0
2,8.0,0,15,7,1
167,8.0,0,2500,95,0
47,8.0,0,4800,843,1
8,4.0,0,0,3,1
141,2.0,0,0,11,0
3,2.0,0,0,5,0
775,8.0,0,0,25,0
4,8.0,0,0,0,1
-1,9.0,0,13,24,1
12,8.0,1,48,43,1
16,8.0,0,0,0,0
83,8.0,3,299,180,1
5,8.0,0,10,23,1
31,2.0,0,0,1,1
1250,8.0,5,0,41,0
1,15.0,0,3,3,1
204,2.0,31,177,217,0
540,2.0,0,0,31,0
3,10.0,0,0,0,0
3,8.0,1,7,7,1
-51,8.0,1,509,344,1
3,2.0,0,72,13,1
8,4.0,1,12,30,0
0,2.0,0,2,0,1
4,8.0,0,0,0,0
5,8.0,0,16,15,1
351,2.0,0,0,35,0
32,2.0,0,432,287,1
0,2.0,0,9,0,1
0,12.0,0,6,8,1
30,8.0,0,0,1,0
78,8.0,6,24,55,0
5,2.0,13,1,20,0
205,8.0,0,0,15,0
0,8.0,0,1,0,1
4,2.0,0,1,18,1
0,2.0,0,4,0,1
0,9.0,0,4,11,1
71,2.0,0,92,90,0
51,2.0,0,0,6,0
0,2.0,0,2,5,1
125,2.0,1,76,67,0
3,8.0,0,4480,2865,1
20,2.0,20,20,1,0
0,2.0,0,6,4,1
0,8.0,0,1,0,1
1,0.0,0,1,1,1
14,9.0,0,0,0,0
2,8.0,0,0,0,0
0,8.0,0,10,3,1
2,2.0,0,7,2,1
20,8.0,7,51,23,0
0,2.0,0,21,0,1
232,3.0,100,612,951,0
0,2.0,0,137,0,1
116,9.0,0,0,11,0
51,8.0,0,0,2,0
0,8.0,0,19,11,1
0,2.0,0,5,0,1
0,2.0,0,8,0,1
5,8.0,0,0,2,1
100,4.0,0,0,0,0
0,8.0,0,0,0,0
23,2.0,0,0,5,0
6,2.0,0,3,0,0
12,2.0,0,5,20,1
1,14.0,0,8,1,0
13,12.0,0,0,0,0
11,2.0,0,18,22,1
-1,8.0,0,412,158,1
12,2.0,0,11,6,0
0,12.0,0,0,0,1
45,2.0,0,0,10,0
126,8.0,0,64,70,0
0,8.0,0,8,5,0
0,4.0,0,9,0,0
27,2.0,0,0,0,0
-1,9.0,0,9,6,1
11,2.0,0,0,1,0
12,2.0,0,0,2,0
17,8.0,0,0,7,1
169,8.0,0,0,0,0
31,8.0,6,51,78,0
22,2.0,0,11,5,1
0,8.0,0,11,6,1
10,9.0,0,0,2,0
4,8.0,0,0,2,0
80,8.0,0,0,42,0
96,8.0,0,0,5,0
33,2.0,0,0,19,0
24,9.0,0,0,5,0
39,9.0,0,0,0,0
12,2.0,0,0,0,0
0,2.0,0,34,0,1
429,8.0,107,816,608,0
3,12.0,0,0,0,0
1,8.0,0,15,6,1
4,8.0,0,0,0,0
0,2.0,0,0,0,1
29,8.0,0,0,1,0
5,2.0,0,5,3,1
0,2.0,0,3,2,1
0,4.0,0,10,0,1
6,8.0,0,4,2,0
17,8.0,0,0,5,0
5,8.0,0,3,7,1
41,12.0,23,145,108,0
68,8.0,48,50,72,0
3,8.0,0,1,5,1
7,4.0,0,1,1,0
15,8.0,3,52,39,1
42,2.0,0,0,12,0
2,8.0,0,38,17,1
0,9.0,0,14,7,1
9,8.0,0,0,0,0
6,12.0,0,0,1,0
623,8.0,0,0,1,0
3,8.0,0,0,0,0
5,8.0,9,62,54,1
9,4.0,0,0,0,0
228,8.0,0,150,3,1
-69,12.0,0,2220,1580,1
3,12.0,0,0,0,0
4,8.0,0,0,2,1
31,2.0,0,0,0,0
0,2.0,0,16,7,1
2,12.0,0,0,0,1
373,8.0,0,0,0,0
1,8.0,0,3,6,1
3,2.0,0,0,2,1
33,8.0,0,0,9,1
12,8.0,0,23,39,1
3,12.0,0,0,1,0
5,2.0,0,24,24,1
1920,4.0,0,880,1177,0
0,12.0,0,5,0,1
1560,2.0,266,2928,2577,0
0,2.0,0,5,0,1
34,9.0,0,0,7,1
50,52.0,0,0,12,0
81,4.0,0,0,3,0
3,2.0,0,0,0,1
0,2.0,0,1,0,1
57,8.0,0,576,184,1
4,9.0,0,0,0,0
13,8.0,4,8,22,1
9,8.0,0,10,5,0
0,2.0,0,35,0,0
11,2.0,2,0,30,1
9,8.0,0,0,0,0
5,2.0,0,8,1,0
3,9.0,0,0,0,0
413,2.0,57,576,457,0
0,8.0,0,0,0,0
0,8.0,0,2,1,0
89,8.0,0,0,0,0
6,8.0,0,0,1,0
7,2.0,0,0,2,0
0,2.0,12,0,0,0
1,8.0,2,26,14,1
12,2.0,0,0,0,0
5,2.0,0,0,7,1
5,8.0,0,0,0,0
4,8.0,0,0,0,0
0,8.0,0,35,22,1
1,8.0,1,19,17,1
11,9.0,0,0,1,0
2,8.0,0,14,12,1
13,8.0,0,0,0,0
9,2.0,0,24,22,1
17,2.0,0,32,36,1
103,9.0,0,0,0,0
13,8.0,0,0,8,1
10,4.0,0,0,0,0
7,2.0,0,28,10,1
7,8.0,0,0,0,0
3,4.0,0,0,0,0
4,2.0,0,0,1,0
57,9.0,12,34,42,0
0,8.0,0,5,0,1
0,2.0,10,16,25,1
443,8.0,86,720,403,0
2,2.0,0,3,1,1
2,8.0,0,0,0,0
69,8.0,0,29,25,1
5,12.0,0,8,13,0
0,8.0,0,0,7,0
0,8.0,0,8,6,1
5,12.0,0,0,0,0
7,8.0,3,3,3,0
120,8.0,0,0,0,0
22,8.0,0,96,63,1
0,2.0,0,77,0,1
0,2.0,0,36,0,1
1,2.0,0,5,30,1
13,12.0,0,0,0,0
0,4.0,0,13,0,1
15,3.0,0,765,579,1
40,8.0,0,0,7,0
7,8.0,0,10,8,1
8,4.0,0,0,0,0
4,9.0,0,0,0,0
4,2.0,0,135,205,1
1331,8.0,30,350,501,0
37,2.0,0,60,45,1
-28,2.0,0,40,75,1
8,9.0,0,0,0,0
-2,12.0,0,20,4,1
0,8.0,0,3,2,1
2,3.0,0,0,1,1
0,2.0,1,6,6,1
39,12.0,16,208,165,1
9,8.0,0,7,13,1
337,8.0,0,0,5,0
12,8.0,0,12,12,1
5,12.0,0,0,0,0
47,2.0,0,0,0,0
6,9.0,0,0,0,0
7,9.0,0,2,3,0
11,4.0,0,9,0,0
4845,52.0,0,0,16,0
55,2.0,0,0,0,0
217,8.0,0,0,26,0
3,8.0,0,0,0,0
54,8.0,0,0,1,0
8,8.0,17,1,12,0
3,8.0,0,0,0,0
4,8.0,0,5,5,0
9,2.0,0,0,0,0
4560,4.0,103,4168,4759,0
0,8.0,0,4770,0,1
0,2.0,0,4,0,1
10,2.0,0,0,5,0
11,8.0,0,0,3,0
11,2.0,0,24,28,1
0,4.0,0,5,0,0
0,8.0,0,4,5,1
376,8.0,92,119,206,0
4,2.0,0,3,4,1
795,8.0,0,0,0,0
2,9.0,2,1,3,0
41,8.0,0,0,3,0
19,2.0,0,0,11,1
201,12.0,3,0,28,0
0,0.0,0,4,4,1
10,2.0,1,3,30,1
17,2.0,0,5,24,1
2,2.0,0,60,22,1
375,8.0,260,376,424,0
0,12.0,0,500,31,1
4,9.0,0,0,0,0
12,2.0,0,37,22,1
20,2.0,0,0,0,0
12,14.0,0,0,0,0
4,12.0,0,0,0,0
1,12.0,0,0,0,0
6,12.0,0,0,0,0
2,12.0,0,0,0,0
4,8.0,0,4,4,1
0,12.0,0,24,0,0
20,3.0,0,0,1,1
11,2.0,0,0,0,0
168,12.0,40,191,188,0
0,2.0,0,30,33,0
0,8.0,0,17,8,1
-7,8.0,2,259,147,1
13,12.0,0,0,0,0
-13,8.0,53,599,719,1
14,2.0,6,0,18,1
-132,2.0,0,142,659,1
3,12.0,3,49,20,1
34,8.0,0,0,2,0
64,8.0,0,0,1,0
299,8.0,618,578,1156,0
15,12.0,0,0,0,1
0,8.0,0,15,2,1
1347,8.0,0,0,13,0
11,2.0,12,26,12,1
8,8.0,0,0,5,1
0,2.0,0,0,3,1
8,2.0,0,16,19,1
0,8.0,0,29,18,1
4,8.0,0,0,1,0
70,8.0,0,0,0,0
-1,2.0,0,20,21,1
94,12.0,0,0,0,0
6,8.0,0,1,6,1
22,9.0,0,0,0,0
405,8.0,4,0,183,0
92,8.0,0,0,3,0
3,2.0,0,14,11,1
0,12.0,0,2,3,1
140,10.0,0,0,0,0
3,2.0,0,10,4,1
75,12.0,4,116,173,1
1,8.0,0,0,0,0
20,2.0,0,168,53,1
1,8.0,0,2,0,1
1854,8.0,0,0,2,0
1,2.0,0,0,0,1
0,12.0,0,4,3,1
1,2.0,0,10,2,1
5,4.0,0,0,0,0
209,8.0,105,545,839,0
117,8.0,85,265,272,0
47,8.0,0,0,4,0
6,2.0,11,29,27,1
20,8.0,0,40,54,1
8,2.0,0,0,0,0
5,8.0,0,56,33,1
1,8.0,0,2,0,1
0,2.0,0,4,0,1
7,8.0,0,15,17,1
8,12.0,0,30,15,1
5,2.0,0,0,0,1
1,13.0,0,1,4,1
3,2.0,0,0,3,1
0,4.0,0,9,4,1
166,8.0,0,60,84,0
12,2.0,5,28,15,1
69,8.0,0,0,29,0
0,8.0,0,0,0,0
11,8.0,0,8,5,0
41,9.0,0,0,0,0
840,4.0,0,0,5,0
11,2.0,0,0,0,0
36,8.0,0,112,0,1
3,8.0,0,0,0,0
28,2.0,0,48,45,0
27,52.0,0,0,0,0
3,2.0,0,2,4,1
10,2.0,0,9,0,1
2,8.0,0,8,8,1
8,2.0,0,20,30,0
2,4.0,0,0,0,0
34,8.0,0,254,103,1
10,8.0,0,0,2,0
65,2.0,42,70,78,1
77,8.0,0,0,0,0
36,2.0,0,0,28,1
4,8.0,0,3,9,1
239,9.0,0,0,1,0
0,2.0,0,160,158,1
0,8.0,0,3,1,1
7,2.0,0,0,3,0
6,12.0,0,17,9,1
5,0.0,0,0,1,0
0,8.0,0,15,10,1
7,9.0,0,87,54,1
45,8.0,0,0,0,0
81,0.0,0,187,186,1
0,2.0,0,6,0,1
2,9.0,0,1,1,0
28,2.0,5,0,6,0
-2,12.0,0,30,15,1
17,8.0,0,0,0,0
256,2.0,0,0,73,0
337,8.0,12,1000,256,0
33,2.0,0,0,1,0
10,0.0,0,0,0,0
193,8.0,43,266,201,0
59,8.0,6,48,43,0
0,8.0,0,5,0,1
0,12.0,0,60,15,1
1,8.0,1,6,4,1
2,4.0,0,4,7,1
0,8.0,0,66,0,1
-102,0.0,0,112,147,1
0,4.0,0,16,0,0
0,8.0,0,25,10,1
132,8.0,148,2200,1633,1
0,4.0,5,4,0,0
11,8.0,0,36,23,1
13,12.0,0,21,38,1
187,8.0,0,0,0,0
184,8.0,6,0,34,0
0,2.0,0,48,65,1
0,2.0,0,250,0,1
552,8.0,278,1472,893,0
462,8.0,155,600,705,0
3,0.0,0,26,16,1
3,12.0,0,0,0,0
358,0.0,0,0,81,0
137,8.0,27,179,167,0
1,8.0,0,0,0,0
0,2.0,0,500,0,1
0,12.0,0,500,0,0
29,12.0,0,0,1,0
2,8.0,0,2,3,1
17,2.0,0,24,12,0
5,9.0,0,0,0,0
2,8.0,0,0,9,1
2,12.0,0,0,0,0
67,8.0,0,0,15,0
5,9.0,0,0,0,0
7,12.0,0,0,4,1
1,8.0,0,8,15,1
0,8.0,0,50,2,0
2,2.0,0,3,3,1
1,12.0,0,1,1,0
4,8.0,0,200,63,1
7,2.0,0,0,0,1
1,8.0,0,1,2,1
43,8.0,0,0,18,0
78,8.0,0,60,0,0
801,15.0,0,0,117,0
20,12.0,0,0,0,0
96,8.0,0,0,0,0
127,2.0,0,0,1,0
7,2.0,0,0,0,0
43,8.0,0,322,154,1
0,2.0,0,2,0,0
14,8.0,0,40,14,1
10,2.0,0,0,2,0
11,2.0,0,11,30,0
16,2.0,0,20,19,0
60,2.0,0,0,4,0
25,8.0,0,0,0,0
4,12.0,0,0,0,0
131,8.0,35,142,113,0
8,8.0,0,85,42,1
1,8.0,0,2,0,1
1,8.0,0,0,0,0
5,12.0,0,96,40,1
2,2.0,4,0,5,0
4,8.0,0,31,16,1
-6,12.0,2,34,24,1
2,8.0,0,3,4,1
616,8.0,292,93,180,0
2,4.0,0,16,5,1
2,8.0,0,23,12,1
2,8.0,0,0,0,0
18,8.0,0,186,193,1
93,2.0,0,0,0,0
-44,9.0,20,180,98,1
155,8.0,30,101,124,0
11,2.0,0,0,1,0
12,11.0,0,12,31,0
21,12.0,0,0,0,0
4,8.0,0,44,31,1
4,4.0,0,0,5,1
0,8.0,0,9,17,1
0,0.0,0,14,15,1
0,2.0,0,137,0,1
0,5.0,0,14,0,1
1,8.0,0,0,1,0
42,12.0,0,192,113,1
2,8.0,0,0,2,0
9,2.0,0,80,0,0
126,13.0,15,216,188,0
74,8.0,35,130,142,0
4,8.0,5,5,5,1
0,4.0,0,259,2,1
3,2.0,1,12,32,1
37,4.0,0,0,7,0
0,8.0,0,11,32,1
145,8.0,0,250,113,0
43,8.0,0,0,3,0
38,12.0,0,0,11,0
11,2.0,0,0,0,1
4,8.0,0,19,7,1
-22,8.0,9,768,456,1
154,2.0,65,100,182,0
4,8.0,0,0,1,1
3,12.0,0,4,5,1
0,2.0,0,1,0,0
3,8.0,0,63,7,0
8,8.0,0,8,14,1
0,8.0,0,25,12,1
1,9.0,0,2,3,1
0,2.0,0,7,0,1
2,12.0,0,0,0,0
0,8.0,0,4,6,1
8,2.0,0,0,0,0
14,9.0,0,0,11,0
64,8.0,2,28,26,0
5,4.0,0,0,0,0
0,2.0,0,12,0,1
-1037,8.0,55,15560,10802,1
0,8.0,0,0,0,0
79,2.0,0,225,155,1
3,9.0,0,119,38,1
0,4.0,0,7,5,1
1,8.0,0,7,6,1
9,8.0,1,22,21,0
-101,2.0,0,262,104,1
1,12.0,0,0,0,0
3,8.0,0,0,5,1
-2,8.0,0,453,254,1
6,8.0,0,0,4,0
7,2.0,6,37,19,1
0,9.0,0,2,1,1
15,2.0,0,0,17,0
17,2.0,0,18,24,0
136,8.0,0,0,1,0
63,2.0,30,102,104,0
2,8.0,0,0,1,0
22,8.0,0,0,2,0
0,12.0,0,4,0,0
20,8.0,0,0,6,0
0,8.0,0,15,13,1
4,8.0,0,50,478,1
0,12.0,0,5,0,0
0,8.0,0,60,33,1
68,52.0,0,0,0,0
-12,12.0,4,480,642,1
10,12.0,0,0,0,0
10,8.0,3,9,10,0
0,8.0,0,8,5,1
5,8.0,0,0,3,0
0,2.0,0,20,0,1
0,10.0,0,2,3,1
-40,12.0,1,444,189,1
1,8.0,0,0,0,0
0,2.0,0,8,1,0
4,2.0,0,1,3,1
74,8.0,1,788,363,1
0,8.0,3,9,15,1
9,4.0,0,0,0,0
2,12.0,0,0,0,0
0,8.0,0,5,5,1
77,8.0,4,370,197,1
4,8.0,0,0,0,0
4,9.0,0,0,0,0
36,2.0,0,0,2,0
0,2.0,0,10,0,0
13,2.0,0,108,76,1
4,8.0,0,40,25,1
0,8.0,0,3,1,1
99,2.0,11,168,119,0
90,8.0,92,120,195,0
32,2.0,3,301,212,1
180,8.0,38,978,770,1
0,8.0,0,840,0,1
4,2.0,0,0,0,0
8,8.0,0,288,132,1
25,8.0,0,0,0,0
1389,12.0,0,0,0,0
-141,8.0,0,1425,975,1
1,2.0,0,2,5,1
0,8.0,0,0,0,1
1,2.0,0,3,4,1
1,2.0,0,10,2,1
200,8.0,33,640,965,0
5,2.0,0,8,11,1
0,8.0,0,222,0,1
6,8.0,0,137,115,1
58,8.0,3,26,27,0
0,8.0,0,0,0,0
0,2.0,0,0,5,1
14,2.0,12,44,34,0
0,2.0,0,0,0,1
0,12.0,0,11,3,1
4484,8.0,0,10165,1035,0
0,4.0,5,2,0,0
32,8.0,0,0,6,0
-6,12.0,0,32,2,1
5,8.0,0,0,0,0
31,12.0,0,0,0,0
106,8.0,58,198,233,0
81,2.0,0,0,12,0
7,12.0,0,24,27,1
12,4.0,0,0,4,1
15,2.0,0,10,40,1
117,8.0,24,84,134,0
6,12.0,0,11,10,1
0,8.0,0,5,4,1
12,2.0,0,0,10,1
14,12.0,0,0,0,0
3,8.0,0,0,0,0
4,2.0,0,0,5,1
2,9.0,0,0,0,0
1,8.0,0,0,1,0
8,2.0,0,0,0,0
8,8.0,0,11,17,1
1,8.0,0,0,0,0
0,8.0,0,15,7,1
25,8.0,14,21,33,0
82,8.0,0,0,18,0
0,2.0,0,0,3,1
-3,12.0,0,3,4,1
6,8.0,0,0,0,0
-4,4.0,0,37,0,1
0,52.0,0,0,0,1
0,2.0,0,17,14,1
10,2.0,0,0,6,1
2,8.0,0,2,4,1
17,2.0,0,0,3,0
8,8.0,0,3,2,0
12,4.0,0,0,0,0
43,4.0,6,3,16,0
8,2.0,0,0,0,0
20,8.0,0,310,133,1
5,12.0,0,0,0,0
26,2.0,0,0,7,1
979,8.0,0,0,1,0
3,2.0,0,30,6,1
5,8.0,0,0,1,0
10,2.0,0,11,9,1
0,2.0,0,17,0,1
1,12.0,0,0,0,0
1,9.0,0,4,0,0
143,8.0,20,129,98,0
5,2.0,0,0,1,0
14,8.0,0,36,0,0
0,2.0,0,12,0,1
0,8.0,0,42,23,1
98,2.0,0,0,1,0
0,8.0,0,6,5,1
15,8.0,0,140,75,1
3,12.0,0,0,3,0
392,8.0,0,1120,1070,1
250,2.0,0,160,135,1
3,8.0,0,0,0,0
1,5.0,0,0,0,0
7,12.0,0,0,3,0
2,2.0,0,4,8,1
20,8.0,0,0,9,0
3,52.0,0,0,0,0
27,8.0,0,0,6,0
8,9.0,0,0,0,0
10,12.0,0,0,0,0
4,2.0,0,2,6,1
4,2.0,0,0,0,1
0,9.0,0,2,0,1
1,9.0,0,0,0,0
7,8.0,0,0,2,0
0,2.0,0,9,0,1
12,2.0,1,15,19,0
2,12.0,0,0,0,1
0,8.0,0,5,4,1
2,8.0,0,0,0,0
11,2.0,0,0,0,0
3,8.0,0,0,0,0
0,12.0,0,23,10,1
0,8.0,225,0,0,1
20,2.0,0,0,0,0
118,2.0,0,0,0,0
1,8.0,0,8,7,0
51,8.0,0,0,0,0
129,8.0,20,60,80,0
208,8.0,20,142,214,0
15,8.0,0,15,10,1
146,8.0,3,0,55,0
2811,9.0,365,0,572,0
6,12.0,0,0,0,0
2,2.0,0,0,0,1
0,12.0,0,5,0,0
12,12.0,0,0,0,0
1,4.0,0,6,5,1
7,52.0,0,0,0,0
5,9.0,0,0,2,1
0,12.0,0,6,15,1
4,8.0,0,15,13,0
4,8.0,0,0,0,0
4,8.0,0,70,49,1
0,2.0,0,5,0,1
4,8.0,0,54,22,1
10,8.0,0,0,0,0
1,8.0,0,21,7,1
1,2.0,0,40,9,1
0,2.0,0,23,0,1
305,8.0,0,0,14,0
0,8.0,0,6,0,1
11,2.0,0,0,1,0
349,8.0,0,0,39,0
2,2.0,0,2,2,1
14,8.0,0,0,4,1
0,8.0,0,0,0,1
1,4.0,0,0,0,0
2,9.0,0,0,0,0
128,12.0,3,160,180,0
7,4.0,0,0,0,0
7,2.0,0,1,7,1
0,8.0,0,0,0,0
0,2.0,0,289,1,1
45,2.0,0,0,1,0
808,2.0,49,0,325,0
6,8.0,0,13,13,1
4,8.0,0,23,23,1
5,8.0,0,0,1,0
0,8.0,0,6,0,1
-1,2.0,0,8,7,1
3,12.0,0,0,0,0
250,12.0,0,244,0,0
1,12.0,0,5,15,0
4900,52.0,0,0,0,0
5,8.0,0,72,54,1
0,2.0,0,2287,1,1
139,2.0,0,0,0,0
79,8.0,57,100,135,0
0,9.0,0,47,28,1
3,2.0,0,0,0,0
3,8.0,0,66,40,1
22,2.0,0,0,121,1
4,8.0,0,33,33,1
7,9.0,0,0,0,0
2,9.0,0,0,0,0
1,2.0,0,3,6,1
20,8.0,0,0,0,0
11,4.0,0,0,0,0
326,2.0,283,638,688,0
7,4.0,0,0,0,1
4,52.0,0,8,0,0
26,2.0,12,50,43,0
46,4.0,0,0,14,0
3,4.0,0,0,1,0
10,2.0,0,0,0,0
0,2.0,0,2,0,1
13,12.0,0,15,21,0
0,2.0,0,0,0,1
4,8.0,0,4,3,1
174,4.0,177,120,133,0
1,8.0,0,17,19,1
0,8.0,0,4,2,1
7937,8.0,20667,3296,11558,0
19,8.0,0,0,7,1
0,9.0,0,119,34,1
1,8.0,0,0,0,0
3,8.0,0,0,0,0
6,8.0,0,0,1,0
0,12.0,0,5,0,0
0,8.0,0,17,3,1
0,2.0,0,3,0,1
24,4.0,0,0,0,0
0,8.0,0,352,0,1
65,8.0,0,78,59,0
31,2.0,0,20,22,0
0,8.0,0,2,1,1
44,2.0,0,0,0,0
19,0.0,0,115,91,1
9,12.0,0,0,0,0
3,8.0,0,10,6,1
0,8.0,3,3,4,0
10,9.0,0,0,2,0
20,4.0,0,0,0,0
0,12.0,0,6,2,1
0,2.0,0,10,0,1
7,4.0,0,0,0,0
17,10.0,0,0,0,0
13,8.0,0,0,0,0
560,8.0,0,0,61,0
4,8.0,0,0,0,0
270,2.0,0,0,0,0
362,8.0,9,0,68,0
2,8.0,0,3,14,1
3,4.0,0,75,64,1
12,2.0,0,0,4,0
55,8.0,0,216,108,1
370,8.0,57,132,890,0
2,2.0,0,9,5,1
2,8.0,0,15,18,1
2,8.0,0,18,22,1
0,8.0,0,27,13,1
1,2.0,0,2,1,1
3,2.0,0,5,0,0
10,8.0,3,20,11,1
29,2.0,0,0,0,1
1,8.0,0,8,8,1
235,12.0,0,100,103,0
9,8.0,0,65,22,1
88,8.0,0,0,12,0
5,8.0,0,0,0,0
3,8.0,0,1,3,1
1,12.0,0,4,3,0
923,2.0,0,0,6,0
10,9.0,0,0,0,0
0,8.0,0,20,23,1
71,8.0,0,0,69,1
6,2.0,0,1,2,0
1,8.0,0,8,12,1
3,2.0,0,13,34,1
19,4.0,31,27,31,0
4,8.0,0,4,4,1
201,2.0,0,120,84,0
4,2.0,0,1,0,0
10,2.0,0,0,0,0
771,8.0,0,0,122,0
2,12.0,0,3,4,1
0,8.0,0,5,5,1
8,4.0,0,120,3,1
2,12.0,0,0,0,1
0,4.0,0,7,0,0
1,9.0,0,2,6,1
41,2.0,0,47,54,0
3,8.0,0,0,0,0
2,2.0,0,8,10,1
11,12.0,0,12,16,1
2,12.0,0,0,0,0
0,4.0,0,5,1,0
28,13.0,0,0,0,0
87,2.0,0,172,242,1
1,8.0,0,35,30,1
1910,4.0,260,570,932,0
1,12.0,0,3,1,1
75,8.0,0,550,282,1
7,16.0,0,58,34,1
133,2.0,14,200,254,0
78,12.0,8,796,750,1
0,2.0,0,2,0,1
1,3.0,0,19,24,1
100,8.0,0,0,0,0
2,8.0,0,16,5,1
5,8.0,0,0,0,0
2,8.0,0,0,0,1
0,2.0,0,10,0,0
6,8.0,0,0,4,0
8,8.0,0,0,0,0
278,8.0,0,0,53,0
21,8.0,0,0,7,0
506,8.0,55,64,196,0
42,8.0,0,180,110,1
5,2.0,0,0,2,1
0,8.0,0,204,0,1
13,8.0,0,0,0,0
8,8.0,0,288,131,1
27,2.0,0,0,3,0
0,2.0,0,3,0,1
37,8.0,4,403,277,1
1,2.0,0,0,0,1
2,2.0,0,23,19,1
19,2.0,0,0,2,1
128,8.0,0,0,1,0
10,12.0,0,0,0,0
0,8.0,0,10,6,1
5,8.0,0,0,1,0
254,8.0,0,0,17,0
8,2.0,63,602,608,1
0,8.0,0,8,7,1
1702,8.0,1462,1392,4635,0
1,8.0,0,20,20,1
36,8.0,0,185,162,1
318,9.0,0,0,0,0
50,2.0,0,0,2,0
714,8.0,0,0,36,0
14,8.0,0,112,66,1
1,2.0,0,6,5,1
0,8.0,0,10,0,1
0,2.0,0,6,2,1
2,8.0,0,0,2,1
4,12.0,0,1,3,1
459,8.0,0,0,19,0
2,8.0,0,25,5,1
17,8.0,0,0,0,0
10,8.0,0,0,0,0
2,8.0,0,12,5,1
-490,8.0,0,11210,2038,1
49,8.0,0,0,0,0
-1,8.0,0,9,24,1
52,8.0,0,386,272,1
14,2.0,0,60,32,1
0,2.0,0,9,0,1
71,8.0,4,408,279,1
3,8.0,0,0,0,0
54,8.0,50,40,65,0
100,12.0,0,0,0,0
0,9.0,0,3,2,1
929,8.0,0,0,0,0
0,2.0,0,3,0,0
1,3.0,0,3,3,1
16,8.0,0,0,0,0
9,2.0,0,0,0,0
6,2.0,0,0,0,0
3,2.0,0,20,35,1
27,8.0,0,0,0,0
7,52.0,0,0,0,0
1008,12.0,54,0,618,0
253,12.0,0,0,0,0
-36,8.0,32,524,323,1
9,0.0,0,0,0,0
0,2.0,0,36,36,1
14,8.0,0,0,8,0
39,2.0,0,0,1,0
4,8.0,0,20,21,1
3,8.0,0,15,12,1
2,8.0,0,30,5,1
3,8.0,0,3,3,1
2,8.0,0,2,2,1
15,8.0,1,944,398,1
0,8.0,0,3,3,1
0,2.0,0,12,0,1
3,12.0,0,0,0,0
-18,2.0,0,34,129,1
169,52.0,0,0,12,0
2,2.0,0,8,12,1
53,2.0,4,44,35,0
89,8.0,0,320,199,1
0,2.0,0,5,0,1
0,2.0,0,6,0,0
68,8.0,0,77,54,0
119,52.0,0,0,4,0
13,12.0,0,0,0,0
231,2.0,0,414,380,0
19,8.0,0,0,10,1
3,2.0,3,6,0,0
10,8.0,0,0,0,0
1,2.0,0,6,6,1
270,2.0,20,30,128,0
2,12.0,0,69,44,1
20,8.0,0,90,142,1
6,2.0,0,0,3,1
0,8.0,0,28,39,1
1,2.0,0,4,9,1
339,8.0,0,0,7,0
1,4.0,0,0,0,0
1,12.0,0,3,1,1
5,9.0,0,0,0,0
0,8.0,0,63,0,1
103,8.0,7,49,82,0
-100,8.0,0,540,160,1
0,2.0,0,2,0,1
0,2.0,0,11,0,1
0,8.0,0,28,39,1
4,2.0,0,4,5,0
1,8.0,0,2,5,1
2,12.0,0,0,0,0
88,8.0,52,280,359,0
26,4.0,0,0,6,0
-1,12.0,0,16,6,1
27,12.0,0,0,7,0
-13,8.0,0,1385,907,1
-1,8.0,0,6,3,1
1528,8.0,0,0,11,0
-1,6.0,0,57,44,1
7,3.0,0,0,0,0
3,3.0,0,16,3,1
148,52.0,0,0,1,0
0,12.0,0,10,5,1
-1,8.0,0,13,10,1
46,4.0,0,0,7,0
-9,8.0,2,149,142,1
5,16.0,0,42,20,1
5,8.0,0,10,12,1
103,9.0,0,0,0,0
4,2.0,0,0,1,1
47,8.0,0,42,24,0
27,4.0,0,0,0,0
64,8.0,51,425,330,1
0,12.0,0,783,0,1
30,2.0,0,0,12,0
3,2.0,0,2,3,1
8,52.0,0,0,1,0
419,4.0,163,393,368,0
2,4.0,4,0,2,1
41,8.0,24,8,26,0
0,2.0,3,47,0,1
5,8.0,1,30,28,1
6,8.0,0,143,71,1
17,8.0,3,55,39,1
3,8.0,0,0,7,1
13,9.0,0,0,3,0
0,9.0,0,14,5,1
0,2.0,0,5,0,1
11,9.0,0,240,205,1
3,8.0,0,8,3,0
0,2.0,0,12,0,0
9,2.0,0,14,7,0
6,3.0,0,0,0,0
2,2.0,0,0,1,1
-12,2.0,15,1050,724,1
0,2.0,0,8,4,0
216,8.0,0,272,220,0
0,2.0,6,36,32,1
-1,8.0,0,18,10,1
0,2.0,0,8,0,1
19,12.0,20,40,24,1
2,8.0,0,1,1,0
23,12.0,0,0,3,0
0,8.0,0,100,95,1
0,2.0,6,5,16,1
46,9.0,0,0,0,0
0,2.0,0,5,0,1
108,52.0,0,0,9,0
0,12.0,0,4,4,1
2,8.0,0,0,0,0
1181,3.0,0,0,1,0
27171,8.0,0,0,0,0
2,12.0,0,0,0,0
0,8.0,0,8,3,1
2,8.0,0,0,0,0
11,4.0,0,66,28,1
0,8.0,0,10,0,1
1,8.0,2,7,7,1
11,10.0,0,0,0,0
10,12.0,0,0,0,0
9,8.0,0,24,12,1
5,2.0,0,32,19,1
1,2.0,0,1,6,1
149,8.0,30,120,155,0
5,2.0,0,0,0,0
5,8.0,0,0,0,0
33,8.0,0,0,9,0
3,12.0,0,12,12,1
173,8.0,0,0,0,0
157,2.0,58,173,453,0
0,8.0,0,24,16,1
0,12.0,0,1,0,0
0,8.0,0,2,3,1
3,12.0,0,0,0,0
106,8.0,0,0,0,1
149,8.0,0,0,0,0
37,8.0,1,19,18,0
12,12.0,0,13,26,1
370,8.0,0,0,15,0
31,8.0,2,0,1,0
0,4.0,6,0,8,1
4,8.0,0,0,1,0
14,8.0,0,51,35,1
5,8.0,0,0,0,0
7,2.0,0,12,15,1
20,9.0,51,326,128,0
0,2.0,0,0,0,1
0,2.0,0,26,2,1
0,2.0,96,48,0,1
0,9.0,0,5,0,0
1,4.0,0,2,2,0
6,2.0,0,0,3,0
45,2.0,0,0,0,0
4,2.0,0,0,0,0
0,8.0,3,18,27,1
1,8.0,1,1,2,1
22,12.0,0,0,1,0
7,0.0,0,0,4,0
23,9.0,0,0,1,0
51,3.0,0,0,98,0
102,8.0,7,144,127,0
1,9.0,0,2,1,0
25,8.0,0,0,0,0
-6,8.0,0,168,77,1
1,2.0,0,3,1,1
2,9.0,0,0,0,0
0,2.0,1,3,3,1
9,2.0,0,6,12,0
34,8.0,2,0,12,0
0,2.0,0,4,0,1
241,2.0,0,0,5,0
990,4.0,0,0,40,0
32,2.0,0,410,674,1
4,4.0,0,0,0,0
10,9.0,0,83,58,1
8,4.0,30,42,16,0
87,8.0,0,0,8,0
10,8.0,0,0,1,0
20,5.0,10,10,8,0
0,12.0,0,5,0,1
10,2.0,0,102,53,1
0,2.0,0,10,92,1
1,8.0,0,1,0,0
29,9.0,0,0,3,0
26,10.0,7,63,55,1
3,4.0,0,29,6,1
11,2.0,0,0,5,0
11,2.0,0,0,3,0
0,8.0,0,21,13,1
9,2.0,0,0,14,1
45,2.0,0,0,5,0
5,2.0,0,0,0,0
0,2.0,0,11,0,0
7,12.0,0,0,0,0
5,2.0,0,8,1,0
20,12.0,0,0,0,0
70,4.0,0,0,8,0
1,8.0,0,1,1,0
8,8.0,5,64,57,0
0,16.0,0,8,6,1
11,2.0,0,6,7,0
1,4.0,0,0,2,0
7,8.0,0,10,75,1
12,8.0,0,63,46,0
4,2.0,0,0,3,1
0,8.0,0,32,0,1
4,2.0,8,35,23,1
8,8.0,0,0,1,0
1,13.0,0,1,3,0
0,2.0,0,24,7,1
1,8.0,0,25,6,1
3,8.0,1,24,20,1
7555,2.0,106,0,147,0
0,12.0,0,3,3,1
7,4.0,0,0,0,0
32,8.0,0,0,15,0
0,8.0,0,5,6,1
3,8.0,0,16,5,1
0,0.0,0,25,0,1
3,8.0,0,102,29,1
32,9.0,0,0,4,0
6,2.0,0,10,0,1
0,12.0,0,8,8,1
0,12.0,0,5,3,1
35,2.0,0,0,1,0
5,8.0,0,0,3,0
310,8.0,68,1370,1814,1
0,8.0,0,2,6,1
2,8.0,0,30,15,1
0,2.0,0,5,0,0
22,8.0,0,0,8,0
10,12.0,0,0,0,0
4,8.0,0,0,0,0
1,9.0,0,13,7,1
10,2.0,0,0,3,0
0,8.0,0,6,0,1
1019,2.0,282,1701,1695,0
-1,4.0,0,50,44,1
0,16.0,0,42,23,1
3,2.0,0,1,3,0
126,9.0,0,0,0,0
5,2.0,0,7,10,1
27,8.0,0,0,19,0
1241,8.0,0,0,3,0
0,2.0,0,17,0,1
100,8.0,0,0,0,0
4,8.0,0,9,17,1
7,2.0,0,0,0,1
30,8.0,0,100,31,0
175,8.0,61,242,109,0
103,8.0,0,0,0,0
66,8.0,0,368,215,1
-4,12.0,28,168,123,1
6,2.0,0,4,16,1
492,4.0,0,0,0,0
0,8.0,0,14,14,1
0,2.0,0,5,0,0
0,2.0,0,20,3,1
100,2.0,0,0,0,0
1,3.0,0,0,0,0
4,10.0,0,0,1,0
91,2.0,0,0,0,0
18,8.0,0,0,0,0
5,4.0,0,120,6,1
4,2.0,0,30,14,1
1,9.0,0,0,1,1
1557,52.0,0,0,0,0
0,8.0,0,2,2,1
3,9.0,0,0,2,1
2,4.0,0,4,6,1
0,2.0,0,130,0,1
260,8.0,57,480,412,1
1,8.0,1,104,6,1
33,8.0,20,0,54,0
8,0.0,0,99,57,1
2,9.0,0,0,0,0
0,8.0,0,20,9,0
3,8.0,0,61,0,1
-1,8.0,0,69,57,1
20,2.0,0,0,7,0
2,2.0,0,0,0,1
1,8.0,0,0,1,0
10,2.0,0,0,0,1
0,13.0,0,20,16,1
5,8.0,0,97,66,1
16,8.0,0,448,243,1
6,8.0,0,45,43,1
0,8.0,0,11,32,1
1,8.0,0,0,0,1
170,2.0,13,72,159,0
7,2.0,0,5,1,1
7,8.0,0,0,0,0
0,8.0,0,12,7,1
0,2.0,0,5,0,1
1627,8.0,0,0,62,0
4,2.0,0,6,12,1
12,12.0,0,44,37,1
5,2.0,0,0,0,0
6,0.0,1,50,46,1
5,2.0,0,3,8,1
2,8.0,0,0,0,0
798,8.0,489,2280,2077,0
0,2.0,0,207,1,1
2345,2.0,898,4189,4163,1
61,8.0,29,48,47,0
3,2.0,0,0,0,0
4,9.0,0,0,0,0
19,2.0,0,0,0,0
2,12.0,0,0,0,0
0,2.0,8,36,32,1
30,8.0,0,0,3,0
0,2.0,0,11,0,1
8,2.0,0,2,0,0
1,2.0,0,10,2,1
0,8.0,0,20,19,1
10,9.0,0,0,0,0
10,8.0,0,143,74,1
46,8.0,2,169,74,0
0,2.0,0,18,10,1
1,8.0,0,2,0,0
12,12.0,0,0,0,0
7,8.0,0,17,16,1
69,2.0,86,125,125,0
0,2.0,0,41,1,1
7,8.0,0,52,49,1
1,3.0,0,2,1,1
0,2.0,0,144,0,1
1,8.0,0,18,25,1
1,8.0,0,50,8,1
-1,8.0,0,17,12,1
18,2.0,0,0,1,0
0,2.0,0,12,1,1
16,2.0,0,51,40,1
152,8.0,0,160,153,0
2,8.0,0,0,1,0
4,2.0,0,1,1,1
0,8.0,0,2,2,1
0,8.0,1,2,2,1
5,9.0,0,0,0,0
0,8.0,0,0,0,0
233,8.0,0,0,16,0
6,2.0,0,0,0,1
29,8.0,0,0,1,0
0,8.0,0,25,6,1
0,12.0,0,3,3,1
2,12.0,0,0,0,0
13,8.0,1,186,183,1
64,8.0,20,99,113,0
0,8.0,0,11,4,1
2,8.0,0,2,2,1
14,8.0,0,0,10,0
126,8.0,8,77,72,0
0,2.0,0,5,0,1
175,8.0,0,500,165,0
1,12.0,0,4,6,1
118,16.0,1,59,110,0
83,8.0,0,0,4,0
0,2.0,0,6,0,1
20,12.0,0,0,0,0
8,12.0,0,0,0,0
2,9.0,0,0,0,0
0,4.0,0,7,0,0
1,3.0,0,4,10,1
-1,9.0,0,9,1,1
46,2.0,0,0,1,0
1069,8.0,0,0,8,0
6,8.0,0,0,3,0
7,8.0,0,0,0,0
0,12.0,0,19,13,1
1,8.0,0,2,1,0
10,8.0,0,0,1,0
5,2.0,0,47,36,1
0,8.0,0,6,5,1
0,2.0,0,6,0,0
6,8.0,0,35,27,1
1,9.0,0,5,11,1
41,2.0,0,0,0,0
20,2.0,0,0,0,0
148,8.0,57,114,165,0
11,2.0,0,0,4,0
1,8.0,0,0,0,0
6,2.0,0,28,17,1
0,2.0,0,30,1,1
0,8.0,0,14,0,1
0,8.0,0,19,9,1
11,8.0,0,14,10,0
15,8.0,0,1,12,0
7,8.0,4,40,25,1
0,14.0,0,20,4,1
4,8.0,7,117,48,1
3,8.0,4,0,4,0
3,14.0,0,6,9,1
0,8.0,0,13,10,1
46,8.0,0,0,0,0
397,13.0,32,0,136,0
0,2.0,0,8,0,1
5,12.0,0,0,0,0
2,2.0,0,24,8,1
47,8.0,0,0,0,0
13,8.0,0,0,0,0
180,0.0,0,0,14,0
6,2.0,0,20,0,0
57,8.0,5,792,891,1
16,2.0,0,0,0,1
4,8.0,0,4,9,1
0,8.0,0,5,0,1
0,2.0,0,1927,1,1
13,8.0,0,0,0,0
19,4.0,0,0,0,0
3,8.0,0,0,8,1
16,2.0,0,32,53,1
3065,8.0,17,714,2135,0
1,8.0,0,1,2,0
1,8.0,0,7,8,1
0,3.0,0,30,0,1
4,8.0,0,0,0,0
0,2.0,0,4,0,1
180,8.0,0,0,9,0
2,4.0,0,0,0,1
2294,8.0,0,0,23,0
4,4.0,1,0,0,0
648,9.0,0,0,44,0
0,2.0,0,5,0,1
46,9.0,27,3,14,0
220,2.0,49,143,231,0
33,8.0,0,0,1,0
30,8.0,12,14,28,0
0,8.0,0,12,0,0
22,2.0,0,0,6,0
17,2.0,0,279,176,1
3,2.0,0,24,8,1
-1,8.0,0,8,14,1
2,3.0,0,0,1,1
3,11.0,2,20,29,1
-19,5.0,27,1312,1263,1
8,2.0,0,25,12,1
7,8.0,0,100,0,0
2,9.0,0,0,0,0
8,2.0,0,0,19,1
3,2.0,1,4,6,1
3,8.0,0,0,18,1
7,2.0,0,19,31,1
50,8.0,0,0,2,0
18,2.0,0,0,0,0
1446,12.0,0,725,1143,0
0,52.0,0,25,0,1
7,8.0,0,0,1,0
2,8.0,0,17,16,1
8,8.0,0,30,23,0
0,8.0,0,19,13,1
2,8.0,0,10,9,1
29,2.0,0,168,57,1
0,8.0,0,2,3,1
1,3.0,1,0,0,0
68,2.0,0,0,7,1
36,4.0,0,0,0,0
2,8.0,0,0,1,0
10,8.0,0,48,31,0
0,2.0,0,54,0,1
15,8.0,0,0,0,0
2,2.0,4,21,23,1
132,9.0,0,0,3,0
2,12.0,0,0,0,0
19,8.0,0,0,31,0
0,8.0,0,3,1,1
0,2.0,0,292,0,1
0,12.0,0,8,6,1
12,4.0,0,0,0,0
0,2.0,0,0,0,1
118,8.0,3,305,266,0
141,2.0,17,153,151,0
46,2.0,0,0,22,0
1884,8.0,4020,6870,10465,0
1,9.0,0,0,0,0
10,12.0,0,0,0,0
1060,15.0,0,500,36,0
2,8.0,0,0,0,0
29,2.0,0,0,11,0
3384,2.0,27,0,327,0
61,2.0,0,0,0,0
2,8.0,0,1,8,1
3,14.0,0,0,0,0
109,14.0,0,0,11,0
1,8.0,0,10,13,1
1726,8.0,0,8783,43,0
32,2.0,0,20,29,0
3,9.0,3,18,7,0
12,12.0,0,28,34,1
127,2.0,96,32,120,0
94,8.0,4,370,200,1
64,8.0,0,0,0,0
17,12.0,0,0,0,0
1,2.0,8,8,16,0
10,8.0,0,11,16,0
238,2.0,0,0,12,0
0,2.0,0,0,0,0
4,8.0,2,248,132,1
20,12.0,0,0,0,0
0,8.0,0,47,21,1
1,2.0,0,19,9,1
11,0.0,0,0,0,0
0,3.0,0,280,0,1
4,8.0,0,15,13,1
43,3.0,0,0,0,0
4,8.0,0,10,16,0
2,9.0,0,0,0,0
272,8.0,292,2000,1565,1
9,8.0,0,8,15,1
4,3.0,22,155,122,1
52,8.0,6,430,275,1
6,52.0,0,0,0,0
0,2.0,0,4,8,1
-3,4.0,0,29,13,1
82,8.0,0,0,11,0
0,8.0,0,22,7,1
2,2.0,0,0,2,1
28,0.0,0,374,92,1
111,8.0,12,312,252,0
50,2.0,0,0,0,0
117,8.0,38,91,117,0
0,8.0,0,29,0,0
7,3.0,0,36,0,0
6,8.0,0,0,0,0
3,8.0,0,0,0,0
216,2.0,100,364,270,0
6,4.0,0,1,0,0
0,12.0,0,2,4,1
20,12.0,0,0,0,1
1,9.0,0,13,19,0
0,2.0,0,8,2,1
5,2.0,0,33,31,1
6,2.0,0,8,11,1
6,8.0,0,20,37,1
0,2.0,0,540,0,1
604,2.0,469,948,3,0
0,8.0,0,0,0,0
1,2.0,0,30,37,0
7,2.0,0,0,0,0
37,15.0,0,168,118,0
15,11.0,0,0,0,0
2800,8.0,0,0,425,0
12,2.0,0,0,0,0
0,4.0,0,50,0,1
7,12.0,0,30,23,1
3,2.0,0,0,0,1
9535,8.0,0,0,0,0
10,4.0,4,31,13,1
2,8.0,0,4,10,1
9,8.0,0,14,8,0
608,8.0,0,0,257,0
2,12.0,0,0,0,0
1,12.0,0,1,0,1
0,4.0,5,0,7,0
102,2.0,0,0,1,0
1,12.0,0,10,1,1
3,15.0,0,18,21,1
12,2.0,0,12,16,1
5,2.0,0,5,5,1
24,2.0,0,0,0,0
4,8.0,0,275,0,0
41,8.0,0,0,13,0
8,8.0,0,0,1,0
1,9.0,0,6,2,1
0,8.0,0,3,3,1
0,8.0,0,10,0,1
0,15.0,0,0,0,0
4,8.0,2,68,42,1
49,2.0,0,0,4,0
0,9.0,0,0,0,0
12,0.0,0,45,43,1
8,4.0,0,0,1,0
8,8.0,0,18,6,1
2,9.0,0,0,3,1
5,2.0,0,0,0,0
11,2.0,0,24,29,0
0,8.0,0,67,28,1
0,2.0,0,6,0,1
0,8.0,0,21,11,1
0,2.0,0,8,0,1
13,12.0,8,0,0,0
29,52.0,0,0,10,0
0,4.0,1,6,9,1
23,8.0,0,56,47,1
61,8.0,7,18,39,0
8,2.0,0,8,0,0
4,8.0,0,0,0,0
119,4.0,49,1311,784,1
171,8.0,56,1711,1733,1
5,8.0,24,0,14,0
1510,8.0,0,0,150,0
20,2.0,0,21,25,1
9,8.0,10,690,352,1
12,2.0,0,168,54,1
58,2.0,0,304,262,1
0,2.0,0,26,0,0
0,8.0,0,6,4,1
5,9.0,0,0,2,1
0,9.0,0,2,2,1
361,12.0,3,0,105,0
3,8.0,0,0,0,0
38,8.0,30,0,28,0
44,2.0,0,0,0,0
0,9.0,0,6,0,1
9,12.0,2,0,0,0
5,2.0,0,7,7,1
0,2.0,0,2,0,1
74,12.0,0,11,7,0
2,2.0,0,0,0,1
22,8.0,0,187,111,1
30,8.0,0,0,1,0
2,12.0,0,0,3,1
10,2.0,6,21,15,1
64,8.0,18,144,125,0
0,9.0,0,6,0,1
-1,8.0,0,30,30,1
17,9.0,0,10,6,0
57,8.0,0,0,0,0
253,8.0,0,0,50,0
18,52.0,0,0,0,0
7,4.0,1,0,0,0
12,2.0,0,0,0,0
7,2.0,0,64,2,1
3,8.0,0,14,24,1
3,12.0,0,0,0,0
0,8.0,0,11,2,1
1804,2.0,58,0,5,0
28632,8.0,180,1425,10717,1
0,12.0,0,6,3,1
2,12.0,0,0,0,1
0,8.0,11,85,86,1
0,8.0,0,5,4,1
3,4.0,0,0,0,0
4,8.0,0,36,23,1
12,2.0,0,0,0,0
3,8.0,0,0,0,0
28,2.0,0,13,17,1
0,9.0,0,0,1,1
10,2.0,0,0,6,1
0,12.0,3,15,11,1
3,8.0,1,29,30,1
0,12.0,0,0,0,0
360,8.0,120,120,0,0
175,8.0,0,408,266,0
1,12.0,0,1,0,0
39,4.0,446,268,563,0
0,4.0,0,261,4,1
82,8.0,18,27,49,0
77,8.0,67,0,55,0
3,2.0,0,2,0,0
11,8.0,0,0,1,0
2,12.0,0,0,0,0
267,8.0,72,249,226,0
0,12.0,0,7,4,1
0,12.0,0,4,3,1
-3,12.0,3,510,194,1
179,8.0,0,0,2,0
60,9.0,31,125,108,0
7,8.0,0,0,2,0
476,2.0,4,0,476,0
3,8.0,0,0,0,0
19,16.0,0,40,26,0
10,8.0,0,0,0,0
0,8.0,0,1,1,1
0,2.0,0,3,15,1
68,8.0,21,45,59,0
655,4.0,0,0,1,0
0,2.0,0,0,0,1
37,12.0,30,0,33,0
4,2.0,0,0,3,1
19,2.0,0,0,1,0
10,8.0,0,24,20,1
14,2.0,0,0,0,0
46,8.0,2,477,217,1
10,8.0,0,24,15,1
2,2.0,5,4,11,0
0,12.0,0,4,0,1
3,8.0,0,0,0,0
8,4.0,0,0,3,1
4,8.0,0,32,17,1
43,4.0,0,0,1,0
0,2.0,0,38,3,1
0,2.0,0,3,0,1
21,2.0,0,80,35,0
5,6.0,0,0,0,0
4905,52.0,0,0,0,0
0,2.0,0,85,0,1
491,12.0,0,0,9,0
0,2.0,1,4,4,0
3,8.0,0,0,0,0
5,8.0,0,6,20,1
15,2.0,0,24,46,0
20,12.0,0,0,0,0
0,8.0,0,0,0,1
15,8.0,0,0,7,1
3,2.0,0,8,5,1
94,8.0,18,69,96,0
0,3.0,0,0,1,1
13,12.0,0,0,0,0
2,2.0,0,5,3,1
0,2.0,0,12,0,1
0,12.0,58,42,51,1
17,8.0,0,73,29,1
38,8.0,0,0,2,0
31,8.0,0,0,0,0
1,2.0,0,1,2,1
19,2.0,0,19,29,1
0,12.0,0,9,2,1
19,52.0,0,0,0,0
0,8.0,0,20,4,1
1,12.0,0,7,0,1
5529,4.0,2302,2400,3716,0
5,12.0,3,12,14,1
0,8.0,0,325,0,1
75,8.0,0,143,27,0
15,8.0,0,28,35,1
3,8.0,0,2,2,1
13,12.0,0,0,0,0
2,2.0,0,5,5,1
0,4.0,0,0,0,1
5,3.0,0,44,26,1
1,4.0,0,30,130,1
869,4.0,5,590,1477,0
54,2.0,0,0,5,0
49,8.0,6,40,63,1
0,2.0,0,21,2,1
23,12.0,0,0,1,0
12,8.0,0,0,0,0
2515,12.0,0,0,277,0
5,8.0,0,0,1,0
5,8.0,0,92,58,1
17482,12.0,183,6426,3425,0
7,2.0,0,0,0,0
1,8.0,0,1,1,1
0,2.0,0,10,0,1
0,4.0,0,10,0,0
2,2.0,0,2,1,1
8,2.0,0,0,8,0
0,2.0,0,78,0,1
0,9.0,0,0,2,1
0,2.0,0,0,0,0
44,8.0,1,0,20,0
2490,2.0,0,0,0,0
0,9.0,0,2,3,1
11,4.0,0,0,12,1
0,9.0,0,41,32,1
8,12.0,0,0,1,0
0,8.0,0,0,0,0
1,8.0,0,13,10,1
1,4.0,0,0,1,1
6104,8.0,0,0,822,0
2,13.0,0,1,1,0
3,9.0,0,0,0,0
109,16.0,43,0,37,0
1,8.0,0,10,8,1
51,9.0,0,0,0,0
1,8.0,0,0,1,1
0,2.0,2,11,0,0
0,2.0,0,5,6,1
155,8.0,51,102,100,0
142,2.0,11,232,257,0
0,12.0,0,1,0,1
-8,12.0,0,195,75,1
0,12.0,0,4,3,1
-82,8.0,90,1305,895,1
2,4.0,0,0,0,0
191,8.0,188,358,419,0
5,12.0,0,0,0,0
100,8.0,0,0,2,0
25,4.0,0,43,29,1
203,4.0,166,280,344,0
44,12.0,0,0,2,0
11,2.0,0,25,8,1
5,2.0,8,48,69,1
317,8.0,0,0,17,0
2,12.0,0,32,23,1
532,2.0,0,0,0,0
0,8.0,0,11,0,1
37,8.0,0,230,168,1
16,2.0,0,0,6,0
11,2.0,0,0,0,0
0,2.0,0,14,0,1
0,8.0,0,17,3,1
144,8.0,44,239,290,0
10,12.0,0,0,0,0
17,8.0,0,5,35,1
7,2.0,4,56,68,1
21,8.0,11,117,119,1
-21,8.0,0,36,0,1
-3,2.0,0,13,27,1
63,2.0,1,42,69,0
40,8.0,0,0,0,0
38,12.0,20,436,347,1
5,2.0,0,0,2,1
3,4.0,0,6,2,1
499,12.0,0,0,1,0
0,8.0,0,4,5,1
118,8.0,0,0,0,0
100,8.0,0,875,377,1
15,12.0,6,471,256,1
0,8.0,0,2,2,1
7,8.0,0,0,1,1
128,2.0,0,0,2,0
0,9.0,0,13,9,1
9,8.0,0,0,1,0
0,2.0,0,0,0,1
1,8.0,0,3,2,0
7,8.0,0,16,13,1
19,2.0,0,0,8,1
1,8.0,0,1,1,1
8,8.0,0,5,13,1
7,4.0,0,0,54,1
0,8.0,0,0,0,0
8,2.0,0,0,0,0
14,8.0,0,0,0,0
3,2.0,0,2,0,1
1,9.0,0,28,14,1
0,2.0,0,38,2,1
1,8.0,0,35,27,1
1,2.0,0,2,6,1
2,2.0,0,0,1,1
5,2.0,0,0,6,1
486,2.0,0,0,53,0
579,8.0,29,1016,1970,1
0,8.0,0,2,6,1
17,8.0,0,0,1,0
11,4.0,0,0,19,1
44,8.0,0,0,0,0
41,9.0,0,240,180,1
0,2.0,0,6,1,1
4,8.0,0,0,6,1
87,9.0,0,34,46,1
-2,8.0,0,12,0,1
8,8.0,4,1,4,0
0,2.0,0,13,2,1
0,8.0,0,2,2,1
14,12.0,0,0,12,0
59,8.0,0,0,9,0
473,2.0,0,0,131,0
1,6.0,0,2,5,1
0,2.0,0,36,25,1
192,8.0,399,1888,1544,1
0,2.0,0,26,1,1
9,2.0,3,6,6,1
0,8.0,0,3,2,1
0,2.0,0,27,0,1
5,2.0,0,2,8,0
0,2.0,0,6,0,1
2,12.0,0,0,0,0
0,2.0,0,3,0,0
-1,8.0,3,300,35,1
132,8.0,0,72,83,0
8,8.0,1,36,24,0
0,8.0,0,18,0,1
1,8.0,2,4,3,1
1,8.0,0,42,31,1
0,2.0,1,17,5,0
1,8.0,4,14,15,1
28,3.0,36,756,517,1
30,4.0,0,32,6,0
5,12.0,0,0,2,1
0,8.0,0,18,0,1
0,2.0,0,169,0,1
15,4.0,0,0,0,0
1,8.0,0,1,1,1
6,8.0,0,6,9,1
0,8.0,7,12,0,1
2,12.0,0,10,0,0
0,8.0,0,3,7,1
3,12.0,0,0,0,0
2,12.0,0,0,0,0
37,8.0,0,0,3,0
0,8.0,0,15,15,1
0,2.0,0,20,0,1
9,2.0,4,12,30,1
34,2.0,0,0,1,0
0,2.0,0,40,0,1
0,2.0,0,120000,0,1
1,9.0,0,9,12,1
184,52.0,0,0,5,0
9,12.0,0,0,0,0
3,2.0,0,0,1,1
7,8.0,0,0,0,0
243,8.0,0,0,0,0
39487,2.0,0,0,731,0
0,8.0,0,0,0,0
1173,8.0,432,63,401,0
13,8.0,0,0,2,0
0,8.0,0,1,2,1
14,8.0,0,0,6,0
10,8.0,0,0,2,0
21,2.0,0,0,10,1
2,2.0,0,10,10,0
253,8.0,4,120,160,0
57,8.0,0,0,9,0
-8,0.0,0,893,644,1
0,12.0,0,4,0,1
2,8.0,0,0,6,1
0,12.0,0,7,3,1
351,2.0,315,552,538,0
5,8.0,0,2,0,0
19,8.0,0,0,0,0
3,8.0,0,0,0,0
46,16.0,18,299,346,1
15,2.0,1,15,27,0
11,8.0,0,2,3,0
4,2.0,0,9,10,1
11,8.0,0,0,0,0
0,3.0,0,0,1,1
0,12.0,0,7,3,1
3,2.0,0,30,10,1
25,2.0,0,0,0,0
1,8.0,0,0,0,0
1,2.0,2,2,2,1
0,8.0,0,10,3,1
421,12.0,0,0,49,0
3,8.0,1,7,8,0
6,8.0,0,10,12,1
0,8.0,0,11,7,1
0,8.0,0,4,6,1
0,2.0,0,19,21,1
72,12.0,0,0,0,0
9,8.0,0,0,5,0
185,2.0,91,275,320,0
0,2.0,0,4,0,1
7,8.0,0,15,17,1
29,8.0,16,176,306,1
0,52.0,0,0,0,1
2,8.0,0,0,0,0
3,8.0,0,0,1,0
4,8.0,0,0,0,0
1,12.0,0,5,5,1
1,0.0,1,22,28,1
1,8.0,0,0,0,0
45,12.0,12,56,55,0
2,8.0,0,519,231,1
2,12.0,0,0,0,0
101,9.0,0,0,20,0
401,52.0,0,0,0,0
94,2.0,11,0,41,0
3419,8.0,904,8568,5957,0
9,8.0,0,22,16,1
76,16.0,0,0,9,0
85,4.0,0,0,14,0
8,8.0,0,0,2,0
24,8.0,0,181,139,1
17,2.0,0,20,17,1
0,2.0,0,17,4,1
3,4.0,0,0,0,0
5,8.0,0,24,23,1
0,8.0,0,41,39,1
102,8.0,0,0,0,0
6,2.0,0,12,6,0
62,2.0,0,0,0,0
2,16.0,0,0,0,0
0,8.0,0,22,18,1
171,8.0,76,156,183,0
0,2.0,0,12,0,1
0,12.0,0,13,7,1
0,8.0,0,10,9,1
0,2.0,0,3,0,0
-51,16.0,0,1174,339,1
4,9.0,0,5,11,1
0,2.0,0,10,4,1
14,2.0,0,35,32,1
0,12.0,0,18,11,1
-20,12.0,84,384,446,1
0,2.0,0,0,3,1
15,2.0,0,56,57,1
8,12.0,0,6,5,1
0,12.0,0,61,50,1
15,12.0,0,0,0,0
24,9.0,0,0,0,0
0,8.0,0,0,0,0
13,2.0,0,0,8,1
213,9.0,11,158,225,0
4,0.0,0,50,15,1
0,8.0,0,47,3,1
0,12.0,0,4,4,1
2,8.0,0,9,7,1
8,2.0,6,0,8,0
37,8.0,1,0,21,1
0,9.0,2,17,12,1
1,8.0,0,15,7,1
2,8.0,0,0,7,1
0,12.0,0,8,5,1
23,2.0,33,34,31,0
-1,2.0,2,293,185,1
2,2.0,0,0,4,1
2991,8.0,2330,6800,4323,0
0,2.0,0,40,0,1
10,8.0,0,0,22,1
116,4.0,4,2,0,0
0,8.0,40,329,0,1
8,2.0,0,252,19,1
24,2.0,0,42,38,0
2,8.0,0,1,2,0
8,8.0,0,0,3,1
19,2.0,0,0,0,0
2,2.0,4,5,4,1
0,8.0,0,10,5,1
411,11.0,252,780,937,0
0,10.0,0,2,3,1
0,12.0,0,2,1,1
90,8.0,0,0,0,0
31,8.0,0,0,18,0
18,9.0,0,0,11,0
158,8.0,0,3000,802,1
16,9.0,0,0,0,0
148,16.0,0,0,42,0
143,8.0,42,48,139,0
0,9.0,0,3,2,1
197,2.0,12,199,108,0
3,2.0,0,8,6,1
9,8.0,0,0,5,0
9,3.0,0,0,0,0
4,9.0,1,0,0,0
4,12.0,0,0,0,0
512,2.0,19,0,144,0
0,4.0,0,125,0,1
78,12.0,0,300,304,1
63,8.0,0,0,0,0
0,8.0,0,12,9,1
0,2.0,0,3,0,1
5,12.0,0,500,349,1
2,12.0,0,0,0,0
192,8.0,2,0,35,0
29,8.0,0,150,94,1
7,8.0,0,5,4,0
8,2.0,0,0,1,0
8,12.0,0,0,13,1
10026,2.0,656,0,520,0
1,0.0,1,21,30,1
3,12.0,0,0,0,0
7,2.0,0,22,20,1
5,8.0,0,51,49,1
0,12.0,0,10,8,1
4,12.0,0,27,36,1
0,8.0,0,123,34,1
3,16.0,0,58,37,1
4,9.0,0,0,0,0
4,8.0,0,0,2,0
0,12.0,0,3,2,1
1,9.0,0,8,1,1
4,8.0,0,0,0,0
0,12.0,0,2,1,1
11,2.0,0,0,0,0
142,9.0,0,0,5,0
-112,12.0,3,457,219,1
79,8.0,67,111,168,1
1222,14.0,397,2088,2087,0
15,12.0,0,9,4,0
1,12.0,0,0,0,0
2,8.0,0,0,0,0
164,9.0,502,1032,822,0
5,2.0,0,0,4,1
30,4.0,0,2992,0,1
9,2.0,0,0,2,0
40,2.0,8,20,33,0
38,8.0,0,0,20,1
0,2.0,0,1,0,1
4,2.0,0,0,2,0
8,9.0,0,0,1,0
0,8.0,0,2,6,1
5,8.0,0,22,17,1
2,9.0,0,0,0,1
9,8.0,0,0,0,0
19,8.0,0,0,3,0
-8,8.0,0,9,20,1
2,8.0,0,0,0,0
1,8.0,1,29,15,1
3,2.0,0,0,2,0
1579,8.0,0,0,1,0
9,2.0,0,0,1,0
8,8.0,0,26,27,0
10,4.0,0,0,0,0
1,8.0,0,15,13,1
10,8.0,0,0,0,0
-2999,9.0,0,5809,9,1
96,8.0,0,311,315,1
91,2.0,27,122,137,0
0,8.0,0,26,19,1
7,8.0,0,0,0,0
3,8.0,0,18,16,1
8,8.0,0,7,15,1
38,2.0,59,140,14,1
7,8.0,0,0,24,1
-216,12.0,1433,2986,2198,0
0,8.0,0,15,11,1
116,8.0,17,194,129,0
345,2.0,0,0,0,0
13,12.0,0,0,0,0
1,3.0,0,1,2,1
0,2.0,0,89,0,1
0,2.0,0,540,0,1
5,2.0,0,0,1,1
1,8.0,0,0,4,1
0,8.0,0,20,8,1
109,2.0,44,121,170,0
0,2.0,0,10,0,1
1,9.0,0,1,1,1
4,8.0,0,10,16,1
0,2.0,0,137,0,1
4,8.0,0,60,15,1
20,2.0,0,10,41,1
0,4.0,0,1,2,1
33,8.0,0,0,11,0
1,8.0,0,0,1,1
15,2.0,0,0,18,1
57,12.0,28,380,321,1
10,10.0,12,0,4,0
90,8.0,105,308,11,0
2,8.0,0,10,10,1
0,3.0,0,12,7,1
0,4.0,0,0,8,1
12,8.0,10,20,30,1
6,2.0,0,0,0,0
61,8.0,0,0,0,0
9,2.0,0,0,0,0
852,8.0,0,0,0,0
0,2.0,0,2,2,1
3,8.0,0,0,0,0
0,2.0,0,0,0,1
10,4.0,0,0,2,0
8,8.0,0,0,1,1
7,9.0,0,0,1,0
0,2.0,0,10,1,1
-1,8.0,0,9,0,1
3,12.0,0,0,0,0
12,13.0,0,0,0,0
0,8.0,0,0,0,0
5,8.0,0,3,7,1
3,4.0,21,18,17,0
1,8.0,0,0,0,1
2,2.0,4,21,24,1
14,6.0,0,38,32,1
0,8.0,0,15,13,1
0,2.0,0,5,0,0
4,8.0,0,0,0,1
0,2.0,12,7,0,0
70,8.0,13,52,37,0
5,2.0,0,0,0,1
2,10.0,0,0,0,0
48,8.0,0,54,58,1
1,8.0,0,40,47,1
42,8.0,0,0,4,0
9,2.0,0,13,7,0
7,2.0,0,0,0,1
1190,8.0,0,0,15,0
5,8.0,0,0,1,0
1,8.0,0,0,1,0
4,9.0,0,0,1,0
3,8.0,0,4,5,1
0,2.0,0,0,0,1
4,8.0,0,0,9,1
18,3.0,0,0,9,0
27,4.0,0,0,0,0
416,2.0,367,1304,1648,0
5,8.0,0,0,1,0
5,9.0,0,0,0,0
1,8.0,0,0,1,1
19,8.0,0,20,21,0
21,8.0,0,200,192,1
6,2.0,2,12,14,1
57,2.0,0,0,0,0
0,8.0,0,2,2,1
298,8.0,24,177,114,1
0,2.0,0,3,0,0
32,2.0,0,402,109,1
22,2.0,0,0,12,1
12,2.0,0,100,61,1
15,8.0,0,0,0,0
0,9.0,0,9,3,1
127,12.0,341,256,304,0
2,2.0,0,1,2,1
0,2.0,0,28,0,1
0,12.0,0,27,17,1
10,8.0,0,0,2,0
0,2.0,0,51,0,0
5,8.0,0,0,0,0
-2,12.0,7,42,24,1
4,2.0,0,0,0,0
30,8.0,0,0,4,0
3,9.0,0,0,1,0
60,2.0,0,0,5,0
3,2.0,0,28,17,1
0,4.0,0,8,6,1
8,12.0,0,5,0,0
69,15.0,12,10,22,0
6,8.0,0,30,6,1
0,8.0,0,22,24,1
6,2.0,0,14,36,1
-6,8.0,0,32,20,1
-42,8.0,0,814,553,1
0,2.0,0,4,0,1
0,2.0,0,5,0,1
3,2.0,0,9,0,0
0,8.0,0,30,13,1
1,9.0,0,3,18,1
10,8.0,1,12,24,1
4,8.0,0,0,1,0
1,8.0,1,3,6,1
1,2.0,0,0,0,1
54,8.0,7,288,315,1
0,8.0,0,9,5,1
10,12.0,0,0,1,0
6,4.0,0,120,5,1
86,8.0,3,87,67,0
200,8.0,12,126,173,0
2,10.0,0,7,7,1
7,4.0,0,0,0,0
0,2.0,0,50,0,1
0,8.0,0,15,11,1
0,8.0,0,4,4,1
7,8.0,0,0,0,0
-10,8.0,0,21,13,1
301,8.0,41,244,312,0
0,8.0,0,0,0,0
2663,8.0,177,2775,1922,0
6942,17.0,0,0,13,0
4,8.0,0,0,2,1
7,8.0,0,16,7,1
0,12.0,0,8,6,1
525,12.0,0,0,0,0
2,8.0,0,0,2,0
35,8.0,8,88,90,0
-323,8.0,231,1465,899,1
3,2.0,2,15,13,1
470,2.0,0,0,64,1
214,8.0,0,288,0,0
0,9.0,0,2,2,1
10,12.0,0,0,0,0
64,8.0,33,32,42,0
2,9.0,0,4,4,0
10,4.0,0,29,30,1
0,2.0,0,30,1,1
0,12.0,0,20,0,0
4,2.0,0,14,17,1
47,8.0,0,0,0,0
0,2.0,0,10,6,0
58,52.0,0,0,0,0
138,8.0,0,0,16,0
0,2.0,0,4,0,1
0,5.0,0,19,0,1
11,2.0,0,0,3,0
-3,8.0,0,182,144,1
92,8.0,0,0,2,0
0,8.0,0,4,4,1
1,8.0,0,2,1,1
13,12.0,0,0,0,0
1,8.0,0,6,2,1
35,8.0,0,0,0,0
24,4.0,0,40,41,0
25,8.0,0,0,0,0
0,2.0,0,4,0,1
101,4.0,0,0,18,0
18,2.0,0,0,0,0
4,12.0,0,0,0,0
3,8.0,0,20,19,1
66,2.0,3,58,61,1
31,8.0,3,305,176,1
0,8.0,0,14,0,1
899,12.0,210,1327,1590,0
6,4.0,0,0,0,0
7,8.0,0,24,23,1
61,2.0,0,0,8,0
0,8.0,0,3,1,1
11,2.0,9,7,11,0
6,8.0,0,30,14,1
18,4.0,0,1,0,0
0,2.0,0,5,1,1
0,2.0,0,32,22,1
3815,8.0,217,941,1351,0
3,8.0,0,0,3,1
13534,8.0,0,0,0,0
3,12.0,0,0,0,0
18,8.0,0,0,0,0
1,8.0,0,7,9,1
3,10.0,0,0,0,0
2,8.0,0,0,0,0
14,8.0,0,20,21,1
5,12.0,0,0,0,0
3,8.0,0,40,49,1
1287,2.0,0,1092,949,0
0,8.0,0,4,3,1
19,4.0,0,0,3,0
381,8.0,0,0,0,0
0,2.0,0,1,0,1
9,4.0,0,0,0,0
-1,9.0,0,9,6,1
3,12.0,0,0,0,0
0,2.0,0,19,0,1
3,8.0,0,0,2,1
10,8.0,0,16,28,1
172,52.0,0,0,5,0
0,8.0,0,918,1,1
4,2.0,0,5,0,0
4,12.0,0,24,20,1
15,6.0,0,0,5,0
1,8.0,0,1,2,1
20,8.0,0,0,0,0
59,8.0,0,0,0,0
7,4.0,0,0,0,0
7,8.0,0,15,16,1
7,2.0,0,0,0,0
25,4.0,0,0,3,0
8,8.0,0,0,1,0
0,2.0,0,14,0,1
2,8.0,0,12,2,1
190,9.0,0,240,169,1
5,4.0,0,0,0,0
0,4.0,0,6,0,1
2,2.0,0,4,6,1
18,8.0,0,0,0,0
204,12.0,3,504,232,0
10,8.0,0,7,8,0
0,2.0,0,6,0,1
5,8.0,0,22,30,1
4,4.0,0,2,6,1
-2,8.0,0,8,1,1
220,2.0,0,160,135,1
1,8.0,0,2,2,0
20,12.0,0,0,0,0
490,8.0,0,0,0,0
0,2.0,0,0,0,1
8,8.0,0,200,93,1
109,8.0,0,0,7,0
114,8.0,0,0,12,0
151,2.0,0,0,54,0
2,8.0,1,10,9,1
4,8.0,0,0,0,0
22,3.0,0,0,14,0
25,8.0,0,0,12,0
-30,2.0,92,522,615,1
6,4.0,0,0,7,1
10,8.0,0,0,0,0
3,2.0,0,0,0,0
8,8.0,0,288,131,1
9,8.0,0,60,12,1
3,12.0,0,0,0,0
103,2.0,0,0,3,0
91,8.0,24,0,24,0
38,8.0,0,0,2,0
3,2.0,0,0,15,1
9,8.0,0,0,0,1
0,2.0,0,4,0,1
4,8.0,0,12,17,1
0,2.0,0,500,0,1
1150,8.0,16,0,133,0
0,8.0,0,3,1,1
0,8.0,0,0,0,0
4,8.0,0,10,10,0
2,12.0,0,29,5,1
4,2.0,0,0,9,1
24,8.0,0,50,66,1
0,2.0,0,5,0,1
26,4.0,5,0,8,0
54,8.0,0,0,1,0
11,12.0,0,0,9,1
10,12.0,0,0,0,0
4,8.0,0,20,6,1
19,8.0,0,13,6,0
0,2.0,0,2,4,1
2,9.0,1,0,0,0
1,8.0,0,24,21,1
3,4.0,0,0,0,0
8,2.0,0,95,59,1
1015,8.0,0,1800,755,0
4,8.0,0,264,3,1
50,2.0,0,24,29,0
0,2.0,0,6,4,1
0,2.0,0,4,0,1
0,2.0,0,27,0,1
29,8.0,0,0,5,0
13,12.0,0,0,2,0
2,4.0,0,15,8,1
10,4.0,0,0,0,0
0,2.0,0,3454,1,1
3,8.0,0,6,8,1
3,2.0,0,10,14,1
50,8.0,1,250,243,1
46,8.0,0,0,1,0
29,8.0,0,0,0,0
10,4.0,0,0,0,0
103,12.0,72,100,109,0
3,8.0,4,0,2,0
1,4.0,0,16,30,1
4,12.0,0,0,0,0
13,52.0,0,0,0,0
9,8.0,0,30,8,1
788,8.0,126,550,2753,0
-154,8.0,46,1439,1175,1
2,9.0,0,0,0,0
4,8.0,0,0,0,0
0,2.0,0,5,0,1
11,8.0,0,0,0,0
7,9.0,0,0,1,0
9,8.0,4,0,1,1
2,9.0,0,0,0,0
3,4.0,0,2,5,1
1,8.0,0,30,12,1
0,8.0,0,18,10,1
1,4.0,1,2,1,0
0,8.0,0,9,2,1
5,8.0,0,0,1,0
20,2.0,0,0,2,1
1,8.0,6,4,7,1
0,9.0,0,1,0,1
-17,2.0,30,13,51,0
7,8.0,0,30,17,0
2,9.0,0,3,0,0
1,2.0,0,4,3,0
0,8.0,0,6,3,1
469,2.0,171,400,412,0
10,8.0,3,57,41,1
118,8.0,9,207,134,0
0,2.0,0,8,11,1
0,2.0,0,144,3,1
3,9.0,0,0,0,0
0,8.0,1,3,6,1
0,2.0,0,98,0,1
152,8.0,0,14,85,0
254,8.0,11,920,597,1
4,2.0,0,16,20,1
7,2.0,0,5,12,1
2518,2.0,0,0,20,0
4,12.0,0,0,0,0
0,8.0,0,7,6,1
2,8.0,0,10,9,1
3,9.0,0,2,4,1
12,4.0,0,0,0,0
1,10.0,0,8,7,1
3,8.0,0,40,23,1
37,8.0,0,0,6,0
0,8.0,0,0,0,0
525,12.0,14,16,48,0
546,8.0,43,256,382,0
1,2.0,0,0,0,0
10,8.0,0,0,6,1
0,4.0,0,5,8,1
0,9.0,0,14,7,1
7,8.0,0,53,28,1
223,8.0,9,0,45,0
0,2.0,0,2,0,0
-23,8.0,0,506,414,1
0,4.0,7,92,5,0
14,2.0,7,22,17,1
1,8.0,0,3,2,1
102,52.0,0,0,0,0
8,12.0,0,30,23,1
20,8.0,0,0,0,0
10,2.0,1,7,9,0
3,2.0,0,0,2,1
7,8.0,0,0,1,0
40,2.0,0,0,0,0
82,8.0,0,0,18,0
1,8.0,0,18,26,1
337,8.0,135,460,455,1
4,2.0,0,10,8,1
0,2.0,0,16,13,1
190,8.0,0,0,3,0
0,5.0,0,16,0,1
0,2.0,0,24,0,1
0,8.0,0,11,1,1
57,8.0,32,92,169,0
0,4.0,0,24,3,1
323,2.0,0,0,6,0
20,4.0,0,10,13,1
86,8.0,1,71,103,0
2,8.0,0,0,7,1
3,8.0,1,35,20,1
-9,6.0,3,7,13,1
126,52.0,0,0,3,0
0,8.0,0,19,17,1
1,8.0,0,6,5,0
5,2.0,0,0,0,0
2,2.0,0,13,7,1
0,8.0,0,18,15,1
4,2.0,0,0,0,1
629,8.0,12,24,475,0
6,8.0,0,0,0,0
5,2.0,0,18,11,1
6,4.0,0,52,39,1
-4,8.0,0,416,232,1
31,52.0,0,0,0,0
0,9.0,0,5,0,0
1,12.0,0,0,0,0
5,11.0,0,30,23,1
499,12.0,158,430,554,0
3,2.0,0,2,0,0
1504,8.0,392,1750,1749,0
988,8.0,144,0,277,0
0,15.0,0,448,0,0
3,12.0,0,0,0,0
6,2.0,0,30,0,0
483,12.0,0,0,17,0
2,9.0,0,20,13,1
0,8.0,0,11,1,1
0,8.0,0,3,2,1
2,12.0,0,0,0,0
0,8.0,0,6,3,1
0,8.0,0,3,0,1
13,12.0,0,0,0,0
0,2.0,0,8,0,0
352,8.0,0,0,65,0
-6,12.0,0,184,135,1
22,9.0,0,0,0,0
221,2.0,0,17137,7652,1
6401,5.0,17,0,246,0
6,2.0,0,10,10,1
19,8.0,0,310,160,1
0,8.0,0,4,3,1
10,2.0,0,0,0,0
16,14.0,0,0,2,0
17,2.0,0,50,13,0
0,8.0,0,0,0,0
63,12.0,1,11,18,0
0,2.0,0,2,0,1
6,2.0,0,166,153,1
57,8.0,0,0,53,0
3,0.0,0,22,11,1
335,52.0,0,0,18,0
0,12.0,0,5,0,0
0,8.0,0,3,1,1
0,8.0,0,27,12,1
7,2.0,0,9,21,1
104,52.0,0,0,1,0
0,8.0,0,0,0,0
8,8.0,0,306,596,1
127,8.0,0,0,10,0
61,8.0,0,0,0,0
10,8.0,0,15,11,0
147,8.0,0,0,0,0
-269,8.0,0,1542,907,1
53,8.0,0,0,0,0
0,2.0,0,11,0,0
6,2.0,0,0,2,1
16,2.0,0,0,11,1
110,8.0,0,25,36,0
13,9.0,0,0,0,0
0,8.0,0,115,0,1
23,8.0,0,0,7,0
60,2.0,0,0,1,0
8,4.0,0,0,0,0
0,8.0,0,4,2,1
420,52.0,0,0,18,0
149,8.0,0,0,0,0
9,12.0,0,30,31,1
400,2.0,0,0,25,0
2,8.0,0,74,31,1
1,8.0,0,2,1,1
152,8.0,2,0,31,0
840,8.0,15,800,806,0
65,8.0,45,414,256,1
12,6.0,0,84,45,1
1,12.0,0,1,1,0
54,8.0,9,37,27,0
72,12.0,0,68,0,1
0,8.0,0,11,11,1
8,8.0,0,24,15,1
0,2.0,0,11,0,1
25,8.0,20,172,242,1
-1,12.0,0,22,23,1
2,8.0,0,3,4,1
5,8.0,1,7,14,1
0,4.0,0,9,0,1
3,8.0,0,5,5,1
6,8.0,0,0,0,0
0,15.0,0,3,4,1
10,8.0,0,0,6,1
1,9.0,2,15,8,0
-1,12.0,0,4,9,1
12,8.0,0,0,0,0
28,3.0,0,100,92,1
2,2.0,0,1,0,1
7,2.0,6,24,27,1
1,8.0,0,2,2,1
13,8.0,0,12,16,1
1,8.0,0,21,20,1
0,8.0,0,7,0,1
6,8.0,0,1,5,1
10,8.0,0,0,0,0
2,12.0,0,5,3,1
5,52.0,0,0,0,0
0,2.0,0,65,0,1
0,8.0,0,47,21,1
6,8.0,0,0,0,0
200,2.0,7,0,37,0
0,4.0,0,0,0,0
157,8.0,0,0,0,0
1,8.0,0,25,5,1
1353,2.0,294,2142,2315,0
102,2.0,32,215,147,0
13,2.0,0,0,0,0
35889,12.0,9915,67767,50028,0
-4,8.0,0,37,22,1
-31,8.0,0,158,106,1
12,8.0,456,3408,0,0
3,2.0,0,2,0,0
-1,8.0,0,126,349,1
12,8.0,0,39,21,0
0,8.0,0,6,2,1
0,2.0,0,85,0,1
-1,2.0,0,110,157,1
8,8.0,0,30,13,1
0,2.0,0,3,0,0
35,2.0,0,25,22,1
20,2.0,0,0,0,0
7,12.0,5,0,5,0
-341,12.0,150,1104,459,1
0,8.0,0,2,2,1
1,8.0,0,3,2,1
48,8.0,0,52,16,0
-3,2.0,0,230,182,1
10,8.0,0,27,29,1
0,9.0,0,4,3,0
33,8.0,0,0,7,0
-14,52.0,0,0,23,1
0,4.0,0,0,0,0
-2,8.0,0,12,8,1
5,8.0,0,5,10,1
2,9.0,0,1,2,1
0,8.0,0,12,15,1
1,8.0,0,0,1,0
3,8.0,0,12,5,1
106,8.0,59,66,88,0
0,2.0,0,47,0,1
137,2.0,36,0,58,0
222,8.0,0,0,85,0
0,2.0,0,10,0,0
14,8.0,0,466,285,1
9,8.0,0,20,11,1
14,2.0,0,0,7,0
1,8.0,0,0,0,0
2,2.0,0,28,0,0
260,2.0,0,0,57,0
0,8.0,0,4,2,0
13,12.0,11,0,0,0
32,15.0,3,95,70,0
0,8.0,0,2,4,1
3,12.0,0,0,0,0
0,2.0,0,21,38,1
1,8.0,0,42,30,1
6,8.0,0,0,0,0
19,12.0,18,0,5,0
6,2.0,0,0,2,0
103,8.0,60,91,114,0
20,8.0,0,0,16,1
9,9.0,0,0,0,0
43,8.0,1,231,216,1
1,9.0,0,0,0,0
211,13.0,0,0,4,0
1,4.0,8,0,0,0
0,16.0,0,26,28,1
6,2.0,0,0,5,1
3,8.0,0,10,6,1
55,8.0,0,0,2,0
3,8.0,0,4,6,1
55,8.0,0,0,0,0
0,2.0,3,7,5,0
1,2.0,0,2,9,1
313,8.0,9,0,41,0
10,2.0,0,0,0,1
38,2.0,0,0,39,1
53,2.0,40,18,0,1
0,8.0,0,3,2,1
385,52.0,0,0,0,0
2,9.0,0,0,0,0
1,8.0,0,0,0,0
3,3.0,0,0,0,0
65,8.0,0,49,67,0
831,8.0,0,0,5,0
15,2.0,0,28,2,1
3,8.0,0,0,0,0
0,2.0,0,6,9,1
1,4.0,4,3,3,1
122,16.0,6,220,65,0
5,2.0,0,1,4,1
0,12.0,0,4,4,1
2,8.0,0,30,35,1
3,4.0,0,20,13,1
2,8.0,0,0,0,0
2,8.0,0,10,6,1
3730,8.0,100,0,3119,0
973,12.0,0,0,4,0
8,2.0,0,5,22,1
-2,8.0,0,21,11,1
3,4.0,0,4,6,1
2,9.0,0,0,0,0
2,8.0,0,0,0,0
74,8.0,15,75,74,0
0,8.0,0,25,45,1
-20,6.0,22,66,72,1
152,8.0,0,0,24,1
327,12.0,0,186,145,0
1,9.0,0,1,1,1
2,8.0,0,6,24,1
11,4.0,0,0,0,0
0,8.0,0,24,26,1
0,12.0,0,1,0,1
2,8.0,0,24,37,1
11,12.0,0,0,0,0
0,8.0,0,8,3,1
11,2.0,0,24,63,1
4,8.0,0,22,1,0
0,2.0,0,19,0,1
4,4.0,0,0,3,1
6,4.0,0,0,1,0
0,12.0,0,10,8,0
1,8.0,0,4,5,1
18,8.0,0,112,0,1
8,4.0,0,0,2,0
14,2.0,0,0,0,1
8,3.0,0,72,91,1
73,8.0,0,84,78,0
0,8.0,0,47,3,1
729,8.0,7,0,210,0
0,2.0,3,6,0,1
425,9.0,0,0,95,0
9,2.0,0,0,8,1
21,2.0,0,0,14,1
3,12.0,0,0,0,0
2,8.0,0,0,0,0
268,8.0,0,0,3,0
0,8.0,0,15,6,1
0,12.0,0,12,0,1
17,2.0,0,0,15,1
0,12.0,0,7,2,1
0,5.0,0,19,0,1
126,2.0,545,1293,1294,0
4,8.0,0,4,4,1
0,2.0,0,11,0,1
13,8.0,5,0,8,0
0,8.0,0,10,10,1
8,8.0,0,0,10,0
0,9.0,0,383,0,1
78,8.0,0,0,4,0
13,4.0,0,0,4,0
0,12.0,3,2,0,0
10,2.0,0,0,0,0
15,2.0,0,0,7,1
0,8.0,0,7,5,1
27,8.0,0,0,4,0
-39,12.0,24,185,144,0
3,9.0,0,0,0,0
187,8.0,0,0,19,0
0,4.0,0,0,0,1
7,4.0,0,0,0,0
34,8.0,1,442,280,1
2,8.0,0,3,3,1
26,2.0,0,6,0,0
0,8.0,0,13,0,1
13,8.0,6,8,14,0
0,8.0,0,68,32,1
11,9.0,0,27,29,1
143,8.0,0,1016,648,1
22,2.0,0,0,1,0
-2,2.0,0,12,4,1
13,2.0,0,15,18,1
3,4.0,0,0,0,0
0,2.0,0,11,0,0
6,8.0,0,20,7,1
-2,8.0,0,47,18,1
188,2.0,80,210,231,0
12,3.0,0,7,7,0
390,2.0,0,1500,1256,1
6,2.0,0,0,0,0
42,8.0,2,292,272,1
9,8.0,0,40,36,1
1,8.0,0,1,0,0
2,2.0,0,1,3,1
13,2.0,10,38,43,1
55,8.0,0,0,7,0
81,2.0,11,70,108,0
7,9.0,0,0,0,0
2,8.0,0,9,9,1
15,2.0,0,195,163,1
98,8.0,0,32,55,0
7,9.0,0,4,6,0
0,8.0,0,19,10,1
24,8.0,0,32,3,0
58,2.0,105,72,80,0
1,12.0,0,17,17,1
3,12.0,0,12,12,1
35,8.0,0,0,9,1
133,2.0,116,216,196,0
22,8.0,0,0,7,0
1312,12.0,481,160,5,0
21,8.0,8,471,308,1
8,8.0,0,519,249,1
55,2.0,0,0,25,0
-194,15.0,12,1224,655,1
4,8.0,0,0,4,1
1,15.0,0,10,11,1
19,8.0,0,0,0,0
0,8.0,0,0,4,0
32,8.0,4,220,167,1
8,2.0,0,30,26,1
1,4.0,0,15,30,1
12,4.0,0,0,0,0
345,8.0,0,380,0,0
0,8.0,0,0,1,1
13,12.0,0,0,0,0
0,8.0,0,6,8,1
1539,2.0,0,0,49,0
0,8.0,0,18,17,1
20,8.0,0,0,0,0
1,9.0,0,3,5,1
258,8.0,109,2088,1478,1
8,2.0,0,0,0,0
102,2.0,0,0,0,0
671,2.0,79,600,704,0
0,9.0,0,0,0,1
6,9.0,0,0,0,0
2,8.0,0,4,9,1
4,8.0,0,34,35,1
1,2.0,0,2,1,1
56,8.0,13,0,32,0
126,2.0,46,40,247,0
2,8.0,0,0,0,0
1,2.0,0,16,13,1
0,12.0,0,1040,443,1
0,8.0,0,5,3,1
3,3.0,0,5,13,1
4,8.0,0,0,0,0
2,2.0,0,0,2,1
0,8.0,0,35,0,1
24,8.0,0,5,26,0
10,12.0,0,0,3,0
40,2.0,0,0,0,0
2,8.0,0,60,47,1
-1,8.0,0,11,14,1
112,4.0,0,0,2,0
92,9.0,10,80,86,0
0,8.0,0,4,2,1
0,2.0,0,5,1,1
3,9.0,0,0,0,0
-1,8.0,1,7,5,1
7,8.0,0,10,9,1
0,4.0,0,9,0,0
0,2.0,2,8,18,1
0,8.0,0,28,12,1
3337,8.0,0,0,15,0
643,2.0,345,501,796,0
56,8.0,6,225,207,1
16,9.0,0,0,0,0
0,12.0,0,3,1,1
406,8.0,0,0,25,0
0,2.0,0,4,8,1
-1,8.0,0,23,3,1
0,8.0,16,120,56,1
62,8.0,0,0,0,0
0,4.0,0,0,0,1
0,2.0,96,48,0,1
53,8.0,0,0,0,0
5,12.0,0,0,1,0
3,3.0,0,6,14,1
2,8.0,0,0,1,0
21,8.0,14,46,50,0
125,8.0,12,84,138,0
10,8.0,2,50,25,1
3,8.0,0,12,3,1
2,3.0,0,1,2,0
39,4.0,0,232,158,1
0,2.0,0,32,0,1
1800,8.0,0,0,1195,0
7,12.0,0,0,0,0
3,12.0,0,0,0,0
37,2.0,0,20,32,0
6,8.0,0,0,0,0
192,2.0,0,0,0,0
10,8.0,0,64,14,1
0,8.0,0,60,33,1
6,8.0,0,0,5,0
94,2.0,0,0,0,0
9,8.0,0,0,2,0
3,8.0,0,40,19,1
0,8.0,0,4,2,1
4,8.0,0,75,44,1
10,14.0,0,0,1,0
-6,8.0,0,33,9,1
1,2.0,0,72,12,1
0,8.0,0,94,69,1
8,8.0,0,20,12,1
2,8.0,0,12,12,1
23,8.0,0,93,108,1
245,8.0,0,0,1,0
6,2.0,0,0,0,0
7,8.0,0,15,12,1
0,5.0,0,14,0,1
-10,8.0,1,162,111,1
0,4.0,0,3,0,0
68,2.0,0,0,3,0
70,8.0,0,0,9,0
2,8.0,0,0,0,0
0,2.0,0,4,0,1
9,8.0,0,7,4,1
5,8.0,0,0,0,0
2,8.0,0,8,6,1
56,12.0,0,3,8,0
0,8.0,0,8,7,1
0,4.0,0,0,0,0
6,2.0,0,0,5,1
5,8.0,0,0,3,0
592,8.0,0,0,0,0
6,8.0,0,0,0,0
3,12.0,0,0,0,0
21,8.0,0,0,2,0
12,9.0,0,0,0,0
5,8.0,0,0,6,0
49,8.0,0,0,0,0
1,8.0,0,9,9,1
3,8.0,0,9,3,0
135,52.0,0,0,2,0
26,8.0,0,0,17,0
6,8.0,0,19,15,1
2,8.0,0,0,0,0
4,8.0,0,89,70,1
9,2.0,0,7,8,1
1,9.0,0,1,1,1
149,8.0,0,0,17,0
3,16.0,0,0,1,0
2,8.0,0,0,7,1
12,2.0,0,0,0,0
6,2.0,0,9,26,1
3,8.0,0,100,20,1
2,8.0,2,11,13,1
5,8.0,0,5,3,1
0,8.0,0,3,4,1
0,2.0,1,2,3,1
328,12.0,0,0,12,0
2,9.0,0,0,0,0
38,8.0,0,2,33,0
-1,8.0,0,66,35,1
41,8.0,3,35,43,0
1386,8.0,253,0,752,0
30,12.0,0,205,175,1
31,8.0,5,45,42,0
6,4.0,0,0,1,0
4,8.0,0,0,0,0
-2,8.0,0,9,0,1
0,2.0,0,3,0,1
2,8.0,0,0,2,0
8,12.0,20,76,140,1
0,12.0,0,1,0,1
10,9.0,0,0,5,0
19,2.0,0,0,15,1
13,8.0,8,491,291,1
22,8.0,0,0,0,0
24,2.0,0,0,1,0
0,8.0,0,9,5,1
8,8.0,0,0,2,0
1,8.0,0,0,0,0
3,8.0,0,18,17,1
4,8.0,0,0,0,0
5,4.0,0,7,16,1
-1,12.0,0,16,7,1
0,8.0,0,4,4,1
0,2.0,0,30,1,1
22,8.0,0,0,2,0
14,12.0,0,0,0,0
9,9.0,0,0,1,0
94,12.0,0,8,18,0
42,2.0,1,475,207,1
0,8.0,0,8,3,1
23,8.0,25,0,23,0
0,2.0,0,10,0,1
0,8.0,0,6,0,1
1,12.0,0,52,45,1
67,12.0,0,0,2,0
3,8.0,0,0,0,0
3,2.0,0,3,4,1
10,8.0,10,0,8,0
202,4.0,109,137,178,0
0,2.0,0,11,0,1
4,2.0,0,3,5,1
6,2.0,0,0,0,0
6,8.0,0,8,14,1
1,2.0,0,3,2,1
0,2.0,0,5,4,1
283,8.0,2,0,45,0
72,4.0,0,0,22,0
6,8.0,0,23,38,1
2,9.0,0,4,6,1
13,9.0,0,0,0,0
5,8.0,0,0,0,0
0,4.0,0,0,2,1
11,2.0,0,0,0,1
5,8.0,0,24,19,1
1,8.0,0,12,8,1
1,2.0,0,3,5,1
3,2.0,0,10,0,0
4,10.0,0,0,0,0
9,2.0,0,0,1,1
116,8.0,39,414,391,1
0,12.0,0,4,0,0
118,2.0,60,125,182,0
0,12.0,1,5,7,1
0,9.0,0,5,2,1
9,12.0,0,0,0,0
-1,8.0,0,14,47,1
8,8.0,0,0,5,0
143,2.0,0,0,14,0
-2,8.0,0,12,0,1
158,8.0,1,0,7,0
33,8.0,0,0,7,0
7,8.0,0,7,5,0
-1,8.0,0,14,46,1
95,2.0,0,0,21,0
11,2.0,0,15,10,1
0,8.0,0,0,0,0
1,8.0,0,0,0,1
6,4.0,0,0,3,0
159,2.0,0,0,16,0
3,8.0,0,9,10,1
33,8.0,0,0,0,0
-7,8.0,0,37,22,1
3000,8.0,0,0,1,0
1,2.0,0,24,21,1
10,2.0,0,10,13,1
0,2.0,0,1,0,1
0,2.0,1,3,5,1
0,2.0,0,4,0,1
18,8.0,0,18,15,0
58,12.0,0,0,15,0
15,2.0,0,0,0,0
45,8.0,0,0,12,1
2,8.0,0,12,4,1
2,2.0,0,0,1,0
198,8.0,3,1040,620,1
1062,9.0,7,418,663,0
11,2.0,0,0,0,1
1,8.0,0,0,1,0
9,2.0,0,0,1,1
100,8.0,0,500,302,1
-1,9.0,0,11,22,1
1,9.0,0,15,3,1
16,8.0,0,0,0,0
2,2.0,0,300,13,1
0,8.0,0,5,6,1
7,8.0,0,0,0,0
0,10.0,0,21,12,1
0,3.0,0,5,3,1
48,8.0,0,0,1,0
7,2.0,0,0,4,0
7,8.0,0,0,0,0
1,3.0,0,155,130,1
104,9.0,16,165,148,0
63,4.0,0,0,3,0
0,2.0,0,16,11,1
40,52.0,0,0,24,0
4,8.0,0,0,0,0
20922,8.0,0,0,107,0
3,2.0,0,196,121,1
-152,12.0,0,615,299,1
14,12.0,46,124,134,1
25,12.0,3,1320,559,1
3,0.0,0,12,16,1
108,8.0,0,0,0,0
84,9.0,0,46,44,1
1020,12.0,32,553,1132,0
0,8.0,0,10,7,1
50,2.0,0,0,2,0
0,2.0,0,87,0,0
2,8.0,0,4,8,1
2,2.0,0,6,6,1
18,2.0,0,100,38,1
9,8.0,0,0,0,0
4,2.0,0,5,14,1
1,2.0,0,132,46,1
5,8.0,0,0,4,1
0,8.0,0,9,8,1
3,12.0,0,0,0,0
628,8.0,24,48,442,0
3,12.0,0,0,0,0
50,8.0,0,0,16,0
175,2.0,478,444,540,0
0,8.0,0,3,4,1
1,8.0,1,2,3,1
1,12.0,0,3,2,1
10,2.0,0,15,0,0
1,8.0,0,0,0,0
347,8.0,0,0,0,0
3,12.0,0,0,0,0
3,4.0,0,2,0,0
0,12.0,0,11,0,0
0,8.0,0,24,25,1
423,8.0,0,0,4,0
0,4.0,0,7,8,1
49,8.0,0,0,1,0
0,8.0,0,52,0,1
647,8.0,23,0,264,0
209,2.0,0,0,0,0
0,2.0,4,3,4,1
7,9.0,0,0,0,0
75,8.0,1,363,300,1
743,52.0,0,0,65,0
6,8.0,0,350,151,1
0,2.0,0,1017,0,1
5,2.0,0,0,0,0
0,12.0,0,9,2,1
5,4.0,0,0,5,1
4995,52.0,0,0,0,0
0,2.0,0,4,0,1
0,12.0,0,5,6,1
5,2.0,0,0,0,0
58,4.0,13,0,3,0
5,8.0,0,0,0,0
0,4.0,0,0,0,1
1,12.0,0,50,33,1
0,8.0,3,0,7,1
20,2.0,3,432,237,1
11,12.0,0,0,9,1
249,12.0,0,0,8,0
0,8.0,1,6,8,1
101,2.0,26,70,108,0
2,12.0,0,10,12,1
22,8.0,0,0,0,0
6,4.0,0,0,1,0
0,2.0,0,5,0,1
3,12.0,0,15,19,1
385,12.0,0,0,31,1
99,2.0,0,0,526,1
6,9.0,0,12,8,0
2,8.0,0,112,75,1
0,8.0,0,3,4,1
3,8.0,3,14,17,1
5,8.0,0,25,25,1
0,8.0,0,40,17,1
5,2.0,0,7,5,1
7,4.0,0,0,0,0
3,8.0,0,2,6,1
26,8.0,0,0,0,0
9,8.0,0,29,39,1
11,2.0,3,432,238,1
10,8.0,0,0,0,0
0,12.0,0,1,0,1
13,12.0,5,0,0,0
46,2.0,8,79,72,1
9,8.0,0,0,5,0
15,8.0,0,120,99,1
19,8.0,0,0,0,0
9,8.0,0,0,0,0
1,3.0,4,4,4,1
626,8.0,24,1152,1404,0
109,8.0,2,0,33,0
0,4.0,3,1,0,1
13,4.0,0,27,28,1
57,2.0,0,3,33,1
371,8.0,0,400,9,0
39,8.0,2,50,41,0
20,2.0,0,0,0,0
13,12.0,0,0,0,0
8,12.0,0,0,3,0
25,12.0,1,744,571,1
19,2.0,0,0,0,0
5380,8.0,0,0,4,0
4,2.0,0,4,7,1
1,8.0,0,1,1,0
118,2.0,13,210,242,0
16,8.0,0,0,6,0
0,8.0,0,3171,1,1
7,12.0,0,0,0,0
8,2.0,6,37,18,1
14,8.0,0,0,5,1
0,2.0,0,9,0,1
0,8.0,0,4,8,1
-7,8.0,12,844,618,1
8,2.0,0,0,0,0
35,9.0,4,6,14,0
7,2.0,0,0,1,0
137,12.0,0,0,58,0
1,10.0,0,1,2,1
6,2.0,0,19,23,1
0,8.0,0,16,11,1
8,2.0,0,0,0,0
36,12.0,0,9,4,0
2,9.0,2,14,8,1
0,8.0,0,8,8,1
0,8.0,0,4,1,1
22,8.0,0,0,1,0
1,14.0,0,8,0,1
26,8.0,0,0,9,0
1051,8.0,0,0,0,0
2,8.0,0,13,8,1
15,2.0,0,0,26,1
0,12.0,0,205,0,1
11,4.0,0,0,0,0
10,8.0,0,92,53,1
12,8.0,0,0,2,0
7,8.0,0,8,14,1
3359,2.0,14,0,94,0
42,2.0,0,44,47,1
114,4.0,104,17,74,0
2,8.0,0,0,0,0
3,8.0,0,19,8,1
0,2.0,0,16,0,1
6,4.0,0,0,0,0
14,8.0,0,0,0,1
64,9.0,0,0,2,0
0,2.0,1,3,5,1
8,2.0,0,0,1,0
46,8.0,20,1904,1670,1
4,8.0,0,0,4,0
0,2.0,0,111,4,1
5,8.0,0,0,0,0
68,4.0,100,0,31,0
0,2.0,0,538,3,1
0,8.0,0,1,1,1
47,8.0,25,139,145,0
12,2.0,0,0,0,0
-18,8.0,1,502,345,1
4,8.0,0,0,4,1
21,8.0,0,48,38,1
106,8.0,34,1100,587,1
5,8.0,0,0,0,0
0,8.0,0,5,5,1
1,8.0,0,10,13,1
-2,8.0,3,15,25,1
5,2.0,0,0,12,1
0,9.0,0,3,1,1
2,14.0,0,20,23,1
4,9.0,0,1,0,0
3,2.0,0,80,45,1
267,8.0,20,435,489,1
91,9.0,0,160,123,0
0,8.0,0,5,6,1
0,12.0,0,7,7,1
0,2.0,0,0,0,1
516,8.0,0,0,183,0
14,2.0,0,21,21,0
21,8.0,0,18,14,0
3,8.0,0,5,5,1
0,2.0,0,5,0,0
2,8.0,5,110,39,1
88,8.0,0,1385,806,1
0,9.0,0,3,3,1
35,8.0,0,0,10,0
55,14.0,0,0,4,0
17,4.0,0,0,0,0
24,8.0,0,0,4,0
1,8.0,0,2,0,1
3,8.0,0,6,3,1
3,8.0,0,0,0,1
-23,8.0,0,173,192,1
10,8.0,0,58,11,1
1,12.0,0,0,0,0
70,52.0,0,0,4,0
0,9.0,0,9,1,1
11,9.0,0,0,2,0
2,8.0,0,0,0,0
3,8.0,0,89,41,1
144,8.0,0,0,47,0
7,2.0,0,15,9,0
0,2.0,0,6,2,1
6,2.0,0,3,13,1
3944,4.0,1310,7210,7244,0
128,2.0,0,0,0,0
9,9.0,9,6,16,0
12,2.0,12,0,0,0
4,8.0,0,9,10,1
17,4.0,37,31,50,0
0,8.0,0,12,16,1
0,2.0,0,40,0,1
0,12.0,0,16,12,1
163,2.0,21,126,114,0
388,2.0,230,480,562,0
81,8.0,0,132,0,0
128,8.0,0,0,7,0
1,12.0,0,69,38,1
0,8.0,0,0,0,0
92,8.0,0,26,25,0
1,2.0,2,2,2,1
2402,16.0,1,0,44,0
81,8.0,0,0,31,0
98,12.0,193,212,419,0
3,8.0,0,46,45,1
48,12.0,36,14,68,0
16,2.0,0,0,13,0
1,8.0,0,12,8,1
10,2.0,0,0,6,1
3,8.0,0,0,0,1
31,8.0,11,8,25,1
48,8.0,0,0,0,0
9,8.0,2,8,11,0
53,2.0,0,60,28,0
0,8.0,0,3,2,1
36,0.0,0,655,447,1
17,2.0,0,36,17,1
13,8.0,0,0,1,0
140,8.0,69,17,70,0
3,2.0,0,0,0,0
0,2.0,0,233,0,1
51,8.0,0,0,13,0
0,8.0,0,1,5,1
61,8.0,0,0,13,0
58,8.0,20,60,44,0
320,3.0,132,570,624,0
1,8.0,0,1,1,1
11,8.0,0,0,5,1
318,8.0,95,263,316,0
19,8.0,0,1,4,0
159,9.0,0,3,85,0
7,8.0,0,0,0,0
225,8.0,0,0,0,1
3,2.0,0,1,3,1
79,2.0,16,58,66,0
1260,9.0,0,0,0,0
7,12.0,0,30,16,1
2,2.0,0,0,2,1
660,8.0,5,320,431,0
29,2.0,0,0,0,0
51,8.0,0,0,0,0
138,8.0,87,524,209,0
63,8.0,0,0,0,0
11,2.0,0,0,0,0
6,8.0,0,0,0,0
0,2.0,0,200,6,1
246,8.0,0,0,0,0
0,14.0,0,12,0,1
0,2.0,0,40,0,1
0,8.0,0,11,11,1
1,8.0,0,1,3,1
2,9.0,0,1,1,0
0,2.0,0,65,0,1
69,0.0,0,0,0,0
41,8.0,0,0,0,0
2,12.0,0,0,0,0
26,8.0,0,0,0,0
0,8.0,0,5404,0,1
18,12.0,142,0,47,0
1,9.0,0,3,18,1
-2,8.0,0,8,1,1
14,8.0,0,0,0,0
819,12.0,0,0,0,0
1,4.0,0,30,6,1
2,3.0,0,0,0,1
6,8.0,0,18,7,1
2,8.0,0,99,10,1
0,8.0,0,2,1,0
0,8.0,0,21,0,0
1,3.0,0,2,1,1
0,8.0,0,30,16,1
0,8.0,0,41,22,1
11,6.0,0,84,35,1
1,4.0,0,8,9,1
19,8.0,0,0,0,0
454,2.0,97,540,894,0
5,8.0,0,81,46,1
2,2.0,0,10,4,1
49,8.0,0,0,4,0
25,2.0,0,778,153,1
421,2.0,104,470,527,0
1,8.0,0,0,1,1
805,2.0,174,720,809,0
3,8.0,0,0,1,0
3,0.0,5,216,138,1
35,2.0,0,0,6,0
0,9.0,0,4,3,1
1099,8.0,0,0,0,0
299,2.0,13,628,83,1
7,8.0,0,0,0,0
77,4.0,24,1359,787,1
10,12.0,0,0,0,0
1,8.0,0,1,2,1
3,8.0,0,0,0,0
4,8.0,0,0,1,0
0,8.0,0,8,6,1
0,4.0,0,1519,0,1
10,8.0,3,6,20,1
1,8.0,1,57,2,1
0,12.0,0,204,0,1
2,8.0,0,20,10,1
9,8.0,0,0,1,0
11,0.0,0,6,11,1
-40,8.0,0,720,23,0
8,2.0,0,0,4,1
-11,12.0,0,33,5,1
5,2.0,0,0,2,0
2,9.0,0,0,0,0
0,12.0,0,30,0,1
3,12.0,0,0,0,0
151,2.0,0,0,66,0
13,2.0,0,20,26,0
7,8.0,0,10,9,1
1,12.0,0,4,2,1
29,8.0,0,0,2,0
3,8.0,0,0,0,0
0,2.0,0,12,12,1
211,2.0,0,0,16,0
123,2.0,0,0,58,0
1,8.0,0,9,12,1
11,12.0,0,42,31,0
3,4.0,0,0,6,1
150,8.0,0,0,24,1
1071,2.0,253,1260,993,0
1,8.0,0,0,0,0
-19,12.0,5,191,152,1
0,2.0,0,5,0,1
24,8.0,2,32,28,0
4,8.0,0,0,0,0
2,2.0,0,50,22,1
0,2.0,20,10,0,1
13,2.0,0,0,13,1
5,8.0,0,19,3,1
8,6.0,0,75,78,0
2076,8.0,102,0,1516,0
12,2.0,0,24,22,1
8,9.0,0,0,3,0
64,8.0,0,22,42,0
2,8.0,0,1,2,1
10,8.0,0,0,0,0
18,8.0,1,12,13,0
0,8.0,0,20,2,0
1,8.0,0,3,5,1
1,12.0,0,0,0,0
1482,8.0,721,815,1570,0
2840,8.0,507,1042,1558,0
0,2.0,0,0,0,1
191,8.0,0,0,0,0
0,2.0,0,2,0,1
0,52.0,0,25,0,1
0,8.0,0,24,6,1
25,4.0,0,0,7,0
113,8.0,0,0,0,0
18,8.0,0,45,38,0
0,2.0,0,188,0,0
0,12.0,0,6,5,1
0,8.0,0,2,3,1
4,8.0,0,0,1,0
3,8.0,0,11,10,1
11,6.0,0,19,10,1
-2,2.0,0,39,41,0
301,8.0,15,60,212,0
97,8.0,0,0,7,0
108,4.0,0,0,68,0
8,8.0,0,0,0,0
0,2.0,0,0,0,1
107,2.0,42,84,72,1
142,8.0,0,70,95,0
0,4.0,0,6,7,1
4,8.0,0,0,2,1
32,2.0,0,32,23,0
23,8.0,0,0,18,0
1,8.0,0,2,3,1
20107,8.0,0,4861,0,0
0,8.0,0,1,16,1
555,2.0,229,1183,695,0
23,8.0,0,0,3,0
8,2.0,0,2,5,1
1,8.0,0,8,0,1
-372,5.0,5,2416,1302,1
-1,8.0,26,521,310,1
5,8.0,0,25,15,1
0,3.0,0,10,15,1
30,8.0,0,0,52,1
0,2.0,0,0,0,1
7,8.0,1,16,25,1
785,2.0,477,1872,2138,0
2,9.0,0,0,0,0
4,2.0,0,2,11,1
0,2.0,0,368,0,1
1,3.0,0,9,4,1
0,4.0,0,4,0,1
10,8.0,0,0,1,0
-5,2.0,0,25,21,1
584,8.0,0,0,0,0
5,12.0,0,118,5,0
1,8.0,0,3,4,1
0,8.0,0,0,4,1
2,8.0,0,14,3,1
18,12.0,0,0,0,0
1,8.0,0,2,1,0
4,4.0,0,0,0,0
6,2.0,0,0,0,0
15,2.0,0,0,7,1
214,8.0,46,384,0,0
0,2.0,0,22,7,1
3,16.0,0,0,0,0
20,8.0,0,0,0,0
3,8.0,0,0,0,0
2,12.0,0,0,0,0
0,2.0,0,18,0,1
3,4.0,0,12,8,1
0,12.0,0,5,5,1
3,8.0,0,24,23,1
0,8.0,0,10,2,1
3,3.0,0,0,1,0
20,0.0,0,0,10,0
18,2.0,0,0,2,1
-13,2.0,0,108,81,1
206,8.0,0,0,0,0
0,2.0,0,0,0,0
0,2.0,0,18,0,1
1,2.0,0,8,4,1
4,8.0,0,0,4,1
8223,4.0,0,0,118,0
1126,8.0,0,0,64,0
15,8.0,0,0,25,1
11,8.0,0,0,4,0
21,8.0,0,0,0,0
32,12.0,0,0,15,0
4,8.0,0,0,0,0
0,8.0,0,34,19,1
13,8.0,0,0,0,0
3,9.0,0,2,5,0
1,8.0,0,0,0,0
0,4.0,0,0,8,1
0,8.0,0,7,7,1
0,8.0,0,3,8,1
4,2.0,0,2,0,0
6,4.0,0,0,18,0
2,8.0,0,32,23,1
2,12.0,0,0,3,1
3,8.0,0,14,8,1
2,2.0,0,10,1,1
40,2.0,0,0,1,0
0,8.0,0,1,1,1
0,2.0,0,56,0,1
5,2.0,0,8,13,1
11,8.0,0,12,9,1
1204,8.0,160,3059,0,0
0,2.0,0,4,0,0
31,3.0,0,0,10,0
1,8.0,0,0,0,0
11,8.0,0,7,13,1
0,2.0,0,0,3,1
0,2.0,0,0,0,1
7682,2.0,5859,576,4277,0
0,8.0,0,7,5,1
0,12.0,0,17,15,1
12,9.0,0,0,0,0
266,2.0,0,0,22,0
0,12.0,0,5,3,1
0,12.0,0,6,2,1
3,9.0,0,43,15,1
22,2.0,0,0,0,0
0,12.0,0,0,1,0
2,2.0,0,1,2,0
5,8.0,0,12,23,1
17,14.0,0,10,22,0
22,8.0,65,855,715,1
331,12.0,0,8,10,0
16,12.0,0,20,19,0
1,2.0,0,3,4,1
2,12.0,0,0,0,0
1,9.0,0,5,11,1
0,2.0,0,11,0,1
4,8.0,0,12,18,1
7,8.0,1,6,13,0
12,2.0,0,0,6,0
225,8.0,350,0,330,0
2,12.0,0,0,0,0
0,2.0,0,7,0,0
23,8.0,0,0,0,0
3,8.0,0,0,0,0
64,8.0,9,197,163,0
4,2.0,0,0,1,0
33,4.0,0,10,39,1
27,4.0,0,0,32,0
1,4.0,5,5,6,0
1,8.0,0,3,4,1
4954,52.0,0,0,10,0
13,8.0,0,20,20,1
77,8.0,1,60,68,0
1,2.0,0,12,4,1
10,4.0,0,0,0,0
0,9.0,5,10,11,1
1,12.0,0,1,0,0
11,12.0,5,0,25,0
2,9.0,0,0,0,0
18,8.0,0,18,13,1
18,8.0,0,220,154,1
5,12.0,0,30,18,1
2,12.0,2,1,2,1
34,8.0,0,0,0,0
-105,8.0,0,306,357,1
7,8.0,0,0,0,0
114,8.0,415,1330,1109,1
1,2.0,0,1,2,1
1,8.0,0,0,0,1
3,8.0,0,0,0,0
31,8.0,0,0,2,0
2,4.0,0,15,8,1
9,8.0,0,0,0,0
1,6.0,0,4,3,1
1,8.0,0,13,9,1
0,2.0,0,0,0,0
11,2.0,0,0,0,0
0,12.0,0,2,1,1
2,2.0,0,64,32,1
7,12.0,7,166,243,1
7,8.0,0,0,0,0
1,8.0,0,12,10,0
23,16.0,0,12,25,1
12,8.0,0,200,96,1
4,12.0,0,0,0,0
816,4.0,887,831,1307,0
4,8.0,0,18,14,1
35,8.0,0,0,6,0
3,8.0,0,5,2,1
-4,8.0,0,565,124,1
1,8.0,0,11,11,1
41,8.0,0,0,15,0
1,8.0,0,8,6,1
0,0.0,0,14,1,1
0,12.0,0,9,9,1
1,8.0,0,7,12,1
4,2.0,0,4,5,1
12,8.0,0,404,227,1
10,8.0,0,0,0,0
5,2.0,0,9,38,1
2,14.0,0,2,6,1
5,8.0,1,3,10,1
4,8.0,0,51,22,1
0,8.0,0,9,13,1
6,12.0,0,46,31,1
15,4.0,0,0,0,0
0,12.0,0,6,3,1
7,8.0,0,7,3,0
0,2.0,0,1,0,1
0,2.0,0,46,0,1
4,8.0,0,0,0,1
2,2.0,0,4,11,1
1,2.0,0,18,10,1
64,8.0,0,0,1,0
6,2.0,0,0,0,0
59,2.0,11,50,1,0
5,2.0,0,18,5,0
8,2.0,0,16,15,1
1854,8.0,0,0,19,0
12,2.0,0,0,0,0
46,4.0,0,0,5,0
0,4.0,5,2,0,0
1,9.0,1,4,7,1
34,8.0,2,0,6,0
42,2.0,0,0,8,0
29,12.0,0,0,0,0
15,2.0,0,20,27,1
0,2.0,0,168,0,1
0,9.0,0,8,1,1
10,10.0,0,0,0,0
237,8.0,0,390,0,0
0,2.0,0,5,0,1
3,3.0,0,1,1,1
1,8.0,0,3,4,1
6,12.0,0,11,10,1
14,8.0,0,14,13,1
21,8.0,0,0,0,0
9,4.0,0,16,26,1
17,12.0,0,19,25,0
2,8.0,0,3,3,1
17,2.0,0,0,0,0
4,12.0,0,0,0,0
8,2.0,0,0,1,1
11,8.0,0,0,0,0
0,8.0,0,7,2,1
14,2.0,0,0,6,0
-2,12.0,0,30,17,1
87,9.0,0,0,0,0
1,12.0,0,2,2,0
12,9.0,0,0,0,0
164,8.0,52,85,109,0
2,8.0,0,0,10,1
22,4.0,11,59,61,0
8,2.0,0,0,2,0
46,9.0,0,0,0,0
366,8.0,128,400,728,0
8,2.0,0,109,37,1
2,8.0,0,10,6,1
556,35.0,10,0,30,0
0,8.0,0,25,16,1
5,8.0,0,8,7,0
42,52.0,0,0,0,0
141,2.0,0,0,17,0
0,4.0,0,10,0,0
-30,8.0,0,290,147,1
10,9.0,0,42,17,1
17,8.0,0,0,0,0
1,2.0,0,0,0,0
8,2.0,0,0,1,0
918,8.0,616,1224,1761,0
0,2.0,0,30,9,1
6,9.0,0,0,0,0
0,8.0,0,3,2,1
7,2.0,0,50,0,0
50,12.0,0,0,6,0
0,8.0,0,1000,0,1
6,8.0,0,0,0,0
3,12.0,0,4,5,1
280,8.0,0,0,8,0
0,0.0,0,510,117,1
9,2.0,0,12,19,1
4,8.0,0,10,16,1
8,9.0,15,21,18,0
1,8.0,0,2,1,1
6,12.0,0,20,6,1
21,52.0,0,0,0,0
8,4.0,0,0,0,0
25,12.0,0,0,0,0
0,8.0,0,55,29,1
4,8.0,2,105,43,1
4,12.0,0,0,0,0
4,8.0,0,2,3,0
7,3.0,2,164,128,1
2,8.0,0,6,9,1
57,9.0,0,0,0,0
8,12.0,0,96,27,1
107,8.0,1,0,20,0
0,3.0,0,5,0,1
23,12.0,0,0,1,0
6,8.0,0,0,0,0
309,52.0,0,0,0,0
9,9.0,0,0,0,0
-1,8.0,0,42,24,1
8,52.0,0,0,0,0
0,12.0,0,0,0,0
1,9.0,0,42,30,1
2,8.0,0,34,34,1
2,8.0,0,0,0,0
17,6.0,0,86,43,1
3,8.0,0,30,24,1
4,8.0,0,35,29,1
0,12.0,0,14,6,1
7,2.0,0,25,12,1
50,8.0,0,20,2,0
2,8.0,0,2,2,1
146,8.0,27,248,77,0
0,8.0,0,94,2,1
5,8.0,0,18,7,0
6,8.0,0,0,0,0
9,2.0,0,0,14,0
11,2.0,0,0,0,0
79,2.0,0,0,0,0
6,8.0,4,8,8,1
3,2.0,0,0,0,0
54,8.0,0,0,2,0
108,8.0,18,24,47,0
2,9.0,1,1,5,1
1,8.0,0,50,8,1
0,2.0,0,5,0,1
2,17.0,0,1,0,0
7,9.0,0,0,1,0
0,4.0,0,11,0,1
10,8.0,0,24,15,1
6,9.0,0,0,0,0
69,2.0,4,438,179,1
0,12.0,0,190,0,1
0,9.0,0,1,0,1
7,8.0,0,43,25,1
7,2.0,0,0,0,0
0,8.0,450,150,0,1
24,8.0,0,35,22,0
4,3.0,0,3,6,1
-1,8.0,1,7,4,1
7,8.0,0,192,114,1
7,8.0,0,25,27,1
10,8.0,0,0,0,0
1,9.0,0,1,1,1
14,2.0,0,16,30,1
2,8.0,0,0,0,1
2,8.0,0,0,0,0
7,8.0,0,0,0,0
2,8.0,0,1,2,0
76,8.0,0,0,0,0
9,2.0,0,40,30,1
1,8.0,0,12,11,1
3,2.0,0,16,12,1
7,8.0,0,13,12,1
31,2.0,0,0,0,0
-1,0.0,0,26,18,1
5,8.0,0,15,15,1
3,2.0,0,19,9,1
-7,17.0,0,27,14,1
13,12.0,0,16,25,1
0,2.0,0,16,0,0
129,8.0,0,0,45,0
6,8.0,0,10,13,1
165,8.0,6,250,83,0
0,8.0,0,10,15,1
13,8.0,0,0,5,0
0,2.0,0,2,2,1
6,2.0,0,16,22,1
113,8.0,174,498,0,0
1,8.0,0,2,5,1
6,8.0,0,12,22,1
4,2.0,0,0,1,0
0,8.0,0,15,4,1
510,8.0,0,0,72,0
24,2.0,0,0,15,0
2,8.0,0,8,15,1
201,2.0,0,0,14,0
7,8.0,6,25,25,0
1,14.0,0,27,11,1
2,2.0,0,2,6,1
20,12.0,0,0,0,0
3,8.0,0,28,22,1
1012,8.0,0,0,0,0
16,8.0,0,0,2,0
58,8.0,0,120,41,0
86,2.0,0,180,79,0
0,8.0,0,24,13,1
3,8.0,0,26,7,1
211,0.0,0,0,0,0
24,8.0,0,0,0,0
6,9.0,0,0,0,0
0,2.0,0,11,0,0
0,2.0,0,0,0,1
0,8.0,0,50,8,1
9,2.0,0,0,0,0
15,0.0,0,434,79,1
-1,8.0,0,17,12,1
-4,8.0,0,23,6,1
3,12.0,0,0,0,0
22,9.0,0,195,76,1
-75,8.0,35,380,386,1
0,2.0,0,1,0,1
3,10.0,0,0,1,1
93,8.0,6,304,290,1
9,8.0,0,0,0,0
-5,8.0,0,87,129,1
0,2.0,0,13,4,1
1,12.0,0,10,13,1
0,2.0,0,3,0,1
0,8.0,0,236,155,1
12,12.0,0,0,0,0
2,2.0,0,7,5,1
7,4.0,0,0,3,0
0,2.0,0,2,2,1
8,12.0,7,0,0,0
54,4.0,0,76,38,0
76,12.0,0,8,21,0
15,9.0,0,0,7,0
21,8.0,0,0,2,0
2330,8.0,0,0,18,0
-16,8.0,0,793,504,1
10,4.0,0,0,0,0
110,0.0,0,545,329,1
-1,8.0,0,25,9,1
0,9.0,0,2,2,1
295,9.0,0,0,30,0
0,9.0,0,41,30,1
0,10.0,0,1540,0,1
0,2.0,0,5,0,1
3,8.0,0,0,1,0
107,8.0,3,0,22,0
21,2.0,0,32,68,1
470,8.0,580,380,622,0
2,8.0,0,1,1,0
0,5.0,0,12,0,1
3,8.0,0,0,0,1
5,8.0,0,51,23,1
43,8.0,0,0,11,0
13,2.0,0,0,9,0
1730,8.0,1,0,197,0
36,2.0,1,632,260,1
2,8.0,0,5,2,1
84,12.0,0,72,27,0
14,9.0,0,0,0,0
470,8.0,76,491,561,0
230,2.0,5,89,126,0
84,4.0,15,42,189,0
1,12.0,0,8,3,1
4,8.0,0,0,0,0
60,14.0,0,0,0,0
1112,2.0,246,0,754,0
25,2.0,0,0,0,0
15,2.0,0,0,4,0
45,8.0,51,371,321,1
90,8.0,38,0,58,0
42,12.0,0,36,55,1
4,2.0,0,2,12,1
0,2.0,0,5,0,1
594,8.0,0,324,665,0
3,2.0,0,0,3,1
0,2.0,0,9,59,1
6,8.0,0,0,0,0
0,2.0,0,15,0,1
6,2.0,0,0,4,0
12,8.0,0,0,1,1
148,12.0,0,0,0,0
83,8.0,2,0,32,0
144,2.0,112,144,1,1
6,12.0,0,0,0,0
2,8.0,4,20,16,1
138,52.0,0,0,4,0
0,12.0,0,22,9,1
0,12.0,0,6,2,1
3,8.0,0,0,0,0
0,9.0,0,2,2,1
3,8.0,0,0,0,0
3,12.0,0,0,0,0
32,10.0,0,0,19,0
1,8.0,0,9,11,1
2,2.0,0,12,12,1
7,4.0,0,0,0,0
10,4.0,0,0,0,0
2269,2.0,44,12283,7370,1
2,8.0,0,0,0,0
5,2.0,25,25,29,0
721,9.0,0,0,3,0
22,8.0,17,1443,774,1
10,12.0,0,0,0,0
12,2.0,0,12,17,1
2,9.0,0,0,0,0
57,4.0,0,0,24,0
10,2.0,0,16,20,1
2370,2.0,135,1500,1496,0
0,2.0,0,13,0,1
5,8.0,5,71,42,1
3,2.0,1,4,6,1
-64,8.0,0,120,106,1
5,8.0,0,0,9,0
6,8.0,0,0,0,0
2,12.0,0,20,10,1
2,0.0,0,3,6,1
4,8.0,0,9,7,1
519,8.0,163,300,330,0
9,2.0,0,48,91,1
65,2.0,0,0,1,0
1,8.0,0,24,16,1
10,8.0,4,42,27,0
1,9.0,0,10,11,1
1,8.0,0,4,2,1
1525,8.0,594,4090,2972,0
2,8.0,0,5,4,1
0,8.0,0,2,2,1
0,4.0,0,0,0,1
35,0.0,0,0,2,0
35,8.0,6,91,81,1
0,12.0,0,3,0,1
18,12.0,29,452,379,1
9,8.0,0,0,0,0
6,2.0,0,20,21,1
4986,2.0,0,0,0,0
10,2.0,0,0,1,0
0,2.0,0,0,0,1
79,2.0,0,0,14,1
0,2.0,0,6,6,1
1,2.0,0,2,2,1
214,2.0,0,0,50,0
176,3.0,0,0,0,0
558,8.0,0,0,6,0
1480,4.0,797,1745,1924,0
2,8.0,0,0,0,0
121,8.0,0,200,0,0
0,2.0,0,6,4,1
-3,12.0,0,179,96,1
19,2.0,0,15,6,0
0,9.0,0,9,3,1
0,8.0,0,60,1,1
25,8.0,0,0,0,0
13,2.0,0,0,0,0
10,4.0,0,0,0,0
0,12.0,0,0,0,1
24,2.0,0,45,27,0
0,2.0,0,6,10,1
36,8.0,0,0,0,0
0,2.0,0,44,0,1
9,2.0,0,0,0,0
11,2.0,0,0,0,0
93,4.0,64,0,13,1
3,4.0,0,0,0,1
4,2.0,0,2,2,0
200,9.0,0,0,0,0
0,12.0,0,6,1,1
19,2.0,0,32,36,1
2,8.0,0,2,2,0
0,2.0,0,5,0,1
11,9.0,0,0,2,0
2,2.0,0,2,2,1
9,12.0,0,0,0,0
0,4.0,0,12,4,1
5,8.0,0,21,2,0
628,8.0,305,0,7,0
1,12.0,0,0,2,0
8,4.0,0,0,0,0
1,8.0,0,18,9,1
2,2.0,6,6,4,1
1,2.0,0,3,2,1
21,0.0,0,24,0,0
3,2.0,4,28,64,1
19,8.0,0,4,22,0
3,8.0,0,16,15,0
206,8.0,12,528,661,0
14,8.0,0,32,13,0
11,3.0,43,57,115,1
2,8.0,0,12,3,1
2,8.0,0,25,21,1
110,4.0,0,0,0,0
7,12.0,0,0,0,0
6,8.0,0,4,4,0
0,2.0,0,10,0,1
0,8.0,0,10,7,1
10,17.0,0,6,7,0
2,8.0,0,1,1,1
1,8.0,0,0,0,0
228,12.0,28,100,164,0
0,12.0,0,5,5,1
50,8.0,0,500,145,1
5,8.0,0,0,1,0
-11,2.0,8,16,42,1
2,12.0,0,0,0,0
12,8.0,0,12,12,1
0,0.0,0,26,8,1
1,8.0,0,24,12,1
-2,8.0,5,15,10,0
11,8.0,0,0,3,0
3,2.0,0,0,2,1
11,8.0,0,730,314,1
51,8.0,24,160,295,1
117,2.0,0,288,257,1
0,8.0,0,1,1,1
0,8.0,3,6,3,1
0,2.0,0,14,0,1
424,8.0,34,138,214,0
0,2.0,0,4,0,1
1,9.0,0,1,1,1
23,2.0,0,0,0,0
3,8.0,0,22,25,1
1,12.0,0,61,51,1
6,12.0,0,11,6,1
1,8.0,0,6,4,1
5,8.0,0,3,7,1
2,8.0,0,30,5,1
-1,9.0,0,9,9,1
3,8.0,0,0,1,1
92,9.0,0,0,9,0
2,10.0,0,0,2,1
0,8.0,0,4,2,1
5,8.0,0,0,0,0
206,2.0,4,0,43,0
148,8.0,0,0,27,0
74,2.0,17,32,47,0
43,8.0,0,0,0,0
5,2.0,0,0,0,0
1,2.0,0,18,11,1
0,8.0,0,7,9,1
13,8.0,0,0,8,0
1,6.0,0,2,5,1
95,8.0,0,0,19,0
0,8.0,0,1,2,1
73,8.0,0,0,0,0
6,8.0,0,0,0,0
113,8.0,6,304,295,1
0,2.0,0,11,0,0
0,2.0,0,0,3,1
0,8.0,0,6,0,1
35,4.0,0,70,49,0
-1,8.0,0,40,35,1
5,9.0,0,4,13,0
583,17.0,0,0,0,0
2,4.0,0,17,1,1
14,8.0,33,117,211,0
21,2.0,0,0,0,0
29,2.0,0,0,18,0
5,9.0,0,0,0,0
1,8.0,0,4,7,1
32,2.0,0,0,1,0
-28,8.0,0,88,30,1
40,2.0,70,194,160,0
4575,8.0,1374,5792,4852,0
55,8.0,0,197,128,0
46,2.0,0,0,1,0
1,2.0,0,1,2,0
5,8.0,0,0,1,0
8,4.0,3,5,4,0
0,2.0,2,9,10,1
1,2.0,0,252,21,1
10,2.0,0,0,1,0
1,8.0,0,0,0,0
4,8.0,0,200,70,1
17424,8.0,0,0,28,0
0,8.0,0,0,8,0
7,8.0,0,453,303,1
1,8.0,0,16,14,1
10,4.0,0,0,0,0
3,8.0,0,30,16,1
0,8.0,0,13,12,1
9,2.0,0,21,44,1
16,8.0,10,241,3,0
0,12.0,0,30,15,1
1,12.0,0,21,3,1
11,8.0,1,0,13,1
19,12.0,0,12,10,0
5,2.0,0,0,0,0
2,8.0,0,6,5,1
5,8.0,0,0,0,0
2,8.0,0,5,9,1
0,8.0,0,9,3,1
0,2.0,0,5,0,1
12,8.0,0,35,22,1
161,9.0,2,71,47,0
10,4.0,0,0,0,0
204,8.0,0,0,12,0
11,10.0,0,0,6,0
154,8.0,0,0,23,1
44,8.0,0,60,62,0
19,8.0,0,0,0,0
90,4.0,0,0,16,1
2,9.0,0,0,1,0
208,12.0,6,0,54,0
1,2.0,0,4,10,1
2,2.0,0,14,13,1
2,12.0,0,0,0,0
2,8.0,0,2,4,1
0,12.0,0,46,28,1
0,8.0,0,1,2,1
1,3.0,0,2,2,1
3,2.0,0,11,7,1
11,2.0,0,0,0,0
7,2.0,0,0,9,1
0,2.0,0,20,0,1
1274,8.0,708,1700,1401,0
1,8.0,0,10,7,1
62,2.0,80,188,276,0
2,12.0,0,0,0,0
3,8.0,0,0,6,1
0,8.0,0,1656,0,0
7,8.0,0,9,5,1
0,8.0,0,4,13,1
7,12.0,0,0,1,0
13,4.0,0,0,22,1
48,8.0,66,3402,2623,1
2,8.0,0,1,3,1
0,8.0,0,2,3,1
114,2.0,0,40,39,1
0,8.0,0,4,6,1
0,9.0,0,14,7,1
18,8.0,0,30,45,1
1,2.0,0,7,9,0
1,8.0,0,2,7,1
78,8.0,6,156,177,0
3,4.0,0,0,0,0
3,9.0,0,0,2,1
2,8.0,0,0,0,0
0,3.0,0,2,2,0
153,4.0,58,1263,809,1
1,10.0,0,1,3,1
1,8.0,0,40,26,1
4,12.0,0,0,0,0
6,2.0,0,40,45,1
15,2.0,0,48,47,1
12,8.0,0,0,1,1
4,0.0,2,53,53,1
106,8.0,0,0,0,1
0,4.0,0,2,2,1
29,9.0,0,92,98,0
0,8.0,0,3,4,1
56,15.0,0,0,0,0
0,2.0,0,4,0,1
56,9.0,0,0,2,0
10,8.0,0,0,5,0
0,2.0,0,3,0,1
-1,8.0,3,82,60,1
22,4.0,0,0,0,0
8,12.0,0,0,5,0
9,8.0,1,19,28,1
0,2.0,0,5,0,1
2,12.0,0,18,9,1
1,4.0,0,0,0,0
68,2.0,0,0,7,1
138,8.0,0,0,19,0
0,6.0,0,40,21,1
12,8.0,0,0,6,0
177,2.0,0,0,55,0
2,8.0,0,0,8,1
1,12.0,0,0,1,1
5,2.0,0,8,18,0
2,9.0,0,8,9,1
0,8.0,0,10,11,1
2,8.0,0,39,17,1
20,8.0,0,0,7,1
0,2.0,0,12,4,0
1,12.0,0,43,23,1
11,52.0,0,0,0,0
2,12.0,0,29,5,1
3,8.0,0,0,0,0
0,8.0,0,7,1,1
2,0.0,1,20,36,1
110,52.0,0,0,75,0
560,8.0,0,0,26,0
6,8.0,0,0,3,0
0,12.0,0,10,12,1
2,8.0,0,0,0,0
0,2.0,0,10,0,1
11,2.0,0,20,18,1
500,2.0,0,0,0,0
2,2.0,0,1,10,1
11,4.0,0,0,0,0
31,2.0,0,105,40,1
3,9.0,0,0,0,0
15,4.0,0,0,2,1
2,12.0,0,0,0,0
0,2.0,0,7,3,1
45,2.0,8,42,72,0
16,8.0,0,30,18,0
0,2.0,0,5,0,1
0,9.0,0,14,12,1
3,2.0,0,2,0,0
0,8.0,0,16,13,1
12,4.0,0,0,4,1
229,8.0,0,1400,1730,1
33,12.0,0,0,0,0
17,8.0,0,0,0,0
0,4.0,0,93,0,1
0,12.0,0,0,0,0
113,8.0,227,457,0,0
5,8.0,0,62,40,1
0,3.0,0,12,5,1
-43,12.0,0,720,97,1
197,8.0,3,1268,809,1
2034,8.0,0,0,23,0
45,2.0,54,234,324,0
4,8.0,0,169,86,1
0,2.0,0,1403,0,1
2,14.0,0,0,2,0
1,8.0,0,14,21,1
15,9.0,0,0,0,0
78,2.0,0,0,0,0
6,2.0,0,0,5,1
0,4.0,0,9,6,1
11,2.0,0,61,34,1
4,2.0,0,13,12,1
265,8.0,0,98,218,0
5,9.0,0,5,11,1
38,9.0,0,0,0,0
42,8.0,0,0,13,0
0,2.0,0,2,0,1
1,8.0,0,4,4,1
30,8.0,0,477,233,1
2,8.0,0,200,68,1
21,4.0,0,0,4,0
56,8.0,6,406,235,1
7,9.0,0,0,7,1
0,9.0,0,3,2,1
4,8.0,0,0,0,0
5,12.0,0,0,0,0
0,2.0,0,4,0,1
0,8.0,0,1,2,1
8,9.0,0,0,0,0
9,2.0,0,0,2,1
20,2.0,0,0,4,0
4,8.0,0,0,0,0
61,8.0,4,109,74,0
0,8.0,0,0,0,0
3,8.0,0,0,0,0
2,2.0,0,2,5,0
0,8.0,0,0,0,0
4,2.0,0,12,23,1
5,12.0,0,0,0,0
5,8.0,0,0,0,0
265,2.0,120,600,384,0
3,2.0,0,0,1,1
77,52.0,0,0,0,0
11,8.0,0,10,9,1
2068,2.0,1012,3965,4174,1
-3,8.0,0,24,23,1
14,2.0,0,0,1,0
2,8.0,0,1,2,1
0,2.0,6,72,2,1
1,3.0,0,4,10,1
25,8.0,0,550,303,1
0,12.0,0,6,2,1
-12,8.0,0,259,149,1
6,9.0,0,0,0,0
4,12.0,0,0,0,0
5,9.0,0,4,9,1
37,8.0,0,0,22,1
2,8.0,0,0,0,0
0,8.0,0,0,0,0
1,2.0,0,60,23,1
8,8.0,0,0,0,0
1,8.0,0,3,3,0
434,8.0,0,0,2,0
4,4.0,0,0,1,0
9,8.0,0,0,0,0
7,8.0,2,498,130,1
44,8.0,44,540,356,1
9,4.0,0,0,12,1
39,2.0,14,10,23,0
11,4.0,0,0,0,0
1,9.0,0,5,12,1
0,8.0,0,3,2,1
2,2.0,0,1,3,1
13,8.0,6,16,14,0
2,12.0,0,0,0,0
31,2.0,0,25,24,1
61,4.0,39,15,575,0
38,2.0,0,0,4,0
3291,18.0,441,3360,4175,0
5,8.0,4,16,13,0
2,8.0,0,25,11,1
0,8.0,0,40,38,1
0,2.0,0,5,0,1
112,8.0,50,37,88,0
2,2.0,0,0,1,1
10,3.0,0,0,0,0
3,2.0,0,2,0,0
26,4.0,33,37,71,0
86,8.0,7,59,49,0
12,2.0,0,12,7,0
11,8.0,0,240,76,1
5,8.0,0,0,0,0
3,8.0,0,0,0,0
28,4.0,0,0,0,0
2,8.0,0,21,14,1
0,8.0,0,2,2,1
23,8.0,2,28,22,0
5,8.0,0,0,0,0
12,52.0,0,0,0,0
9,8.0,0,40,25,1
0,2.0,0,20,0,1
4,10.0,0,0,0,0
-3,12.0,0,17,5,1
6,9.0,0,0,4,0
6,5.0,0,15,0,1
6,2.0,0,22,27,1
21,2.0,0,0,39,1
0,2.0,0,5,0,1
123,2.0,0,100,104,0
190,9.0,0,240,169,1
10,8.0,0,0,0,0
16,8.0,0,0,0,0
6,4.0,0,0,15,1
0,12.0,0,40,24,1
32,8.0,0,0,3,0
10,2.0,0,0,2,1
0,2.0,0,2287,1,1
78,8.0,0,0,7,0
27,2.0,0,40,17,0
8,2.0,0,0,0,0
1,12.0,0,21,3,1
0,3.0,0,914,3,1
1,8.0,0,43,9,1
219,8.0,225,958,955,0
9,8.0,0,0,0,0
0,5.0,6,9,0,1
4,9.0,0,4,4,1
333,8.0,52,0,66,0
5,12.0,0,0,0,0
4,8.0,0,0,2,1
15,4.0,32,18,28,0
2,8.0,8,6,11,0
7,4.0,0,0,0,0
11,2.0,0,11,12,1
0,2.0,0,50,5,1
443,8.0,6,0,68,0
52,2.0,0,0,0,0
10,4.0,0,0,0,0
0,2.0,0,12,0,1
243,8.0,17,0,96,0
145,6.0,0,0,0,0
0,2.0,0,10,0,1
5,8.0,0,0,1,0
3,9.0,0,0,0,0
1,8.0,0,2,1,1
5,10.0,0,4,3,0
13,14.0,0,0,0,0
0,2.0,0,472,0,1
3,2.0,0,1,1,0
2,8.0,0,56,33,1
2,8.0,0,0,1,0
0,8.0,0,15,4,1
397,8.0,128,599,621,0
5,2.0,0,0,2,1
503,8.0,176,495,894,0
5,4.0,0,0,3,0
6,2.0,9,27,25,1
10,2.0,0,0,0,0
59,9.0,1,10,28,0
12,8.0,0,12,1,0
1,12.0,0,0,0,0
0,8.0,0,3,3,1
521,8.0,145,960,1169,0
6,4.0,0,0,1,0
62,0.0,0,51,15,1
2,3.0,0,4,8,1
149,52.0,0,0,0,0
53,12.0,0,0,101,0
171,12.0,0,0,1,0
23,8.0,0,0,9,0
0,12.0,0,0,0,1
0,2.0,108,630,0,0
0,8.0,0,23,12,1
269,8.0,0,0,4,0
5,8.0,0,10,5,0
1,8.0,1,12,11,1
2,4.0,0,0,6,1
22,2.0,0,0,0,0
1,2.0,0,3,2,1
2,2.0,0,25,10,1
5,9.0,0,0,0,0
0,8.0,0,238,0,1
5,2.0,0,0,0,0
9,8.0,2,84,67,1
532,8.0,128,384,486,0
0,8.0,0,3,4,1
3,8.0,1,84,59,1
0,4.0,0,259,4,1
0,2.0,0,4,0,1
19,2.0,0,0,5,1
0,2.0,0,121,0,1
-1,2.0,0,12,10,1
51,8.0,4,150,167,1
3,12.0,12,17,11,1
15,2.0,0,20,7,0
681,8.0,0,0,0,0
50,2.0,0,0,0,0
3,2.0,0,6,0,1
0,8.0,0,58,1,1
-1,2.0,0,8,2,1
0,9.0,0,3,4,1
2,8.0,0,0,0,0
55,2.0,0,10,45,1
68,2.0,0,24,84,1
5,4.0,0,5,6,1
9,2.0,0,16,7,1
133,8.0,0,10,17,0
132,6.0,23,123,180,0
3,6.0,0,0,0,0
29,9.0,0,0,6,0
4,16.0,0,54,35,1
1,4.0,0,2,3,1
10,2.0,0,20,7,0
3,15.0,0,0,0,0
0,8.0,3,4,7,1
0,8.0,0,21,15,1
1,8.0,0,1,3,1
304,8.0,0,0,8,0
3,2.0,0,0,0,0
2,8.0,2,3,4,1
0,12.0,0,24,19,1
490,8.0,355,786,717,0
0,2.0,0,2,0,1
6,2.0,5,5,15,1
9,9.0,6,0,35,1
2,12.0,0,0,0,0
49,8.0,0,229,476,1
281,52.0,0,0,1,0
2,2.0,0,4,9,1
3,12.0,0,0,0,0
0,4.0,0,0,0,0
15,12.0,0,0,0,0
1,2.0,0,1,2,1
83,2.0,0,0,0,0
3,2.0,1,5,14,1
17,8.0,8,130,142,1
109,2.0,30,330,316,0
70,2.0,115,300,501,1
314,4.0,406,202,296,0
0,2.0,10,30,27,1
0,8.0,0,7,8,1
3,8.0,0,6,6,1
4692,2.0,0,0,33,0
2,10.0,0,7,4,1
0,2.0,0,0,0,1
0,8.0,0,0,0,0
154,2.0,3,188,191,0
65,2.0,20,90,89,0
29332,8.0,180,855,11168,1
323,8.0,85,260,326,0
-2,8.0,0,41,25,1
7,4.0,0,0,0,0
2,12.0,0,0,0,0
11,2.0,0,0,0,0
75,8.0,0,0,0,0
0,8.0,0,3,4,1
10,2.0,0,5,13,1
1,8.0,0,68,34,1
1,8.0,0,0,1,0
23,8.0,0,60,32,1
31,8.0,0,148,130,1
4,2.0,1,3,5,1
20,13.0,0,12,48,1
4246,2.0,280,1566,3869,0
160,8.0,0,0,4,0
26,10.0,0,0,0,0
0,2.0,0,6,9,1
2,2.0,0,8,12,1
23,8.0,1,150,94,1
520,12.0,0,0,152,0
-1,2.0,0,40,18,1
0,12.0,0,4,3,1
1,8.0,0,1,3,1
49,8.0,0,10,0,0
4,8.0,0,0,4,0
75,8.0,0,0,2,0
5,8.0,0,9,4,0
9,12.0,8,0,0,0
12,8.0,22,485,276,1
0,8.0,0,13,10,1
-4,8.0,0,7,10,1
1,2.0,0,28,22,1
109,8.0,17,672,435,1
13,12.0,0,0,0,0
0,8.0,0,3,5,1
-3,8.0,0,746,441,1
13,4.0,8,12,16,0
0,8.0,0,30,17,1
-3,8.0,0,780,683,1
6,8.0,0,8,8,0
4,13.0,0,0,0,0
3,2.0,0,3,3,1
62,8.0,24,95,123,0
16,2.0,0,0,0,0
4,2.0,0,0,0,1
1,2.0,0,28,25,1
16,9.0,0,180,80,1
90,9.0,0,0,0,0
1346,12.0,156,990,1365,0
0,2.0,0,30,0,1
0,0.0,0,4,3,1
26,8.0,0,107,80,1
12,2.0,0,18,41,1
217,11.0,2,0,37,0
152,8.0,120,1001,859,1
113,8.0,6,0,45,0
2,2.0,4,7,10,0
770,4.0,336,300,491,0
341,2.0,0,0,4,0
2,2.0,0,0,0,1
27,2.0,0,0,37,1
816,2.0,453,300,641,0
0,14.0,0,12,0,1
7,12.0,16,168,114,1
5,12.0,0,0,0,0
1,9.0,0,0,0,1
11,2.0,0,10,2,1
0,4.0,0,23,21,1
551,8.0,29,1008,664,0
1,9.0,0,30,51,1
4,8.0,0,1,1,0
10,2.0,0,0,0,0
0,8.0,0,5,0,0
0,2.0,0,17,0,1
4,8.0,0,31,21,1
1,9.0,0,0,0,0
0,8.0,0,66,36,1
0,2.0,0,111,3,1
607,4.0,102,1023,1125,0
-1,8.0,0,24,14,1
15,2.0,0,0,13,0
0,2.0,0,10,0,0
2,4.0,0,0,4,1
0,2.0,0,75,44,1
7,2.0,0,0,0,0
4,2.0,0,1,0,0
13,8.0,7,131,139,1
48,8.0,0,0,0,0
13,8.0,0,47,25,1
0,8.0,0,5,0,1
5,2.0,0,0,0,0
1,2.0,0,13,12,1
253,8.0,0,0,248,0
2,9.0,0,0,1,0
102,8.0,0,0,3,0
3,2.0,0,54,35,1
0,2.0,0,0,0,1
7,8.0,0,12,0,1
0,2.0,0,0,0,1
1,2.0,0,10,7,0
3,8.0,0,0,0,0
2,8.0,0,8,9,1
0,9.0,0,0,44,1
0,2.0,0,20,0,1
2,2.0,0,150,104,1
0,4.0,0,13,0,1
3,2.0,0,10,0,0
0,9.0,0,3,2,1
338,2.0,34,580,510,0
0,8.0,0,3,18,1
0,8.0,0,5,0,1
54,8.0,5,50,51,0
1,3.0,0,17,11,1
13,8.0,0,0,4,0
1,9.0,0,3,70,1
-1,4.0,6,0,9,1
1,8.0,0,40,25,1
0,8.0,0,0,0,0
39,8.0,0,0,0,0
1,2.0,0,0,0,1
7,8.0,0,8,9,0
4,12.0,0,0,0,0
65,2.0,0,62,26,0
613,2.0,4,0,33,0
4,8.0,3,0,1,0
2,8.0,0,0,0,0
2,4.0,0,0,1,1
73,8.0,5,30,63,0
3,2.0,0,0,0,0
8,8.0,0,54,21,1
3,10.0,0,0,0,0
49,2.0,21,20,43,0
10,8.0,0,15,15,1
25,2.0,0,40,41,0
4,2.0,0,24,4,1
10,2.0,0,12,2,1
2,8.0,0,14,3,1
50,8.0,3,36,49,0
500,2.0,0,0,0,0
100,8.0,20,55,166,1
20,12.0,0,0,1,0
2,14.0,0,0,1,0
101,2.0,0,0,0,0
0,2.0,0,0,1,1
106,8.0,0,0,0,1
2,4.0,3,1,4,0
3,2.0,0,0,8,1
12,2.0,0,0,0,0
5,8.0,0,15,10,1
280,0.0,9,0,34,0
1,8.0,2,13,15,1
0,8.0,0,16,9,1
64,13.0,0,0,3,0
0,2.0,0,5,0,1
8,8.0,0,6,14,1
2437,2.0,0,0,119,0
1,2.0,0,3,5,1
10,2.0,0,0,15,1
2,4.0,0,0,0,0
1,8.0,0,0,1,1
0,8.0,0,25,12,1
3,9.0,0,0,0,0
2,8.0,0,5,4,1
8,8.0,0,16,9,0
0,2.0,0,6,0,1
10,8.0,0,0,0,0
99,2.0,84,822,361,1
2631,8.0,255,2930,106,0
3,8.0,0,10,15,1
2,12.0,0,0,0,0
-3,2.0,136,124,188,1
6,8.0,0,0,0,0
25,2.0,0,90,6,1
17,2.0,0,0,0,0
13,8.0,0,15,12,1
6,4.0,0,0,8,1
9,2.0,0,60,34,1
0,2.0,0,24,0,1
2,8.0,0,20,21,1
152,8.0,0,0,17,0
17,4.0,0,0,19,0
117,15.0,1,0,36,0
10,12.0,0,0,0,0
17,2.0,0,92,55,1
-3,8.0,0,17,17,1
10,8.0,0,0,0,0
2,8.0,0,5,4,1
2,12.0,0,4,10,0
22,8.0,1,0,7,0
0,8.0,0,3,3,1
22,4.0,0,0,1,0
0,8.0,0,0,0,0
9,8.0,0,28,28,1
0,4.0,0,100,22,1
12,10.0,0,0,4,1
0,2.0,0,10,4,1
2,8.0,0,34,16,1
1,8.0,5,15,20,1
3,2.0,1,0,5,1
159,8.0,69,163,165,0
5,12.0,0,0,0,0
0,8.0,0,33,17,1
14,15.0,0,123,73,1
5,9.0,0,0,2,1
57,8.0,0,0,6,0
627,2.0,238,1530,1771,0
0,2.0,0,6,1,1
88,8.0,28,18,41,0
78,8.0,0,0,6,0
501,2.0,0,0,1,0
5,8.0,4,6,12,1
3,8.0,0,92,96,1
81,8.0,0,504,38,0
1,8.0,1,0,1,0
2,8.0,0,10,14,1
0,2.0,0,25,0,0
54,8.0,1,45,55,0
4,12.0,0,0,0,0
1,9.0,0,0,1,1
41,8.0,12,207,209,0
2,2.0,0,50,5,1
4,12.0,0,14,24,1
3,12.0,0,0,0,0
60,8.0,2,276,272,1
1,8.0,0,0,6,0
4,2.0,0,18,2,0
2,3.0,0,16,2,1
3,2.0,0,0,1,1
-36,2.0,2,473,538,1
166,12.0,13,200,163,0
44,8.0,0,0,0,0
7,12.0,0,6,4,0
36,8.0,114,732,862,1
5,8.0,0,0,1,0
0,2.0,0,39,0,0
0,2.0,0,322,0,1
95,0.0,3,832,618,1
20,8.0,0,0,1,0
128,4.0,0,0,1,0
0,4.0,0,6,0,1
31,2.0,0,0,5,0
6,8.0,0,13,8,1
122,17.0,0,0,1564,1
126,2.0,28,851,344,1
9,8.0,0,0,0,0
10,8.0,0,38,23,0
4,8.0,0,38,36,1
103,8.0,0,0,10,0
30,15.0,0,0,0,0
4,9.0,0,5,10,1
6,8.0,0,0,4,1
0,8.0,0,13,12,1
31,2.0,0,0,0,0
114,4.0,34,51,68,0
3,8.0,0,2,4,1
0,9.0,0,4,4,1
10,2.0,0,0,0,0
0,12.0,0,17,11,1
2,8.0,0,1,1,0
1,8.0,0,0,0,0
0,2.0,0,5,0,1
33,2.0,0,0,1,0
3,8.0,2,0,31,1
35,8.0,0,0,2,0
4,2.0,0,90,4,1
1,8.0,0,40,47,1
610,2.0,0,0,10,0
28,8.0,0,57,59,1
0,4.0,0,5,1,1
0,8.0,0,60,47,1
16,4.0,7,0,6,0
225,2.0,30,270,271,0
0,8.0,0,10,6,1
1,8.0,0,14,10,1
0,2.0,0,3,0,1
0,8.0,0,7,5,1
168,8.0,4,0,35,0
0,2.0,0,20,0,0
113,2.0,0,56,58,0
17,8.0,0,14,11,1
18,8.0,0,0,2,0
78,8.0,0,0,1,0
-1,4.0,6,0,9,1
11382,2.0,24,0,135,0
24,8.0,0,32,39,0
0,8.0,21,5321,0,1
53,12.0,0,0,0,0
2,2.0,0,30,0,0
0,2.0,0,820,0,1
114,9.0,0,0,11,0
5,9.0,0,16,10,1
1,6.0,0,4,4,1
1,8.0,0,59,26,1
2,8.0,1,2,6,1
19,2.0,0,20,29,0
0,2.0,0,6,7,1
6,2.0,0,45,10,1
41,8.0,1,59,49,0
56,2.0,0,0,29,0
0,4.0,0,75,3,1
56,8.0,8,273,196,1
99,8.0,0,0,7,0
-7,17.0,1,27,15,1
2,8.0,0,8,7,1
0,4.0,0,5,0,1
10,4.0,0,0,0,0
52,12.0,4,201,148,1
10,2.0,0,25,11,0
16,12.0,0,0,1,0
2,8.0,0,0,0,0
30,2.0,0,0,0,0
56,8.0,25,186,149,1
1,8.0,0,3,7,1
2,2.0,0,1,0,1
45,8.0,0,268,97,0
234,8.0,2,0,31,0
3,2.0,0,8,0,0
10,12.0,0,0,0,0
6,2.0,0,0,5,0
132,9.0,0,0,3,0
1,2.0,0,6,7,1
9,8.0,0,0,0,0
53,8.0,0,0,7,0
116,12.0,0,0,0,0
16,2.0,0,30,26,0
12,13.0,5,10,15,0
2,9.0,0,0,0,0
13,12.0,0,0,0,0
3403,2.0,330,4200,3972,0
1,8.0,0,4,5,1
3,12.0,0,0,0,0
7,8.0,0,146,64,1
0,4.0,0,12,0,1
4,8.0,0,41,50,1
39,8.0,0,28,38,0
62,12.0,0,0,0,0
69,2.0,0,0,0,0
1,8.0,0,3,4,1
21,2.0,0,11,10,1
4,2.0,0,0,2,0
77,12.0,12,12,37,0
9,9.0,0,0,6,0
-1,12.0,0,6,4,1
14,9.0,0,78,63,1
6,8.0,0,18,12,1
191,12.0,5,0,38,0
0,4.0,0,0,0,1
1,12.0,1,1,0,0
15685,2.0,4964,16704,18783,0
0,4.0,0,13,0,1
1,12.0,0,1,1,0
3,8.0,0,0,8,1
13,8.0,0,0,0,0
0,12.0,0,3,2,1
2,4.0,0,0,1,1
1,8.0,1,104,6,1
0,8.0,0,86,92,1
8,4.0,1,6,0,0
0,12.0,0,10,6,1
0,2.0,0,42,1,1
24,4.0,0,0,11,0
5,8.0,0,24,4,0
183,8.0,0,27,86,0
6,2.0,6,37,20,1
4,2.0,0,0,1,0
6,8.0,59,372,284,1
0,8.0,0,9,4,1
1,8.0,0,0,0,0
6,8.0,0,0,1,0
4,2.0,0,6,3,0
4,2.0,0,5,8,1
0,2.0,0,5,0,0
0,12.0,0,204,0,1
-7,8.0,0,77,42,1
18,8.0,0,0,5,0
0,8.0,0,7,5,1
19,12.0,0,0,8,0
1,9.0,0,4,10,1
10,2.0,0,0,0,1
8,2.0,0,48,23,1
9,8.0,5,0,2,0
0,8.0,2,246,203,1
4,8.0,0,20,14,0
54,10.0,23,125,111,0
1,9.0,0,10,10,1
0,8.0,0,0,0,0
0,2.0,0,4,0,1
176,2.0,232,90,229,0
1,8.0,1,0,1,0
28,2.0,0,0,0,0
5,13.0,0,0,0,0
3,12.0,0,14,23,1
5,2.0,0,10,7,0
4,8.0,0,0,0,0
6,4.0,0,0,0,0
11,8.0,0,0,0,0
0,12.0,0,31,15,1
139,8.0,7,240,264,0
0,4.0,0,9,6,1
3,8.0,0,12,14,1
97,2.0,1,144,133,0
46,8.0,0,0,29,0
2,8.0,0,8,2,1
23,8.0,0,0,0,0
2,2.0,0,0,1,1
12157,2.0,70,0,3262,0
5,12.0,0,0,0,0
2,12.0,0,0,0,0
325,8.0,3960,660,373,0
0,8.0,0,31,27,1
15,15.0,0,13,11,0
-1,8.0,0,41,22,1
0,9.0,0,3,2,1
5,8.0,0,0,3,0
0,8.0,0,11,11,1
85,8.0,64,1093,903,1
10,8.0,0,0,0,0
0,8.0,0,2,2,1
2,8.0,0,1,2,1
20,2.0,0,4,0,0
3,2.0,0,0,0,0
27,8.0,0,0,0,0
19,2.0,0,10,44,1
36,8.0,0,0,0,0
0,2.0,0,8,0,1
47,52.0,0,0,0,0
15,8.0,0,0,0,0
1,8.0,0,0,1,0
9,3.0,0,0,0,0
19,12.0,0,0,0,0
1,2.0,0,1,0,0
0,2.0,0,100,55,1
34,2.0,0,0,2,0
-1,0.0,0,26,15,1
22,8.0,0,140,89,1
158,8.0,0,0,0,0
14,2.0,0,0,2,0
0,9.0,0,5,0,0
920,9.0,0,0,2,0
702,8.0,3,147,82,0
306,2.0,26,123,228,0
19,2.0,0,5,23,1
886,16.0,385,5742,3334,0
0,2.0,0,2,0,1
154,8.0,40,110,123,0
2,8.0,0,10,5,1
10,4.0,0,0,0,0
305,8.0,0,0,5,0
9,8.0,0,0,0,0
18,2.0,0,20,17,1
272,2.0,39,2160,288,1
46,12.0,4,224,172,1
0,2.0,0,7,0,1
2,12.0,0,11,12,1
31,4.0,0,0,14,0
0,12.0,0,6,6,1
5,8.0,0,0,12,0
9,2.0,0,10,28,1
7,8.0,0,11,17,1
0,12.0,0,62,0,1
15,8.0,0,0,11,0
200,8.0,0,0,20,0
4,2.0,0,24,20,1
4,2.0,0,6,5,1
3,8.0,0,0,0,0
7,0.0,0,480,131,1
245,8.0,37,58,203,0
-1,9.0,0,11,18,1
4,8.0,0,0,2,1
30,3.0,0,30,0,0
3,2.0,0,13,5,1
3,8.0,0,6,11,1
3,8.0,0,5,11,1
31,8.0,0,0,0,0
5,2.0,0,0,0,1
8,8.0,0,6,13,1
0,12.0,0,9,6,1
0,2.0,0,5,0,1
606,8.0,0,250,0,0
4,12.0,0,6,11,1
30,4.0,0,0,30,0
82,2.0,0,410,661,1
6,2.0,1,12,9,0
7,8.0,0,27,11,0
1,9.0,0,1,1,1
20,0.0,0,0,3,0
13,12.0,5,0,0,0
8,8.0,0,8,9,1
714,8.0,0,0,13,0
6,8.0,0,55,40,1
0,8.0,0,2,0,1
1,8.0,0,1,2,0
4,8.0,1,3,3,0
55,4.0,0,0,71,0
13,8.0,0,29,29,1
1,8.0,0,80,28,1
4,8.0,0,0,0,0
1,12.0,0,10,1,1
12,8.0,0,24,15,1
0,8.0,0,4,4,1
0,2.0,0,4,0,1
142,2.0,0,0,4,0
58,12.0,0,0,105,1
-8,8.0,0,37,19,1
0,12.0,1,0,5,1
0,8.0,0,16,8,1
6,9.0,0,0,0,0
11,9.0,0,0,4,0
25,4.0,0,0,3,0
19,8.0,0,428,373,1
12,8.0,0,0,4,0
2,8.0,0,3,5,1
1,8.0,0,3,4,1
1,2.0,0,1,0,0
10,4.0,0,0,0,0
0,8.0,0,18,15,1
1,8.0,0,19,9,1
8,9.0,0,0,0,0
0,9.0,0,2,2,1
9,2.0,0,0,0,0
0,2.0,0,1409,0,1
11,4.0,0,0,0,0
2,8.0,0,38,35,1
7,8.0,6,172,132,1
0,2.0,0,5,2,1
17,8.0,16,115,87,0
11,8.0,2,0,9,0
-36,12.0,1,355,128,1
2,8.0,0,5,4,1
0,12.0,0,49,53,1
10,8.0,0,0,0,0
1,8.0,0,5,6,1
159,8.0,41,260,277,0
261,2.0,0,0,7,0
7,8.0,0,1,1,0
3,8.0,0,55,42,1
42,8.0,0,0,8,0
4,12.0,0,0,0,0
3,8.0,0,12,14,1
345,4.0,261,1360,1097,0
1,8.0,0,17,5,1
44,8.0,6,175,160,1
0,2.0,0,0,0,1
31,2.0,0,0,3,1
15,4.0,0,0,2,0
0,9.0,0,8,85,1
4,2.0,0,0,1,1
18,2.0,0,0,2,1
10,2.0,0,0,0,0
-5,52.0,0,0,11,1
2,9.0,0,0,0,0
0,5.0,0,16,0,1
0,2.0,0,0,0,0
6,8.0,0,70,29,1
6,8.0,0,0,6,1
11,2.0,0,0,0,0
770,8.0,0,0,16,0
224,2.0,0,0,12,0
22,9.0,15,0,15,0
5,2.0,0,0,3,1
14,2.0,0,0,0,0
322,8.0,22,20,200,0
-1,8.0,4,628,321,1
28,15.0,0,0,23,1
5,2.0,0,18,33,1
6,12.0,0,0,0,0
2,8.0,0,8,7,1
2,8.0,1,39,40,1
22,8.0,0,135,36,0
0,8.0,0,1,1,1
2,12.0,0,0,0,0
5,12.0,0,0,0,0
7,8.0,0,0,0,0
1391,9.0,10,0,176,0
0,2.0,0,5,3,1
160,8.0,0,3000,85,0
0,2.0,0,500,0,0
4,8.0,0,0,1,0
5,8.0,0,0,0,0
1,8.0,1,24,16,1
0,8.0,0,6,0,1
8,8.0,0,76,78,1
76,8.0,5,40,39,1
3,8.0,0,0,0,0
1,8.0,0,0,3,0
12,2.0,10,15,10,0
0,12.0,0,5,0,1
16,8.0,0,0,4,0
1,9.0,0,2,3,1
4,8.0,0,0,1,1
1,12.0,0,21,3,1
5,12.0,0,0,0,0
5,8.0,0,0,0,0
0,8.0,0,7,0,1
62,8.0,0,443,453,0
0,12.0,10,18,23,1
38,4.0,0,36,44,0
5,2.0,0,9,6,1
124,12.0,0,0,5,0
3,4.0,0,0,0,0
13,2.0,0,25,19,0
38,8.0,0,0,0,0
8,3.0,0,0,5,0
0,8.0,0,25,3,1
74,2.0,0,0,20,0
13,8.0,0,30,38,0
702,8.0,80,247,901,0
108,2.0,0,0,0,0
15,8.0,0,0,0,0
1,9.0,0,2,3,1
21,8.0,0,0,4,0
10,12.0,0,0,0,0
0,9.0,0,2,0,1
2,12.0,0,42,35,1
898,4.0,12,0,125,0
0,4.0,0,13,0,1
15,8.0,0,0,0,0
305,8.0,0,0,5,0
3,2.0,0,1,17,1
3,8.0,0,0,0,0
11,2.0,0,0,0,0
16,9.0,0,0,1,0
3,12.0,0,0,0,0
0,8.0,0,2,1,1
160,2.0,74,189,213,0
13,12.0,0,21,24,1
8,2.0,2,0,18,1
15,8.0,0,112,39,1
3,8.0,0,0,0,0
5,12.0,0,0,0,0
86,12.0,0,0,0,0
56,8.0,0,0,1,0
980,8.0,0,0,0,0
0,8.0,0,10,5,1
54,12.0,0,0,1,0
2,8.0,0,2,3,0
0,9.0,0,32,14,1
7,9.0,0,0,0,0
2,3.0,3,0,0,1
430,8.0,0,0,14,0
5,2.0,1,2,5,1
9,8.0,1,6,5,0
0,8.0,0,21,15,1
63,8.0,0,0,11,0
20,8.0,0,0,78,1
19,3.0,0,0,2,1
3,2.0,0,0,0,0
11,2.0,0,20,4,0
169,12.0,0,0,16,0
0,9.0,0,10,11,1
569,8.0,2,560,378,0
76,8.0,3,1268,827,1
0,3.0,0,12,7,1
6,8.0,0,0,0,0
0,9.0,0,0,1,1
3,8.0,0,0,1,1
5,8.0,0,3,2,0
12,2.0,0,0,0,0
3,8.0,0,40,30,1
0,8.0,0,6,5,1
0,12.0,0,2,0,0
0,8.0,0,10,12,1
7,2.0,0,0,2,1
1,8.0,0,12,6,1
2,16.0,0,0,0,0
564,4.0,0,0,6,0
4,2.0,0,16,13,1
70,8.0,0,404,223,1
1,2.0,0,2,2,1
2,12.0,0,185,5,1
0,2.0,0,28,0,1
8,8.0,0,0,0,0
8,4.0,0,0,0,0
3,2.0,0,0,0,0
7,8.0,0,0,1,1
9,2.0,0,12,26,1
3,8.0,8,2560,0,1
966,8.0,0,0,0,0
0,2.0,0,100,0,1
1,2.0,1,2,3,1
22,2.0,30,40,37,0
0,12.0,0,13,7,1
7,8.0,0,0,1,0
6,14.0,0,0,0,0
2,10.0,0,3,4,1
1,8.0,0,17,10,1
289,8.0,17,1666,942,0
9,8.0,0,350,154,1
1,8.0,0,0,11,1
1,0.0,0,8,5,1
5,8.0,0,15,11,1
2,8.0,0,12,5,1
0,8.0,0,16,9,1
5,8.0,0,0,0,0
11,8.0,0,0,1,0
9,10.0,0,0,4,1
18,8.0,0,0,0,0
0,9.0,0,6,3,1
5,8.0,0,26,8,1
10,8.0,0,0,0,0
3,2.0,0,6,11,1
12,2.0,0,52,45,1
3,2.0,0,0,0,0
2,8.0,2,0,2,0
0,12.0,0,23,12,1
5,4.0,0,0,0,0
0,2.0,0,22,18,1
0,8.0,0,5,0,1
2,12.0,0,0,1,1
58,2.0,0,0,10,0
241,12.0,1,0,21,0
30,4.0,0,0,0,0
82,12.0,0,0,1,0
2,8.0,0,1,5,1
0,12.0,0,3,0,0
1,12.0,0,8,3,1
4,12.0,0,0,1,0
5000,8.0,0,0,0,0
3,4.0,0,5,7,1
41,12.0,0,0,0,0
100,8.0,0,0,0,0
6,12.0,2,1,4,0
9,2.0,0,0,5,1
4,2.0,0,0,0,0
5,2.0,0,50,0,0
106,12.0,0,0,1,0
7,12.0,0,0,0,0
10,3.0,0,0,0,0
84,8.0,0,0,0,0
13,8.0,0,0,0,0
2,3.0,0,3,7,1
0,9.0,0,5,0,1
2,8.0,0,0,0,1
1,3.0,0,21,27,1
0,2.0,0,477,0,1
3,0.0,0,10,11,1
11,8.0,0,65,20,1
38,17.0,0,0,0,0
4,8.0,0,0,0,0
31,8.0,1,163,108,1
0,12.0,0,7,3,1
54,8.0,0,0,0,0
19,2.0,0,20,29,1
-8,2.0,0,66,10,1
18,8.0,0,374,221,1
2,8.0,0,24,16,1
2,9.0,0,0,0,0
2,2.0,0,4,6,1
10,0.0,0,0,0,0
30,9.0,0,0,1,0
0,8.0,0,13,15,1
6,4.0,0,0,0,0
134,8.0,7,34,90,0
531,8.0,0,0,0,0
4,8.0,0,0,2,0
0,2.0,0,4,0,1
46,2.0,54,27,51,0
0,8.0,0,45,29,1
-56,8.0,0,201,110,1
4,2.0,0,72,2,1
2,12.0,0,0,0,0
0,8.0,0,2,0,0
32,15.0,0,5,21,0
1,8.0,0,3,2,1
15,2.0,0,46,9,1
3,12.0,0,0,0,0
49,8.0,0,0,0,0
13,2.0,0,0,0,0
2,2.0,0,0,0,0
10,2.0,0,0,0,0
11,2.0,0,0,0,0
0,2.0,0,6,2,1
62,4.0,0,566,338,1
-19,8.0,0,280,34,1
4,8.0,0,6,15,1
4,8.0,1,4,8,1
42,2.0,0,0,0,0
0,4.0,0,2,0,0
1,2.0,1,3,2,1
0,8.0,0,43,8,1
7,8.0,0,19,12,0
0,8.0,0,58,1,1
0,8.0,2,1,1,1
10,12.0,0,0,0,0
3,2.0,0,2,13,1
7,8.0,0,9,6,1
1,8.0,0,0,0,0
7,2.0,0,0,5,1
20,4.0,0,10,13,1
6,2.0,0,6,5,1
8,8.0,0,12,25,1
3,2.0,12,12,16,1
24,9.0,0,0,0,0
13,52.0,0,0,1,0
0,3.0,0,19,1,0
4,3.0,0,0,0,0
251,2.0,0,390,192,1
4,12.0,0,0,0,0
37,2.0,0,44,43,1
3,9.0,0,0,0,0
0,8.0,0,14,8,1
79,9.0,2,20,38,0
3,4.0,0,3,6,1
4,8.0,0,15,12,1
2,2.0,0,22,11,1
197,12.0,171,314,350,0
316,8.0,98,192,352,0
64,8.0,0,210,319,1
9,4.0,0,0,0,0
5,8.0,0,2,7,1
2,8.0,0,0,1,0
1,8.0,0,1,1,0
2,8.0,0,37,18,1
32,8.0,0,225,120,1
2,8.0,0,24,14,1
-3,16.0,0,19,12,1
42,8.0,14,40,44,0
0,8.0,0,5,3,1
0,8.0,0,37,15,1
3,12.0,0,0,0,0
0,8.0,0,52,0,1
17,4.0,0,67,70,1
1,2.0,0,0,32,1
5,9.0,0,0,0,0
179,4.0,0,0,0,0
729,2.0,0,0,21,0
2,2.0,0,4,5,1
1,8.0,0,17,18,1
1,9.0,0,0,0,0
0,2.0,0,1104,0,1
5,2.0,0,42,15,1
104,8.0,0,710,532,1
14,2.0,0,12,19,0
42,52.0,0,0,0,0
11,2.0,0,0,0,0
0,4.0,0,23,2,1
54,2.0,60,50,39,1
4,8.0,0,2,2,0
2,12.0,0,0,0,0
0,8.0,1,19,24,1
4,4.0,0,5,6,1
-85,12.0,0,126,110,1
1,8.0,0,9,4,1
93,2.0,9,56,82,0
14,8.0,0,0,0,0
0,8.0,0,0,0,0
0,4.0,0,10,7,1
19,8.0,4,5,16,0
104,16.0,0,0,0,0
4,8.0,0,0,0,0
3,0.0,0,22,10,1
8,9.0,0,0,0,0
0,8.0,0,16,16,1
28,8.0,0,0,0,0
25,8.0,0,225,116,1
312,9.0,372,1584,3422,0
20,12.0,0,0,0,0
2,2.0,0,6,8,1
0,4.0,2,0,0,0
24,8.0,0,96,63,1
253,8.0,0,0,28,0
12,12.0,0,0,1,0
5,3.0,0,4,5,1
0,8.0,0,15,4,1
0,12.0,0,0,0,1
93,8.0,0,0,7,0
15,8.0,0,0,0,0
1,12.0,0,3,3,1
0,8.0,0,33,32,1
5,15.0,0,9,8,1
1,12.0,0,3,2,1
0,8.0,0,13,11,1
-62,2.0,0,499,551,1
48,9.0,0,0,0,0
23,8.0,0,0,1,0
9,2.0,0,0,3,0
0,2.0,0,156,40,1
4,2.0,0,0,0,1
0,12.0,0,4,5,1
6,9.0,0,0,0,0
1,8.0,0,20,0,0
0,8.0,0,6,3,1
4,2.0,0,4,7,1
2,8.0,0,0,0,0
11,4.0,0,0,0,0
0,16.0,0,5,0,0
2,8.0,0,0,0,0
0,9.0,0,5,0,0
0,9.0,0,5,3,1
3,12.0,0,6,10,1
3,8.0,3,300,270,1
436,8.0,1432,9552,7635,1
38,2.0,0,0,0,0
0,8.0,0,4,5,1
10,2.0,0,0,1,0
0,12.0,0,10,33,1
1,2.0,0,1,2,1
57,2.0,0,68,65,1
0,5.0,0,48,0,1
2,8.0,0,2,3,1
97,8.0,0,0,0,0
13,4.0,0,0,0,0
3,8.0,0,72,1,1
6,5.0,0,15,0,1
2,8.0,0,11,18,1
88,8.0,0,0,7,0
0,8.0,0,3,3,1
35,8.0,0,245,486,1
0,8.0,0,26,13,1
0,2.0,0,5,0,1
12,4.0,0,0,1,0
22,4.0,0,0,3,1
2,3.0,0,0,1,1
2,10.0,0,12,9,1
0,2.0,0,16,0,1
40,4.0,56,77,36,0
3,2.0,0,0,10,1
4,12.0,0,0,0,0
3,2.0,0,11,11,1
6,8.0,0,21,22,1
2,2.0,0,1,2,1
1,2.0,0,7,5,1
3,8.0,0,0,0,0
23,8.0,59,353,286,1
0,8.0,184,842,0,0
3,8.0,0,0,1,0
-86,8.0,35,656,455,1
0,2.0,0,18,14,1
3,2.0,0,6,0,0
-3,16.0,0,13,7,1
0,9.0,0,0,0,1
128,8.0,16,80,0,0
166,2.0,32,180,33,1
12,12.0,3,0,0,0
4,2.0,0,0,12,1
9,2.0,0,0,0,0
10,12.0,0,62,48,1
71,2.0,0,10,67,0
23,2.0,0,0,39,1
0,2.0,0,43,43,1
93,8.0,3,8,17,0
0,2.0,0,12,0,1
219,8.0,0,0,0,0
10,9.0,0,0,8,0
1,9.0,0,16,9,1
0,2.0,0,7,0,0
5,8.0,0,0,0,0
1,8.0,0,1,5,1
10,4.0,0,0,3,0
625,2.0,0,0,12,0
2,12.0,0,21,12,1
19,8.0,0,0,3,0
11,9.0,0,0,0,0
33,8.0,24,37,40,1
0,8.0,0,23,11,1
0,0.0,0,14,1,1
51,2.0,78,669,595,1
6,2.0,0,8,6,0
112,8.0,0,0,345,1
3,2.0,0,0,1,1
1,8.0,0,20,20,1
494,8.0,200,800,905,0
0,8.0,0,3,9,1
4,2.0,0,1,11,1
7,3.0,0,0,0,0
27,8.0,0,8,33,0
6,8.0,0,69,116,0
1695,12.0,0,0,0,0
22,8.0,0,0,4,0
0,8.0,2,8,3,1
0,2.0,0,4,0,1
64,8.0,0,0,0,0
17,2.0,0,0,0,0
8,2.0,0,0,11,1
69,2.0,0,360,276,1
0,12.0,0,18,3,1
1,2.0,0,11,7,1
2185,2.0,167,4308,4033,1
-69,12.0,50,725,588,1
26,2.0,0,0,0,0
0,8.0,0,8,0,1
8,2.0,0,0,6,1
-3,8.0,0,12,8,1
3,2.0,0,1,0,1
0,8.0,0,3,3,1
0,2.0,0,6,0,1
142,2.0,2,0,67,0
500,2.0,0,0,0,0
3,8.0,0,2,2,1
8,8.0,0,7,13,1
-8,8.0,8,684,506,1
15,8.0,0,0,6,1
5520,4.0,30,4800,5376,0
0,2.0,2,0,0,0
4,2.0,0,4,5,1
1,8.0,0,0,1,1
1,2.0,0,88,73,1
6,12.0,0,48,13,0
205,2.0,84,522,640,0
2,3.0,0,7,6,1
3,8.0,0,0,0,0
5,2.0,0,0,0,0
-2,8.0,0,18,17,1
8,2.0,0,2,5,1
15,8.0,0,12,18,0
0,12.0,0,8,6,1
29,8.0,0,0,5,0
0,2.0,0,56,0,0
219,9.0,0,0,71,0
195,2.0,52,332,95,0
2,8.0,0,0,0,0
1253,12.0,0,0,41,0
1,2.0,0,156,40,1
5,8.0,0,10,16,1
11,2.0,0,0,0,0
1,2.0,0,10,0,1
4,8.0,0,168,68,1
0,2.0,2,8,9,1
6,2.0,0,0,5,1
0,4.0,0,0,0,1
10,8.0,0,0,0,0
0,8.0,0,30,10,1
0,2.0,0,5,2,1
30,4.0,0,0,0,0
4,12.0,0,18,32,1
8,8.0,0,15,8,0
0,2.0,0,2,0,0
2,8.0,0,0,0,0
0,8.0,0,3,1,1
98,2.0,8,288,101,1
0,2.0,0,8,6,1
7,2.0,0,10,16,1
85,8.0,24,96,140,0
2,4.0,0,12,8,1
5,8.0,40,109,97,0
13,2.0,0,0,1,0
2,8.0,0,7,4,0
65,8.0,0,0,12,0
60,16.0,0,0,25,0
0,8.0,0,7,1,1
0,2.0,0,51,0,1
76,8.0,1,120,68,0
2,8.0,0,52,20,1
-5,8.0,0,397,284,1
-1,8.0,0,24,14,1
1,8.0,0,1,1,1
920,8.0,0,4000,1671,0
6,9.0,0,0,1,0
56,2.0,0,0,5,0
0,2.0,0,4,0,1
260,52.0,0,0,18,0
6,8.0,0,4,12,1
2,8.0,0,0,0,0
1,8.0,0,4,4,1
265,8.0,0,0,4,0
11,2.0,0,0,0,1
3,8.0,0,0,0,0
0,2.0,0,15,0,1
15029,8.0,6431,21059,24689,0
347,8.0,98,432,540,0
1,8.0,0,0,0,0
4,2.0,0,2,13,1
20,12.0,0,0,0,0
203,8.0,24,0,119,0
3,8.0,0,0,0,0
0,2.0,0,4,0,0
15,52.0,0,0,0,0
27,2.0,0,168,52,1
6,8.0,0,127,100,1
43,9.0,0,0,15,0
13,8.0,0,22,9,0
0,2.0,0,164,0,1
0,2.0,0,10,20,1
29,8.0,0,0,1,0
390,12.0,0,0,32,0
0,8.0,0,48,18,1
0,2.0,0,6,0,0
-19,6.0,22,66,76,1
61,8.0,0,0,0,0
4,8.0,0,0,0,0
7,2.0,0,0,0,0
1,6.0,0,4,4,1
2,12.0,0,0,0,0
4,2.0,0,3,7,1
21,4.0,0,0,4,0
3,3.0,0,0,1,1
1,12.0,0,0,0,0
3,3.0,4,25,14,0
3,8.0,0,28,21,1
2,12.0,0,0,0,0
3,12.0,23,50,52,1
187,8.0,13,560,440,1
21,12.0,0,0,0,0
12,12.0,0,0,7,0
366,8.0,0,0,0,0
1,2.0,0,20,3,1
2,12.0,0,0,0,0
1,8.0,0,18,12,1
243,8.0,1,8,69,0
32,2.0,0,0,20,0
0,2.0,0,11,0,1
0,8.0,0,2,0,1
82,8.0,18,432,402,1
845,5.0,20,1142,247,0
0,2.0,0,83,0,1
3,8.0,0,0,0,0
80,8.0,1,10,39,0
0,12.0,0,62,0,1
1,8.0,0,45,31,1
1,9.0,0,4,10,1
-1,12.0,4,48,45,1
1,8.0,0,0,0,0
1,8.0,0,1,2,0
43,2.0,0,0,2,0
54,2.0,60,40,39,1
15,12.0,0,0,0,1
0,2.0,0,53,4,1
27,12.0,1,10,16,0
-144,8.0,37,340,549,1
2,8.0,0,31,18,1
34,8.0,0,0,21,1
0,9.0,0,8,1,1
5,9.0,0,16,10,1
6,2.0,0,0,0,0
14,15.0,0,0,1,0
11,2.0,0,0,0,1
27,2.0,0,0,0,0
1,8.0,0,4,2,0
2,8.0,0,15,6,1
12,8.0,0,68,0,0
1735,2.0,0,0,50,1
156,2.0,9,100,85,0
2,8.0,0,17,10,1
0,2.0,0,2,3,1
3,8.0,0,0,0,0
4,17.0,0,19,4,1
2,8.0,0,0,0,0
0,8.0,0,9,23,1
0,2.0,0,16,8,1
100,4.0,0,0,0,0
0,2.0,0,11,0,1
22,8.0,0,0,0,0
7,8.0,0,240,26,1
0,2.0,0,0,0,1
14,8.0,0,0,0,0
3,6.0,1,0,4,0
65,12.0,55,384,316,1
15,8.0,0,110,47,1
11,9.0,0,0,0,0
58,8.0,0,0,17,0
2,8.0,0,0,1,0
14,8.0,11,4,16,0
2,12.0,0,21,11,1
0,8.0,0,6,3,1
9,8.0,0,0,2,0
46,8.0,0,49,28,0
3,8.0,0,26,17,1
6,9.0,0,0,0,0
0,12.0,0,7,3,1
6,9.0,0,0,0,0
0,4.0,0,7,0,0
0,8.0,0,21,14,1
-2,8.0,0,19,24,1
0,9.0,0,9711,0,1
17,2.0,0,0,0,0
33,2.0,0,0,2,0
18,8.0,0,0,0,0
153,12.0,0,316,1,0
4,2.0,0,2,7,1
22,2.0,0,0,1,0
15,4.0,0,0,0,0
1,12.0,0,11,11,1
7,12.0,0,0,0,0
-9,8.0,2,147,133,1
5,8.0,0,21,18,0
0,9.0,0,2,0,1
-1,2.0,0,28,16,1
0,8.0,0,0,0,0
3,8.0,0,0,1,0
2,2.0,0,1,1,1
72,12.0,0,68,0,1
83,2.0,1,18,37,0
11,8.0,0,0,5,1
0,8.0,0,5,9,1
272,8.0,0,0,16,0
178,2.0,0,0,7,0
95,10.0,1,0,20,0
5,8.0,0,11,0,0
95,8.0,0,0,0,0
1594,12.0,0,0,170,0
8,8.0,0,8,8,1
4,2.0,0,0,0,0
0,2.0,0,0,0,1
12,8.0,0,0,4,1
6,2.0,0,6,0,0
295,2.0,0,0,12,0
2,8.0,1,10,9,1
4,2.0,0,0,0,1
0,8.0,0,2,2,1
0,2.0,0,0,0,0
11,9.0,0,0,0,0
17,14.0,0,0,8,0
58,8.0,0,0,4,0
14,8.0,0,36,45,1
1,8.0,5,1,2,1
0,2.0,0,4,0,0
6,8.0,0,0,0,0
0,2.0,0,5,0,1
107,2.0,0,0,0,0
194,8.0,0,0,3,0
13,52.0,0,0,2,0
114,2.0,0,0,37,1
15,12.0,0,0,0,0
32,2.0,0,60,46,1
0,2.0,0,10,0,0
0,15.0,0,0,0,0
3,4.0,0,0,0,0
1,8.0,0,8,4,1
124,8.0,40,200,93,0
-6,12.0,0,32,6,1
174,8.0,11,84,196,0
22,2.0,4,22,30,0
129,12.0,3,564,561,1
11,8.0,0,0,0,0
502,8.0,0,500,0,0
1,12.0,0,0,0,0
61,8.0,1,30,28,0
21,0.0,0,0,0,0
0,2.0,0,4,0,1
1,8.0,0,0,0,1
14,2.0,0,20,21,0
-18,5.0,6,199,276,0
21,2.0,0,0,0,0
44,8.0,0,293,135,1
389,8.0,0,0,0,0
3,2.0,0,2,0,0
2,12.0,0,0,0,0
67,0.0,0,0,41,1
3,2.0,0,10,8,1
86,8.0,0,0,3,0
0,8.0,0,26,13,1
120,2.0,0,0,10,0
-3,8.0,0,22,14,1
17,9.0,0,0,0,0
9,0.0,0,0,1,0
41,2.0,0,33,1,0
0,8.0,0,100,0,1
1,12.0,0,6,4,1
59,2.0,0,0,12,0
0,2.0,0,50,5,1
4,2.0,0,17,17,1
13,8.0,0,100,30,0
5,3.0,0,6,1,0
23,2.0,0,0,10,0
0,2.0,0,10,0,0
3,12.0,0,0,0,0
-6,10.0,19,792,565,1
10,4.0,0,4,6,1
0,8.0,0,4,6,1
41,10.0,0,100,38,0
14,2.0,0,240,347,1
10,12.0,0,0,0,0
93,9.0,87,70,78,0
0,8.0,0,6,0,1
4,8.0,0,0,0,0
0,16.0,0,6,0,1
17,8.0,8,11,18,0
0,16.0,0,6,0,1
9,4.0,0,0,3,0
2,8.0,0,20,17,1
4,2.0,0,5,0,0
5,8.0,0,1,1,0
3,8.0,0,17,8,1
4,8.0,0,0,0,0
0,2.0,0,40,0,1
2,8.0,0,0,0,0
0,12.0,0,12,0,0
2,16.0,0,0,0,0
4,8.0,0,0,0,1
0,8.0,0,22,15,1
174,2.0,0,0,96,0
6,2.0,0,0,0,1
20,2.0,0,0,8,1
13,8.0,0,112,65,1
0,52.0,0,25,0,1
0,8.0,0,0,0,0
168,8.0,7,200,71,0
2,9.0,0,0,0,0
0,2.0,0,12,1,1
0,8.0,0,22,18,1
0,8.0,0,6,3,1
3,8.0,0,16,9,1
0,2.0,0,1,0,1
129,4.0,8,0,27,0
3,8.0,0,0,0,0
5,2.0,0,50,19,1
4,2.0,0,12,10,1
1,8.0,0,1,0,1
117,2.0,44,228,265,0
104,8.0,9,60,113,0
12,8.0,0,0,0,0
0,8.0,0,3,2,1
18,12.0,0,30,32,0
3,2.0,0,0,2,1
10,2.0,0,0,0,0
3,8.0,0,0,1,1
2,2.0,0,3,0,0
50,8.0,0,0,0,0
113,8.0,227,457,0,0
30,2.0,43,540,395,1
54,0.0,0,841,619,1
4,8.0,0,19,2,1
1,8.0,0,0,2,1
10,8.0,0,0,0,0
6,2.0,0,0,17,1
8,9.0,0,8,27,1
117,8.0,0,0,42,0
17,8.0,10,0,5,0
1,2.0,0,1,1,0
2,8.0,0,6,2,1
5,0.0,0,0,2,1
157,8.0,0,0,10,0
4,0.0,0,4,8,1
19,9.0,0,0,2,0
7,8.0,0,7,7,0
49,8.0,215,1000,884,1
1,8.0,0,8,8,0
3,8.0,0,1,4,0
2,12.0,0,0,0,0
1,8.0,0,2,3,1
12,2.0,0,0,0,0
66,8.0,0,0,0,0
0,9.0,0,24,20,1
519,8.0,0,0,18,0
2084,8.0,29,0,1250,0
107,9.0,0,0,0,0
10,4.0,0,38,21,1
1,2.0,0,0,4,0
0,8.0,0,12,17,1
0,2.0,0,233,0,1
1,9.0,0,8,7,1
0,8.0,0,1008,0,1
796,8.0,606,3180,3617,0
1,8.0,0,9,5,1
-15,3.0,0,32,15,1
-1,2.0,120,72,146,1
11,4.0,0,0,0,0
3,2.0,0,12,11,1
18,2.0,0,0,17,0
1,8.0,0,9,8,1
7,2.0,0,1,2,0
12,8.0,0,0,0,1
4,2.0,0,100,13,0
2,8.0,0,20,4,1
0,2.0,0,10,1,1
16,8.0,0,0,0,0
1,3.0,0,9,8,1
4,8.0,0,4,12,1
37,8.0,0,0,0,0
0,2.0,0,11,0,1
3,8.0,0,0,0,0
2,4.0,0,0,0,0
0,12.0,0,8,2,1
1,6.0,0,5,9,0
2,2.0,0,6,7,1
-1,8.0,0,5,5,1
67,8.0,7,36,39,0
1,8.0,0,0,1,0
3,2.0,0,5,5,1
0,14.0,0,80,39,1
9,12.0,0,65,0,0
2,8.0,3,0,5,0
160,0.0,0,0,0,0
49,8.0,0,0,0,0
0,2.0,0,5,0,1
3,9.0,0,0,0,0
1291,2.0,4,830,1584,0
6,8.0,0,0,2,0
5,9.0,0,0,2,0
4,2.0,0,5,6,0
429,4.0,103,140,283,0
3,8.0,0,42,30,1
2,2.0,0,30,13,1
0,8.0,7,12,0,1
4,2.0,0,5,10,1
0,12.0,0,1,3,1
4,2.0,0,42,22,1
13,8.0,0,6,36,1
26,8.0,0,0,7,0
4,3.0,0,8,2,0
2,8.0,0,0,0,0
0,8.0,0,7,5,1
6,4.0,0,0,1,0
663,8.0,20,1586,1896,0
11,2.0,0,0,0,1
64,8.0,0,0,0,0
3,4.0,1,1,0,0
0,8.0,0,5,0,0
2,13.0,0,18,19,1
5,2.0,0,50,51,0
7,12.0,0,0,0,0
0,8.0,0,3,4,1
0,2.0,0,6,0,1
12,2.0,0,0,3,0
6,2.0,0,0,0,1
5,2.0,0,12,14,1
93,8.0,31,0,20,0
7,4.0,0,0,0,0
12,8.0,0,0,8,1
1650,8.0,0,0,55,0
0,2.0,0,18,23,1
0,9.0,0,9,13,1
40,4.0,0,0,0,0
2,8.0,0,0,0,1
3,8.0,0,61,0,1
0,9.0,0,6,0,1
2,9.0,0,1,2,0
75,3.0,0,0,0,0
0,8.0,5,178,150,1
22,12.0,0,0,7,0
1,12.0,1,13,3,1
7,8.0,0,0,0,0
1,8.0,0,16,11,0
3,8.0,0,12,11,1
5,8.0,0,0,0,0
2,2.0,0,0,1,1
0,2.0,4,13,8,1
3,2.0,0,43,27,1
4,8.0,0,34,17,1
96,8.0,28,35,57,0
15,12.0,0,0,0,0
7,9.0,0,0,2,0
18,8.0,20,95,115,1
1,8.0,0,0,1,1
0,2.0,0,1,0,1
1,8.0,0,23,18,0
82,8.0,5,63,55,0
1,8.0,0,5,5,1
53,12.0,1,4,22,0
3,12.0,0,0,0,0
338,8.0,2,0,37,0
0,2.0,0,8,7,1
1251,8.0,0,0,28,0
2,12.0,0,0,0,0
15,8.0,1,128,119,1
26,8.0,0,0,0,0
1,2.0,13,5,5,0
150,8.0,0,0,0,0
104,8.0,0,20,0,0
0,8.0,0,4,5,1
22,2.0,0,35,0,0
372,52.0,0,0,1,0
3,12.0,0,0,0,0
9,8.0,0,1,0,1
0,8.0,0,5,4,1
9,2.0,0,12,20,0
1,12.0,0,2,3,1
2,8.0,0,0,0,0
0,2.0,0,29,0,1
100,8.0,0,1038,809,1
3,9.0,0,0,0,0
290,8.0,0,0,0,0
0,8.0,0,9,6,1
26,8.0,1,30,23,0
0,9.0,0,4,4,1
-6,2.0,0,10,13,1
0,2.0,0,66,0,0
1,2.0,2,1,2,0
0,12.0,2,0,0,0
1867,4.0,8,0,2968,0
1,8.0,0,2,0,1
718,8.0,696,2952,4299,0
1,9.0,0,0,0,0
272,8.0,0,2400,1607,1
13,8.0,15,70,53,1
8,4.0,0,0,0,0
13,3.0,0,0,0,0
33,8.0,0,140,91,1
-100,2.0,0,262,103,1
3,12.0,0,0,0,0
4,2.0,0,0,0,1
0,8.0,0,18,0,1
1,12.0,0,5,4,1
263,52.0,0,0,18,0
0,3.0,0,11,0,0
12,8.0,0,0,0,0
3,8.0,0,0,0,0
0,8.0,0,4,3,1
2,8.0,0,0,0,0
504,8.0,22,149,1082,1
7,9.0,0,0,0,0
2042,8.0,3885,16900,14403,0
1,8.0,0,1,2,1
10,8.0,0,59,11,0
3827,8.0,30,0,900,0
18,2.0,0,8,0,0
116,9.0,0,105,161,1
1,8.0,0,0,0,0
2,4.0,0,0,0,0
28,8.0,0,0,0,0
0,2.0,0,3,0,1
0,8.0,0,29,0,1
0,8.0,0,9,2,1
2,2.0,0,12,18,1
24,8.0,0,0,20,0
18,8.0,0,1,13,0
6,2.0,0,13,16,1
0,8.0,0,4,4,1
24,2.0,0,0,2,0
2,2.0,0,1,1,1
17,0.0,0,101,70,1
56,2.0,0,0,0,0
7,8.0,0,0,4,0
6,6.0,0,52,37,1
960,8.0,86,234,684,0
4,8.0,0,20,4,1
32,4.0,0,0,0,0
10,9.0,0,8,9,0
0,8.0,0,13,10,1
0,12.0,0,11,8,1
13,2.0,0,0,1,0
128,0.0,0,0,2,0
7,8.0,0,0,0,0
244,2.0,0,0,9,0
6,2.0,0,12,28,1
0,8.0,0,462,9,1
16,12.0,0,0,11,0
79,4.0,0,0,26,0
0,2.0,0,102,0,1
0,2.0,0,0,32,1
27,2.0,0,0,0,0
6,2.0,0,0,16,1
214,52.0,0,0,3,0
13,2.0,0,0,0,0
28,8.0,1,291,487,1
0,12.0,0,204,0,1
1,8.0,0,2,8,1
0,8.0,0,10,13,1
0,9.0,0,24,19,1
78,2.0,800,0,346,0
7,8.0,9,135,104,1
6,2.0,0,4,16,1
3,8.0,0,0,0,0
7,9.0,0,0,0,0
70,8.0,2,65,14,0
105,12.0,0,0,0,0
11,8.0,0,0,10,1
10,12.0,0,0,0,0
81,8.0,3,864,140,0
73,4.0,0,0,2,0
2,8.0,0,46,34,1
2481,2.0,0,0,8,0
0,9.0,0,2,2,1
420,9.0,0,0,8,0
7,8.0,0,18,16,1
3,9.0,0,11,8,1
24,2.0,59,256,30,1
5,2.0,0,0,2,1
5,8.0,0,0,1,0
23,0.0,12,81,63,1
9,8.0,0,0,0,0
2,8.0,0,0,0,0
0,8.0,0,8,4,1
10,2.0,0,0,0,0
1,10.0,0,0,1,0
2,9.0,0,0,4,0
1,4.0,1,6,5,0
22,8.0,0,19,19,0
257,2.0,293,0,381,0
31,2.0,0,60,39,1
68,2.0,0,0,7,1
315,8.0,98,858,731,1
14,2.0,0,0,0,1
-14,8.0,0,96,53,1
0,2.0,0,4,0,1
3,8.0,0,3,15,1
0,8.0,24,632,0,1
1,8.0,0,17,11,1
3,8.0,0,0,1,0
0,10.0,0,6,4,1
331,13.0,4,277,271,0
537,8.0,85,406,117,0
2,8.0,0,0,0,0
12,2.0,0,0,0,0
0,8.0,0,3,3,1
2,8.0,0,9,4,1
2523,2.0,4,0,441,0
0,8.0,0,0,0,0
4,2.0,0,20,2,1
0,8.0,0,21,24,1
1,12.0,0,2,1,0
5,8.0,0,0,0,0
0,2.0,0,5,0,1
3,12.0,0,0,0,0
2,4.0,0,11,9,1
0,8.0,0,7,4,1
1,8.0,0,39,18,1
3,8.0,0,0,1,0
15,8.0,0,100,60,1
691,8.0,0,0,21,0
4,2.0,0,4,2,0
91,2.0,0,24,74,0
0,12.0,0,20,19,0
-1,8.0,0,20,7,1
5,8.0,0,0,3,1
0,2.0,0,11,0,0
1,8.0,0,3,9,1
0,12.0,0,1,0,1
2,8.0,0,0,0,0
739,8.0,6783,2083,2441,0
12,8.0,0,0,11,1
5,4.0,2,2,4,0
4,8.0,0,3,3,0
22,8.0,0,0,0,0
1,9.0,0,17,8,1
207,8.0,25,118,303,0
37,3.0,51,720,581,1
0,8.0,0,7,5,1
1,8.0,0,4,4,1
19,4.0,0,0,6,1
43,8.0,0,0,0,0
0,8.0,10,7,0,1
0,8.0,0,3,4,1
0,9.0,0,56,50,1
5,8.0,0,2,3,1
100,8.0,10,0,43,0
0,2.0,0,10,0,1
80,8.0,0,0,0,0
25,8.0,0,0,10,0
4,2.0,0,9,23,1
0,8.0,0,0,0,0
5,8.0,0,2,1,0
43,2.0,0,0,1,0
55,2.0,0,0,0,0
33,2.0,0,42,3,0
45,8.0,0,0,0,0
20,12.0,0,0,0,0
3,4.0,0,0,0,0
12,8.0,1,36,44,1
0,8.0,0,69,39,1
4,8.0,0,100,48,1
348,2.0,0,0,2,0
0,2.0,0,5,4,1
197,2.0,359,830,909,0
63,2.0,0,0,0,0
-6,8.0,0,14,18,1
0,2.0,0,21,5,1
10,8.0,278,7419,2551,1
54,8.0,0,0,0,0
2,9.0,0,1,3,0
190,2.0,15,240,161,1
9,8.0,0,40,27,1
37,9.0,0,0,4,0
12,4.0,0,0,0,0
6,8.0,0,36,25,1
12,2.0,0,0,0,0
1,2.0,130,100,130,0
5,2.0,0,0,0,0
64,8.0,0,0,0,0
3,8.0,0,0,0,0
53,8.0,1,85,78,0
99,4.0,0,0,0,0
16,9.0,1,0,9,0
0,2.0,18,6,0,1
-2,8.0,0,11,7,1
6,8.0,0,60,29,1
1,9.0,0,1,4,1
4,10.0,0,3,6,1
9,8.0,0,32,12,0
2,2.0,0,7,2,1
7,12.0,4,10,12,0
1282,8.0,13,0,99,0
1974,2.0,0,0,17,0
70,4.0,0,0,10,0
2,8.0,0,3,4,1
8,8.0,0,0,0,0
0,2.0,0,3,0,1
4,2.0,0,0,0,0
10,4.0,0,0,0,0
12,2.0,0,8,19,1
0,12.0,0,48,22,1
47,4.0,55,49,50,0
-15,3.0,0,32,12,1
4,8.0,0,0,2,0
303,8.0,0,0,35,0
7464,4.0,0,0,132,0
4,8.0,0,0,0,0
9,2.0,0,0,0,1
50,8.0,0,0,0,0
3,12.0,0,50,20,1
375,8.0,222,649,658,0
4,8.0,0,0,0,1
22,2.0,0,196,112,1
2,8.0,0,0,0,0
14,8.0,0,0,0,0
0,8.0,0,6,2,1
0,4.0,0,0,1,1
37,8.0,0,0,14,0
19,2.0,0,0,1,0
5,2.0,0,0,0,0
4,9.0,0,16,11,1
0,2.0,0,30,1,1
2,12.0,0,0,0,0
294,10.0,0,0,61,0
45,2.0,0,0,0,0
13,8.0,0,0,0,0
0,2.0,0,11,0,1
1,9.0,0,1,1,1
7,2.0,0,0,0,0
7,2.0,0,20,12,0
42,9.0,0,0,29,1
-1,12.0,0,29,30,1
15,8.0,0,8,9,0
165,0.0,0,0,4,0
0,2.0,0,6,0,1
2,2.0,0,2,0,0
0,2.0,0,10,0,1
10,8.0,2,50,27,1
0,2.0,0,3,15,1
0,12.0,0,12,0,1
613,8.0,234,585,678,0
5,12.0,1,0,0,0
7,2.0,0,0,0,0
0,8.0,0,4,2,1
2,9.0,0,0,0,0
4,8.0,0,0,1,1
0,2.0,0,36,0,0
0,9.0,0,5,2,1
0,2.0,0,138,6,1
0,2.0,0,250,0,1
2350,8.0,0,0,21,0
3,2.0,0,0,2,0
2,8.0,0,24,15,1
2,8.0,0,9,13,1
2,9.0,3,0,0,0
4,2.0,0,0,0,0
17,2.0,0,0,1,0
0,8.0,0,4,4,1
470,9.0,0,0,680,0
0,2.0,0,5,0,0
2,8.0,0,40,20,1
39,8.0,0,0,0,0
174,8.0,128,373,460,0
0,12.0,0,0,0,0
1,8.0,0,20,12,1
1,12.0,0,18,2,1
0,8.0,0,0,0,0
700,4.0,112,27,157,0
10,8.0,0,0,0,0
17,8.0,0,0,3,0
2,8.0,0,1,4,0
8,8.0,0,0,0,0
1,8.0,0,1,3,1
124,8.0,0,0,0,0
18,8.0,0,0,8,1
0,8.0,0,350,150,1
29,0.0,0,168,149,1
2,9.0,0,35,25,1
17,12.0,10,72,48,1
1,8.0,0,3,2,1
0,4.0,0,8,0,1
3,2.0,0,76,38,1
142,2.0,0,0,48,0
2,8.0,0,0,0,0
1,9.0,0,0,0,0
-6,8.0,4,456,307,1
2,12.0,6,48,43,1
1,8.0,0,0,1,1
2,3.0,0,0,2,1
161,8.0,4,250,204,0
11,2.0,0,0,0,0
10,3.0,0,0,3,0
20,8.0,0,73,26,1
40,12.0,0,0,0,0
5,2.0,0,12,19,1
535,8.0,288,351,806,0
0,12.0,0,3,7,1
263,2.0,0,0,9,0
4,2.0,0,0,3,1
0,2.0,0,1,0,1
2,8.0,0,20,16,1
0,4.0,0,100,22,1
8,8.0,0,0,1,0
145,8.0,26,132,90,0
11,8.0,0,100,26,1
589,2.0,194,600,763,0
0,2.0,0,11,6,1
6,8.0,0,60,31,1
0,8.0,0,5,11,1
0,12.0,0,29,16,1
4,8.0,0,0,5,1
35,2.0,0,0,1,0
6,8.0,0,5,1,0
275,8.0,152,904,1556,1
68,12.0,1,44,28,0
9,8.0,0,0,1,0
0,8.0,0,36,18,1
2,4.0,0,1,2,1
8,8.0,0,48,27,1
7,8.0,0,11,16,1
15,8.0,0,21,25,0
54,2.0,28,112,166,1
3,2.0,0,10,7,1
0,8.0,0,0,0,0
6,2.0,0,72,0,0
0,12.0,0,4,0,1
8,4.0,0,0,0,0
3,0.0,0,189,16,1
7,9.0,0,0,0,0
27,8.0,0,602,237,1
0,2.0,0,6,0,1
23,0.0,0,36,67,1
0,8.0,0,5,0,1
0,4.0,0,43,0,0
17,2.0,0,0,47,1
3,2.0,0,2,0,0
1,8.0,0,1,1,1
0,2.0,0,6,0,1
4,9.0,0,0,0,0
0,2.0,0,15,25,1
13,12.0,5,10,0,0
12,12.0,0,61,47,1
2,8.0,8,4,17,0
23,9.0,0,0,0,0
2,12.0,0,0,0,0
4,4.0,0,3,4,1
0,8.0,0,123,86,1
164,12.0,0,1960,1652,1
239,16.0,52,145,156,0
0,8.0,0,32,0,1
0,8.0,0,11,0,0
374,8.0,0,1400,1617,1
57,12.0,0,40,40,0
27,2.0,0,53,45,0
54,8.0,4,30,44,0
90,2.0,0,0,10,0
281,8.0,351,1365,1533,0
6,4.0,0,28,46,1
44,8.0,0,59,51,0
169,8.0,8,8,118,0
28,12.0,0,0,0,0
10,8.0,0,0,0,0
7,8.0,0,0,0,0
7,9.0,0,0,0,0
10,12.0,10,10,7,0
473,2.0,161,168,227,0
0,5.0,0,462,2,1
0,8.0,0,100,17,1
10,12.0,0,0,0,0
0,8.0,0,268,173,1
1,2.0,1,3,2,1
17,2.0,0,0,2,0
8,2.0,5,6,21,1
4,2.0,0,0,0,0
2,9.0,0,24,3,0
0,2.0,0,493,11,1
1,8.0,1,46,1,0
5,8.0,0,2,1,0
50,3.0,0,36,33,0
0,2.0,0,40,21,1
4,4.0,0,1,0,0
38,8.0,40,0,4,0
14,2.0,0,0,11,0
285,8.0,50,304,231,0
11,0.0,0,7,6,0
469,12.0,0,0,8,0
9,12.0,9,0,0,0
13,12.0,3,9,24,0
2660,2.0,670,3500,3518,0
2,4.0,0,0,0,0
1,8.0,0,0,1,1
246,8.0,18,160,194,0
-1,6.0,0,4,7,1
11,8.0,0,0,2,0
0,2.0,0,0,0,1
0,12.0,0,6,1,1
0,2.0,0,32,1,1
6,2.0,0,6,22,1
2,8.0,0,0,0,0
26,4.0,0,0,0,0
13,2.0,0,0,1,0
0,12.0,0,30,0,1
0,2.0,0,11,0,1
0,2.0,0,90,99,1
4,9.0,0,0,15,1
0,8.0,0,11,7,1
747,15.0,12,0,105,0
11,8.0,0,0,0,0
4975,2.0,0,0,0,0
212,8.0,0,0,0,0
1,2.0,0,6,4,1
0,12.0,0,5,0,0
1,12.0,0,12,2,1
11252,8.0,1028,10000,10293,0
2,8.0,0,0,0,0
0,8.0,0,17,0,1
19,14.0,0,10,5,0
3,8.0,0,6,5,1
0,10.0,0,3,1,1
11,2.0,0,0,0,0
1,8.0,0,0,0,0
12,8.0,1,165,131,1
82,8.0,34,64,67,0
16,8.0,0,0,9,0
2,8.0,0,44,36,1
4,8.0,0,0,0,0
7,8.0,0,0,0,0
70,8.0,21,75,90,0
9,8.0,0,6,10,0
26,2.0,0,0,10,1
0,8.0,0,10,3,1
2,8.0,0,412,197,1
9,8.0,0,51,51,1
20,8.0,12,180,228,1
2,8.0,0,0,0,0
5,12.0,0,0,0,0
4,8.0,0,28,20,1
32,8.0,0,204,185,0
-1,8.0,0,15,13,1
9,4.0,0,0,0,0
4,2.0,0,1,5,1
2,12.0,0,2,3,0
0,2.0,0,4,0,1
0,9.0,0,2,2,0
0,13.0,0,0,0,0
234,12.0,0,0,0,0
4,2.0,0,0,7,0
5,14.0,0,60,34,1
50,8.0,0,21,5,0
10,12.0,0,0,0,0
11,2.0,0,0,6,1
-3,8.0,0,300,2,1
11,9.0,0,0,0,0
0,2.0,0,6,5,1
3,12.0,0,0,0,0
-227,15.0,12,1332,666,1
15,8.0,0,12,11,0
0,8.0,0,6,0,1
37,8.0,8,6,19,0
7,8.0,1,0,0,0
1,8.0,0,20,16,1
0,8.0,0,2,2,0
3,12.0,0,50,33,1
0,9.0,0,5,0,0
18,9.0,0,0,1,0
157,2.0,0,358,253,1
10,8.0,0,30,40,1
2,12.0,0,20,9,1
8,2.0,0,0,1,0
60,2.0,4,0,43,0
0,2.0,0,5,0,1
0,2.0,0,72,0,1
185,4.0,230,15,0,1
68,8.0,31,93,83,0
1,8.0,0,36,16,1
1,8.0,0,3,5,1
5,12.0,0,0,0,0
1338,2.0,0,600,2474,0
233,12.0,8,96,134,0
223,8.0,1,114,147,0
2,8.0,0,0,0,0
-154,8.0,355,1529,1447,0
44,12.0,0,13,25,0
-2,8.0,0,400,44,1
25856,2.0,6,0,233,0
0,2.0,0,6,5,1
0,8.0,0,5,0,1
100,2.0,0,0,5,1
80,8.0,0,0,0,0
0,8.0,90,114,0,1
7,2.0,0,0,0,0
2,2.0,1,2,30,1
0,12.0,0,3,2,1
0,4.0,0,55,2,1
9,2.0,34,0,16,0
33,8.0,97,322,177,0
0,2.0,0,1,0,0
3,2.0,1,4,4,1
0,8.0,0,4,4,1
28,2.0,0,36,38,1
4,8.0,0,3,0,0
5,3.0,0,0,10,1
46,2.0,0,0,32,0
-41,12.0,0,355,120,1
3,4.0,0,0,0,0
0,8.0,0,58,58,1
0,9.0,0,2,1,1
67,8.0,31,24,43,0
0,2.0,0,22,0,1
6,2.0,0,0,0,1
214,8.0,38,300,355,0
0,2.0,0,37,0,0
4,12.0,1,0,1,0
4,2.0,0,1,0,0
52,8.0,0,10,5,0
2,2.0,0,70,0,0
3,12.0,0,0,3,1
4,2.0,0,12,11,1
1,9.0,0,8,7,1
0,12.0,0,8,3,1
1,8.0,0,12,6,1
0,3.0,0,111,0,1
356,8.0,279,7419,2611,1
114,9.0,25,63,135,0
0,9.0,0,0,0,0
14,2.0,0,0,9,1
0,2.0,0,6,0,1
193,8.0,0,0,0,0
3,8.0,0,12,5,1
2,9.0,0,0,0,0
7,2.0,0,0,0,0
-64,8.0,3,1328,868,1
4,8.0,0,0,1,0
0,2.0,0,20,0,1
0,2.0,0,10,4,0
80,8.0,0,0,0,0
117,12.0,9,125,49,0
53,8.0,1,45,37,0
0,12.0,0,5,0,1
3,8.0,0,1,2,0
-3,15.0,0,123,87,1
0,2.0,0,3,0,1
-2,2.0,0,555,269,1
0,4.0,0,14,2,1
11,8.0,0,20,27,1
11,8.0,0,0,5,1
4,8.0,0,40,50,1
8,2.0,0,18,23,1
21,9.0,0,0,3,0
50,12.0,49,0,0,0
0,2.0,0,0,0,1
441,8.0,0,362,419,0
156,8.0,8,500,68,0
4,2.0,0,9,0,0
7,8.0,0,0,3,0
0,10.0,2,0,0,1
5,9.0,0,0,0,0
3,10.0,0,0,1,1
53,2.0,0,0,3,0
144,8.0,129,1140,1177,1
2,8.0,0,3,7,1
6195,8.0,0,0,10,0
0,2.0,0,11,0,1
72,2.0,52,60,87,0
39,2.0,28,36,58,0
651,8.0,0,0,157,0
49,3.0,0,0,2,0
-213,8.0,0,542,301,1
-351,8.0,2,887,1638,1
54,8.0,0,0,0,0
352,8.0,205,336,428,0
136,2.0,1,0,54,0
68,16.0,26,60,44,0
4,2.0,0,0,3,1
6,2.0,0,1,3,1
0,3.0,0,12,5,1
4,8.0,0,0,3,1
104,16.0,0,84,76,0
0,2.0,0,40,0,1
7,8.0,0,0,0,0
2,2.0,0,0,0,1
60,13.0,10,50,49,0
115,9.0,0,0,0,0
5096,2.0,1520,8500,13345,0
6,8.0,0,96,22,1
66,8.0,5,30,46,0
0,8.0,0,21,14,1
7,8.0,0,0,2,0
0,8.0,0,30,19,1
54,4.0,0,0,1,0
3,8.0,0,0,0,0
23,2.0,0,0,1,0
92,8.0,30,142,173,0
0,8.0,0,5,5,1
1,2.0,0,1,6,1
3,12.0,0,0,0,0
973,8.0,0,210,6,0
217,8.0,0,1120,1088,1
109,2.0,0,0,36,1
2,0.0,0,0,0,0
0,5.0,0,16,0,1
17,9.0,0,0,0,0
6,2.0,0,30,41,1
-2,6.0,0,38,35,1
7,8.0,0,52,25,1
3,2.0,0,10,24,1
22,8.0,0,0,0,0
8,8.0,0,11,5,0
5,12.0,0,0,0,0
73,12.0,92,1586,1325,1
233,2.0,0,176,295,0
156,0.0,0,0,5,0
2,8.0,0,0,7,1
36898,2.0,490,68069,8320,0
7,2.0,0,12,24,1
10,8.0,0,0,0,0
3,2.0,0,20,0,0
41,8.0,9,27,35,0
74,8.0,5,100,70,0
306,2.0,82,296,462,0
22,52.0,0,0,0,0
372,8.0,165,340,524,0
16,5.0,0,0,0,0
33,12.0,0,0,0,0
0,8.0,0,10,8,1
23,2.0,0,0,27,1
12,8.0,0,0,7,0
10,2.0,0,0,0,0
731,2.0,0,0,6,0
0,8.0,0,7,0,0
0,2.0,0,0,0,1
16,2.0,8,30,31,1
0,8.0,0,10,1,1
0,8.0,0,0,0,0
7,8.0,0,24,17,0
48,8.0,0,65,59,1
0,2.0,0,8,0,1
13,8.0,0,60,11,1
3,8.0,0,24,25,1
10,2.0,0,8,27,1
1,8.0,0,9,9,1
18,12.0,0,28,23,1
0,2.0,0,0,0,1
6,2.0,0,0,11,1
2,16.0,0,54,35,1
0,4.0,0,2,8,1
1,4.0,0,49,38,1
6,2.0,0,0,15,1
7,8.0,0,19,17,1
82,2.0,0,0,3,0
1,8.0,0,0,1,1
5,12.0,15,122,73,1
5,0.0,0,0,4,1
0,2.0,6,10,0,1
2,2.0,0,1,1,0
0,2.0,23,0,0,0
-4,8.0,0,15,7,1
22,8.0,0,0,2,0
23,8.0,0,0,11,0
1,9.0,0,15,10,1
5,2.0,0,0,0,0
366,8.0,105,289,373,0
4,2.0,0,0,7,1
2,9.0,0,8,9,1
7,9.0,0,0,0,0
4,12.0,0,0,0,0
21,8.0,0,0,0,0
4,2.0,0,5,18,0
5,2.0,0,0,0,0
0,8.0,0,10,9,1
4,9.0,0,0,0,0
3,8.0,0,50,25,1
11,2.0,0,5,6,0
4,8.0,0,0,2,1
0,8.0,0,123,86,1
1005,8.0,57,0,416,0
5,11.0,0,20,33,1
1,8.0,0,3,2,1
64,9.0,0,0,0,0
6,2.0,0,0,0,0
1557,52.0,0,0,0,0
2,3.0,0,3,1,1
8,4.0,0,0,3,0
2,3.0,0,0,1,1
6,12.0,3,120,88,1
84,8.0,3,223,214,1
-2,8.0,0,20,9,1
0,12.0,0,1,0,1
68,8.0,85,1116,1188,1
0,8.0,0,12,13,1
2,12.0,0,0,0,0
16,8.0,0,7,15,0
13,12.0,0,43,38,1
3,8.0,0,15,13,1
-20,12.0,0,81,42,1
1,2.0,0,3,3,1
0,8.0,0,3,3,1
23,2.0,0,42,42,1
1048,2.0,0,0,68,0
20,12.0,9,10,0,0
5,12.0,0,0,0,0
5,8.0,0,0,1,0
25,12.0,0,0,1,0
2,8.0,0,261,163,1
0,2.0,0,12,0,1
4,2.0,0,3,4,1
51,12.0,0,0,0,0
0,8.0,0,3,1,1
5,8.0,3,281,175,1
6,8.0,0,12,10,1
6,2.0,0,98,52,1
160,8.0,57,115,160,0
0,12.0,0,1,1,1
0,8.0,1,4,4,1
0,3.0,0,0,1,1
31,2.0,29,32,48,1
0,8.0,0,21,20,1
8,6.0,0,84,38,1
7,2.0,0,0,4,1
13,4.0,0,0,0,0
-4,8.0,0,7,12,1
43,8.0,0,0,15,0
22,2.0,0,0,0,0
58,8.0,0,0,1,0
1,8.0,0,10,4,0
5,8.0,0,9,15,1
25,2.0,20,0,19,0
3,2.0,0,20,23,1
0,2.0,0,120,0,1
4,12.0,0,0,1,0
253,52.0,0,0,0,0
-6,2.0,0,165,33,1
2,2.0,0,1,1,0
0,8.0,0,3,0,0
2,8.0,0,20,36,1
35,8.0,0,0,7,0
0,4.0,0,5,0,1
545,12.0,0,0,9,0
687,8.0,295,384,531,0
2,12.0,0,5,2,0
2,8.0,0,16,19,1
4,2.0,0,8,10,1
2,12.0,0,0,0,0
3,8.0,0,0,1,1
0,8.0,0,24,25,1
70,8.0,2,47,57,0
10,12.0,0,0,0,0
0,10.0,0,2,3,1
0,2.0,0,4,0,1
3,2.0,0,3,6,1
16,2.0,0,0,0,0
0,2.0,0,66,418,1
7,4.0,0,0,0,0
-3,8.0,0,300,1,1
26,2.0,0,0,0,0
10,8.0,0,0,0,0
24,2.0,0,96,0,0
0,2.0,0,30,20,1
24,8.0,0,0,0,0
0,2.0,0,5,0,1
2,4.0,0,0,2,0
5,8.0,0,2,0,0
14940,12.0,0,0,0,0
4,8.0,0,1,1,0
1,3.0,0,4,3,1
0,2.0,0,74,0,1
12,0.0,0,354,153,1
55,8.0,10,204,211,1
0,12.0,0,8,3,1
15,2.0,0,0,0,0
0,2.0,3,0,0,0
1,8.0,0,0,0,0
55,8.0,12,356,310,1
1,8.0,0,29,15,1
5,3.0,0,5,4,0
13,12.0,0,0,0,0
96,8.0,9,61,70,0
921,2.0,1309,1836,1305,0
3,8.0,1,3,3,1
1,8.0,0,29,10,1
4,8.0,0,0,0,0
15,2.0,0,20,13,0
2,2.0,0,60,6,1
0,3.0,0,2,1,0
13,2.0,0,0,1,0
6,8.0,0,34,52,1
3,8.0,0,0,7,1
2,8.0,3,13,17,1
36,2.0,0,0,0,0
600,8.0,0,0,4,0
0,5.0,0,14,0,1
-1,12.0,0,6,5,1
4,8.0,0,0,2,1
0,12.0,0,0,0,1
12,2.0,0,0,0,0
1600,2.0,0,0,0,0
0,2.0,0,40,0,0
0,8.0,0,8,3,1
14,8.0,0,0,0,0
19,8.0,0,0,0,0
4,4.0,0,2,0,0
0,8.0,0,0,0,0
92,8.0,40,110,172,0
10,8.0,0,0,1,0
3,2.0,0,0,0,0
1,8.0,0,4,4,1
0,9.0,0,3,2,1
4,8.0,0,0,0,0
134,8.0,17,672,443,1
293,8.0,9,114,373,0
5,12.0,0,0,0,0
0,12.0,0,23,10,1
8,2.0,0,0,0,0
203,12.0,34,130,102,0
6,4.0,0,0,0,0
0,12.0,0,6,1,1
935,8.0,0,27,140,0
103,2.0,0,0,0,0
1,8.0,0,160,16,1
65,8.0,19,160,307,1
37,16.0,10,449,357,1
8,8.0,3,24,22,0
59,8.0,10,0,28,0
2,8.0,0,8,10,1
40,4.0,54,284,259,0
1,8.0,0,12,3,1
4,8.0,0,9,10,1
4980,52.0,0,0,10,0
7,2.0,0,0,2,1
0,2.0,0,6,0,0
9,4.0,0,0,2,0
0,8.0,0,19,11,1
1,8.0,0,4,8,1
1,8.0,0,4,6,1
0,2.0,0,6,0,1
2,3.0,0,10,10,1
4,2.0,0,1,2,0
216,12.0,0,0,28,0
461,2.0,0,300,616,0
16,4.0,0,0,0,0
2,8.0,2,9,10,1
4,8.0,0,64,17,1
13,8.0,0,208,92,1
2,12.0,0,0,0,0
35,8.0,0,0,0,0
4,12.0,0,1,0,0
1,12.0,0,0,4,0
0,2.0,0,17,0,1
19,8.0,0,0,0,0
6,4.0,0,0,4,1
4,2.0,0,98,48,1
1,8.0,0,2,2,0
0,9.0,0,5,0,1
8,14.0,4,0,4,0
3,9.0,0,12,15,1
0,2.0,0,10,0,1
9,2.0,1,5,8,1
3,12.0,0,12,9,1
13,9.0,0,0,2,0
-5,3.0,0,48,37,1
3,3.0,0,6,15,1
36,9.0,0,0,0,0
34,11.0,0,14,24,1
1,8.0,0,0,0,0
1,8.0,0,0,0,0
0,8.0,0,3,3,1
46,8.0,0,0,12,0
4,8.0,0,12,13,1
1,4.0,0,0,1,1
-16,8.0,0,30,13,1
37,9.0,0,0,1,0
10,8.0,2,56,33,1
0,14.0,0,12,8,1
2036,8.0,0,0,260,0
8,4.0,0,0,0,0
2,8.0,0,0,1,0
1,8.0,0,30,12,1
63,4.0,0,0,3,0
274,2.0,0,0,0,0
1,8.0,0,1,1,0
4,2.0,0,0,0,1
0,8.0,0,320,0,1
11,8.0,6,49,89,1
44,2.0,0,46,70,0
0,10.0,0,2,1,1
0,2.0,0,13,0,0
4,0.0,0,14,4,1
2,8.0,0,44,0,0
7,8.0,0,37,27,0
15,8.0,0,0,0,0
1,2.0,0,2,1,1
4,8.0,0,0,3,0
14,12.0,0,9,14,1
107,12.0,0,0,56,1
145,8.0,233,2008,1470,1
0,8.0,0,10,12,1
1,8.0,0,12,9,1
1,9.0,0,10,11,1
3,2.0,0,16,0,0
0,2.0,0,18,0,1
6,8.0,10,50,55,1
27,8.0,0,0,0,0
6,8.0,0,4,9,1
4,8.0,0,0,0,0
0,3.0,0,281,0,1
3401,8.0,0,0,361,0
2,2.0,0,16,10,0
0,4.0,0,23,2,1
92,16.0,3,157,110,0
468,8.0,136,1066,1931,1
109,52.0,0,0,2,0
10,2.0,0,0,8,1
26,2.0,0,0,230,0
5,9.0,0,0,0,0
12,8.0,0,44,16,1
0,8.0,0,60,18,1
0,8.0,0,18,16,1
7,0.0,0,8,18,1
61,8.0,32,91,117,0
98,12.0,0,0,0,0
14,8.0,1,0,10,1
592,8.0,0,0,170,0
2,9.0,0,0,0,0
36,8.0,0,0,0,0
601,2.0,2,528,695,0
1217,0.0,41,0,248,0
3,12.0,0,0,0,0
10,9.0,0,0,3,0
2,2.0,0,40,5,1
15,4.0,0,4,4,0
0,9.0,0,3,1,1
650,4.0,0,0,0,0
2,8.0,0,24,15,1
15,2.0,0,0,0,0
4,12.0,0,0,0,0
3,2.0,0,40,33,1
58,2.0,0,0,3,0
0,2.0,0,3,0,1
2,8.0,0,30,12,1
2,2.0,0,13,13,1
0,8.0,0,2,0,1
1,8.0,0,27,15,1
63,12.0,2,40,50,0
3,8.0,0,0,0,1
0,9.0,0,5,4,1
0,12.0,0,6,14,1
0,2.0,0,5,0,1
0,2.0,0,1017,0,1
0,8.0,0,16,8,1
394,2.0,0,0,46,0
0,8.0,0,26,16,1
8,2.0,0,0,0,1
4835,52.0,0,0,15,0
6,12.0,9,66,0,1
18,9.0,0,0,0,0
13,8.0,0,0,4,1
5,4.0,0,87,28,1
67,8.0,40,620,674,1
0,8.0,0,72,0,1
2,8.0,0,0,0,0
0,2.0,0,50,0,1
44,2.0,0,706,39,1
7,8.0,0,10,3,1
148,12.0,0,389,6,0
8,8.0,0,8,5,1
0,8.0,0,4,2,1
55,2.0,0,0,33,0
30,8.0,1,96,59,1
2,12.0,0,4,5,1
5,8.0,0,19,5,1
0,2.0,0,42,0,1
0,2.0,0,11,0,1
4,12.0,0,0,0,0
8,2.0,0,5,36,1
6,2.0,0,0,1,0
-11,2.0,0,1124,664,1
3,9.0,0,0,0,0
9,4.0,0,0,2,0
2,9.0,0,0,0,0
2,8.0,0,24,17,1
21,8.0,0,20,10,0
34,8.0,0,0,3,0
0,2.0,0,192,49,1
0,8.0,0,0,0,0
99,2.0,0,0,0,0
0,2.0,0,5,0,1
12,8.0,0,30,1,1
53,4.0,2,47,60,0
120,8.0,774,2119,1734,1
16,52.0,0,0,1,0
12,4.0,0,0,0,0
0,8.0,0,16,0,1
40,2.0,0,0,0,0
855,8.0,84,500,604,0
20,12.0,0,0,0,0
24,13.0,0,225,72,1
3,4.0,0,6,11,1
2,8.0,0,4,5,1
0,2.0,0,37,0,1
-10,8.0,1000,1000,302,1
77,8.0,3,0,34,0
13,8.0,3,193,161,1
101,2.0,0,0,2,0
0,8.0,0,1,1,1
3,12.0,0,0,0,0
170,8.0,5,95,54,0
9,9.0,1,7,19,1
0,2.0,0,8,3,1
-7,17.0,0,27,24,1
45,16.0,0,0,3,0
5,8.0,2,0,2,0
2,8.0,0,4,6,1
1,9.0,0,19,11,1
0,8.0,0,8,8,1
9,9.0,0,0,0,0
9,12.0,6,2,0,0
4,12.0,4,44,38,1
15,2.0,0,0,5,1
6,2.0,0,0,0,0
0,8.0,0,6,7,1
6,4.0,0,0,0,0
3,8.0,0,0,1,0
8,8.0,0,62,12,1
2,8.0,0,19,34,0
1,8.0,0,1,0,1
30,2.0,0,0,0,0
2,12.0,0,1,1,0
73,0.0,0,0,0,0
6,8.0,0,0,2,0
2,2.0,0,0,2,0
150,2.0,21,168,206,0
0,12.0,0,5,0,0
92,8.0,6,340,278,1
6,8.0,0,0,0,0
3,8.0,0,0,1,1
68,8.0,0,1120,1089,1
0,2.0,0,250,0,1
129,2.0,24,48,71,0
-29,8.0,0,222,36,1
2,8.0,0,0,0,0
10,12.0,0,100,83,1
4,2.0,0,25,8,1
6,9.0,10,2,8,0
3,8.0,0,0,0,0
13,12.0,0,0,0,0
16,2.0,0,0,1,0
87,8.0,19,333,264,1
6,2.0,0,0,1,0
19,2.0,2,343,183,1
14,8.0,0,0,0,0
-1110,52.0,1,3734,1471,0
113,12.0,0,0,1,0
6,8.0,0,0,0,1
12,8.0,0,32,29,1
-35,8.0,0,1385,597,1
8,12.0,0,24,41,1
-28,8.0,0,153,111,1
1,8.0,0,4,6,1
11,8.0,0,0,0,0
44,8.0,0,512,304,1
1,8.0,0,0,1,0
42,2.0,0,0,8,0
460,8.0,39,391,524,0
9,2.0,0,0,1,1
1,8.0,0,23,1,1
492,12.0,13,111,270,0
1,8.0,0,5,7,1
3,8.0,0,36,34,1
3,4.0,0,1,10,0
15,8.0,0,0,0,0
132,8.0,13,288,201,0
31,2.0,0,0,0,1
37,8.0,0,15,22,0
0,2.0,0,16,0,1
56,10.0,0,2138,1990,1
7,16.0,0,0,0,0
0,8.0,2,6,5,0
0,2.0,0,30,0,1
9,2.0,0,0,1,0
2,8.0,0,0,0,0
0,12.0,0,2,2,1
1,16.0,0,0,0,0
3,2.0,3,6,0,1
0,2.0,0,4,3,1
32,8.0,0,350,156,1
1,2.0,7,41,24,1
2,8.0,0,1,1,1
9,8.0,6,117,48,1
0,8.0,0,11,11,1
2,2.0,0,0,2,1
3,8.0,0,0,0,0
49,2.0,0,0,6,0
12,2.0,0,0,0,0
5,12.0,5,5,0,0
18,8.0,0,31,48,0
30,8.0,18,496,282,1
10,12.0,3,0,0,0
2,2.0,0,0,0,0
10,2.0,0,0,1,0
2,8.0,0,11,11,1
4,9.0,0,0,0,0
55,9.0,0,0,7,0
27,2.0,0,92,90,1
7,12.0,0,0,2,1
1,2.0,0,3,2,1
3,10.0,0,56,40,1
22,2.0,0,0,44,1
34,8.0,1,0,6,0
132,9.0,0,0,3,0
5,8.0,0,0,0,0
7,3.0,0,0,0,0
0,2.0,0,7,6,1
3,2.0,0,0,1,1
0,8.0,0,7,5,1
276,8.0,3,0,58,0
0,8.0,1,1,2,0
79,8.0,2,7,21,0
10,12.0,10,0,0,0
0,2.0,0,62,2,1
3,8.0,10,10,12,0
-14,8.0,0,48,23,1
25,8.0,26,84,79,0
44,4.0,0,0,18,0
101,11.0,1,60,69,0
4,2.0,0,0,0,0
7,2.0,0,0,0,0
20,12.0,0,0,0,0
19,8.0,0,60,59,1
0,2.0,0,45,0,0
16,2.0,0,0,18,0
1,8.0,0,0,0,1
23,8.0,0,26,23,0
10,12.0,0,0,3,0
41,8.0,0,256,108,1
0,2.0,0,12,0,1
4,8.0,0,0,22,1
-13,8.0,0,1385,907,1
297,2.0,90,104,221,0
2,8.0,0,2,3,1
12,2.0,0,0,0,0
3,8.0,0,0,0,0
0,2.0,0,111,3,1
95,8.0,9,0,50,0
20,2.0,0,36,30,1
75,8.0,23,250,45,0
3,12.0,0,2,3,0
81,12.0,0,4,7,0
7,2.0,0,15,35,1
240,8.0,16,280,289,0
18,8.0,0,22,41,0
9,4.0,0,0,3,1
74,12.0,0,0,3,0
0,2.0,0,10,0,1
0,8.0,0,9,4,1
2,8.0,0,25,20,1
2,9.0,0,0,0,1
1,2.0,0,0,0,1
7,4.0,0,0,0,0
18,9.0,0,22,18,1
3,12.0,0,0,0,0
3,8.0,0,10,6,1
18,12.0,0,0,0,0
0,2.0,0,20,0,1
20,2.0,0,0,10,0
-4,8.0,0,86,49,1
485,8.0,23,0,172,0
1,8.0,0,2,5,1
5,8.0,21,18,21,0
17,8.0,0,146,68,1
0,8.0,0,101,0,0
5,8.0,0,6,7,1
0,8.0,0,4,3,1
5,4.0,0,0,0,0
0,2.0,0,636,0,1
6,8.0,0,34,17,1
0,8.0,0,25,3,1
36,6.0,0,0,21,1
0,2.0,0,7,1,1
0,2.0,0,4,0,1
139,8.0,3,1248,815,1
5,8.0,0,42,31,1
6,2.0,0,10,21,1
1,8.0,0,16,5,1
232,8.0,24,0,106,0
472,4.0,86,168,253,0
6,8.0,0,31,13,1
26,2.0,0,0,0,0
-1,8.0,0,150,80,1
439,8.0,129,200,241,0
5,8.0,0,9,17,1
4,4.0,0,0,10,1
0,8.0,0,936,0,1
1,9.0,0,4,10,1
55,8.0,9,0,0,0
0,0.0,0,14,7,1
2,10.0,0,7,7,1
7,8.0,0,0,0,0
4,3.0,0,0,6,1
0,4.0,0,32,3,1
15,4.0,0,63,26,1
0,8.0,0,8,16,1
0,2.0,0,4,2,1
0,8.0,0,10,13,1
2,12.0,0,0,0,0
3,12.0,0,0,0,0
0,2.0,0,7,3,1
6,2.0,0,0,0,1
50,4.0,0,30,61,0
1,9.0,0,2,2,0
3081,6.0,1122,7960,5491,0
5,2.0,0,7,3,1
128,8.0,174,442,621,0
8,4.0,0,0,4,1
0,8.0,0,1,1,1
6,2.0,0,4,10,1
8,8.0,0,10,6,0
0,8.0,0,4,5,0
0,4.0,0,6,11,1
22,2.0,0,0,0,0
1,8.0,0,79,46,1
34,2.0,23,12,219,1
3,9.0,0,13,22,1
2,3.0,0,0,1,1
11,9.0,0,0,0,0
0,8.0,0,4,3,1
47,2.0,5,143,10,0
1,3.0,0,3,3,1
3,8.0,0,40,26,1
4,8.0,0,6,15,1
0,2.0,0,111,4,1
2,9.0,0,0,0,0
9,8.0,0,32,27,1
1,8.0,0,1,2,1
0,2.0,0,1,0,1
22,8.0,6,177,129,1
68,52.0,0,0,8,0
4,2.0,0,0,0,1
7,12.0,22,10,15,0
0,2.0,0,5,0,1
17,8.0,0,65,18,1
0,8.0,0,0,0,0
69,2.0,0,0,0,0
7,8.0,0,350,16,1
31,8.0,0,0,0,0
-1,4.0,6,0,9,1
2,12.0,0,0,0,0
7,2.0,0,0,6,0
12,8.0,0,0,0,0
20,2.0,0,15,54,1
4,12.0,0,0,0,0
10731,2.0,1,12000,13331,0
1,9.0,0,0,3,1
98,8.0,12,358,0,0
259,2.0,14,381,678,0
2,12.0,0,152,49,1
21,12.0,12,70,47,1
4,8.0,0,6,12,1
14,8.0,0,0,2,0
61,2.0,0,60,101,1
19,2.0,0,17,0,1
6,8.0,0,0,0,0
0,8.0,0,21,16,1
39,12.0,0,0,0,0
0,2.0,0,5,0,0
63,2.0,0,0,0,0
5,8.0,0,94,9,0
4,2.0,0,37,6,1
0,12.0,0,50,0,1
0,8.0,0,58,0,1
10,12.0,0,0,5,0
7,4.0,0,0,0,0
1799,9.0,184,2149,2912,0
0,8.0,0,0,0,0
2,9.0,0,0,0,0
5,12.0,0,0,0,0
0,12.0,0,4,2,1
124,8.0,25,155,173,0
4,4.0,11,0,9,0
9,8.0,0,64,14,1
11,8.0,10,10,27,0
199,8.0,0,0,0,0
500,12.0,0,0,0,0
9,9.0,6,9,6,0
0,2.0,0,751,1,1
59,12.0,0,0,0,0
58,12.0,10,60,51,0
5,2.0,0,10,11,0
22,8.0,0,0,1,0
0,2.0,0,80,0,1
7,2.0,0,10,15,1
2,12.0,0,9,3,1
221,8.0,7,62,79,0
14,14.0,0,0,0,0
51,8.0,0,0,4,0
10,8.0,1,195,144,1
8,2.0,0,29,30,1
6,8.0,0,20,7,1
-13,14.0,50,332,366,0
0,2.0,0,2,0,0
0,12.0,0,1,0,1
-2,8.0,0,38,22,1
7,8.0,0,8,20,1
12,12.0,0,0,5,0
24,2.0,0,0,9,1
6,8.0,0,0,0,0
2,3.0,0,0,1,1
6,11.0,2,20,31,1
61,8.0,0,0,4,0
36,12.0,0,0,3,0
5,4.0,0,0,3,0
0,8.0,0,7,14,1
7,5.0,0,0,3,0
4,9.0,0,0,0,0
100,8.0,0,0,2,0
11,2.0,0,0,4,1
11,8.0,0,10,15,1
20,6.0,0,85,41,1
27,8.0,96,960,993,0
8,6.0,0,48,35,1
9,2.0,0,35,1,1
22,8.0,0,0,5,1
276,2.0,0,0,52,0
19,9.0,0,0,0,0
0,8.0,0,5,0,1
35,9.0,65,0,0,0
0,12.0,0,5,0,1
1,8.0,0,1,0,0
41,2.0,0,8,35,1
0,2.0,0,0,0,1
100,12.0,0,0,0,0
6,3.0,0,0,20,1
79,8.0,10,330,313,1
26,2.0,11,195,101,1
0,2.0,6,6,0,1
-6,2.0,0,9,12,1
4,8.0,0,0,1,1
9,2.0,0,0,0,0
2,2.0,0,12,8,1
1854,8.0,0,0,22,0
8,8.0,0,11,15,0
6,2.0,0,61,29,1
0,2.0,0,6,2,1
22,8.0,0,230,186,1
9,8.0,7,16,26,1
27,8.0,0,404,226,1
3,8.0,0,0,0,1
-3,8.0,0,12,7,1
7,4.0,0,0,0,0
0,8.0,0,1,1,1
70,8.0,0,0,8,0
0,2.0,0,21,1,1
13,8.0,0,92,65,1
177,8.0,0,224,106,0
0,8.0,0,7,3,1
2,8.0,0,17,21,1
2,2.0,0,0,3,1
156,8.0,0,0,51,1
0,2.0,0,61,0,0
23,8.0,0,340,214,0
1,8.0,0,0,5,0
141,2.0,42,162,162,0
15,16.0,3,58,29,1
0,2.0,0,4,0,1
0,2.0,0,1017,0,1
2,8.0,0,0,1,0
310,2.0,80,0,8,0
17,2.0,0,22,10,0
4,8.0,0,31,6,1
2,2.0,0,4,6,1
0,2.0,0,10,0,0
4,9.0,0,0,0,0
10,2.0,0,0,9,1
17,4.0,0,7,14,1
904,2.0,2,15343,7433,1
1,8.0,0,3,4,1
1,9.0,5,17,6,1
6,4.0,0,2,2,0
1,8.0,1,20,8,1
40,0.0,0,1219,656,1
31,8.0,10,0,8,0
45,2.0,0,285,175,1
0,2.0,0,636,0,1
6,4.0,0,0,0,0
0,2.0,0,50,0,1
14,8.0,0,0,3,0
3,4.0,5,1,0,0
24,8.0,0,0,0,0
9,10.0,0,0,0,0
18,14.0,0,0,1,0
0,12.0,0,8,2,1
6,4.0,0,4,7,1
1,8.0,0,25,6,1
12,12.0,0,28,33,1
4,8.0,0,0,1,0
1,2.0,0,8,10,1
5,2.0,0,1,4,1
0,8.0,0,3,18,1
2,13.0,0,9,7,1
86,2.0,0,54,51,1
0,12.0,0,204,0,1
5,0.0,0,169,16,1
17,2.0,0,0,1,0
75,8.0,0,0,0,0
3690,8.0,432,732,1146,0
13,8.0,0,0,2,0
37,52.0,0,0,1,0
273,8.0,100,200,198,0
13,2.0,0,0,5,1
3,2.0,0,14,4,1
0,2.0,0,5,0,1
13,12.0,0,6,10,0
13,8.0,0,196,2,0
0,8.0,7,12,0,1
12,8.0,0,0,4,1
10,2.0,0,8,41,1
2,8.0,0,2,4,1
15,2.0,0,0,26,0
10,12.0,0,100,22,1
11,2.0,0,0,0,0
19,4.0,0,0,0,0
10,12.0,0,0,0,0
0,2.0,0,5,0,1
0,2.0,0,2926,51,1
243,12.0,0,203,199,0
5,8.0,0,4,9,1
58,8.0,10,128,82,0
-15,8.0,0,160,135,1
6,9.0,0,0,0,0
2,8.0,0,11,11,1
3,2.0,0,0,15,1
9,8.0,0,0,0,0
0,2.0,0,72,0,1
8,8.0,0,0,0,0
5,2.0,0,12,11,1
37,2.0,0,12,19,1
0,2.0,0,0,0,0
5,12.0,0,96,26,1
19,9.0,0,0,0,0
0,4.0,0,8,0,1
7,8.0,0,0,0,0
387,8.0,131,576,446,0
0,8.0,0,100,46,1
2,9.0,0,9,6,1
16,8.0,0,0,0,0
37,2.0,0,80,51,1
13,8.0,0,0,0,0
0,4.0,0,0,0,0
1,9.0,0,30,13,1
1,12.0,0,5,1,0
1,8.0,0,8,2,1
0,2.0,0,58,2,1
0,3.0,0,4,2,1
-5,12.0,4,15,30,1
12,2.0,0,725,2,0
-31,8.0,0,171,144,1
0,4.0,0,7,0,0
17,8.0,0,0,0,0
0,8.0,0,28,6,1
13,2.0,0,29,13,0
0,2.0,0,0,3,1
0,8.0,0,25,15,1
8,8.0,0,16,24,1
3,2.0,0,2,0,0
14,2.0,0,64,62,1
0,8.0,0,16,0,1
9,2.0,0,0,0,0
10,8.0,1,0,88,1
4,8.0,0,0,0,0
16,8.0,0,0,0,0
5,0.0,0,0,4,1
0,4.0,0,11,0,1
0,2.0,1,2,3,1
8,8.0,0,0,20,1
241,8.0,24,277,166,0
0,12.0,0,0,0,1
4,2.0,0,0,0,0
1,8.0,0,0,1,1
12,2.0,0,0,15,1
14,8.0,0,0,0,0
2,8.0,0,0,1,0
2,8.0,0,2,6,0
397,8.0,0,0,19,0
4,8.0,0,3,4,0
0,8.0,0,30,25,1
7,4.0,0,0,0,1
0,8.0,0,7,6,1
25,8.0,0,180,128,1
10,9.0,12,25,37,0
17,8.0,0,0,8,1
2,12.0,0,1,1,1
-1,8.0,1,7,3,1
10,2.0,0,0,0,0
1,14.0,0,20,21,1
394,12.0,27,0,228,0
-5,8.0,0,37,20,1
11,2.0,0,12,18,1
96,2.0,0,0,529,1
-13,8.0,0,21,14,1
6,8.0,0,0,0,0
10,4.0,5,0,0,0
313,8.0,56,140,298,0
12,0.0,0,126,88,1
16,8.0,0,0,0,0
55,8.0,5,477,202,1
18,8.0,0,0,0,0
6,12.0,0,0,2,1
10,8.0,0,60,22,0
47,8.0,5,49,67,0
76,2.0,0,226,7,1
2,8.0,0,34,8,1
0,2.0,0,4,0,1
6,8.0,1,30,33,0
0,2.0,0,7,7,1
165,8.0,0,0,0,0
-5,8.0,1,64,49,1
89,8.0,0,0,21,0
0,8.0,0,9,10,1
8,8.0,1,50,12,0
0,2.0,0,30,12,1
0,2.0,0,72,0,1
1,9.0,0,14,9,1
156,12.0,0,0,22,0
0,8.0,0,0,0,0
9,11.0,0,14,18,1
56,2.0,0,3,35,1
2,8.0,0,1,1,1
1,8.0,0,30,15,1
3,2.0,0,0,2,1
-7,8.0,0,37,22,1
3,10.0,0,0,1,1
15,2.0,0,21,33,0
1,8.0,0,2,3,1
3,8.0,0,0,0,1
145,8.0,8,160,134,0
331,8.0,1,0,146,0
2,14.0,0,36,39,1
3,12.0,8,184,118,1
287,2.0,103,689,457,0
0,2.0,0,2,0,1
0,8.0,0,52,0,1
21,8.0,0,0,0,0
0,8.0,0,20,0,0
5,8.0,1,33,36,1
0,9.0,0,3,2,1
4,8.0,0,0,0,0
29,12.0,2,10,25,0
4,9.0,0,15,11,1
1,12.0,0,0,0,0
2,2.0,0,3,1,1
2022,8.0,942,1750,1667,0
150,8.0,141,732,775,1
-499,12.0,350,3452,2550,1
8,8.0,0,0,0,0
7,8.0,0,0,0,0
3,9.0,0,0,0,0
24,2.0,0,0,0,0
11,8.0,0,17,34,1
3,2.0,0,0,1,1
7,12.0,0,0,2,1
2,12.0,0,0,0,0
7,10.0,0,0,0,0
0,2.0,0,368,0,1
204,8.0,0,0,0,0
26,2.0,0,18,32,1
133,12.0,0,0,10,0
3,8.0,0,141,59,1
2,8.0,0,1,2,1
4,8.0,0,0,0,1
1,8.0,0,1,1,0
16,2.0,0,0,4,0
6,8.0,0,18,21,1
0,9.0,0,6,2,1
17,52.0,0,0,4,0
56,8.0,21,864,868,1
3,8.0,0,0,2,1
0,0.0,0,25,1,1
1,8.0,0,12,14,1
18,4.0,0,19,20,0
4,8.0,2,5,5,0
77,4.0,0,0,3,0
662,8.0,6,0,64,0
60,12.0,0,0,3,0
98,8.0,0,0,3,0
-7,6.0,0,38,31,1
3,12.0,0,30,14,1
6,8.0,0,70,29,1
6,12.0,0,5,9,0
2,8.0,0,0,4,0
-24,8.0,0,1120,564,1
22,5.0,0,0,0,0
0,8.0,0,2,2,1
6,8.0,0,0,0,0
45,8.0,55,182,237,1
11,2.0,40,75,86,1
8,8.0,0,0,2,0
17,11.0,0,27,38,1
9,12.0,6,92,68,1
41,8.0,0,0,0,0
1,2.0,0,8,3,1
2,8.0,0,0,0,0
2,2.0,0,0,0,0
300,8.0,1,117,213,0
0,4.0,0,0,8,1
22,8.0,0,0,0,0
135,8.0,0,0,0,0
4,0.0,0,189,17,1
0,12.0,0,4,4,1
12,2.0,0,10,17,1
6810,8.0,0,0,0,0
50,8.0,1,40,43,0
0,2.0,0,39,10,1
3,8.0,0,0,0,0
4,8.0,0,0,0,0
0,8.0,0,6,0,1
5,4.0,3,13,9,0
0,12.0,0,5,4,1
-3,8.0,0,5,24,1
7,8.0,19,590,256,1
4,0.0,0,14,4,1
9,16.0,0,0,3,0
1316,3.0,395,1680,1401,0
0,8.0,0,3,1,1
296,2.0,0,0,29,0
43,12.0,10,366,355,0
100,8.0,0,0,1,0
39,2.0,0,8,36,1
31,8.0,0,305,134,1
-3,8.0,0,33,35,1
3,4.0,0,0,0,0
74,8.0,75,111,85,0
98,10.0,4,0,21,0
10,8.0,0,0,0,0
88,8.0,0,0,0,0
1,9.0,0,6,2,1
8,8.0,0,24,21,1
57,8.0,0,0,0,0
5,14.0,0,0,0,0
34,8.0,222,243,206,0
8,2.0,0,0,0,0
45,12.0,8,16,22,0
6,8.0,0,0,0,0
10,8.0,0,2,9,1
8,9.0,0,0,0,0
240,2.0,0,160,144,1
164,10.0,0,0,0,0
1,8.0,0,2,0,1
102,8.0,8,611,342,1
386,8.0,0,0,4,0
36,8.0,0,0,0,0
-36,2.0,0,400,394,1
89,8.0,65,1569,1756,1
7,8.0,0,7,7,1
8,8.0,0,0,0,0
2,8.0,0,8,1,1
0,12.0,0,12,0,1
0,8.0,0,2,3,1
11,2.0,0,10,2,1
12,8.0,0,0,6,0
0,2.0,1,33,2,1
48,2.0,0,0,0,0
1536,8.0,0,0,12,0
0,2.0,0,5,0,1
0,0.0,0,49,51,1
-2,8.0,0,176,147,1
11,8.0,0,0,18,0
0,4.0,0,4,0,0
94,5.0,40,94,87,0
0,8.0,0,10,6,1
1,8.0,0,18,9,1
10,8.0,0,0,0,0
135,8.0,0,0,10,0
28,8.0,20,0,12,0
0,2.0,0,53,4,1
4,12.0,0,0,0,0
0,8.0,0,0,0,0
16,2.0,0,50,32,1
2,12.0,0,20,11,1
2,2.0,0,2,10,1
4,8.0,0,48,29,1
4,8.0,4,78,61,1
4,9.0,0,0,0,0
2,8.0,0,2,4,1
9,8.0,4,16,30,1
8,2.0,0,0,17,1
58,8.0,9,30,31,0
9958,8.0,1378,0,1517,0
2,12.0,0,0,0,0
0,2.0,0,99,0,1
20,9.0,0,9,0,0
2,2.0,0,60,6,1
34,8.0,0,0,0,0
114,8.0,1,500,47,0
14,9.0,0,0,6,0
0,2.0,0,21,0,1
67,8.0,4,0,34,0
7,8.0,0,3,6,1
53,4.0,0,0,22,0
0,12.0,0,22,9,1
0,8.0,0,7,4,1
5,4.0,0,9,8,1
2,10.0,0,0,0,1
0,2.0,0,241,0,1
1,8.0,0,11,4,1
1,8.0,0,6,4,1
6,2.0,0,25,24,1
6,8.0,0,19,16,1
11,8.0,0,5,10,1
-1,8.0,0,174,59,1
0,2.0,0,480,11,1
10,8.0,0,8,19,1
0,8.0,0,10,6,1
1,4.0,0,8,14,1
1,2.0,0,9,6,1
298,8.0,0,0,8,0
5,2.0,0,0,0,0
4,8.0,0,0,0,0
0,8.0,0,4,2,1
6,12.0,0,0,0,0
0,12.0,0,4,5,1
0,8.0,0,0,5,0
91,2.0,58,1920,470,1
0,4.0,0,125,0,1
3,4.0,0,0,0,0
3,8.0,0,31,20,1
1,2.0,0,1,1,0
98,8.0,0,0,0,0
315,8.0,0,0,63,0
3,2.0,0,10,11,1
0,9.0,0,2,2,1
5,9.0,0,10,10,1
2,8.0,0,4,3,0
5,3.0,0,0,0,0
151,2.0,0,0,0,0
98,8.0,0,0,0,0
594,8.0,0,1200,0,1
0,2.0,0,15,22,1
46,8.0,0,0,94,1
105,2.0,15,855,711,1
57,8.0,0,24,33,0
0,12.0,0,8,9,1
3,9.0,0,0,1,0
7,8.0,0,0,0,0
1,2.0,0,12,17,1
5,2.0,0,6,0,0
2,2.0,0,19,11,1
0,2.0,0,582,0,1
43,9.0,0,0,0,0
1,12.0,0,5,3,1
289,8.0,0,0,0,0
5,2.0,0,24,7,0
1,14.0,0,8,0,1
6,2.0,0,0,2,0
-7,12.0,0,10,3,1
94,8.0,0,0,3,1
1,8.0,0,0,0,0
0,8.0,0,0,0,0
0,2.0,0,5,0,1
653,8.0,0,0,48,0
0,4.0,0,9,0,1
0,8.0,0,3,2,1
105,12.0,0,0,22,0
7,8.0,0,0,0,0
0,8.0,0,0,0,0
1,8.0,0,12,3,1
231,8.0,0,62,86,0
0,8.0,6,0,43,1
495,8.0,0,0,15,0
0,8.0,0,8,0,1
1,3.0,1,1,1,1
5,12.0,0,4,3,0
10,2.0,0,0,0,0
59,2.0,0,238,173,1
4,2.0,0,30,11,1
1,9.0,0,3,9,1
6,9.0,0,0,0,0
264,12.0,0,0,2,0
2,12.0,0,3,3,0
274,8.0,1,0,55,0
14,8.0,0,6,6,0
4,4.0,0,0,1,0
2,8.0,0,5,6,1
26,4.0,47,21,50,0
36,12.0,0,0,1,0
5,8.0,0,0,1,0
0,12.0,0,20,10,1
-1,2.0,0,8,2,1
93,2.0,27,135,119,0
0,2.0,0,0,0,1
0,2.0,0,5,1,1
170,12.0,0,0,3,0
27,2.0,0,0,0,0
561,8.0,175,1228,1800,1
11,2.0,0,11,0,0
224,52.0,0,0,0,0
16,9.0,0,6,9,0
53,8.0,57,1711,1692,1
1,12.0,0,0,1,0
26,8.0,16,0,7,0
1,8.0,0,7,4,1
1,8.0,0,5,4,1
12,8.0,0,0,0,1
970,52.0,0,0,0,0
1,8.0,0,48,26,1
-1194,12.0,0,3787,11,1
6,2.0,0,20,17,1
2,9.0,0,0,0,0
-22,8.0,32,357,341,1
4,8.0,0,0,0,0
0,2.0,0,5,0,1
193,14.0,21,42,99,0
0,8.0,0,19,12,1
10,2.0,0,3,20,0
0,8.0,0,70,0,1
39,52.0,0,0,1,0
1,8.0,0,2,0,1
21,8.0,0,13,16,0
0,9.0,0,4,1,1
123,8.0,3,100,82,0
0,13.0,0,0,0,0
-4,8.0,0,166,131,1
0,12.0,0,5,5,1
0,9.0,0,1,0,1
0,8.0,0,0,2,0
2,9.0,0,0,0,0
0,9.0,0,3,2,1
4,2.0,0,0,0,0
46,2.0,0,60,52,0
900,8.0,0,0,395,0
2,8.0,0,20,28,1
89,9.0,0,25,48,1
1,2.0,0,0,0,0
0,8.0,0,0,0,0
5,2.0,0,0,1,1
30,2.0,0,0,6,0
2,2.0,0,0,1,1
10,2.0,0,0,20,1
0,8.0,0,5,0,1
15,2.0,0,0,13,0
10,8.0,5,81,39,1
1,8.0,0,42,28,1
13,8.0,8,17,39,1
391,8.0,153,456,517,0
5,8.0,15,130,209,1
3,2.0,0,4,6,1
0,8.0,0,3,0,1
3,3.0,0,1,1,1
32,2.0,16,32,33,0
3,8.0,0,9,10,1
0,8.0,0,1,5,1
1,8.0,0,50,17,1
287,8.0,190,535,444,1
2,2.0,1,16,34,1
2747,4.0,549,10721,6796,0
5,12.0,0,7,6,0
2,9.0,0,0,0,0
13,2.0,0,0,0,0
-33,8.0,0,293,144,1
119,8.0,0,0,8,0
0,4.0,0,11,0,1
8,8.0,0,20,13,0
0,8.0,0,31,15,1
0,8.0,0,5,0,1
194,8.0,181,720,777,1
4,4.0,0,5,7,1
1,8.0,0,10,12,1
34,8.0,7,0,26,0
4,2.0,0,4,4,1
52,2.0,0,0,7,0
68,2.0,21,28,61,0
4,2.0,0,9,3,1
21,8.0,0,0,3,0
3,2.0,1,0,3,0
0,5.0,0,462,2,1
0,2.0,0,21,0,0
5,12.0,0,6,4,0
1,8.0,0,0,4,0
171,8.0,0,105,268,0
2,2.0,0,22,17,1
9,2.0,0,20,20,1
34,8.0,0,0,0,0
2,9.0,0,0,0,0
7,4.0,0,0,0,0
10,12.0,0,0,0,0
0,8.0,0,14,10,1
0,2.0,0,8,0,1
7,2.0,0,203,0,0
18,2.0,0,0,4,1
2,8.0,0,3,4,1
9,12.0,4,25,17,0
0,2.0,1,1,1,1
23,8.0,0,0,1,0
35,8.0,0,0,9,1
11,4.0,0,0,4,0
36,4.0,0,0,1,0
3069,8.0,432,129,1338,0
2,8.0,0,0,0,0
0,12.0,0,5,3,1
25,2.0,0,0,0,0
0,12.0,0,0,0,1
62,8.0,0,22,22,0
161,8.0,59,271,338,0
3,2.0,1,4,9,1
1,8.0,0,13,13,1
31,2.0,0,17,0,0
0,8.0,0,28,13,1
7,12.0,0,0,1,1
0,5.0,0,0,4,0
0,2.0,0,6,0,0
2,4.0,0,168,34,1
15,9.0,10,21,20,1
7,4.0,0,0,0,0
0,12.0,0,4,0,1
0,2.0,0,16,1,1
4,2.0,0,0,4,1
3,8.0,0,14,15,1
2,14.0,0,4,6,1
0,9.0,0,1,0,1
0,12.0,0,20,8,1
0,9.0,0,2,1,1
23,4.0,0,0,0,0
3,2.0,0,4,4,1
140,12.0,0,0,0,0
10,8.0,0,0,0,0
9,2.0,0,0,0,0
1,2.0,30,30,83,1
121,4.0,371,0,149,0
6,12.0,0,0,0,0
0,8.0,0,207,0,1
25,2.0,0,0,26,1
5,12.0,0,0,0,0
0,2.0,0,0,3,1
123,52.0,0,0,1,0
42,8.0,0,0,15,0
2,2.0,0,63,23,1
0,12.0,0,5,0,0
0,2.0,0,1987,1,1
4,2.0,0,1,4,1
20,4.0,4,0,0,0
1,9.0,0,13,18,1
1682,10.0,0,0,0,0
1,8.0,0,2,5,1
191,2.0,60,300,360,0
8,2.0,0,0,1,0
1,2.0,1,186,48,1
12,8.0,0,65,21,1
8,8.0,0,96,27,1
0,2.0,0,5,0,0
10,8.0,0,0,45,1
4,4.0,41,1,7,0
453,12.0,19,273,216,0
6,8.0,0,2,1,0
12,2.0,0,0,1,0
5000,52.0,0,0,0,0
14,8.0,0,0,0,0
21,12.0,0,0,0,0
7,8.0,0,0,2,0
296,12.0,1,25,304,0
-1,8.0,5,68,29,1
9,12.0,0,0,0,0
4,8.0,0,0,0,0
7,9.0,0,0,8,0
1,8.0,0,1,2,1
126,8.0,0,0,0,0
0,8.0,0,0,0,0
-43,8.0,0,182,99,1
57,12.0,38,428,345,1
0,5.0,0,48,0,1
28,9.0,0,0,1,0
1,8.0,0,10,1,0
0,5.0,0,1825,0,1
342,8.0,0,222,0,0
3,9.0,0,0,0,0
0,8.0,6,102,45,1
39,9.0,0,0,30,1
2,8.0,2,18,19,1
17,12.0,0,0,2,0
7,9.0,0,0,0,0
0,2.0,0,10,0,1
0,2.0,0,16,7,1
4,52.0,0,0,1,0
0,2.0,0,0,325,1
-59,8.0,9,513,364,1
8,2.0,0,0,1,0
31,4.0,41,41,58,1
55,16.0,11,414,349,1
13,8.0,1,48,57,1
13,8.0,0,0,5,0
-14,8.0,2,1297,598,1
0,2.0,0,30,8,0
203,12.0,85,508,563,1
17,2.0,0,42,33,1
1,12.0,0,43,23,1
12,8.0,28,66,71,0
74,8.0,0,345,269,1
256,52.0,0,0,8,0
22,15.0,0,106,62,1
8,8.0,0,0,2,0
11,8.0,10,0,1,0
1,8.0,0,3,2,1
756,8.0,0,0,1,0
0,2.0,5,46,37,1
36,8.0,0,0,8,0
171,8.0,84,294,297,0
11,12.0,2,0,0,0
0,8.0,0,19,8,1
34,8.0,0,0,6,0
1,2.0,0,18,6,1
6,2.0,0,0,0,1
0,8.0,0,26,39,1
38,8.0,8,376,318,1
0,2.0,0,0,0,1
3,12.0,0,0,0,0
4,2.0,0,0,0,1
12,8.0,0,948,717,1
7,2.0,0,0,0,0
0,4.0,0,100,22,1
35,2.0,0,0,8,1
33,8.0,0,0,0,0
1,8.0,0,14,16,1
16,8.0,0,0,0,0
5,2.0,0,50,19,1
85,8.0,30,370,201,1
0,2.0,0,40,0,1
1,12.0,0,3,2,1
4,10.0,0,0,0,0
0,8.0,0,17,16,1
0,8.0,0,5,0,1
55,8.0,0,26,31,0
34,12.0,0,0,0,0
3,8.0,0,4,6,1
24,12.0,0,4,8,0
182,2.0,0,0,2,0
25,8.0,0,254,104,1
1,2.0,0,0,1,0
7,8.0,0,0,7,0
-29,8.0,3,864,924,1
88,4.0,0,0,18,1
93,8.0,5,0,35,0
-1,8.0,9,103,37,1
2,12.0,0,0,0,0
40,52.0,0,0,1,0
6,2.0,0,0,0,0
4,2.0,0,0,0,1
15,8.0,0,0,0,0
1,8.0,0,1,3,1
0,2.0,0,62,2,1
0,8.0,0,5,0,1
17,8.0,0,0,0,0
36,9.0,0,0,0,0
1,8.0,0,3,44,1
18,2.0,0,6,23,1
0,2.0,0,5,1,1
11,15.0,2,11,9,0
45,8.0,0,0,0,0
643,8.0,0,0,3,0
1662,8.0,854,471,1614,0
0,2.0,0,17,11,1
1,8.0,0,2,3,1
0,8.0,0,8,3,1
0,2.0,0,5,2,1
1627,8.0,89,243,1210,0
-9,8.0,0,257,163,1
13,2.0,0,0,1,0
141,2.0,0,0,1,0
2,12.0,0,0,0,0
14,2.0,0,0,2,0
0,9.0,0,2,0,0
11,4.0,0,1,6,0
5,8.0,0,0,0,0
10,2.0,0,0,0,0
469,8.0,168,1111,1060,0
32,8.0,0,0,0,0
0,2.0,0,5,0,1
2,8.0,0,15,1,0
1,4.0,0,0,0,0
0,8.0,0,13,11,1
-2,8.0,0,20,14,0
0,8.0,0,13,5,1
28,2.0,0,0,13,0
1,4.0,0,15,9,1
2,8.0,0,0,1,0
3,12.0,0,0,0,0
7,8.0,0,0,1,1
11,9.0,0,0,0,0
1,8.0,0,12,11,1
24,8.0,0,208,91,1
4,2.0,0,1,0,0
24,12.0,0,663,386,1
2,9.0,0,4,9,1
26,10.0,14,74,66,1
6393,2.0,0,0,125,0
0,8.0,0,11,5,1
64,8.0,16,256,132,0
1,2.0,1,0,2,1
111,12.0,26,60,105,0
100,12.0,0,0,0,0
-1,8.0,0,25,3,1
0,8.0,0,0,0,0
7,8.0,0,774,530,1
122,8.0,0,0,2,0
178,8.0,0,0,0,0
205,8.0,0,37,77,0
2,8.0,0,120,3,0
51,8.0,0,0,0,0
5,8.0,0,0,0,0
7,2.0,0,0,0,0
1,9.0,10,15,13,1
3,2.0,0,0,0,0
87,2.0,0,0,59,1
3,8.0,1,1,3,0
0,8.0,0,3,3,1
2,2.0,1,2,5,0
0,8.0,0,6,0,1
0,8.0,0,290,0,0
2,2.0,0,10,1,1
128,2.0,0,0,3,0
0,2.0,0,106,0,1
12,2.0,0,12,19,1
0,2.0,0,37,0,1
10,8.0,0,0,1,0
0,2.0,0,0,0,1
11,2.0,0,20,23,0
2,8.0,0,0,0,0
0,9.0,0,2,2,1
2990,2.0,1693,5688,5654,0
16,2.0,0,168,50,1
-44,8.0,41,1744,1687,1
8,2.0,0,24,36,1
0,12.0,0,1,0,1
4,2.0,10,0,9,0
65,8.0,0,31,9,0
3082,52.0,0,0,45,0
51,0.0,2,400,53,0
14,0.0,0,0,1,0
7,8.0,0,8,3,0
7,2.0,0,14,8,0
-1,3.0,0,950,4,1
96,52.0,0,0,11,0
0,2.0,0,24,9,1
3,12.0,0,36,23,1
2,9.0,0,0,1,0
11,2.0,0,0,0,0
7,6.0,0,8,5,1
3,8.0,0,0,1,1
4,8.0,0,264,1,1
54,12.0,0,75,19,0
4,2.0,0,16,24,1
4,8.0,0,100,30,1
1,12.0,0,6,3,1
0,2.0,1,4,2,1
0,8.0,0,12,3,1
-1,9.0,0,20,17,1
41,3.0,0,0,14,0
2,14.0,0,1,6,1
0,2.0,0,24,0,1
37,8.0,13,127,128,0
18,52.0,0,0,0,0
-4,12.0,0,54,44,1
3,2.0,29,28,48,1
32,2.0,0,30,48,1
4,8.0,8,1,10,0
7,12.0,0,48,23,1
0,2.0,0,43,0,0
0,8.0,0,5,4,1
324,2.0,6,93,233,0
20,12.0,0,0,0,0
8,8.0,0,12,7,0
3,4.0,4,0,0,0
108,8.0,1,100,135,0
126,8.0,0,0,0,0
2,4.0,0,4,6,1
2,9.0,0,0,4,0
2,8.0,0,0,1,0
17,8.0,0,0,2,1
1,4.0,0,0,0,0
9,2.0,0,25,25,1
27,8.0,0,0,6,0
31,12.0,0,220,164,1
4,2.0,2,4,5,1
5,8.0,0,21,14,1
641,2.0,262,240,446,0
198,2.0,0,0,3,0
154,8.0,0,0,0,0
126,8.0,0,0,2,0
3,17.0,0,19,3,1
35,8.0,0,0,1,0
2,9.0,0,0,0,0
3,3.0,0,6,5,0
11,2.0,0,0,0,0
285,2.0,0,0,17,0
74,2.0,56,267,0,0
0,8.0,0,56,30,1
4,2.0,0,2,5,1
1,8.0,0,12,19,1
5,8.0,0,0,0,0
1,8.0,0,24,15,1
10,2.0,0,0,0,0
32,3.0,0,0,0,0
3,8.0,0,0,0,0
4311,8.0,0,1600,14,0
0,8.0,0,840,0,1
22,0.0,0,0,9,0
20,2.0,0,0,0,0
4,8.0,0,377,225,1
2,12.0,0,0,0,0
0,8.0,0,50,15,1
98,9.0,48,11,16,0
52,8.0,0,0,0,0
-1,8.0,0,22,4,1
5,2.0,0,20,19,1
12,8.0,0,33,37,1
0,8.0,0,0,0,0
-1,3.0,0,989,4,1
3,8.0,0,24,17,1
3,10.0,0,0,0,0
6,8.0,0,34,15,1
4,8.0,0,0,0,0
0,2.0,0,50,4,1
5,8.0,0,10,23,1
100,2.0,0,0,208,1
153,8.0,2,0,64,0
1,14.0,0,4,5,0
1,12.0,0,8,3,1
5,2.0,0,2,10,1
0,4.0,0,0,0,0
11,8.0,0,0,6,0
3988,12.0,0,0,263,0
21,4.0,0,10,90,1
2,12.0,0,0,0,0
1,8.0,0,3,4,1
126,8.0,0,0,0,0
0,8.0,0,4,2,1
0,2.0,0,17,4,1
0,2.0,0,1,2,1
12,8.0,0,0,8,1
5,2.0,0,0,4,1
4,0.0,0,0,3,1
3,8.0,0,0,0,0
1,8.0,0,5,10,1
0,2.0,0,10,1,1
0,8.0,1,22,15,1
4,8.0,0,0,0,1
10,8.0,0,0,1,0
54,8.0,0,64,0,1
-3,12.0,0,3,4,1
4,2.0,0,4,7,1
0,4.0,3,6,0,0
1,8.0,0,1,2,0
59,8.0,0,0,0,0
0,8.0,0,24,11,1
1,8.0,0,0,0,0
153,52.0,0,0,13,0
17,4.0,0,20,23,1
23976,8.0,1236,0,5818,0
0,2.0,0,28,0,1
8,0.0,4,375,264,1
8,8.0,4,6,19,1
3,4.0,0,0,10,0
1,12.0,0,0,0,0
0,8.0,2,105,41,1
16,4.0,11,2,10,0
5,13.0,0,0,1,0
326,52.0,0,0,25,0
16,8.0,0,66,50,1
1,8.0,0,2,2,1
0,8.0,0,102,3,1
3,2.0,0,36,42,1
18,4.0,0,0,10,0
152,8.0,0,0,51,1
0,8.0,2,26,22,0
0,8.0,0,11,4,1
2,9.0,0,0,0,0
9,2.0,0,0,18,0
0,12.0,0,9,1,1
2,9.0,0,1,0,0
-17,2.0,0,109,82,1
2,8.0,0,60,27,1
0,8.0,0,24,5,1
12,2.0,0,26,28,0
0,8.0,1,5,4,1
55,8.0,22,161,98,0
0,12.0,0,62,0,1
1,8.0,0,0,1,0
2,9.0,0,3,0,0
11,2.0,0,18,23,0
7,8.0,0,0,0,0
2,2.0,0,4,11,1
1,2.0,0,0,2,1
18,8.0,0,320,0,1
123,8.0,0,0,2,0
566,2.0,484,876,1288,0
3759,8.0,0,0,26,0
0,5.0,0,1933,0,1
9,8.0,0,0,2,0
-11,12.0,0,33,7,1
38,2.0,0,0,1,0
12,8.0,0,0,1,1
10,12.0,0,96,33,1
-182,8.0,0,391,161,1
14,2.0,0,0,2,0
0,8.0,0,4,2,1
32,2.0,0,28,46,1
22,8.0,0,19,14,0
4,4.0,40,0,32,0
0,8.0,0,298,0,1
1,8.0,0,2,2,1
1,2.0,0,3,2,1
5,8.0,0,52,21,1
1,2.0,0,90,40,1
0,3.0,0,4,0,1
31,2.0,0,0,0,0
7,12.0,0,0,1,1
0,4.0,0,0,0,0
3,9.0,0,10,3,0
4,8.0,0,145,66,1
0,8.0,0,19,8,1
0,8.0,0,13,8,0
3,12.0,0,6,10,1
1,8.0,0,1,3,1
297,8.0,0,0,0,0
6,12.0,0,0,0,0
4,4.0,0,0,0,0
0,8.0,0,0,1,1
0,3.0,0,5,0,1
25,12.0,0,0,0,0
1368,2.0,804,800,1438,0
0,8.0,0,1,0,0
2,3.0,0,0,1,1
20,8.0,0,0,0,0
11,8.0,0,0,0,0
10,4.0,0,0,0,0
87,8.0,0,0,0,0
2,2.0,0,20,21,1
5,9.0,0,84,44,0
11,12.0,0,0,2,0
1,12.0,0,3,1,1
372,2.0,129,300,338,0
3,2.0,0,2,12,1
1,8.0,1,14,13,1
12,2.0,0,0,0,0
8,2.0,0,0,9,1
0,8.0,0,4755,0,1
2,12.0,0,0,0,0
2,8.0,0,13,7,1
1,8.0,0,2,5,1
6,8.0,0,0,0,0
10,2.0,0,63,16,1
56,2.0,0,0,8,0
35,8.0,0,0,1,0
2,8.0,0,0,2,0
69,10.0,0,0,9,0
2,8.0,0,0,0,0
2,8.0,0,25,10,1
43,8.0,2,18,37,0
2,2.0,0,6,8,1
12,2.0,0,12,19,1
2,2.0,0,77,32,1
12,8.0,0,0,1,1
30,12.0,0,11,9,0
102,12.0,0,0,3,0
237,8.0,119,256,304,0
509,2.0,455,210,211,0
34,9.0,2,28,24,0
7,9.0,0,0,7,1
17,4.0,0,0,16,1
17,8.0,0,60,57,1
0,0.0,0,5,3,1
2,2.0,0,2,0,0
1,2.0,0,3,4,1
0,12.0,0,0,0,1
0,4.0,0,49,39,1
2,8.0,0,10,7,0
28,2.0,14,57,120,1
6,2.0,0,0,0,1
288,8.0,41,1173,655,1
0,8.0,0,5,0,1
-3,8.0,0,12,8,1
2,8.0,20,40,56,1
8,2.0,0,32,16,1
1,12.0,2,0,1,1
20,4.0,0,10,10,1
0,2.0,0,14,4,1
0,2.0,0,10,4,1
17,8.0,0,254,101,1
11,4.0,0,0,1,0
120,8.0,0,0,24,0
0,2.0,0,4,0,0
13,8.0,0,0,4,0
7781,9.0,3194,6480,7086,0
2,2.0,0,15,11,1
119,4.0,0,0,0,0
197,8.0,54,178,141,0
142,8.0,70,93,87,0
0,2.0,0,19,0,1
7,4.0,0,0,0,0
8,2.0,0,12,18,1
45,2.0,0,0,7,0
19,0.0,13,297,216,1
14,8.0,0,95,96,1
22,8.0,0,0,0,0
7,8.0,0,20,28,1
41,2.0,0,80,49,1
1,0.0,0,51,20,1
0,9.0,0,2,0,1
463,6.0,25,540,581,0
514,2.0,54,0,713,1
6,2.0,0,0,2,1
4,8.0,0,32,18,1
83,2.0,0,0,13,0
149,8.0,0,0,0,0
0,2.0,0,14,5,1
209,8.0,10,72,217,0
0,8.0,0,3,0,0
3,12.0,0,0,0,0
6,9.0,0,0,0,0
-34,8.0,0,222,35,1
0,8.0,0,8,3,1
3,8.0,0,0,1,0
1983,4.0,0,10,259,0
5,8.0,0,53,26,1
13,8.0,0,18,16,1
3,8.0,0,0,1,0
2,4.0,0,0,1,0
52,8.0,0,0,0,0
0,8.0,0,0,0,0
8,2.0,0,0,0,0
39,8.0,50,74,86,0
4,2.0,0,2,4,0
-1,2.0,0,8,1,1
0,5.0,0,1911,0,1
11,2.0,0,0,0,0
-1193,12.0,0,3787,11,1
3,9.0,0,0,0,0
5,8.0,0,0,3,1
9,8.0,0,34,9,1
5,2.0,0,2,5,1
1,8.0,0,12,10,1
94,8.0,0,0,29,0
746,8.0,0,0,0,0
0,8.0,7,42,38,0
2,2.0,0,96,47,1
0,2.0,0,14,8,1
2,8.0,0,0,0,0
29,2.0,0,0,0,1
0,12.0,0,9,6,1
100,2.0,0,33,75,0
2,8.0,0,0,0,0
137,12.0,0,0,13,0
389,52.0,0,0,34,0
0,2.0,0,11,0,1
7,2.0,0,6,20,0
5,8.0,0,10,10,0
213,8.0,0,0,16,0
0,9.0,0,3,2,1
2,8.0,0,45,30,1
0,12.0,0,17,9,1
16,2.0,0,37,8,1
-3,8.0,0,5,24,1
0,12.0,0,5,5,1
0,2.0,0,5,0,1
5,8.0,0,75,37,1
0,8.0,0,5,0,1
28,8.0,0,0,7,0
8,8.0,0,0,0,0
18,2.0,0,31,41,0
92,14.0,0,72,76,0
12,52.0,0,0,0,0
11,2.0,0,10,3,1
6,4.0,0,10,10,1
92,8.0,2,29,77,0
3,8.0,0,0,2,1
0,12.0,0,24,16,1
17,8.0,0,0,2,0
3,12.0,0,50,19,1
12,8.0,1,74,80,1
81,2.0,8,78,57,0
197,2.0,108,432,475,0
10,8.0,0,0,0,0
0,8.0,0,1,1,1
3,0.0,0,22,13,1
492,8.0,0,0,34,0
7,8.0,0,80,52,1
113,8.0,0,0,0,0
324,8.0,74,193,340,0
1,9.0,0,13,8,1
3,2.0,0,0,1,0
0,2.0,0,72,0,1
141,2.0,16,154,271,0
2,12.0,0,0,0,0
8,8.0,0,5,12,0
158,12.0,0,0,1,0
0,12.0,0,200,149,1
47,8.0,0,47,36,0
0,8.0,0,0,0,0
0,2.0,0,72,0,1
1,8.0,0,15,16,1
13,12.0,8,0,0,0
0,8.0,0,102,3,1
219,10.0,2,7,30,0
10,9.0,0,40,19,1
33,2.0,0,0,3,0
5,12.0,0,50,22,1
8,8.0,0,89,68,1
0,4.0,0,23,23,1
2,12.0,0,0,0,0
7,8.0,0,0,0,0
11,2.0,0,0,1,0
0,8.0,6,18,12,1
1,9.0,0,10,7,1
11,2.0,0,0,5,0
12,8.0,0,92,61,1
2,2.0,0,17,14,1
499,8.0,0,0,33,0
12,2.0,0,0,1,0
1,8.0,0,18,18,1
19,8.0,0,44,61,1
4,2.0,0,88,72,1
0,8.0,0,7,7,1
32,4.0,0,0,0,0
3,4.0,16,0,4,0
20,2.0,0,19,28,1
0,8.0,0,7,4,1
442,8.0,0,0,25,0
1,2.0,2,6,8,1
0,8.0,0,72,0,1
-1,8.0,0,44,19,1
274,8.0,0,0,7,0
472,0.0,197,792,764,0
4,2.0,0,0,2,0
16,9.0,7,29,25,0
1499,2.0,67,2884,3309,0
62,8.0,0,320,202,1
4,2.0,7,42,23,1
2,8.0,0,0,2,1
4,2.0,0,0,13,1
208,2.0,377,825,880,0
73,8.0,0,0,0,0
0,8.0,0,52,34,1
40,8.0,0,0,23,0
2,8.0,0,0,0,0
30,8.0,0,0,0,0
65,9.0,0,0,0,0
38,8.0,13,611,344,1
2,8.0,0,24,18,1
15,8.0,0,100,56,1
71,2.0,33,44,67,0
13,8.0,0,27,20,0
97,52.0,0,0,0,0
13,8.0,0,0,0,0
6,8.0,0,0,13,1
336,8.0,742,800,642,0
1,9.0,0,0,0,1
0,5.0,0,14,0,1
28,8.0,0,0,8,0
16,2.0,0,0,0,0
53,2.0,0,24,5,0
136,8.0,2,65,51,0
262,8.0,0,0,1,0
1,2.0,0,6,6,1
0,9.0,0,2,2,0
89,12.0,2,79,50,0
26,2.0,0,0,1,0
0,8.0,0,4,5,1
6,2.0,0,0,1,0
2,12.0,0,0,0,1
0,3.0,0,30,0,1
1,15.0,0,3,3,1
15,8.0,51,371,298,1
0,2.0,0,6,0,1
0,8.0,0,60,23,1
2,8.0,0,0,1,0
24,2.0,0,0,4,0
15635,2.0,4469,9514,11044,0
913,2.0,447,1254,1230,0
0,10.0,1,2,2,0
58,10.0,0,56,43,0
1,8.0,0,1,1,0
5,9.0,0,0,5,1
1,8.0,0,2,3,1
2,8.0,0,0,0,1
-87,8.0,36,216,240,0
1,8.0,0,10,2,1
23,2.0,0,0,3,0
15,2.0,0,201,105,1
26,8.0,0,0,0,0
12,2.0,5,7,17,1
0,2.0,0,11,0,1
77,9.0,0,0,15,0
-2,8.0,0,772,236,1
2,12.0,0,0,0,0
7,9.0,0,0,0,0
7,4.0,0,0,0,0
43,8.0,39,18,34,0
0,12.0,0,322,0,1
0,8.0,0,18,0,1
0,8.0,0,16,13,1
1,2.0,0,10,5,1
4,8.0,0,14,9,1
0,2.0,0,6,0,0
10,2.0,0,0,0,0
384,8.0,168,768,600,0
699,8.0,389,943,1494,0
0,8.0,0,0,0,0
138,12.0,0,54,30,0
132,8.0,0,0,4,0
-182,8.0,0,391,154,1
13,12.0,0,0,0,0
540,8.0,0,9910,28,1
2010,8.0,0,0,74,0
11,2.0,9,36,36,1
10,8.0,0,0,0,0
0,2.0,0,16,1,1
1,12.0,0,8,6,1
-479,5.0,5,2591,1349,1
10,12.0,0,0,0,0
6,8.0,0,0,0,0
123,8.0,0,0,16,1
0,2.0,0,20,0,1
1,0.0,0,8,5,1
2,8.0,0,0,0,0
8,8.0,0,0,0,0
13,2.0,0,42,38,1
0,8.0,0,0,0,1
2,2.0,0,1,1,1
50,2.0,0,0,0,0
8,8.0,0,60,61,1
-27,2.0,0,400,395,1
0,12.0,0,6,2,1
32,2.0,0,0,1,0
2,2.0,1,1,6,1
40,8.0,2,0,4,0
0,8.0,0,4,3,1
9,2.0,0,0,1,0
35019,16.0,37,0,304,0
4,8.0,0,32,31,1
5,8.0,0,4,6,0
1,2.0,0,0,1,0
1,8.0,0,0,0,0
3,12.0,0,10,11,1
26,8.0,1,24,27,0
2,6.0,0,19,31,1
208,8.0,49,0,53,0
0,8.0,0,0,0,1
638,8.0,207,550,827,0
72,12.0,0,68,0,1
654,2.0,0,0,14,0
-1,12.0,0,31,34,1
1,8.0,0,2,2,1
219,8.0,0,0,3,0
207,4.0,73,1047,797,1
0,8.0,2,1,3,1
369,8.0,0,0,26,0
0,8.0,0,5,0,1
13,8.0,1,0,4,0
7,8.0,0,40,27,1
94,8.0,67,140,169,0
16,9.0,0,0,0,0
1,12.0,0,8,2,1
17,2.0,0,100,74,1
3018,8.0,67,5000,3283,0
46,2.0,0,0,15,0
148,8.0,24,463,441,0
3,9.0,0,0,0,0
45,8.0,4,29,32,0
0,2.0,0,4,5,1
1,8.0,0,30,26,1
22,8.0,0,10,19,0
14,8.0,0,18,17,0
0,2.0,0,6,0,1
0,8.0,0,0,4,1
12,2.0,2,120,65,1
10,8.0,0,0,4,0
2297,8.0,0,0,780,0
0,2.0,0,12,0,1
7,8.0,0,8,6,1
91,2.0,0,3538,1702,1
0,2.0,0,48,40,1
-1,9.0,0,5,4,1
47,9.0,0,0,0,0
0,8.0,0,0,0,0
10,9.0,0,0,0,0
34,2.0,0,0,0,0
5,8.0,0,13,10,1
12,2.0,0,0,8,1
24,2.0,0,300,105,1
25,9.0,0,0,0,0
48,8.0,0,0,10,0
13,8.0,0,0,5,0
20,8.0,0,0,0,0
13,12.0,0,21,24,1
0,2.0,0,50,0,0
135,8.0,25,23,72,0
5,8.0,14,70,58,1
17,2.0,0,0,4,0
2,4.0,0,0,0,1
-7,12.0,0,10,3,1
1,2.0,0,14,17,1
4,2.0,0,8,5,1
1,2.0,0,2,1,1
0,12.0,0,204,0,1
1,8.0,0,0,0,0
1049,2.0,601,738,633,0
14,8.0,0,384,187,1
2,2.0,0,0,0,1
0,8.0,0,28,0,1
-10,8.0,0,630,315,1
-5,8.0,0,603,265,1
37,8.0,1,80,79,1
4,8.0,0,0,1,0
0,8.0,0,8,5,1
0,8.0,0,9,7,1
54,8.0,0,0,1,0
8,17.0,0,6,4,0
28,8.0,0,0,4,0
4,9.0,0,14,17,1
39,9.0,1,25,6,0
117,3.0,0,144,52,0
3,8.0,0,4,4,1
0,2.0,0,54,0,1
148,2.0,3,160,233,0
3,2.0,1,1,0,0
14,8.0,1,0,4,0
12,8.0,0,44,63,1
133,2.0,0,750,244,0
3,8.0,6,117,46,1
6,2.0,0,252,19,1
8,16.0,0,64,29,1
9,8.0,0,0,0,0
107,9.0,0,0,1,0
0,2.0,0,7,0,1
0,3.0,0,4,4,1
5,12.0,0,0,0,0
4693,8.0,3040,2670,2143,0
0,8.0,0,12,0,1
3,2.0,0,0,0,0
0,2.0,0,8,0,1
0,2.0,0,11,0,1
2,4.0,0,0,0,1
1,9.0,0,0,0,0
11,2.0,0,0,0,0
212,8.0,0,144,155,0
438,8.0,9,160,350,0
8,8.0,0,0,1,0
0,8.0,0,30,38,1
0,8.0,0,2,2,1
111,9.0,0,0,0,0
6,8.0,0,0,1,0
299,8.0,0,1120,1082,1
10,2.0,0,0,14,1
3,8.0,0,1,4,1
55,8.0,0,0,18,0
551,8.0,30,0,172,0
8,8.0,0,28,32,1
2,12.0,0,3,4,1
7,9.0,0,0,0,0
6,2.0,0,4,6,1
0,8.0,0,103,0,1
13,8.0,0,0,2,0
0,2.0,10,10,0,1
43,8.0,0,35,23,0
0,8.0,0,6,0,0
18,2.0,16,8,10,0
2,8.0,0,99,10,1
5,8.0,3,300,37,1
2,8.0,0,24,19,1
0,2.0,0,0,0,1
4,8.0,0,0,0,0
10,2.0,0,12,8,1
0,2.0,0,5,0,0
142,2.0,0,0,6,0
23,8.0,0,0,9,0
226,8.0,0,3000,858,1
155,8.0,0,0,3,0
-623,4.0,928,1964,2243,0
3,12.0,0,0,1,0
0,2.0,0,2,3,1
3,8.0,0,0,0,0
98,8.0,0,0,16,0
495,2.0,0,0,0,0
1,8.0,0,1,2,1
5,2.0,0,4,11,1
15,8.0,5,5,11,0
202,8.0,50,400,475,0
5,8.0,0,14,15,1
3,2.0,0,29,65,1
0,2.0,0,6,15,1
12,12.0,1,15,37,1
33,8.0,1,96,58,1
7,2.0,0,48,34,1
6,8.0,0,0,4,0
0,2.0,0,0,2,1
130,10.0,0,0,7,0
3,8.0,0,55,40,1
0,8.0,0,47,2,1
8,4.0,0,0,0,0
35,8.0,40,0,63,1
11,4.0,0,36,38,1
-5,8.0,133,1116,1163,1
5,8.0,0,2,2,1
3,9.0,2,0,3,0
74,8.0,0,100,1,1
1,8.0,0,16,15,1
7,8.0,0,0,4,1
7,8.0,0,0,2,1
6,8.0,0,3,10,1
0,8.0,0,2,3,1
0,2.0,0,0,3,1
14,12.0,0,11,11,0
1,8.0,0,11,6,1
0,14.0,3,303,211,1
527,12.0,3,24,335,0
32,2.0,0,0,0,0
70,12.0,3,583,386,1
2,2.0,0,0,6,1
0,2.0,0,0,0,1
88,2.0,0,162,117,0
10,9.0,5,8,10,0
10,8.0,0,0,0,0
0,8.0,0,7,3,1
33,8.0,13,65,52,0
0,2.0,0,65,0,1
3,8.0,0,18,11,1
0,2.0,0,5,0,1
1320,8.0,10,0,31,0
10,8.0,14,0,4,0
-224,8.0,0,700,589,1
10,4.0,0,0,0,0
2,8.0,0,0,7,1
1763,8.0,122,0,196,0
5,8.0,0,0,2,0
2,8.0,0,1,3,1
4985,52.0,0,0,0,0
223,8.0,20,520,428,1
85,8.0,20,116,113,0
4,8.0,0,0,0,0
58,8.0,4,322,157,1
46,2.0,0,0,0,0
30,12.0,0,0,0,0
1,9.0,0,0,0,0
5,12.0,0,6,8,1
1,2.0,0,8,3,1
83,2.0,0,144,111,0
3,2.0,0,90,5,1
12,8.0,0,0,0,0
595,8.0,349,1288,1143,0
4,4.0,0,0,1,1
6,12.0,0,0,1,1
0,8.0,0,21,14,1
32,8.0,16,64,52,0
13,8.0,0,18,33,1
48,8.0,0,24,47,0
1,2.0,0,18,12,1
22,8.0,0,10,21,0
0,2.0,0,0,0,1
0,5.0,0,16,1,1
0,8.0,0,14,7,1
5,4.0,0,0,4,1
16,8.0,0,0,9,0
14,4.0,0,0,4,0
8,4.0,0,0,0,0
0,8.0,0,11,12,1
4,8.0,0,0,0,1
2,9.0,0,0,0,0
21,8.0,0,0,0,0
28,8.0,0,0,0,0
0,8.0,0,1750,0,1
3,9.0,0,0,0,0
1,8.0,0,2,1,1
0,2.0,0,17,4,1
0,2.0,0,3,0,1
23,2.0,0,4,2,0
38,2.0,0,56,46,0
0,17.0,0,0,0,0
0,16.0,0,0,0,0
4,8.0,0,6,20,1
51,8.0,0,0,23,0
50,9.0,0,0,2,0
7,8.0,0,0,0,0
4,17.0,0,19,3,1
54,8.0,124,213,172,0
56,8.0,0,0,5,0
0,9.0,0,6,0,0
10,2.0,0,5,7,1
19,2.0,0,10,40,1
1,2.0,0,20,3,1
3,6.0,0,0,0,0
0,2.0,0,20,0,0
-32,8.0,15,747,694,1
1,8.0,0,1,1,1
7,4.0,4,0,7,0
258,12.0,0,0,0,0
-10,8.0,0,466,170,1
0,2.0,0,22,0,0
162,2.0,0,0,0,0
199,8.0,2,3000,779,1
8,8.0,4,272,146,1
0,8.0,0,2,2,1
11,8.0,0,0,1,0
873,2.0,0,0,1,0
85,2.0,61,60,55,0
6,8.0,0,14,14,1
16,4.0,0,0,0,0
3,8.0,0,0,0,0
4,2.0,0,36,34,1
2,4.0,0,46,43,1
-1,6.0,0,4,7,1
14,2.0,0,11,11,1
62,8.0,0,0,1,0
12,2.0,0,100,47,1
2,8.0,0,10,18,1
4,8.0,0,318,263,1
17,4.0,0,3,0,0
0,2.0,0,20,2,1
0,2.0,0,4,4,1
8,12.0,0,0,0,0
17,8.0,0,35,12,0
1,9.0,0,2,3,1
0,8.0,4,47,30,1
-1,9.0,0,11,21,1
0,2.0,0,16,0,1
4,3.0,0,0,0,0
0,8.0,0,5,2,1
0,8.0,0,15,9,1
-1,12.0,0,99,78,1
4,8.0,0,0,0,0
0,4.0,0,0,0,1
11,9.0,0,0,1,0
61,12.0,0,36,22,0
4,8.0,0,100,31,1
9,2.0,0,0,4,0
15,12.0,0,0,0,1
2,12.0,0,0,0,0
3942,8.0,660,1320,0,0
27,8.0,0,0,0,0
13,8.0,0,0,0,0
0,2.0,0,5,1,1
111,2.0,104,174,201,1
0,2.0,0,7,0,1
-33,8.0,1,499,343,1
11,2.0,0,0,2,1
50,0.0,27,192,193,1
53,8.0,32,324,337,1
0,2.0,10,32,54,1
13,12.0,0,0,0,0
2,3.0,0,0,0,1
10,2.0,0,16,25,1
2,9.0,0,0,0,0
9,8.0,0,40,26,1
0,8.0,0,58,1,1
2,8.0,0,4,5,1
15,2.0,0,60,10,0
11,4.0,0,0,0,0
0,0.0,0,50,11,1
2,9.0,0,0,0,0
51,52.0,0,0,0,0
0,4.0,5,4,0,0
114,4.0,147,116,284,0
278,2.0,43,0,107,0
0,8.0,0,25,10,1
98,12.0,0,76,77,0
4668,17.0,0,0,169,0
3,2.0,0,0,0,0
1,8.0,0,8,2,1
147,8.0,29,39,90,0
0,2.0,0,17,0,1
84,9.0,0,0,9,0
10,3.0,0,0,1,0
41,9.0,0,0,6,0
1,3.0,0,8,7,1
18,8.0,0,0,0,0
37,12.0,0,0,0,0
60,9.0,0,0,20,0
2,2.0,0,12,10,1
3,9.0,0,0,1,1
0,8.0,0,6,5,1
19,2.0,56,1334,1104,1
0,9.0,0,0,0,1
133,2.0,0,0,131,0
5,8.0,0,17,15,1
-1,4.0,2,7,9,1
0,2.0,0,1,0,1
0,8.0,0,2,1,1
456,2.0,8,154,190,0
0,8.0,0,200,0,1
0,8.0,0,3,1,1
310,2.0,130,225,204,0
28,2.0,0,30,22,0
155,8.0,3,0,40,0
9,9.0,0,0,5,0
0,10.0,0,1,2,1
24,4.0,0,21,40,1
8,8.0,0,0,0,0
0,8.0,0,200,63,1
4,9.0,0,0,0,0
9,8.0,0,9,26,1
0,8.0,0,3,3,1
30,0.0,0,611,361,1
643,8.0,0,0,3,0
2,8.0,0,0,10,1
9,8.0,0,0,4,0
18,8.0,0,0,0,0
2,3.0,0,108,95,1
2,9.0,0,0,0,0
50,8.0,0,550,278,1
6,8.0,0,75,48,1
5,8.0,0,12,13,1
4,2.0,0,0,1,0
1,8.0,0,60,33,1
11,2.0,0,0,0,1
0,2.0,0,40,0,1
13,2.0,8,8,7,0
0,8.0,0,15,8,1
5,12.0,0,20,20,1
18,8.0,0,532,277,1
18,8.0,0,0,4,0
616,9.0,0,0,36,0
7,12.0,0,0,0,0
0,2.0,0,776,0,1
28,4.0,0,0,0,0
1,2.0,0,2,9,1
3,6.0,0,5,8,0
2,9.0,0,4,2,0
0,2.0,0,636,0,1
1,8.0,0,2,2,1
360,8.0,61,156,294,0
0,9.0,0,6,0,0
24,2.0,1,77,15,1
208,8.0,10,1125,920,0
4,12.0,0,0,1,0
764,2.0,479,1800,1672,0
0,2.0,0,11,0,1
12,10.0,0,0,0,0
2,12.0,0,0,0,0
3,12.0,0,0,1,1
1194,2.0,423,1239,1267,0
15,4.0,0,0,4,1
0,8.0,0,20,4,1
19,8.0,0,0,9,0
1,10.0,0,9,7,1
5,8.0,0,36,18,1
91,8.0,6,55,73,0
66,8.0,8,1145,688,1
27,2.0,30,56,123,1
1,8.0,0,0,7,1
11310,8.0,49,0,208,0
2,8.0,0,0,0,0
87,2.0,0,18,98,1
0,8.0,0,14,14,1
2,2.0,0,3,3,1
1,8.0,0,100,14,1
5,0.0,0,0,2,1
8,4.0,0,5,26,1
535,12.0,0,0,0,0
3,4.0,0,0,0,0
290,12.0,0,0,0,0
74,8.0,11,26,55,0
-15,6.0,0,122,97,1
8,2.0,0,0,6,1
0,12.0,0,1,0,1
179,8.0,0,196,154,0
25,2.0,0,0,0,0
3,12.0,0,0,0,0
1,8.0,0,0,31,1
3,8.0,0,0,0,0
14,2.0,0,0,0,0
27,2.0,0,501,224,1
8,14.0,4,28,43,1
5,2.0,0,6,0,0
103,8.0,19,136,97,0
16,2.0,0,0,0,0
0,8.0,0,6,0,1
180,9.0,120,0,134,0
-9,8.0,0,123,6,1
0,2.0,0,751,7,1
494,8.0,4,0,100,0
45,0.0,0,15,5,0
0,12.0,0,7,2,1
10,12.0,0,0,0,0
34,8.0,0,0,0,0
0,16.0,0,0,0,0
6,12.0,0,14,13,0
10,12.0,10,0,0,0
4,8.0,0,9,10,1
53681,4.0,0,36000,96,0
188,2.0,3,79,170,0
87,8.0,0,0,2,0
17,2.0,0,0,6,1
12,12.0,0,13,23,1
5,4.0,0,5,6,1
1,8.0,0,0,0,0
3,3.0,0,5,5,1
0,12.0,0,2,1,1
-21,8.0,0,173,207,1
8,8.0,0,96,20,1
-30,8.0,0,360,110,1
9,9.0,0,5,6,1
0,4.0,0,0,0,1
3,8.0,0,0,0,0
0,12.0,0,1,2,1
8,8.0,0,0,0,0
0,8.0,0,15,11,1
8,8.0,0,31,1,0
105,9.0,41,51,56,0
4,9.0,0,0,0,0
39,9.0,0,0,4,0
22,8.0,0,0,0,0
0,8.0,0,1,1,1
0,2.0,0,8,0,1
0,9.0,0,3,4,1
22,8.0,2,479,119,1
0,8.0,0,5,0,1
16,9.0,0,18,11,0
0,12.0,0,8,6,1
163,2.0,0,0,2,0
1,8.0,6,3,4,0
6,8.0,0,108,68,1
1,9.0,0,1,1,0
7,9.0,0,16,6,0
10,12.0,0,0,0,0
56,9.0,0,0,0,0
1,8.0,0,23,20,1
9,4.0,0,0,0,0
0,2.0,3,47,0,1
0,12.0,0,93,1,1
2,8.0,0,0,0,0
0,9.0,0,3,2,1
2,5.0,13,83,44,0
3,12.0,0,0,0,0
9,12.0,0,0,0,0
9,2.0,0,42,21,1
19,4.0,0,25,16,0
4,2.0,0,15,14,1
24,2.0,0,0,4,0
38,9.0,0,0,0,0
2,8.0,0,99,12,1
18,2.0,0,40,31,1
113,8.0,0,200,188,1
0,2.0,0,1017,0,1
7,2.0,0,0,0,0
0,2.0,0,54,0,1
8,2.0,0,0,2,0
2,2.0,10,0,10,0
23,12.0,0,0,0,0
-1,3.0,4,208,202,1
93,8.0,0,50,126,0
-1,8.0,0,24,17,1
27,2.0,0,0,6,0
1,9.0,0,1,1,1
96,8.0,20,425,427,1
6,12.0,0,0,1,1
3,8.0,0,2,5,1
2,8.0,0,8,6,1
2,8.0,5,76,42,1
7,2.0,0,12,14,1
55,2.0,0,0,3,0
2,8.0,0,12,5,1
137,8.0,0,0,0,0
3,9.0,0,0,0,0
0,2.0,0,8,0,1
12,9.0,0,180,82,1
485,2.0,0,0,0,0
0,8.0,0,14,11,1
4,8.0,0,25,13,1
0,9.0,0,4,4,1
27,8.0,1,291,488,1
13,9.0,0,6,7,0
2,2.0,0,14,18,1
0,2.0,0,37,0,1
0,4.0,0,6,0,1
0,8.0,0,20,20,1
1,4.0,0,0,0,0
18,12.0,0,12,5,0
1851,8.0,63,0,397,0
6,8.0,0,0,0,0
4,2.0,0,5,9,1
26,9.0,6,0,19,1
14,2.0,0,0,21,1
1,8.0,0,0,0,1
0,8.0,0,0,0,0
2071,2.0,0,0,42,0
4,0.0,0,0,3,1
14,8.0,0,18,11,0
155,8.0,0,205,168,1
1,8.0,0,2,3,1
76,8.0,133,412,514,1
2,2.0,0,1,1,1
5,9.0,0,0,2,0
40,2.0,0,0,1,0
4,9.0,0,0,5,0
7,2.0,0,0,0,0
2,2.0,0,38,12,1
19,2.0,0,0,6,0
3,2.0,0,2,3,1
6,8.0,0,89,94,1
1,8.0,0,0,0,0
138,8.0,3,0,26,0
334,8.0,0,0,220,0
53,4.0,0,203,161,1
6,8.0,4,16,17,0
1,10.0,0,0,0,0
34,8.0,0,0,33,0
303,8.0,15,1520,983,0
0,2.0,0,11,0,0
68,8.0,0,0,8,0
5,52.0,0,0,5,0
0,12.0,0,8,9,1
12,12.0,0,28,33,1
3,8.0,0,0,0,0
3,3.0,0,0,4,1
329,4.0,0,0,207,0
377,8.0,87,189,200,0
2,12.0,0,0,0,0
16,8.0,24,36,44,0
11,8.0,0,0,5,1
0,12.0,0,0,0,0
60,8.0,13,88,53,0
2,3.0,0,5,6,1
2,10.0,0,0,0,0
2,9.0,0,0,0,0
11,2.0,0,9,14,0
0,9.0,0,3,1,1
47,8.0,3,18,22,0
10,2.0,0,0,1,0
0,8.0,1,57,3,1
36,8.0,0,0,0,0
0,12.0,0,9,8,1
1046,2.0,19,0,0,0
56,8.0,35,406,45,0
39,8.0,0,0,1,0
1,2.0,0,0,0,0
538,17.0,169,568,642,0
3,8.0,0,4,4,0
2,2.0,0,1,6,1
3,8.0,0,0,0,0
0,2.0,0,859,0,1
-2,8.0,0,28,14,1
1,3.0,0,1,2,1
0,2.0,0,54,0,1
519,8.0,18,0,82,0
48,9.0,0,0,0,0
3,12.0,0,0,0,0
0,4.0,0,19,0,1
34,8.0,0,0,30,1
6,2.0,0,34,33,1
12,12.0,0,0,1,0
27,2.0,0,42,37,0
29,8.0,0,0,0,0
13,13.0,0,0,1,0
289,8.0,0,0,0,0
0,5.0,0,18,0,0
3,8.0,0,0,4,0
0,2.0,0,17,15,1
1,8.0,0,2,0,1
2,12.0,0,0,0,1
10,2.0,0,0,1,0
36,8.0,7,6,18,0
2,2.0,0,0,0,0
3,12.0,0,2,0,0
2,8.0,0,1,3,1
2,9.0,0,0,0,0
33,8.0,0,0,0,0
2,8.0,0,20,0,0
80,2.0,26,113,8,0
0,2.0,0,15,0,0
0,2.0,0,142,0,1
2,2.0,0,0,0,0
17,8.0,0,0,9,0
0,8.0,0,2833,1,1
0,2.0,0,4,4,1
9,4.0,0,0,0,0
0,4.0,0,0,2,1
7,4.0,0,4,2,0
71,12.0,0,0,0,0
-1,8.0,0,137,114,1
4,8.0,0,0,4,1
8,8.0,1,210,129,1
0,9.0,0,19,12,1
3,8.0,0,61,0,1
18,2.0,53,40,71,0
2,4.0,8,23,14,0
0,2.0,0,0,1,1
0,8.0,1,2,1,0
2,8.0,0,0,0,1
153,12.0,169,910,1131,0
8,8.0,0,154,93,1
14,16.0,0,0,2,0
2,12.0,0,0,12,0
0,2.0,0,30,9,1
8,4.0,0,0,3,1
30,12.0,0,0,18,0
0,5.0,0,19,0,0
0,14.0,0,20,4,1
74,8.0,0,0,0,0
231,8.0,0,0,4,0
276,8.0,8,161,279,0
8,8.0,0,0,7,0
-2,12.0,0,52,18,1
22,8.0,0,0,1,0
-3,8.0,0,240,47,1
0,8.0,0,8,7,1
7,8.0,0,6,5,0
0,8.0,0,5,0,1
18,8.0,0,84,52,1
28,8.0,0,0,1,0
0,12.0,0,1,0,1
3,2.0,1,40,19,1
25,8.0,0,0,0,0
0,12.0,0,62,0,1
1,4.0,0,4,7,1
0,12.0,0,5,0,1
0,2.0,0,3454,1,1
2,8.0,0,15,7,1
0,2.0,0,1412,0,1
8,12.0,0,0,0,0
0,8.0,0,0,0,0
6,8.0,1,12,37,1
202,8.0,53,218,205,0
0,8.0,0,7,1,1
12,8.0,0,0,0,0
4,12.0,0,0,0,0
3,2.0,0,20,7,1
4,8.0,0,0,0,0
0,4.0,0,5,0,1
0,8.0,0,2,3,1
17,2.0,0,3,4,0
3,4.0,0,0,0,0
30,9.0,0,0,0,0
1,8.0,0,1,1,1
104,8.0,6,22,37,0
10,4.0,0,30,8,0
14,9.0,0,0,0,0
382,2.0,124,510,522,0
79,8.0,0,0,9,0
0,8.0,0,36,21,1
64,0.0,0,0,5,0
69,8.0,0,0,22,0
72,2.0,0,0,2,0
146,4.0,0,15,85,1
146,12.0,108,0,48,0
3,12.0,12,17,10,1
0,12.0,0,0,0,0
0,8.0,0,4,6,1
0,8.0,0,11,19,1
13,12.0,0,0,0,0
1,8.0,0,4,6,0
0,2.0,0,3,0,1
0,8.0,0,0,0,0
0,12.0,0,7,2,1
1,12.0,0,0,1,0
1,8.0,0,4,5,1
30,4.0,0,0,69,0
2,8.0,0,5,6,1
71,4.0,27,96,142,0
39,2.0,0,0,196,1
50,8.0,0,17,17,0
215,8.0,0,0,28,0
26,9.0,0,0,2,0
0,8.0,0,2,3,1
4,2.0,0,0,3,1
-10,12.0,0,33,4,1
1,12.0,3,510,215,1
18,8.0,0,93,99,1
-4,14.0,0,151,114,1
23,12.0,0,0,0,0
1,9.0,0,3,1,0
-1,8.0,9,246,144,1
257,2.0,0,0,0,0
6,8.0,0,0,0,1
3,2.0,0,3,1,0
26,2.0,0,0,4,1
39,8.0,0,21,18,0
18,9.0,0,0,0,0
10,12.0,0,0,0,0
4,2.0,0,5,0,0
25,2.0,0,525,66,1
45,12.0,0,9,0,0
1,9.0,0,2,3,1
4,12.0,0,0,0,0
100,8.0,0,972,605,1
-3,13.0,0,81,24,1
131,2.0,0,0,23,0
6,13.0,0,0,2,0
140,8.0,11,85,103,0
-13,2.0,0,165,38,1
12,8.0,0,19,28,0
0,2.0,0,10,0,1
0,8.0,0,100,20,1
0,2.0,0,13,0,1
0,2.0,0,9,0,1
3,8.0,0,0,0,0
20,3.0,0,0,1,0
195,52.0,0,0,2,0
-1,8.0,0,8,14,1
4,8.0,0,2,4,1
27,8.0,0,120,78,1
617,4.0,179,134,509,0
9,2.0,0,30,18,0
5,8.0,0,2,5,0
0,2.0,0,4,6,1
18,8.0,0,121,112,1
120,2.0,0,0,275,1
-2,8.0,9,768,466,1
4,8.0,0,5,1,1
10,2.0,0,0,0,0
-4,9.0,0,53,50,1
7,2.0,0,0,4,1
139115,2.0,60,0,61816,0
10,2.0,0,0,0,0
0,8.0,0,0,0,0
47,8.0,0,225,118,1
0,2.0,0,3,0,1
4,2.0,0,2,6,1
7,8.0,0,0,0,0
2,12.0,0,0,2,0
34,2.0,0,66,29,0
5,8.0,0,14,25,1
33,8.0,0,0,0,0
2,4.0,0,120,9,1
6,2.0,0,298,181,1
4,8.0,0,2,1,0
26,2.0,0,0,0,0
4,12.0,0,2,2,1
2,12.0,0,3,0,0
55,2.0,8,109,96,0
6,2.0,0,25,13,1
26,4.0,0,429,1,0
4,2.0,0,25,8,1
100,12.0,0,0,6,0
12,8.0,0,0,11,1
29,8.0,0,0,36,0
12,2.0,0,0,0,0
0,8.0,0,4,6,1
3,2.0,3,5,0,0
2,8.0,0,0,0,0
13,12.0,0,0,0,0
2,9.0,0,0,0,0
0,12.0,0,6,5,1
629,9.0,0,0,57,0
74,8.0,10,36,53,0
0,8.0,0,3,1,1
6,8.0,0,21,12,0
62,52.0,0,0,2,0
6,8.0,0,0,1,0
5000,52.0,0,0,0,0
4,2.0,0,0,1,0
-1,8.0,0,41,37,1
26,8.0,3,68,50,0
11,8.0,0,110,94,1
0,2.0,0,4,0,1
13,8.0,0,5,7,0
2,8.0,0,0,5,0
27,8.0,0,40,19,0
17,3.0,0,18,22,0
124,8.0,0,0,8,0
593,8.0,8,0,67,0
-1,2.0,0,10,7,1
1,16.0,0,1,0,0
0,3.0,0,0,0,0
1,2.0,0,2,2,1
2,8.0,0,3,4,1
97,9.0,18,113,68,0
26,12.0,42,208,152,1
0,2.0,0,17,0,0
0,9.0,0,0,0,0
0,2.0,0,21,1,1
1,2.0,0,0,0,0
0,8.0,0,184,0,1
0,9.0,0,2,0,1
-18,8.0,2,33,13,1
19,2.0,0,40,33,1
18,4.0,0,0,0,0
3,12.0,0,11,9,1
5,12.0,0,3,8,1
10,4.0,0,0,0,0
1,8.0,0,1,1,0
0,8.0,0,1,1,1
0,12.0,0,9,8,1
10,4.0,0,40,37,1
6,2.0,0,0,11,1
18,8.0,0,0,0,0
14,4.0,0,0,4,0
0,8.0,0,2,3,1
0,2.0,0,26,0,1
28,16.0,0,6,16,0
96,8.0,5,290,197,1
39,8.0,0,0,1,0
4,8.0,0,0,0,0
27900,8.0,180,1805,9731,1
3,8.0,0,0,0,0
2,4.0,0,0,0,0
0,2.0,0,0,0,0
0,8.0,0,21,6,1
11,2.0,32,40,64,1
10,8.0,0,40,47,1
30,8.0,0,299,261,1
0,2.0,0,4,1,1
1,8.0,0,0,1,1
3,8.0,0,2,3,0
-5,12.0,0,663,381,1
5,8.0,0,0,7,1
7,12.0,12,57,54,0
11,2.0,0,0,0,0
0,12.0,0,48,45,1
341,8.0,0,75,201,0
8,4.0,0,0,3,0
12,8.0,0,0,6,0
1,2.0,2,6,8,1
44,17.0,0,0,7,0
0,2.0,0,20,16,1
2,8.0,0,0,0,0
10,2.0,0,0,0,0
16,8.0,0,0,3,0
4,2.0,0,2,8,1
2464,8.0,0,0,2,0
138,8.0,0,107,0,0
16,8.0,0,35,0,0
0,2.0,0,32,0,1
0,12.0,0,2,5,1
-3,12.0,0,3,3,1
0,9.0,2,65,18,1
0,8.0,0,103,0,1
39,3.0,0,36,68,1
19,9.0,0,0,0,0
47,8.0,17,194,166,1
12,2.0,0,0,10,0
5,8.0,1,0,1,0
3,8.0,0,13,9,1
46,2.0,0,0,2,0
56,2.0,0,0,0,0
0,8.0,0,0,0,0
31,12.0,0,0,0,0
1,9.0,0,3,6,1
4,4.0,0,1,3,0
14,4.0,0,0,2,1
0,8.0,0,10,12,1
497,8.0,0,0,141,0
2,16.0,0,0,0,0
3,2.0,0,5,2,1
10,8.0,0,392,0,0
0,8.0,0,2,3,1
3,8.0,0,0,0,0
5,2.0,0,6,9,1
0,2.0,0,20,0,1
-110,8.0,0,600,490,1
0,2.0,0,5,0,0
0,2.0,0,6,0,1
-21,12.0,0,86,38,1
11,2.0,0,0,0,0
-1,2.0,0,1,4,1
215,2.0,36,2184,196,0
26,8.0,1,291,489,1
212,2.0,0,0,13,0
22,4.0,0,13,18,0
11,8.0,0,10,11,0
36,4.0,0,0,0,0
22,2.0,0,0,54,1
0,8.0,0,0,0,0
3,3.0,0,0,2,1
12,8.0,0,0,0,0
21,2.0,0,20,68,0
0,8.0,0,3,0,0
2,12.0,0,0,0,0
4,2.0,3,24,19,1
1,8.0,0,5,3,1
2,8.0,0,15,5,1
85,8.0,4,176,87,0
1,8.0,0,2,2,1
2,8.0,0,0,0,0
0,2.0,0,0,9,1
0,8.0,0,30,17,1
8,8.0,0,20,11,0
2373,9.0,294,1217,1190,0
0,8.0,0,4,5,1
3,12.0,0,0,2,0
0,2.0,0,44,26,1
10,9.0,0,0,2,0
544,8.0,144,1350,1443,0
1,8.0,1,104,6,1
-3,0.0,0,8,5,1
229,12.0,0,0,1,0
8,8.0,0,54,23,1
3,12.0,0,44,35,1
3,8.0,0,13,9,1
17,8.0,0,2,11,0
1,12.0,0,0,0,0
20,12.0,0,8,22,0
144,9.0,0,0,0,0
86,8.0,11,48,82,0
5,8.0,0,0,0,0
21,8.0,0,0,0,0
44,0.0,1,177,152,1
4,14.0,0,0,0,0
7,2.0,16,26,57,1
9,4.0,10,0,15,0
6,8.0,0,0,0,1
0,12.0,0,1,0,1
325,8.0,0,0,2,0
13,8.0,0,243,171,1
0,2.0,0,10,1,1
39,8.0,0,87,53,0
60,8.0,1,611,350,1
3,8.0,0,16,9,1
0,2.0,0,4,3,1
0,2.0,0,4,0,1
1,12.0,0,2,3,0
3,2.0,0,0,1,0
2,8.0,0,0,1,1
3,12.0,0,9,5,1
44,8.0,0,0,0,0
3,8.0,0,0,0,1
32,8.0,0,0,12,1
6,2.0,0,0,0,0
-4,8.0,6,172,113,1
0,8.0,0,60,1,1
12,2.0,0,0,0,0
4,8.0,0,0,3,1
171,2.0,19,790,672,1
12,12.0,0,0,2,0
-5,8.0,0,78,43,1
4775,8.0,0,0,30,0
70,16.0,0,0,18,0
94,8.0,1,39,97,0
1,8.0,0,0,0,0
11940,4.0,0,0,8,0
3,2.0,0,0,1,1
1,8.0,0,2,2,1
0,9.0,0,31,50,1
7,16.0,0,64,26,1
58,8.0,0,80,52,0
1,8.0,0,3,4,1
4,15.0,0,0,0,0
21,8.0,0,0,0,0
1,8.0,0,3,2,1
145,2.0,48,168,192,0
24,12.0,18,48,52,1
86,2.0,0,13,17,0
6,8.0,0,7,8,1
0,8.0,0,20,4,1
87,2.0,2,50,62,0
19,8.0,0,117,82,1
14,8.0,0,18,12,0
21,4.0,0,0,3,0
2,8.0,0,30,6,1
71,4.0,131,76,80,0
7,4.0,1,14,21,1
109,8.0,0,0,2,0
9,8.0,0,0,1,0
3,8.0,0,0,0,0
10,2.0,0,0,0,0
4,2.0,0,0,1,0
0,2.0,0,2,0,1
1,12.0,0,3,1,1
166,52.0,0,0,0,0
3,2.0,9,15,10,0
4,8.0,0,0,3,1
2205,4.0,44,4721,455,0
1,8.0,0,0,0,0
9,8.0,0,0,0,0
0,2.0,0,8,0,1
0,2.0,0,4,0,1
0,2.0,0,3,5,1
4,8.0,0,0,0,0
33,8.0,0,0,1,0
34,2.0,0,0,10,0
0,8.0,0,3,0,1
674,8.0,0,1400,1551,1
64,8.0,0,0,0,0
0,8.0,0,6,5,1
8,2.0,10,135,57,1
6,8.0,0,0,0,0
3,3.0,0,16,13,1
10,2.0,0,0,7,1
0,4.0,0,9,0,1
1,8.0,0,1,2,1
50,9.0,0,0,0,0
8,2.0,0,20,18,1
3,8.0,0,0,0,0
2,12.0,0,0,0,0
4,12.0,0,0,0,0
2,6.0,0,40,22,1
227,8.0,0,0,3,0
3,8.0,0,0,0,0
6,8.0,0,0,0,0
169,12.0,64,684,743,1
0,2.0,0,4,1,1
66,8.0,17,89,76,0
50,12.0,0,0,0,0
1,8.0,0,12,8,1
7,2.0,3,13,30,1
65,2.0,1,0,27,1
0,9.0,0,14,12,1
0,4.0,0,4,1,1
6,2.0,0,16,19,1
11,2.0,10,23,35,1
39,2.0,0,0,1,0
2,12.0,0,10,9,1
0,2.0,0,61,1,1
1,3.0,0,4,3,1
80,12.0,0,0,8,0
0,8.0,0,12,9,1
0,8.0,0,3,2,1
11,9.0,0,0,0,0
2,4.0,0,0,0,0
4,12.0,2,8,7,0
1,8.0,0,52,16,1
2,9.0,0,0,0,1
0,2.0,12,0,0,0
2,3.0,0,2,4,1
2,8.0,0,0,1,1
1,8.0,0,0,1,0
3,8.0,0,0,5,1
0,8.0,0,23,1,1
2,8.0,0,532,134,1
6,8.0,0,1,6,1
28,8.0,0,10,112,1
3,4.0,0,0,0,0
69,4.0,0,0,2,0
0,6.0,0,5,2,0
100,8.0,0,500,99,1
20,12.0,0,0,0,0
2,8.0,0,6,5,1
41,2.0,20,288,304,1
672,2.0,63,1530,1346,0
0,2.0,0,289,1,1
195,10.0,0,0,0,0
0,2.0,0,60,0,1
0,2.0,0,0,3,1
2,12.0,0,0,0,0
4,12.0,0,18,32,1
7,12.0,0,0,1,1
55,9.0,0,0,0,0
14,2.0,0,0,6,0
3,8.0,0,12,3,1
780,2.0,0,500,962,1
3,14.0,0,0,0,0
0,2.0,0,35,0,1
136,8.0,12,61,87,0
8,8.0,0,0,7,0
-3,2.0,4,12,36,1
-1,8.0,0,18,6,1
173,2.0,0,0,13,0
2,12.0,0,0,0,0
4,8.0,0,0,4,1
9,2.0,0,0,0,0
9,8.0,0,24,15,1
2,8.0,0,27,18,1
0,2.0,0,20,3,1
2,8.0,0,80,37,1
0,2.0,0,1,0,1
-1,2.0,0,88,72,1
0,2.0,0,10,0,1
15,8.0,0,86,43,1
8,12.0,1,5,0,0
3,8.0,0,5,8,1
361,8.0,60,156,102,0
6,8.0,0,0,0,0
2,13.0,0,9,7,1
495,12.0,0,0,0,0
2,8.0,0,1,1,0
25,8.0,0,0,12,1
4,8.0,0,0,0,1
56,10.0,12,44,13,0
9,8.0,0,85,71,1
0,2.0,0,11,0,1
359,8.0,2,0,57,0
1,8.0,0,16,12,1
2,8.0,0,0,1,0
20,12.0,20,0,0,0
15,4.0,0,0,0,0
4,8.0,0,18,8,1
10,2.0,0,0,0,0
10,2.0,0,0,0,1
7,8.0,0,0,1,0
79,14.0,8,48,44,0
0,12.0,0,8,6,1
2,8.0,0,24,14,1
1,2.0,1,0,3,1
4,2.0,0,10,3,1
2,12.0,0,0,0,1
211,8.0,65,216,334,0
52,8.0,156,0,34,0
28,2.0,0,0,0,0
1619,2.0,26,0,355,0
0,2.0,0,8,0,0
0,8.0,0,24,17,1
6,8.0,0,9,13,1
85,2.0,0,52,58,0
80,8.0,12,228,199,1
11,9.0,0,0,0,0
0,8.0,0,180,0,1
4,2.0,0,0,0,1
16,8.0,0,8,9,0
7,12.0,0,0,0,0
3,3.0,0,0,4,1
0,8.0,0,3,2,1
4,2.0,0,0,0,0
0,2.0,0,100,0,1
0,8.0,0,12,10,1
0,2.0,0,4,0,1
-3,8.0,4,256,146,1
39,2.0,0,0,43,0
3,2.0,0,0,1,1
-6,2.0,8,12,37,1
0,8.0,0,17,11,1
1,8.0,0,16,9,1
3,5.0,0,21,0,0
17,3.0,0,10,16,1
0,4.0,0,0,1,1
48,8.0,1,68,46,0
0,2.0,0,32,1,1
0,9.0,0,1,2,0
11,12.0,0,0,9,1
22,8.0,0,0,3,0
2,9.0,0,0,1,0
20,8.0,20,20,24,1
0,12.0,0,9,7,1
60,8.0,0,0,0,0
35,2.0,0,6,10,1
9,4.0,0,5,11,0
3,8.0,0,0,0,0
2,9.0,0,0,0,0
0,2.0,24,5,0,0
5,4.0,0,0,0,0
1,10.0,0,1,2,1
3,8.0,0,1,3,1
12,9.0,0,0,6,0
744,4.0,0,0,12,0
122,8.0,20,0,16,1
4,4.0,0,0,2,1
0,8.0,0,5,0,1
0,8.0,0,2,2,1
7,10.0,0,0,0,0
44,8.0,3,0,18,0
150,8.0,0,325,438,1
48,2.0,6,66,0,0
104,2.0,0,0,0,0
586,2.0,10,0,105,0
0,12.0,0,2,2,1
3,9.0,0,0,0,0
32,2.0,0,0,0,0
405,2.0,4,0,10,0
12,8.0,0,4,5,1
75,52.0,0,0,0,0
3,4.0,0,0,0,0
22,8.0,0,0,0,0
79,4.0,1,18,14,0
2,2.0,0,8,3,0
1,12.0,0,6,7,1
2,12.0,0,0,0,0
33,8.0,1,6,31,0
1,8.0,0,1,2,1
33,8.0,2,26,18,0
11,9.0,0,9,6,0
6,2.0,0,10,21,1
4488,4.0,32,0,1068,0
7,12.0,0,0,0,0
0,8.0,0,19,24,1
2,2.0,0,0,0,1
440,12.0,0,0,3,0
0,9.0,0,3,1,1
26,2.0,22,60,106,1
0,8.0,0,5,0,1
681,8.0,0,0,0,0
3,8.0,0,0,1,1
6,2.0,0,16,19,1
68,8.0,0,0,1,0
496,12.0,0,0,4,0
0,2.0,0,200,0,1
20,2.0,0,0,0,0
4,8.0,0,12,13,1
262,8.0,136,300,271,0
2,8.0,0,45,25,1
57,8.0,0,0,0,0
45,8.0,0,0,8,0
43,8.0,0,0,0,0
174,12.0,0,544,546,1
7,3.0,0,0,0,0
0,12.0,0,1,1,1
1,8.0,0,3,2,1
19,12.0,0,0,0,0
0,8.0,0,8,5,1
76,8.0,1,64,42,0
59,8.0,0,0,0,0
1,12.0,0,29,36,1
23,2.0,0,84,116,1
2,2.0,0,0,0,1
0,2.0,0,5,0,1
170,8.0,0,0,65,0
0,12.0,0,69,37,1
24,9.0,0,0,0,0
35,9.0,0,0,0,0
0,2.0,0,64,0,1
419,12.0,0,0,3,0
0,12.0,0,5,0,1
221,2.0,0,64,117,0
0,0.0,0,2,2,1
23,6.0,0,80,40,1
154,4.0,3,288,68,0
1,12.0,0,6,3,1
4,2.0,0,0,0,0
1,3.0,0,17,14,1
100,8.0,0,875,412,1
4,8.0,0,7,5,1
1,8.0,0,0,8,0
0,8.0,0,24,17,1
-5,8.0,20,182,258,1
0,2.0,0,16,1,1
10,8.0,0,0,4,0
56,8.0,0,0,47,0
0,2.0,0,7,0,1
2,2.0,0,16,25,1
0,2.0,0,18,14,1
-110,12.0,0,2645,133,1
0,2.0,0,8,1,1
-4,2.0,2,42,89,1
3,2.0,0,10,3,0
5,8.0,0,33,20,1
13,8.0,0,53,9,1
2095,2.0,0,0,7,0
0,8.0,0,10,7,1
15,2.0,0,0,0,0
9,8.0,0,0,9,0
5,0.0,0,0,0,0
9,4.0,0,0,25,1
145,8.0,25,183,181,0
7,9.0,0,0,0,0
233,8.0,195,157,222,0
6,12.0,0,0,0,0
0,8.0,0,12,16,1
1,2.0,0,0,0,1
0,2.0,0,16,2,1
179,8.0,0,0,1,0
2,2.0,0,3,16,1
4,2.0,0,0,5,1
635,16.0,1,0,93,0
9,8.0,36,110,145,1
196,2.0,0,0,3,0
4,12.0,0,1,1,0
55,8.0,0,0,2,0
4,8.0,0,0,1,0
56,12.0,0,0,0,0
293,8.0,48,0,32,0
0,3.0,0,30,0,1
310,8.0,80,150,235,0
98,8.0,36,474,342,0
10,2.0,0,0,0,0
2,8.0,0,5,2,1
7,9.0,0,0,2,0
0,4.0,0,18,2,1
0,4.0,0,2,0,0
12,2.0,0,0,0,0
295,4.0,136,240,140,0
54,8.0,0,0,10,0
86,12.0,0,0,21,0
107,8.0,6,216,176,0
2,8.0,0,13,9,1
0,8.0,0,3,4,1
6,4.0,0,0,0,0
5,8.0,0,25,18,1
7,4.0,0,0,0,1
0,8.0,0,2,2,1
0,9.0,0,2,0,1
6,8.0,0,10,4,1
0,12.0,0,2,1,1
4,14.0,0,0,0,0
11,2.0,0,0,0,0
0,8.0,0,11,0,1
41,2.0,0,0,4,0
39,8.0,0,0,18,0
4,8.0,0,0,0,0
257,8.0,21,320,195,0
4,2.0,0,0,1,0
0,2.0,0,8,2,1
-1,8.0,0,10,4,1
6,9.0,0,12,16,1
17,12.0,16,168,116,1
9,8.0,0,1621,855,1
0,8.0,0,0,0,0
0,8.0,0,12,4,1
13,52.0,0,0,0,0
2,0.0,0,29,16,1
2,8.0,0,0,3,1
5,8.0,0,0,0,0
9,8.0,0,14,17,1
3,8.0,0,0,0,0
1,8.0,0,0,0,0
23,8.0,0,30,56,1
2,2.0,0,2,6,1
19,8.0,2,455,286,1
5,2.0,2,20,15,1
6,12.0,0,0,0,0
5,8.0,0,0,2,0
0,12.0,0,8,6,1
10,2.0,0,0,33,1
0,8.0,0,7,0,1
8,8.0,4,12,12,0
96,12.0,0,0,0,0
8,8.0,0,0,2,0
0,8.0,0,10,2,1
-55,8.0,2,428,100,1
1250,12.0,0,0,0,0
2,8.0,0,0,0,0
9,2.0,0,0,1,0
2,12.0,0,0,0,0
3,8.0,0,7,6,1
0,2.0,0,12,0,1
144,12.0,0,0,8,0
0,8.0,1,7,4,1
459,8.0,194,320,311,0
2,9.0,0,43,15,1
3076,8.0,0,600,1067,0
2,12.0,0,0,0,0
19,2.0,0,0,1,0
9,9.0,0,0,1,0
6,10.0,0,0,0,0
6,2.0,8,28,21,1
12,2.0,0,0,2,0
0,12.0,0,20,11,1
0,3.0,0,4,2,1
8,2.0,0,0,6,0
0,52.0,0,0,0,0
2,8.0,0,3,3,1
2,8.0,0,2,4,1
7,6.0,0,0,0,0
354,2.0,568,1680,2350,0
0,8.0,0,4,4,1
6,2.0,0,48,41,1
34,2.0,0,0,6,0
13,6.0,0,6,14,0
236,2.0,0,0,1,0
19,10.0,0,0,0,0
0,8.0,0,15,15,1
47,2.0,0,0,2,0
60,30.0,0,0,26,0
151,8.0,14,98,127,0
245,8.0,122,588,1566,1
1,8.0,0,2,1,1
245,4.0,190,159,197,0
0,12.0,0,2,1,1
5,2.0,0,4,13,1
0,2.0,0,33,0,1
3,8.0,0,0,0,0
2,8.0,0,4,6,1
2,2.0,0,0,1,1
2,11.0,0,31,26,1
146,8.0,44,169,253,0
314,2.0,0,0,47,0
806,8.0,171,632,676,0
444,8.0,0,0,0,0
145,12.0,4,0,66,0
4,12.0,0,1,4,0
4,3.0,0,5,9,1
27,8.0,51,371,314,1
119,2.0,0,0,0,0
49,52.0,0,0,0,0
1,8.0,0,0,0,0
4,8.0,0,0,6,1
2,9.0,0,0,0,0
61,8.0,1,51,70,0
21,2.0,0,0,0,0
0,2.0,0,14,0,1
47,2.0,0,0,1,0
8,8.0,0,20,27,1
59,2.0,0,0,1,0
0,2.0,0,5,0,1
20,12.0,0,0,0,1
0,9.0,0,6,1,1
-62,8.0,0,120,109,1
7,8.0,0,9,10,0
3,2.0,0,0,0,0
4,10.0,0,0,0,0
202,2.0,0,0,3,0
3,8.0,6,171,112,1
107,52.0,0,0,4,0
0,14.0,0,3,2,1
12,8.0,15,364,198,1
5,8.0,0,7,4,1
91,12.0,0,0,17,0
14,2.0,0,0,0,0
2,8.0,0,24,13,1
35,6.0,0,0,20,1
273,2.0,0,0,0,0
96,4.0,110,40,90,0
1,2.0,4,4,4,1
124,2.0,0,0,3,0
11,9.0,0,7,4,0
30,2.0,0,0,0,0
3,12.0,0,0,0,0
3,12.0,2,1,2,1
340,2.0,525,1176,1291,0
8,12.0,0,216,126,1
10,8.0,0,0,0,0
6,2.0,0,6,2,0
7,2.0,0,45,5,1
4,2.0,0,24,23,1
16,12.0,0,0,47,0
245,2.0,94,108,106,0
11,9.0,0,0,6,0
0,8.0,0,118,0,1
9,9.0,0,0,0,0
84,2.0,54,206,0,1
0,12.0,0,40,24,1
0,12.0,0,5,3,1
96,8.0,27,67,120,0
2,8.0,0,36,21,1
29,12.0,25,412,370,1
32,8.0,1,16,25,1
19,15.0,0,0,6,0
20,52.0,0,0,0,0
0,9.0,0,12,0,1
10,3.0,0,0,2,0
0,2.0,0,20,20,1
19716,6.0,5688,33660,57154,0
8,2.0,0,0,16,1
2,8.0,0,1,1,0
13,4.0,0,62,40,0
3,4.0,4,18,18,0
0,8.0,0,3,8,1
82,8.0,0,0,6,0
202,52.0,1,0,86,0
10,8.0,0,0,0,0
2,8.0,0,0,0,0
319,8.0,46,276,215,0
0,8.0,0,14,0,1
5,2.0,0,3,1,1
3144,12.0,2,0,41,0
0,14.0,0,12,9,1
10822,4.0,2020,28220,26727,0
11,8.0,0,0,0,0
3,9.0,0,0,0,0
463,8.0,10,144,336,0
61,2.0,0,734,117,1
7,8.0,0,0,3,1
133,4.0,43,45,98,0
51,12.0,1,11,23,0
25,8.0,0,0,0,0
2,8.0,0,40,22,1
3,2.0,0,9,4,1
0,8.0,0,24,16,1
3,8.0,0,0,0,0
1,8.0,0,5,4,1
2,8.0,0,7,17,1
413,8.0,100,408,458,0
0,8.0,0,134,0,1
4,9.0,0,0,0,0
14,9.0,0,0,0,0
20,8.0,0,186,204,1
8,4.0,0,0,0,0
0,8.0,0,1,16,1
34,2.0,11,189,115,1
36,9.0,0,0,32,1
7,2.0,0,0,0,0
0,2.0,0,32,0,1
10,12.0,3,0,0,0
1,8.0,0,0,0,0
5,4.0,2,0,0,0
4,9.0,0,0,0,0
31,8.0,0,0,0,0
1,9.0,0,2,6,1
4,4.0,0,0,0,0
208,0.0,78,797,593,1
2,8.0,0,25,26,1
0,8.0,2,20,19,1
66,12.0,4,33,37,0
0,3.0,0,0,0,1
134,12.0,0,300,168,0
0,2.0,0,18,13,1
5,2.0,0,5,2,1
1,12.0,0,0,1,1
10,2.0,0,0,0,0
1,8.0,0,0,0,0
105,52.0,0,0,18,0
170,8.0,0,0,4,0
0,2.0,0,35,0,1
-111,9.0,0,431,69,1
7,12.0,0,0,0,0
103,4.0,5,0,13,0
8,8.0,0,0,5,0
0,8.0,0,142,0,1
3,13.0,0,1,3,1
16,2.0,0,0,0,0
1000,12.0,0,0,0,0
2,2.0,0,4,4,1
18,8.0,0,20,19,0
0,8.0,0,16,21,1
0,8.0,0,2,4,1
25,12.0,0,0,0,0
1,8.0,0,2,3,1
5,3.0,0,25,19,1
1,8.0,0,32,37,1
21,8.0,0,0,0,1
6,2.0,1,8,4,1
0,2.0,0,4,0,0
12,8.0,1,4,4,0
9,2.0,0,7,8,1
11,8.0,0,0,2,0
2,8.0,0,3,4,1
0,2.0,0,24,0,1
100,2.0,0,420,285,1
0,12.0,0,8,2,1
6,2.0,0,3,0,0
3,2.0,0,24,28,1
3632,12.0,42,0,263,0
4,12.0,0,20,10,1
-2,9.0,0,53,51,1
-53,8.0,6,1344,837,1
6419,2.0,24,0,3120,0
2,2.0,0,43,22,1
4,8.0,0,0,0,0
2,6.0,0,3,3,1
-2999,9.0,0,5809,9,1
41,8.0,0,0,0,0
202,8.0,8,163,206,0
7,4.0,0,0,0,0
2,8.0,0,7,5,1
7,2.0,0,5,6,1
501,8.0,216,731,541,0
82,8.0,33,185,160,0
12,4.0,0,1,2,0
5,8.0,0,0,1,0
2020,2.0,55,2500,3719,0
38,8.0,0,0,0,0
9,4.0,12,13,9,0
8,2.0,0,6,35,1
0,8.0,0,3,1,1
57,8.0,0,34,17,0
0,2.0,0,3,15,1
47,8.0,0,0,0,0
0,2.0,0,20,0,1
10,2.0,0,0,2,0
7,9.0,0,0,0,0
5,8.0,0,35,18,1
18,9.0,0,74,61,1
9,2.0,1,11,11,1
153,8.0,32,72,157,0
123,9.0,0,0,1,0
8,8.0,0,24,34,1
15,8.0,0,0,5,0
0,2.0,0,33,0,1
0,2.0,0,91,0,1
3,8.0,0,0,0,0
3,8.0,0,12,5,1
17,12.0,0,29,45,1
7,2.0,0,0,0,0
4,8.0,0,8,11,1
-1,12.0,0,6,4,1
22,2.0,0,48,26,1
0,2.0,0,11,0,0
3,0.0,0,0,3,1
24,2.0,0,0,1,0
1,9.0,0,5,1,1
4,8.0,0,0,1,0
6,2.0,0,0,4,1
3,8.0,0,0,3,1
10,2.0,0,5,18,1
16,2.0,0,0,11,0
1356,8.0,1098,6121,2392,0
14,2.0,0,0,0,0
2,8.0,0,4,11,1
6,2.0,0,0,0,1
7,8.0,1,21,13,1
5,4.0,0,0,2,0
5,2.0,0,1,3,0
1,8.0,0,2,2,1
0,2.0,0,4,0,0
0,8.0,0,40,17,1
3,8.0,0,0,0,0
3,4.0,0,1032,824,1
2,2.0,0,0,0,1
199,2.0,126,270,384,0
5,8.0,0,100,18,1
0,8.0,0,3,4,1
4,4.0,0,0,3,1
1572,8.0,0,0,0,0
-1,8.0,1,15,6,1
0,8.0,0,5,4,1
5,8.0,0,0,0,0
102,8.0,4,162,164,0
0,2.0,0,5874,0,1
0,2.0,0,12,5,1
118,52.0,0,0,5,0
20,13.0,0,24,47,1
11,8.0,0,0,9,0
12,8.0,0,0,1,0
14,8.0,0,30,46,1
5,0.0,0,510,121,1
4,8.0,0,24,18,1
0,2.0,0,50,0,1
3,8.0,0,19,3,1
101,9.0,0,0,21,0
12,2.0,0,18,24,0
425,8.0,0,0,292,0
8,8.0,0,0,0,0
641,8.0,288,1152,1024,0
0,12.0,0,6,3,1
7,8.0,1,0,0,0
314,8.0,0,0,15,0
14,8.0,0,6,36,1
2,8.0,0,30,14,1
193,8.0,41,0,133,0
3,8.0,0,25,14,1
11,8.0,8,10,14,1
1,12.0,0,18,2,1
15,8.0,0,3,2,0
101,4.0,18,52,48,0
4,2.0,0,0,0,0
0,8.0,8,0,1,0
0,2.0,0,5,0,0
0,8.0,0,2,3,1
3,12.0,0,0,0,0
5,8.0,0,3,7,1
62,4.0,0,0,10,0
8,2.0,0,12,4,1
-1,8.0,0,18,6,1
5,2.0,0,1,4,1
19,2.0,0,0,2,1
37,8.0,0,0,3,0
1,12.0,12,18,8,1
72,12.0,0,68,0,1
41,4.0,0,0,2,0
0,2.0,0,4,0,1
5,6.0,0,40,22,1
1,12.0,0,0,0,0
11,0.0,0,30,0,0
2,8.0,0,1,1,1
3,10.0,0,11,8,1
1,8.0,0,3,3,1
1,8.0,0,24,13,1
0,2.0,0,11,2,1
3,2.0,0,20,20,1
3,8.0,0,0,0,0
0,2.0,0,185,0,1
10,12.0,0,0,0,0
0,2.0,0,6,0,1
4,8.0,9,62,50,1
8,2.0,0,30,27,1
2,12.0,0,0,0,0
5,9.0,0,0,0,0
27575,8.0,0,0,0,0
0,2.0,0,166,6,1
1,2.0,0,2,2,1
7,8.0,0,0,0,0
11,2.0,0,0,0,0
0,2.0,0,4,6,1
56,8.0,0,23,37,0
0,12.0,0,30,0,1
578,2.0,130,1442,2136,0
0,4.0,0,2992,0,1
4,2.0,0,20,10,0
10,8.0,0,0,0,0
2,8.0,0,8,20,1
2,9.0,0,0,0,0
2,9.0,0,0,0,0
-3,16.0,0,13,8,1
92,2.0,7,287,218,0
3,12.0,0,0,0,0
41,2.0,2,205,138,1
0,8.0,0,0,0,0
23,8.0,0,0,1,0
1,8.0,0,0,0,0
-506,8.0,247,2128,2060,0
0,2.0,0,6,0,1
0,12.0,0,62,0,1
0,8.0,0,10,3,1
5,2.0,0,30,24,1
4,2.0,0,10,9,1
10,12.0,0,0,0,0
13,12.0,0,0,0,0
8,2.0,0,0,0,0
2,8.0,13,16,20,0
7,9.0,0,10,23,1
92,8.0,0,0,2,0
0,8.0,0,8,7,1
0,12.0,0,4,6,1
80,2.0,0,0,13,1
29,8.0,0,576,173,1
3,8.0,0,7,5,0
27,8.0,0,200,244,1
48,8.0,0,0,0,0
59,2.0,0,0,0,0
7,9.0,0,12,13,0
12,2.0,0,0,0,0
12,2.0,0,0,0,0
2,8.0,0,20,4,1
0,8.0,0,0,0,0
2,8.0,1,4,4,1
7,2.0,0,12,28,1
9,2.0,0,18,13,0
3,8.0,0,5,5,1
3,4.0,0,0,0,0
224,2.0,0,0,11,0
1369,2.0,1,1800,2368,0
0,2.0,0,12,0,0
3,4.0,0,0,0,0
5,8.0,0,30,28,1
101,8.0,22,198,370,1
1,8.0,0,50,25,1
5,8.0,0,22,16,1
0,8.0,0,0,0,0
-32,8.0,0,350,263,1
13,4.0,0,33,22,1
0,0.0,0,5,3,1
4,12.0,0,0,0,0
106,8.0,0,0,0,1
3,4.0,0,0,1,0
-34,8.0,0,7800,0,1
637,12.0,11,428,757,0
300,4.0,0,0,0,0
4,4.0,8,28,39,1
8,2.0,1,32,17,1
7,8.0,1,166,113,1
2669,2.0,707,3830,4079,1
2,2.0,10,20,5,1
11,4.0,0,0,0,0
49,8.0,0,0,0,0
2,12.0,0,1,2,0
0,8.0,0,6,0,1
0,12.0,0,6,4,1
-1,8.0,0,18,6,1
0,8.0,0,3,3,1
0,8.0,0,4,4,1
25,8.0,0,140,95,1
6,2.0,0,28,12,1
2,2.0,0,3,4,1
23,2.0,0,0,1,1
4,9.0,0,10,11,1
5,2.0,0,10,1,1
4,2.0,0,6,9,1
8,8.0,7,14,9,1
8,4.0,0,0,0,0
4,8.0,0,0,1,0
2,8.0,0,35,31,1
0,8.0,0,6,3,1
10,8.0,0,0,3,1
2,2.0,0,0,10,1
21,8.0,0,0,1,0
12,2.0,0,0,1,0
6,2.0,0,0,0,1
3,8.0,1,0,13,1
8,2.0,0,1,0,1
1,8.0,0,2,0,1
18,8.0,0,13,19,0
0,0.0,0,5,3,1
43,12.0,0,208,161,1
2,2.0,1,1,4,0
2,8.0,0,3,3,1
1,8.0,0,0,0,0
55,8.0,3,322,144,1
0,12.0,12,0,0,0
6,8.0,0,0,2,0
28,2.0,84,112,82,1
35867,18.0,0,0,4082,0
2,8.0,0,16,13,1
0,8.0,0,4,4,1
4,4.0,0,0,0,0
12,8.0,0,0,0,0
146,2.0,31,132,155,0
306,8.0,55,194,350,0
15,8.0,0,4,0,0
62,2.0,0,100,16,1
1,8.0,0,52,53,1
2,12.0,0,9,4,1
0,9.0,0,24,8,1
4,8.0,0,0,0,0
4,12.0,0,20,10,1
13,2.0,4,32,48,1
0,12.0,0,12,0,1
1233,8.0,0,0,0,0
4,9.0,0,0,0,0
0,2.0,0,22,23,1
0,2.0,0,18,0,1
4,8.0,0,10,20,1
772,12.0,122,554,832,0
5,8.0,0,0,1,1
1,2.0,8,40,41,1
24,8.0,0,0,3,1
7,8.0,0,0,0,0
103,8.0,7,85,84,0
1,9.0,0,47,28,1
0,2.0,0,18,2,1
0,8.0,0,60,51,1
0,4.0,0,259,3,1
0,52.0,0,25,0,1
-34,12.0,0,1320,584,1
64,12.0,0,0,0,0
3,2.0,0,2,7,1
2,16.0,0,0,0,0
0,8.0,0,47,23,1
8,12.0,0,0,1,1
0,12.0,0,9,0,0
23,12.0,0,0,0,0
0,9.0,0,2,1,1
4,2.0,0,4,9,1
0,8.0,0,0,0,0
1,8.0,0,7,9,1
74,8.0,6,0,18,0
-4,8.0,0,7,12,1
2,2.0,0,3,2,1
0,12.0,0,6,1,1
-1,4.0,0,15,29,1
230,9.0,0,0,157,1
-1,8.0,0,6,3,1
2,2.0,0,42,26,1
2,8.0,0,4,2,0
4,12.0,0,0,0,0
6,4.0,0,38,22,1
0,12.0,0,0,0,0
1,12.0,0,7,0,1
0,9.0,0,1,0,1
0,8.0,0,0,4,1
4366,12.0,288,1152,3279,0
-1,52.0,0,0,7,1
0,8.0,0,2,0,1
9,8.0,0,0,1,0
2,12.0,0,0,0,0
23,9.0,0,0,0,0
0,2.0,0,6,0,1
163,8.0,0,0,50,1
0,2.0,0,509,0,1
415,8.0,0,0,18,0
-1,8.0,1,10,5,1
99,2.0,0,0,526,1
0,8.0,0,0,0,1
8,2.0,0,0,2,0
899,2.0,0,0,0,0
0,8.0,0,14,20,1
3,2.0,0,0,0,0
5,3.0,0,0,10,1
0,8.0,0,7,0,1
3,2.0,0,0,2,1
0,4.0,0,12,0,1
92,2.0,133,120,158,0
10,4.0,1,0,3,0
8,8.0,0,0,0,0
131,2.0,14,881,392,1
1,8.0,0,1,2,1
3,12.0,0,0,1,0
7,8.0,0,288,51,1
1,4.0,0,6,11,1
21,0.0,14,248,186,1
0,12.0,0,5,5,1
2,8.0,0,0,0,0
2,8.0,0,18,16,1
1096,8.0,12236,1894,4690,0
1,8.0,0,0,0,0
6,8.0,0,9,6,0
0,8.0,0,4,6,1
0,2.0,0,22,0,0
54,12.0,35,26,60,0
23,9.0,0,0,0,0
-25,3.0,0,72,68,1
9,8.0,0,65,114,1
500,2.0,0,0,0,0
0,8.0,0,21,10,1
465,2.0,138,1052,1249,0
0,2.0,0,22,0,1
181,12.0,11,0,79,0
563,9.0,0,0,0,0
10,8.0,0,0,0,0
4,2.0,0,6,5,1
28,4.0,0,43,28,1
3,8.0,0,0,0,0
5,2.0,0,11,20,0
20,8.0,0,35,35,0
4,8.0,0,10,6,1
128,12.0,51,40,79,0
2,12.0,0,0,0,0
65,8.0,0,98,70,0
269,9.0,0,0,2,0
10,8.0,0,0,22,1
2,3.0,0,10,9,1
6,2.0,0,0,0,0
0,2.0,0,13,0,1
199,8.0,80,267,272,0
0,8.0,0,4,3,1
6,8.0,0,25,32,0
23,2.0,0,0,6,0
25,9.0,0,0,1,0
1,2.0,0,4,31,1
11,8.0,0,0,0,0
13,2.0,0,12,17,1
5,8.0,0,16,22,1
10,2.0,0,0,0,1
11,2.0,10,27,71,1
2,12.0,0,0,0,0
2,2.0,0,2,7,1
0,2.0,0,6,0,1
274,8.0,21,573,612,0
0,3.0,0,20,10,1
0,2.0,0,8,0,1
15,52.0,0,18,0,0
0,2.0,0,4,0,1
55,12.0,6,176,107,0
5,2.0,0,0,8,1
9,3.0,0,0,2,0
20,8.0,0,0,0,0
11,9.0,0,0,10,0
0,2.0,0,10,0,1
14,4.0,0,45,47,0
3,4.0,0,0,0,0
2,12.0,2,185,5,1
2,9.0,0,0,0,0
0,8.0,0,16,14,1
200,2.0,0,295,243,1
-1,9.0,0,11,22,1
0,8.0,0,2,1,1
33,9.0,0,0,0,0
7,8.0,0,24,16,1
116,2.0,81,300,271,1
20,9.0,0,0,0,0
16,2.0,0,0,0,0
7,9.0,0,0,0,0
0,8.0,10,9,7,0
9,8.0,0,0,1,0
18,2.0,0,0,7,0
-1,12.0,0,6,4,1
1,12.0,0,2,1,0
0,8.0,2,1,1,1
12,8.0,0,393,268,1
48,12.0,0,0,49,1
0,2.0,0,12,4,1
3,9.0,0,0,0,0
7,2.0,0,5,10,1
10,4.0,0,0,0,0
0,8.0,0,22,15,1
1,2.0,0,1,1,1
0,5.0,0,12,0,1
0,2.0,0,11,6,1
176,8.0,58,516,519,0
5,8.0,0,0,1,0
4,12.0,0,0,0,0
6,12.0,0,0,2,1
2,8.0,2,11,17,0
112,2.0,15,400,498,1
15046,2.0,0,0,87,0
895,4.0,0,0,112,0
78,12.0,0,0,1,0
49,9.0,10,19,24,0
1388,52.0,0,0,12,0
4,52.0,0,0,0,0
2,12.0,0,0,0,0
78,2.0,0,40,2,0
0,8.0,0,3,3,1
19,8.0,1,200,91,1
1277,2.0,479,2400,2321,0
2,8.0,0,0,0,0
6,2.0,0,0,0,0
104,8.0,0,0,0,0
19,0.0,0,0,0,0
25,8.0,0,0,0,0
39,12.0,0,0,0,0
6,8.0,0,28,27,1
89,2.0,0,0,1,0
11,9.0,0,26,30,1
34,8.0,0,240,241,1
2,9.0,0,0,0,0
15,8.0,3,286,160,1
4,3.0,0,14,26,1
37,8.0,5,21,21,0
20,8.0,0,0,1,0
11,2.0,0,0,6,0
4,4.0,0,3,4,1
1,12.0,0,4,0,0
0,4.0,0,13,0,1
12,8.0,0,0,0,0
2,2.0,1,2,2,1
8317,5.0,6417,30768,13863,0
102,4.0,0,0,2,0
38,12.0,0,0,4,0
12,8.0,0,30,39,1
175,12.0,0,0,2,0
6,12.0,0,0,0,0
0,8.0,0,2,2,0
15,4.0,0,0,0,0
4,8.0,0,10,14,1
79,8.0,20,152,163,0
31,2.0,0,264,181,1
-52,15.0,0,128,40,1
0,2.0,0,5,0,0
0,2.0,0,32,21,0
40,2.0,0,0,0,0
3,9.0,0,0,0,0
0,8.0,315,8180,0,1
21,8.0,0,0,0,0
19,8.0,0,0,0,0
2,8.0,0,0,0,0
700,52.0,0,0,0,0
55,2.0,0,20,45,1
821,3.0,0,0,125,0
313,8.0,0,0,5,0
20,3.0,0,100,92,1
0,12.0,0,0,0,1
594,8.0,0,1200,0,1
0,2.0,0,1,0,1
0,2.0,0,8,0,0
0,2.0,0,138,0,1
11,4.0,0,0,0,0
0,8.0,0,115,0,1
0,2.0,0,20,0,1
3,2.0,0,8,7,1
6,8.0,0,24,21,1
16,8.0,0,25,33,1
3,8.0,0,0,0,0
52,8.0,0,0,0,0
7,4.0,0,10,11,1
19,8.0,0,96,63,1
1,8.0,0,1,1,0
-1,12.0,0,4,4,1
3,4.0,0,6,2,1
11,4.0,0,0,0,0
63,8.0,20,78,96,0
0,8.0,0,7,5,1
2,3.0,0,5,7,1
16,2.0,7,0,9,0
2,8.0,0,0,0,0
3,2.0,7,10,11,1
3,8.0,0,6,7,1
8,2.0,0,0,35,1
5,2.0,0,0,0,0
1,8.0,0,4,2,1
19,8.0,0,16,0,0
0,2.0,0,0,0,0
1,8.0,0,16,15,1
0,2.0,0,538,3,1
49,8.0,0,20,61,0
-152,12.0,0,626,299,1
0,8.0,2,5,5,1
4,8.0,0,5,2,1
0,8.0,0,4,5,1
0,9.0,0,2,2,1
0,2.0,0,20,0,0
2,8.0,0,0,3,0
1,2.0,0,0,0,0
1,8.0,0,1,3,1
10,8.0,0,0,0,0
168,8.0,16,84,143,0
6,2.0,0,0,1,0
27,8.0,12,7,24,1
1,8.0,0,14,9,1
27,8.0,8,113,134,1
6,2.0,12,29,27,1
3,12.0,0,1,1,0
0,8.0,0,0,0,1
3,4.0,0,0,0,0
5,8.0,0,31,15,1
68,8.0,38,0,38,0
6,8.0,0,0,0,0
9,2.0,0,0,14,1
1,8.0,0,19,6,1
79,2.0,28,716,99,1
16,2.0,0,0,8,0
6,4.0,0,0,0,0
5,8.0,0,10,14,1
9,4.0,0,0,0,0
0,2.0,0,53,4,1
21,8.0,0,0,0,0
35,8.0,0,0,8,0
1,4.0,0,0,1,1
24,10.0,0,0,3,0
0,2.0,0,10,0,1
3,8.0,0,18,22,1
0,2.0,0,2,5,1
0,8.0,0,0,0,0
16,8.0,0,0,0,0
5,8.0,6,172,124,1
0,13.0,0,6,0,0
-6,8.0,0,32,17,1
0,2.0,0,11,0,1
0,8.0,0,535,0,1
9,8.0,0,8,9,0
-1,8.0,27,110,147,1
6,4.0,0,0,0,0
0,2.0,0,289,1,1
1,8.0,0,34,22,1
533,8.0,88,204,261,0
82,4.0,0,0,4,0
0,2.0,0,25,0,1
13,4.0,0,0,3,0
0,2.0,0,17,0,1
0,12.0,0,195,0,0
143,8.0,0,45,82,0
2,8.0,0,0,0,0
6,2.0,0,160,110,0
3,12.0,0,16,15,0
29,8.0,0,0,2,0
55,8.0,0,0,0,0
26,8.0,0,0,0,0
7,2.0,0,36,0,0
0,2.0,0,0,0,1
0,8.0,0,0,0,0
3,4.0,0,0,3,1
0,2.0,0,144,3,1
17352,8.0,0,0,0,0
17,8.0,177,360,532,1
54,2.0,0,0,57,1
2473,8.0,0,0,25,0
114,9.0,0,0,0,0
14,15.0,0,16,3,0
69,8.0,0,0,2,0
0,2.0,0,0,2,0
2352,7.0,6,4800,4072,0
10,2.0,0,0,0,1
1379,8.0,12,0,205,0
0,4.0,0,4,0,0
0,2.0,0,12,7,1
18,8.0,0,0,0,0
7,2.0,0,36,42,1
2,9.0,0,0,0,0
343,12.0,0,0,0,0
420,8.0,0,0,0,0
10,2.0,0,180,149,1
0,4.0,0,2,0,0
2,2.0,0,0,0,0
0,8.0,0,26,14,1
8,2.0,0,0,22,1
3,4.0,0,0,0,0
4,2.0,0,3,4,1
100,8.0,15,68,128,0
2,8.0,0,0,0,0
6,12.0,0,0,0,0
1706,4.0,59,3140,3616,0
9,8.0,0,24,20,1
0,6.0,0,13,6,1
143,9.0,0,0,0,0
2,8.0,4,17,23,1
0,2.0,0,6,0,0
7,8.0,0,0,0,0
-29,8.0,36,573,314,1
0,12.0,1,3,2,1
35,2.0,18,36,0,1
93,8.0,14,50,55,0
13,2.0,0,0,0,0
1215,12.0,0,0,25,0
18,12.0,0,0,6,0
0,12.0,0,6,13,1
0,8.0,0,11,0,1
0,2.0,0,142,0,1
0,2.0,0,33,0,1
3,8.0,0,16,22,1
9,12.0,0,0,0,0
8,2.0,0,7,5,0
-360,8.0,0,1566,478,0
0,2.0,0,38,2,1
8,12.0,0,24,34,1
6,2.0,12,108,73,1
88,4.0,0,0,0,0
0,9.0,0,0,39,0
148,0.0,0,0,1,0
33,8.0,1,0,21,1
-3,8.0,255,2209,1286,1
6,9.0,0,0,0,0
0,8.0,0,840,0,1
2,9.0,0,0,5,0
3,4.0,2,4,4,0
19,2.0,0,42,8,1
0,0.0,0,14,11,1
0,12.0,0,8,8,1
1,2.0,0,2,2,1
72,13.0,69,54,58,0
16,8.0,0,160,88,1
-8,8.0,0,157,156,1
12,2.0,0,0,0,0
4,2.0,0,1,4,1
0,8.0,0,11,0,0
45,8.0,183,474,539,1
10,12.0,0,2,0,0
273,8.0,148,1034,703,0
320,4.0,260,170,92,0
0,2.0,0,472,0,1
0,8.0,0,0,0,0
4,16.0,0,0,0,0
-66,8.0,67,811,691,1
1,12.0,0,0,0,0
12,2.0,0,30,24,1
165,4.0,0,0,0,0
21,8.0,0,0,9,0
9,8.0,0,0,16,0
19,9.0,1,0,4,0
100,8.0,0,47,48,0
13,8.0,0,0,0,0
182,6.0,1,0,114,0
11,2.0,0,0,0,0
2,8.0,0,0,0,1
85,52.0,0,0,5,0
5,8.0,0,0,3,0
410,2.0,150,399,472,0
0,2.0,0,0,0,1
24,8.0,0,7,24,0
0,8.0,0,19,15,1
10,2.0,22,75,102,1
0,2.0,0,16,0,1
84,8.0,0,60,62,0
3,8.0,2,18,18,1
720,8.0,300,0,359,0
3,8.0,0,5,8,0
0,2.0,0,414,0,1
34,2.0,0,0,0,0
3,8.0,0,0,0,0
10,2.0,0,0,0,0
10,2.0,0,88,0,0
1,2.0,0,0,0,0
2570,8.0,1284,8942,7160,0
1,2.0,5,2,0,0
0,8.0,0,0,1,0
1524,16.0,21,0,263,0
0,8.0,0,16,9,1
7,4.0,0,32,45,1
378,12.0,341,1760,1642,1
-21,8.0,0,36,0,1
26,8.0,0,175,114,1
139,8.0,10,475,495,1
0,2.0,0,142,0,1
-80,9.0,0,438,293,1
0,9.0,0,387,0,1
-10,8.0,30,212,268,1
497,9.0,0,0,4,0
0,12.0,0,5,0,0
0,52.0,0,0,0,1
3,8.0,0,0,4,1
9,2.0,0,12,10,1
76,8.0,0,238,194,1
0,2.0,0,4,6,1
46,2.0,0,0,2,0
12,8.0,0,0,6,0
10,16.0,2,58,32,1
117,8.0,84,171,282,0
152,8.0,14,0,67,0
0,8.0,0,13,10,1
0,2.0,0,104,12,1
0,8.0,0,6,1,1
600,10.0,0,0,4,0
0,12.0,0,10,9,1
87,9.0,19,18,76,0
7,8.0,0,0,0,0
21,2.0,0,0,0,0
1,8.0,0,0,0,0
16,8.0,0,0,1,0
113,8.0,2,100,117,0
6,3.0,0,0,0,0
4,8.0,0,179,141,1
6,12.0,48,384,442,1
2,8.0,0,9,13,1
221,4.0,0,0,3,0
591,9.0,0,0,0,0
4,8.0,0,2,1,0
0,8.0,0,5,5,1
0,2.0,0,5,0,0
0,8.0,0,0,0,0
81,8.0,41,0,36,0
-490,8.0,0,11210,2038,1
5,8.0,0,35,28,1
2,2.0,0,0,1,1
61,9.0,0,0,1,0
13,8.0,27,0,9,0
4,8.0,0,17,8,1
17,2.0,0,24,34,1
0,0.0,0,5,8,1
0,8.0,0,156,0,1
0,2.0,0,12,33,1
13,12.0,2,0,0,0
1,4.0,0,0,0,1
5,2.0,0,12,0,0
100,12.0,0,0,0,0
2,2.0,0,18,5,1
14,8.0,10,1362,825,1
73,8.0,7,12,32,0
0,8.0,0,14,0,0
0,8.0,0,0,0,0
8,8.0,0,0,0,0
4,4.0,0,0,0,0
9,8.0,0,5,24,1
0,2.0,0,0,0,0
0,8.0,0,7,6,1
153,4.0,3,578,302,1
80,4.0,6,0,54,0
4,8.0,0,43,26,1
30,4.0,0,0,1,0
2,12.0,0,0,0,0
11,8.0,0,12,10,1
8770,8.0,4300,0,1463,0
25,8.0,0,0,0,0
8,9.0,0,0,2,0
5,2.0,14,62,139,1
2,8.0,0,1,8,1
-1,8.0,0,15,7,1
23,12.0,0,0,0,0
14,8.0,0,0,0,0
2,3.0,0,0,1,1
9,8.0,0,0,2,0
130,0.0,18,204,76,0
0,2.0,0,50,0,1
10,12.0,0,50,34,1
55,4.0,0,0,6,0
-6,8.0,6,26,25,1
0,8.0,0,7,6,1
13,2.0,0,11,13,1
14,8.0,0,0,0,1
33,12.0,0,0,2,0
19,3.0,0,0,6,0
58,8.0,5,141,93,0
10,2.0,18,10,0,0
12,2.0,0,12,15,1
3,2.0,0,4,4,1
0,8.0,0,16,0,1
-15,3.0,0,32,12,1
0,2.0,0,7,0,1
32,8.0,0,0,2,0
345,8.0,0,0,0,0
0,2.0,0,700,0,1
4,8.0,0,1,4,0
17,12.0,3,510,233,1
-20,12.0,0,81,38,1
8,2.0,0,8,28,1
13,8.0,0,0,1,0
1,12.0,0,4,4,1
3,2.0,0,3,7,1
2,8.0,2,18,18,1
11,2.0,0,12,12,1
0,8.0,0,216,174,1
1109,8.0,0,0,51,0
0,9.0,0,2,2,1
4087,8.0,0,0,11,0
0,14.0,0,12,2,1
1,8.0,0,8,2,1
17,12.0,0,0,0,0
3,2.0,0,0,0,1
6,9.0,0,0,0,0
61,8.0,0,268,238,1
12,8.0,0,0,2,0
47,52.0,0,0,12,0
26,2.0,0,0,1,0
3,8.0,0,0,0,0
-7,12.0,0,10,3,1
0,2.0,0,4,1,1
32,9.0,0,0,1,0
-7,6.0,3,7,13,1
7,4.0,0,0,0,0
5,2.0,0,12,11,1
88,2.0,85,348,337,0
28,4.0,1,0,2,0
0,2.0,0,1,0,1
0,4.0,0,0,0,1
438,8.0,152,1306,1778,1
3,8.0,0,10,10,1
460,12.0,0,0,9,0
2,2.0,0,1,0,1
20,4.0,0,19,24,0
0,2.0,0,4,0,1
55,12.0,0,0,2,0
4,9.0,0,37,33,1
1,8.0,0,0,1,0
34,6.0,0,0,20,1
100,12.0,0,0,0,0
13,4.0,0,0,0,0
83,8.0,0,0,0,0
73,2.0,0,0,4,0
-1,9.0,0,49,32,1
0,8.0,0,5,0,1
278,8.0,0,0,11,0
137,8.0,0,859,571,0
4,8.0,3,9,4,0
260,8.0,105,617,1545,1
2,4.0,0,0,0,0
93,8.0,96,24,160,0
11,2.0,0,0,0,1
17,8.0,0,0,6,0
4,14.0,0,0,0,0
28,2.0,0,0,0,0
-117,8.0,277,7419,2445,1
-5,8.0,6,62,27,1
8,8.0,0,30,12,1
3,3.0,0,0,0,0
5,2.0,0,5,14,1
-35,8.0,46,403,331,1
0,2.0,0,5,2,1
0,2.0,12,72,2,1
65,8.0,0,0,4,0
591,8.0,179,565,555,0
0,9.0,28,42,0,0
125,8.0,59,105,149,0
5,8.0,0,0,0,0
5,8.0,1,19,5,1
3,3.0,0,1,1,1
3,8.0,0,0,0,0
24,2.0,0,0,9,0
0,8.0,0,927,1,1
19,8.0,0,0,1,0
3,12.0,0,0,0,0
-1,12.0,0,360,57,1
3,14.0,0,291,144,1
86,9.0,0,0,1,0
0,2.0,0,17,0,1
64,8.0,0,0,30,0
12,12.0,0,13,21,1
80,8.0,0,0,0,0
19,8.0,5,403,280,1
2,52.0,0,0,0,0
18,12.0,0,62,50,0
0,2.0,0,11,0,1
3,8.0,0,0,0,0
6,8.0,0,86,41,1
55,2.0,0,30,0,0
1286,2.0,0,320,982,0
0,9.0,0,2,0,1
8,8.0,0,12,9,1
10,8.0,0,41,42,1
0,2.0,0,5,0,1
1,2.0,0,2,1,1
104,8.0,18,213,170,0
-12,8.0,1,175,107,1
0,2.0,0,503,0,1
3,8.0,1,0,2,0
23,2.0,0,168,56,1
8,8.0,0,0,0,0
0,3.0,0,26,23,1
36,8.0,0,0,0,0
9,8.0,0,0,17,0
0,2.0,0,15,0,1
2,2.0,0,0,3,1
111,9.0,0,0,0,0
0,8.0,0,0,0,1
0,2.0,0,247,0,1
0,2.0,0,20,0,1
0,12.0,0,5,0,1
45,8.0,0,7,31,0
33,10.0,0,0,3,0
159,2.0,0,0,55,0
1,8.0,0,350,213,1
20,4.0,0,0,5,0
0,2.0,0,4,0,1
-5,8.0,0,80,23,1
15,2.0,0,402,121,1
7,2.0,0,20,15,1
2,2.0,1,8,15,1
8,8.0,0,0,5,0
10,2.0,0,0,0,0
0,2.0,0,5,0,1
2,2.0,0,10,4,1
3,8.0,0,3,9,1
2,3.0,0,7,7,1
3,12.0,0,0,0,0
0,8.0,0,840,0,1
1,4.0,0,0,1,1
9,10.0,0,0,4,1
2,12.0,0,0,0,0
0,2.0,0,322,0,1
0,2.0,0,10,0,1
10,8.0,0,0,3,0
360,8.0,0,0,0,0
5,12.0,0,0,0,0
15,52.0,0,0,4,0
28,8.0,0,0,0,0
2,8.0,0,2,2,1
4,8.0,0,0,0,0
6,12.0,0,62,50,1
0,2.0,0,50,22,1
0,2.0,0,3,0,1
4,2.0,0,5,9,1
1,8.0,0,2,2,1
418,4.0,0,0,6,0
140,10.0,0,0,1,0
12,2.0,0,0,1,0
0,8.0,0,14,15,1
4,11.0,0,31,24,1
14,2.0,0,0,12,1
0,2.0,0,16,6,1
1,8.0,0,28,4,1
41,8.0,0,0,0,0
0,2.0,0,11,0,1
4,2.0,0,6,9,1
2,2.0,0,1121,0,0
20,2.0,0,0,0,0
304,4.0,0,0,20,0
5,8.0,0,0,1,1
10,12.0,0,0,0,0
-5,8.0,0,25,7,1
133,8.0,144,353,497,1
1,2.0,0,1,5,1
8,12.0,0,8,1,0
0,9.0,0,11,10,1
3,2.0,0,0,0,0
2,8.0,0,25,10,1
2,8.0,0,96,50,1
1,9.0,0,8,1,1
-4,8.0,1,243,174,1
14,8.0,0,68,55,0
223,8.0,3,0,91,0
0,8.0,0,3,0,1
189,9.0,0,262,324,0
48,8.0,3,162,79,0
54,2.0,0,0,0,0
2,8.0,0,19,8,1
1532,2.0,1005,910,1173,0
162,13.0,0,0,0,0
0,2.0,0,5,0,0
115,8.0,11,1217,715,1
1,4.0,0,23,22,1
7,8.0,0,8,6,0
8,2.0,0,0,2,0
11,2.0,0,12,13,1
71,8.0,0,18,7,0
1,4.0,0,0,0,0
52,2.0,0,0,21,0
2,4.0,0,0,0,0
0,8.0,0,49,0,1
0,12.0,0,6,6,1
4,8.0,0,37,38,1
92,14.0,23,116,81,0
23,8.0,0,0,0,0
14,9.0,0,0,10,0
1519,9.0,0,0,4,0
27,8.0,0,14,19,0
113,4.0,0,6,43,0
0,8.0,0,0,0,1
364,8.0,8,0,119,0
6,2.0,0,4,16,1
15,4.0,0,4,4,0
7,9.0,4,2,2,0
-1,8.0,0,66,28,1
0,5.0,0,461,2,1
2,8.0,0,16,9,1
9,12.0,0,0,3,0
0,12.0,0,8,7,1
-64,12.0,0,699,646,1
656,8.0,0,0,10,0
5,2.0,5,20,23,1
0,8.0,0,168,0,1
0,8.0,0,3,3,1
4,8.0,0,4,5,1
23,8.0,0,0,0,0
52,2.0,1,0,19,0
-9,8.0,0,350,259,1
-5,8.0,0,16,12,1
10,8.0,0,43,44,1
6,8.0,0,0,4,1
0,2.0,0,7,0,1
2,2.0,0,48,48,1
3,8.0,0,0,0,0
5,2.0,0,0,4,1
434,12.0,0,0,267,0
0,8.0,0,40,0,1
3,2.0,0,156,39,1
17,8.0,0,128,76,1
7,12.0,0,0,0,0
832,8.0,0,0,0,0
1,2.0,0,10,8,1
43,8.0,0,0,3,0
3,6.0,0,5,8,0
32,8.0,0,0,0,0
0,8.0,0,200,51,1
0,2.0,0,500,0,0
3,4.0,0,0,4,1
2,4.0,0,0,0,0
0,8.0,0,20736,0,1
89,12.0,0,85,73,0
1,9.0,0,4,6,1
-7,8.0,0,136,95,1
0,2.0,0,12,1,1
5,3.0,0,5,4,1
1,8.0,0,0,0,1
275,8.0,6,239,266,0
-21,8.0,0,279,150,1
0,2.0,0,16,8,1
0,2.0,0,500,0,1
10,14.0,0,0,0,0
1,8.0,0,5,3,1
36,2.0,0,50,39,0
6,8.0,0,0,2,0
28,8.0,0,32,23,0
249,9.0,0,0,3,0
0,8.0,0,2,2,1
10,2.0,0,0,0,0
0,2.0,0,14,0,1
1,9.0,0,2,3,1
3,8.0,0,54,36,1
12,2.0,0,0,12,1
1,12.0,0,7,0,1
0,2.0,0,4,0,0
182,8.0,102,612,426,0
21,8.0,0,398,11,0
0,2.0,0,0,0,1
20,8.0,0,0,1,0
1,8.0,0,0,1,0
0,4.0,0,0,0,0
10,8.0,0,0,0,0
108,12.0,2,0,54,0
1,9.0,0,1,2,1
16,2.0,0,0,0,0
263,8.0,45,1188,774,1
0,4.0,5,4,0,0
2,12.0,0,31,22,1
13,12.0,0,0,0,0
196,8.0,69,179,181,0
2,2.0,0,6,12,1
0,2.0,0,130,0,1
32,8.0,0,0,0,0
0,8.0,0,10,7,1
12,12.0,0,0,0,0
0,2.0,0,8,1,1
4,8.0,1,2,4,0
6,2.0,0,111,55,1
9,8.0,0,0,0,0
3,9.0,0,0,0,0
-9,8.0,0,580,317,1
3,12.0,0,0,0,0
0,2.0,0,15,0,1
11,9.0,0,0,0,0
14,8.0,2,22,25,0
1,8.0,0,6,3,1
0,2.0,0,4,0,0
15,8.0,0,0,0,0
137,2.0,0,83,74,0
-102,0.0,1,112,145,1
3,8.0,7,96,36,1
55,8.0,8,306,159,1
7,9.0,0,0,0,0
1,8.0,0,21,24,1
19,2.0,0,288,176,1
18,8.0,18,112,0,1
0,2.0,0,0,0,1
0,2.0,0,9,0,0
2,8.0,0,1,1,1
19,9.0,0,18,30,0
4,4.0,0,0,0,0
0,8.0,0,2,0,1
256,2.0,82,0,234,0
6,2.0,0,22,18,1
1,2.0,0,20,3,1
96,8.0,0,0,6,0
10,2.0,0,0,1,0
3,8.0,4,34,44,1
3,8.0,0,19,8,1
3,10.0,0,0,0,0
1,8.0,0,0,0,0
2,2.0,0,20,2,1
3,12.0,0,0,0,0
0,8.0,0,332,0,1
0,8.0,0,2,1,1
260,9.0,265,60,259,0
3,2.0,0,0,0,0
13,8.0,0,0,2,0
120,8.0,0,0,0,0
1,12.0,0,0,0,0
0,8.0,0,2,2,1
0,2.0,0,4,0,1
131,8.0,0,0,13,0
-1,8.0,0,2,2,1
19,8.0,0,5,8,0
17,8.0,0,0,33,0
2,8.0,0,0,0,0
0,2.0,0,4,6,1
0,12.0,0,163,52,1
0,8.0,0,21,16,1
15,2.0,0,0,0,0
185,8.0,64,80,138,0
1,8.0,0,3,3,1
242,52.0,0,0,7,0
22,2.0,0,0,0,0
4,8.0,0,37,14,1
1,12.0,0,40,18,1
515,8.0,40,270,294,0
0,8.0,0,5,2,1
305,12.0,0,0,0,0
0,2.0,0,126,0,1
8,4.0,0,0,0,0
1,8.0,0,0,5,1
0,2.0,0,16,0,1
0,6.0,0,12,7,1
3,12.0,0,0,0,0
4,9.0,0,20,13,1
1,8.0,0,26,14,1
0,12.0,0,17,15,1
14,9.0,0,0,4,0
56,4.0,19,34,45,0
29,2.0,0,32,13,0
56,8.0,0,24,40,0
0,8.0,0,7,1,1
2,9.0,0,0,0,0
1,3.0,0,36,51,1
195,2.0,0,245,0,0
64,8.0,4,364,332,1
9,12.0,9,0,0,0
3,8.0,0,0,0,0
35,8.0,0,0,25,1
245,8.0,28,78,162,0
1,8.0,0,9,6,1
0,12.0,0,10,7,1
22,8.0,0,71,146,1
46,2.0,38,180,174,0
-1,2.0,0,40,36,1
0,12.0,0,3,2,1
28,9.0,0,0,5,0
-3,8.0,0,18,14,1
101,8.0,3,512,476,1
0,2.0,0,0,0,1
-3,2.0,0,37,21,1
0,9.0,0,2,2,1
37,8.0,0,35,48,0
1,12.0,0,4,3,1
1,9.0,0,3,3,1
0,8.0,0,3,2,1
5,12.0,0,75,31,1
2416,8.0,0,0,108,0
10,2.0,0,0,1,0
5,2.0,0,0,0,0
13,8.0,0,67,54,1
3,8.0,0,7,8,1
4,4.0,1,4,11,1
10,4.0,0,0,0,0
1,12.0,0,0,0,0
0,8.0,0,15,13,1
0,2.0,0,34,0,1
11,8.0,0,30,2,1
99,4.0,0,0,6,0
-3,2.0,0,473,275,1
1,8.0,0,2,3,1
1,2.0,7,0,0,0
21,14.0,0,0,0,0
11,8.0,1,8,6,0
57,4.0,0,0,10,0
53,2.0,2,36,48,0
4,8.0,4,48,28,1
3,2.0,0,2,0,1
5,12.0,0,0,0,0
1,2.0,0,183,4,0
20,8.0,0,13,10,0
5,2.0,5,10,7,1
1,9.0,0,0,0,0
0,2.0,0,12,0,1
0,12.0,1,4,3,1
0,8.0,0,0,0,0
0,9.0,0,6,2,1
123,8.0,0,0,24,0
88,8.0,1,0,42,0
140,4.0,5,264,281,0
1,8.0,0,3,3,0
77,8.0,4,37,65,0
0,8.0,0,1,0,0
96,8.0,7,0,94,0
3,52.0,0,0,0,1
3,8.0,0,1,3,1
0,12.0,0,20,13,1
1,8.0,0,0,0,0
1041,2.0,0,0,6,0
447,4.0,0,0,80,0
0,2.0,2,8,10,1
12,2.0,0,0,2,0
1,8.0,0,7,4,1
9,0.0,0,0,2,0
0,8.0,0,4,5,1
2,8.0,0,0,1,0
13,2.0,0,5,31,1
8,8.0,0,0,0,0
8,2.0,0,0,3,1
0,8.0,0,2,0,1
0,2.0,0,5,0,1
521,2.0,352,990,1502,0
101,2.0,0,0,1,0
814,2.0,301,2880,1941,0
0,0.0,0,3,4,1
2,9.0,5,64,16,1
2,12.0,0,0,0,0
0,2.0,0,12,0,1
0,2.0,0,12,5,1
23,11.0,0,41,33,1
33,8.0,0,200,234,1
0,8.0,0,2,0,1
9,2.0,0,0,1,1
0,16.0,0,0,0,0
0,8.0,0,2,2,1
0,52.0,0,250,42,1
1496,8.0,0,0,647,0
2,12.0,0,0,0,0
13,8.0,0,0,1,0
14,2.0,0,18,39,1
0,8.0,0,0,0,0
6,9.0,0,9,7,0
20,8.0,0,200,0,0
4,8.0,0,1,1,1
494,6.0,67,740,485,0
0,8.0,0,2,0,1
0,9.0,2,68,19,1
5,2.0,0,3,1,1
7,8.0,0,7,10,0
-1,8.0,0,28,16,1
1,8.0,0,0,0,0
5,2.0,0,0,15,1
0,8.0,0,4,5,1
2,8.0,0,0,0,0
0,8.0,0,825,0,0
0,8.0,0,0,0,0
0,8.0,0,7,7,1
1,8.0,0,8,6,1
28,8.0,0,0,0,0
1,9.0,0,1,0,0
1,9.0,0,2,6,1
1,12.0,0,0,0,0
-2,8.0,0,20,31,1
15,8.0,0,0,0,0
17,9.0,0,0,13,0
48,2.0,5,402,95,1
15,12.0,0,500,163,1
7,2.0,0,3,0,0
24815,52.0,0,0,0,0
4,2.0,0,2,0,0
-36,8.0,10,456,374,1
15,8.0,0,0,1,0
144,8.0,27,600,448,1
4,8.0,0,6,7,1
7,4.0,0,0,0,0
1,8.0,0,3,4,1
1,8.0,0,0,0,1
0,2.0,0,22,0,1
32,2.0,0,0,1,0
44,2.0,0,0,0,0
0,8.0,0,0,3,0
6,12.0,0,0,0,0
6,2.0,0,9,4,0
0,8.0,0,35,26,1
3,8.0,0,15,19,1
11,2.0,0,0,0,0
1102,8.0,137,2100,1730,0
2,8.0,0,2,4,1
466,8.0,9,0,27,0
4,9.0,0,0,0,0
2,9.0,0,0,0,0
1,8.0,0,0,0,0
4,8.0,0,0,0,0
-3,12.0,0,17,7,1
1,2.0,5,8,25,1
3,8.0,0,14,9,1
1,2.0,3,3,2,0
-6,8.0,1,162,118,1
1,2.0,0,8,59,1
2,2.0,0,6,6,1
2,8.0,0,0,0,0
0,2.0,0,85,0,1
7,16.0,1,54,33,1
12,8.0,0,19,22,0
2,8.0,0,10,6,1
44,12.0,45,392,362,1
2,8.0,0,0,0,0
6,12.0,0,0,1,0
10,8.0,0,76,61,1
0,8.0,0,0,0,0
280,12.0,156,540,669,1
61,8.0,0,10,48,0
0,2.0,0,8,0,1
2,12.0,0,0,0,0
3,8.0,0,6,5,1
1,8.0,0,12,3,1
4,2.0,0,0,0,1
7,2.0,0,0,0,0
24,2.0,0,60,51,1
20,12.0,0,0,0,0
0,2.0,0,4,0,1
288,8.0,33,682,630,0
7,9.0,0,3,0,0
2,2.0,1,48,48,1
2,2.0,0,24,5,1
2,8.0,0,0,0,0
9,8.0,0,0,2,0
9,8.0,0,0,16,1
1,3.0,0,3,3,0
1,8.0,0,4,4,1
91,8.0,0,1481,818,1
13,4.0,0,0,1,0
75,8.0,33,131,171,1
13,8.0,8,1,19,0
0,8.0,0,5,7,1
46,2.0,0,0,98,1
41,8.0,0,0,0,0
84,8.0,24,32,39,0
59,52.0,0,0,5,0
10,2.0,0,0,0,1
13,12.0,5,0,0,0
8,2.0,0,0,0,0
50,8.0,0,0,4,0
0,2.0,0,10,0,0
9,8.0,0,66,28,1
452,8.0,0,0,0,0
29,4.0,0,0,0,0
2,2.0,0,5,7,0
2,8.0,0,0,7,1
9,2.0,0,0,0,0
195,9.0,0,0,0,0
13,8.0,0,122,112,1
-5,8.0,0,16,10,1
2,12.0,0,0,0,0
17,2.0,0,0,16,1
4,2.0,0,38,21,1
0,8.0,0,4,3,1
0,4.0,0,11,0,1
0,12.0,0,10,5,1
31,9.0,0,0,0,0
4,8.0,0,0,0,0
0,2.0,0,5,0,0
2,8.0,0,1,5,1
9,8.0,0,0,0,0
3,3.0,0,0,4,1
2,12.0,0,0,0,0
8,2.0,0,0,5,1
4,2.0,0,0,0,0
0,4.0,0,12,0,0
2,8.0,0,391,16,1
35,8.0,0,0,0,0
10,9.0,0,0,0,0
0,8.0,0,7,3,1
21,12.0,0,0,2,0
28,4.0,16,25,34,0
1,8.0,0,8,12,1
12,8.0,0,0,9,1
1208,8.0,280,280,0,0
-4,2.0,24,178,66,1
18,8.0,2,76,64,1
74,8.0,0,0,0,0
90,12.0,0,13,32,0
9,8.0,0,561,259,1
3,10.0,0,0,0,0
88,10.0,0,0,6,0
0,2.0,0,2,1,1
0,2.0,0,0,4,1
12,11.0,0,27,34,1
2,2.0,0,8,16,1
6,2.0,0,0,7,1
0,8.0,0,2,0,1
0,9.0,0,7,11,1
8,2.0,0,0,0,0
4,3.0,0,4,3,0
0,2.0,0,5,0,1
9,4.0,0,0,0,0
156,16.0,0,0,6,0
7,8.0,0,0,2,0
0,8.0,0,0,1,1
7,8.0,0,6,9,0
95,2.0,0,172,147,1
338,8.0,1,221,465,0
0,2.0,0,4,0,1
6,2.0,2,26,16,1
50,8.0,0,0,0,0
956,8.0,384,2384,2472,0
4,4.0,0,0,0,0
5,8.0,0,60,51,1
29,10.0,0,0,0,0
85,8.0,12,104,131,0
2,2.0,0,20,10,1
7,8.0,0,31,32,1
-1,8.0,0,15,6,1
6,4.0,0,0,1,1
67,0.0,0,0,3,0
68,8.0,0,0,17,0
241,4.0,66,0,233,0
1,13.0,0,0,0,0
1,8.0,0,41,33,1
2,8.0,0,5,4,1
0,2.0,0,54,26,1
0,12.0,0,2,2,1
366,8.0,0,0,0,0
95,8.0,0,38,53,0
41,8.0,0,32,61,0
11,2.0,0,25,8,1
4,2.0,0,55,40,1
3,8.0,0,0,3,0
74,0.0,0,0,43,1
4,8.0,0,25,9,1
4,12.0,0,0,0,0
6,8.0,0,30,22,0
64,0.0,0,51,14,1
105,8.0,21,237,235,0
73,2.0,0,0,0,0
0,8.0,0,240,1,1
0,2.0,0,45,0,1
1,8.0,0,2,2,1
83,8.0,54,100,122,0
7,2.0,0,0,6,0
0,8.0,0,0,0,0
4,8.0,0,0,0,0
3,8.0,0,0,0,0
2,12.0,3,49,17,1
11,12.0,0,21,9,0
0,2.0,0,9,4,1
237,9.0,6,10,127,0
0,8.0,0,4,2,1
0,2.0,0,26,2,1
0,12.0,0,1,0,1
-53,8.0,0,1080,987,0
15,2.0,0,0,0,0
3,12.0,0,2,0,0
7,8.0,0,15,27,1
13,2.0,0,0,5,1
2,4.0,1,4,6,0
20,4.0,0,0,3,0
40,12.0,0,111,120,0
-124,8.0,0,835,538,1
2,9.0,0,1,5,0
172,9.0,0,0,1,0
0,9.0,0,2,2,1
-101,8.0,0,317,0,1
0,2.0,11,0,0,0
77,2.0,0,0,26,0
86,8.0,0,0,0,0
6,8.0,3,21,15,0
3,8.0,0,69,55,1
0,2.0,0,6,15,1
4,2.0,3,20,26,1
15,12.0,0,0,0,0
235,8.0,0,0,47,0
61,9.0,0,84,38,0
1,2.0,0,0,1,1
12,2.0,0,0,0,0
350,12.0,21,72,201,0
16,8.0,0,0,1,0
3,9.0,0,0,0,0
0,12.0,0,2,3,1
397,2.0,0,0,0,0
19,8.0,0,0,0,0
0,2.0,0,16,15,1
0,8.0,0,12,13,1
1987,52.0,0,0,0,0
17,2.0,0,0,27,1
557,8.0,104,660,753,0
3,4.0,0,0,0,0
118,8.0,8,60,69,0
7,2.0,0,5,7,1
180,8.0,0,0,20,0
4,9.0,0,43,22,1
51,8.0,0,24,28,0
0,8.0,0,20,0,0
2,16.0,0,0,0,0
185,8.0,0,0,0,0
308,8.0,77,0,327,0
0,2.0,7,1,4,0
78,14.0,0,0,34,0
0,10.0,0,8,8,1
495,12.0,0,0,0,0
12,8.0,0,0,0,0
29,8.0,0,0,9,0
4,9.0,0,0,0,0
0,8.0,0,47,23,1
-15,3.0,0,34,16,1
863,8.0,529,2347,1999,0
3,2.0,0,0,0,0
2,8.0,0,2,6,1
1,2.0,0,0,1,1
202,8.0,69,131,198,0
963,8.0,0,0,10,0
298,52.0,0,0,8,0
825,4.0,607,823,812,0
40,2.0,0,0,0,0
54,8.0,0,0,2,0
268,8.0,121,480,567,0
30,4.0,0,232,162,1
89,2.0,0,0,2,0
63,8.0,21,76,73,0
18,2.0,0,20,16,1
6,8.0,0,0,0,0
-43,8.0,1,283,170,1
2,8.0,0,12,11,1
113,2.0,30,286,308,0
4054,8.0,17,0,413,0
14,8.0,0,86,39,1
35,8.0,1,86,145,1
0,2.0,0,20,0,1
4,8.0,0,10,5,1
102,8.0,0,0,1,0
39,4.0,2,32,40,0
4,8.0,0,7,10,1
2,12.0,0,0,0,0
9,2.0,0,35,26,1
5,2.0,0,5,15,1
0,4.0,0,8,0,0
42,2.0,0,0,16,0
42,8.0,0,0,0,0
4,2.0,0,0,0,0
14,8.0,0,16,19,0
13,8.0,0,47,25,1
2,8.0,0,0,7,1
1052,8.0,1243,35,1300,0
3,8.0,0,0,0,0
30,9.0,0,50,20,0
2,2.0,0,12,8,1
0,4.0,0,11,0,1
2,8.0,3,9,11,1
540,8.0,0,9910,28,1
16,8.0,0,46,17,1
0,12.0,0,6,2,1
0,2.0,0,7,7,1
3,9.0,0,2,0,0
30,2.0,0,0,0,0
0,2.0,0,5,0,1
0,8.0,0,13,21,1
1,8.0,0,24,17,1
9,4.0,0,0,0,0
34,2.0,0,615,281,1
93,12.0,18,250,124,0
49,12.0,0,330,114,1
878,8.0,30,0,180,0
55,2.0,0,0,1,1
43,2.0,0,0,0,0
1010,8.0,1,0,183,0
12,2.0,0,11,11,1
0,2.0,0,16,0,1
1,4.0,0,0,0,1
2,3.0,0,16,2,1
0,8.0,0,5,2,1
14,2.0,0,0,0,0
0,2.0,0,0,0,1
38,2.0,0,0,0,0
11,2.0,0,26,16,0
4,8.0,0,9,9,1
0,2.0,7,6,24,1
3,2.0,0,2,12,1
0,2.0,0,14,7,1
3,8.0,0,10,17,1
2,8.0,0,26,7,1
6,2.0,0,25,46,1
29,8.0,0,0,0,0
6,8.0,9,508,6,0
10,0.0,0,0,1,0
218,8.0,0,400,115,0
-25,3.0,0,72,68,1
0,2.0,0,2,0,1
8,16.0,0,64,28,1
49,8.0,0,0,30,0
610,2.0,0,0,11,0
0,8.0,0,57,4,1
1346,8.0,0,0,12,0
20,0.0,0,136,101,1
1,8.0,0,0,1,0
9,8.0,0,6,6,1
0,2.0,0,65,0,0
10,8.0,1,0,3,0
6,4.0,0,0,4,1
4,8.0,0,16,14,1
5,2.0,0,58,65,1
54,52.0,0,0,4,0
13,12.0,5,0,0,0
26,52.0,0,0,0,0
3,12.0,0,0,0,0
17,8.0,15,358,198,1
14,2.0,0,0,0,0
20,2.0,0,0,1,1
3,10.0,0,0,1,1
0,9.0,0,1,0,0
2,8.0,1,36,24,1
32,2.0,0,30,26,0
6,12.0,0,0,0,0
1,8.0,0,43,29,1
2,8.0,0,96,25,1
10,12.0,0,12,10,0
1,8.0,0,0,0,0
0,8.0,0,0,0,0
12,8.0,0,45,13,0
34,9.0,0,0,7,1
0,2.0,0,25,0,0
23,8.0,0,0,0,0
2,2.0,0,4,4,1
821,12.0,172,1911,1549,0
464,12.0,0,0,24,0
2,12.0,0,2,0,0
4,8.0,0,3,3,1
1815,13.0,940,3150,3076,0
0,8.0,0,8,7,1
0,2.0,0,33,0,1
0,2.0,0,16,0,1
8,8.0,0,25,29,1
43,2.0,0,0,11,0
30,9.0,50,210,70,0
76,2.0,0,0,0,0
316,12.0,70,3280,3396,1
460,8.0,17,0,52,0
828,8.0,423,218,825,0
13,2.0,0,0,2,0
23,14.0,0,0,0,0
3,12.0,0,10,20,1
5,9.0,0,0,2,0
2,12.0,0,0,0,0
1,8.0,0,8,0,1
5,8.0,18,18,16,0
2541,8.0,385,3384,3662,0
0,9.0,0,5,0,0
15,12.0,0,0,2,0
1738,2.0,494,2592,2086,0
20,14.0,0,0,0,0
122,21.0,4,78,99,0
0,9.0,0,1,0,1
19,12.0,0,0,0,0
0,17.0,0,3,2,0
1,8.0,0,7,6,1
7,8.0,0,0,2,0
2,4.0,2,0,1,0
12,8.0,0,0,6,0
9,12.0,0,0,0,0
-1,8.0,0,22,5,1
4,13.0,0,1,0,0
222,4.0,24,15,151,0
41,8.0,3,295,174,1
349,4.0,14,0,201,0
11,2.0,0,0,0,0
0,12.0,0,5,5,1
1,8.0,0,16,14,1
2,8.0,0,0,0,0
540,8.0,0,0,52,0
-38,15.0,0,128,35,1
194,12.0,54,175,200,0
0,8.0,0,8,6,1
553,8.0,81,324,450,0
7,2.0,0,1870,2,1
0,8.0,0,6,5,1
0,4.0,0,160,46,1
0,8.0,0,7,4,1
4,2.0,0,3,3,1
1,3.0,0,2,4,0
3,8.0,0,0,0,0
-2,2.0,0,6,9,1
1,9.0,0,240,215,1
22,8.0,0,0,0,0
46,2.0,0,24,68,0
12,8.0,0,0,2,0
-1,2.0,0,20,23,1
3,2.0,0,20,7,1
12,2.0,0,0,0,0
0,2.0,0,51,0,1
3,9.0,0,0,0,0
0,2.0,0,16,6,1
40,8.0,35,513,290,1
225,12.0,0,0,70,0
3,2.0,0,17,12,1
31,15.0,0,0,20,1
-6,8.0,1,36,39,1
2,8.0,0,48,19,1
405,8.0,0,0,5,0
45,0.0,10,160,143,1
37,8.0,0,0,8,0
3,8.0,0,0,1,0
1,8.0,0,3,3,1
0,2.0,0,587,0,1
2,8.0,0,0,0,1
83,8.0,0,0,0,0
6,2.0,0,0,1,1
1,8.0,0,20,15,1
11,4.0,0,0,0,0
417,8.0,0,0,12,0
2,8.0,0,8,2,1
-1,8.0,0,47,41,1
6,2.0,0,0,0,0
1,12.0,1,1,3,1
22,8.0,0,0,4,0
0,2.0,0,11,0,1
432,8.0,0,0,0,0
-179,8.0,128,612,1078,1
28,2.0,0,0,55,1
0,2.0,0,6,2,1
2,8.0,0,55,28,1
21,2.0,0,115,46,1
1,9.0,0,3,6,1
0,2.0,0,4,0,1
204,9.0,42,192,139,0
38,12.0,0,24,0,0
53,2.0,0,0,6,0
-10,12.0,0,33,5,1
13,2.0,0,18,93,1
-101,8.0,0,317,0,1
2,8.0,0,16,10,1
5,2.0,0,13,5,1
183,8.0,37,104,172,0
0,9.0,0,4,3,1
6,8.0,0,16,24,1
1,8.0,0,1,1,0
2434,3.0,900,150,983,0
7,2.0,0,0,0,0
1,2.0,0,3,4,1
0,2.0,0,0,0,0
0,2.0,0,496,0,1
0,2.0,0,100,0,1
207,4.0,0,0,217,0
14,8.0,18,58,56,1
18,4.0,0,8,55,1
2,12.0,0,0,0,0
7,8.0,0,40,27,1
0,12.0,12,18,8,1
298,8.0,0,0,0,0
16,9.0,0,0,0,0
0,2.0,0,6,11,1
13,12.0,0,0,0,0
0,8.0,0,7,5,1
162,12.0,12,39,73,0
10,9.0,0,0,0,0
2,2.0,0,0,1,0
1,8.0,0,1,0,1
1,8.0,0,14,10,1
8,8.0,0,0,2,0
-3,8.0,0,300,2,1
15,8.0,0,0,2,0
3,2.0,6,12,13,1
-272,8.0,229,1584,3202,1
1,8.0,0,1,1,0
2,2.0,0,0,0,1
361,8.0,235,450,433,0
5,8.0,0,20,8,1
32,2.0,2,222,134,1
24,2.0,0,10,0,0
103,12.0,8,106,170,0
1,12.0,0,0,0,0
88,2.0,0,0,43,0
1000,2.0,288,702,683,0
1,8.0,0,8,3,1
4,8.0,0,20,1,0
5,9.0,0,0,2,1
6,14.0,0,0,0,0
20,16.0,0,0,10,0
2,8.0,1,0,2,0
6,8.0,0,1,2,1
0,2.0,0,5,1,1
1,3.0,0,7,9,1
2,8.0,0,197,128,1
-1,8.0,1,73,55,1
1,8.0,0,180,230,1
4,2.0,0,2,7,1
20,8.0,0,0,8,0
0,12.0,0,10,0,0
32,2.0,0,10,26,1
7,9.0,0,0,0,0
0,8.0,0,0,0,0
15,8.0,0,0,3,0
457,8.0,3,0,46,0
0,12.0,0,7,4,1
4,4.0,0,16,30,1
3,2.0,0,21,41,1
3,8.0,0,5,4,0
1,2.0,1,1,2,1
3,2.0,0,1,2,0
1992,8.0,0,0,6,0
10,12.0,0,14,15,1
1,12.0,0,0,0,0
4,8.0,0,0,0,0
1,8.0,0,5,5,1
30,12.0,0,0,0,0
0,2.0,0,600,4,1
18,12.0,0,28,47,1
56,8.0,0,100,9,0
113,9.0,0,0,0,0
0,2.0,0,30,9,1
55,2.0,0,16,0,0
3,8.0,0,49,37,1
0,8.0,0,6,9,1
0,8.0,0,16,12,1
-43,8.0,1,421,325,1
2,9.0,0,2,2,1
149,8.0,0,0,0,0
108,8.0,8,15,53,0
155,8.0,1,0,36,0
0,9.0,1,2,2,1
1,8.0,0,8,11,1
-29,8.0,0,818,469,1
3,8.0,0,4,2,0
25,2.0,5,35,28,1
62,8.0,5,80,75,0
1,2.0,0,22,11,1
289,12.0,131,1820,1634,1
132,8.0,0,0,42,0
1,12.0,0,2,2,0
3,8.0,0,0,1,0
3,8.0,0,0,0,0
5,8.0,0,0,0,0
0,8.0,0,3,0,1
0,8.0,0,15,10,1
79,8.0,0,1120,526,1
18,9.0,0,0,0,0
0,2.0,0,13,0,1
1,8.0,0,4,5,1
0,2.0,0,245,0,1
10,9.0,0,0,0,0
274,8.0,0,0,3,0
0,8.0,0,0,0,0
16,8.0,6,67,75,1
13,4.0,0,15,23,1
2,8.0,0,3,4,1
1,8.0,0,47,34,1
375,8.0,0,0,287,0
159,2.0,0,150,121,0
6,12.0,0,0,0,0
10,8.0,0,0,0,0
6,2.0,16,0,20,0
41,8.0,0,0,3,0
2,8.0,0,0,1,0
0,4.0,0,381,0,0
0,8.0,0,2,3,1
0,12.0,0,8,0,1
-9,8.0,19,760,457,1
3112,5.0,0,0,49,0
19,8.0,0,0,0,0
3,8.0,0,0,0,0
7,8.0,0,0,0,0
0,8.0,0,0,0,0
128,8.0,0,0,1,0
3,8.0,0,2,5,0
108,12.0,0,116,171,1
1,2.0,0,20,16,1
3,8.0,0,0,0,0
-8,8.0,0,9,20,1
1,2.0,0,1,1,0
5,8.0,0,0,1,0
2,12.0,0,20,8,1
102,2.0,0,0,40,0
78,2.0,0,0,1,0
0,12.0,0,15,23,0
11,12.0,0,81,14,1
324,8.0,225,1305,958,1
0,2.0,0,1017,0,1
38,2.0,0,0,0,0
0,8.0,0,5,2,1
2,12.0,0,1,0,0
11,2.0,0,0,0,0
5,4.0,3,2,6,1
0,4.0,0,6,0,1
0,12.0,0,1,0,1
99,4.0,12,32,61,0
21,4.0,0,0,80,1
10,2.0,6,2,0,1
0,2.0,0,1,2,1
510,8.0,153,855,454,0
3,4.0,0,0,1,0
119,2.0,0,0,1,0
0,5.0,0,16,1,1
5,3.0,0,0,0,0
0,2.0,0,5,5,1
11,4.0,0,0,18,1
25,2.0,0,11,10,0
0,8.0,2,7,6,0
892,5.0,935,2412,2427,0
9,2.0,0,0,2,0
19,10.0,4,78,75,1
0,8.0,0,11,4,1
1,8.0,0,1,1,1
33,2.0,0,80,47,1
3,12.0,0,0,1,0
30,8.0,0,0,0,0
66,8.0,1,46,55,0
3,12.0,0,0,0,0
3,52.0,0,0,0,0
3,12.0,0,1,2,0
14,2.0,0,9,21,1
0,8.0,0,25,12,1
242,8.0,0,0,0,0
7,9.0,0,0,3,0
66,9.0,0,0,0,0
0,5.0,0,14,0,1
8,2.0,64,0,77,0
0,12.0,0,4,0,1
3019,2.0,0,0,8,0
3,12.0,0,0,0,0
0,2.0,0,11,0,1
11,2.0,0,0,0,0
1,8.0,0,1,6,1
1,8.0,0,0,0,0
8,4.0,0,0,0,0
-1,8.0,0,170,187,1
2,8.0,0,8,6,0
919,2.0,2225,1478,1572,0
0,8.0,0,3,4,1
0,8.0,0,0,0,0
0,8.0,0,20,28,1
6,2.0,0,82,35,0
0,2.0,0,102,0,1
13,2.0,0,11,12,1
6,9.0,0,12,11,1
-2,3.0,24,756,530,1
4,8.0,0,0,0,1
2,10.0,0,0,2,1
0,2.0,0,0,0,0
0,8.0,0,43,23,1
35,9.0,40,60,73,0
13,4.0,0,0,0,0
211,8.0,112,396,237,0
94,9.0,0,0,1,0
6,2.0,0,0,0,0
1,8.0,0,29,19,1
2,3.0,0,6,7,1
154,8.0,1,0,58,0
9,9.0,6,0,7,0
3,2.0,0,2,0,1
19,10.0,7,62,62,0
2,12.0,0,10,12,1
1884,8.0,6,675,65,0
9,4.0,0,0,10,1
1,8.0,0,10,3,1
1122,8.0,0,0,0,0
3,2.0,0,0,1,0
7,12.0,0,10,11,1
1,12.0,0,4,5,1
2,8.0,0,34,24,1
20,9.0,0,0,0,0
0,2.0,0,4,0,0
2,2.0,0,0,4,1
31,8.0,1,1265,602,1
10043,9.0,27,3840,6192,0
7,4.0,0,0,0,0
2,8.0,0,0,0,0
9,2.0,0,0,0,0
0,8.0,0,0,0,0
2,9.0,0,0,1,1
8,8.0,0,0,0,0
24,2.0,9,14,35,0
281,2.0,0,75,132,0
16,4.0,0,7,5,0
-18,8.0,0,30,14,1
1,12.0,0,0,0,0
2,9.0,0,4,9,1
5,8.0,0,20,25,1
2,12.0,0,0,1,1
17,6.0,0,0,0,0
7,8.0,0,0,3,0
1,12.0,0,10,1,1
3,4.0,0,0,6,0
3,8.0,0,0,6,1
4,8.0,0,0,0,0
1,8.0,0,1,1,0
6,2.0,0,9,0,0
0,8.0,0,10,2,1
16,2.0,0,0,44,0
50,2.0,0,0,10,0
0,12.0,0,9,8,1
2,8.0,0,64,41,1
-1,8.0,0,30,35,1
27,8.0,0,0,0,0
647,16.0,62,734,300,0
13,12.0,0,0,0,0
11,8.0,0,0,0,0
33,12.0,0,64,61,1
2,8.0,0,1,2,0
4,2.0,0,12,11,1
27,8.0,0,0,13,0
149,8.0,13,0,76,0
101,12.0,0,0,25,0
2,4.0,0,0,0,0
0,2.0,0,4,0,0
0,8.0,0,0,0,0
79,2.0,0,36,57,0
2,8.0,3,0,1,0
64,8.0,1,100,71,0
0,9.0,0,7,6,1
1,12.0,0,0,0,0
6,4.0,0,69,32,1
6,9.0,0,0,0,0
13,8.0,0,338,172,1
4,2.0,1,1,3,0
0,9.0,0,3,3,1
0,12.0,0,0,0,0
104,8.0,0,0,2,0
2,2.0,0,1,2,1
47,8.0,0,0,0,0
10,12.0,0,0,0,0
0,4.0,0,0,0,0
0,8.0,0,3,4,1
10,8.0,0,337,160,1
2,52.0,0,0,1,0
0,2.0,0,5,0,1
1,12.0,0,3,3,0
40,2.0,0,0,8,0
1,2.0,0,0,2,1
2,9.0,0,12,21,1
11,8.0,0,0,5,0
0,8.0,0,722,0,0
7,4.0,0,90,69,1
1,2.0,0,0,1,0
4,12.0,0,18,32,1
4,9.0,2,6,6,1
8,2.0,0,16,25,1
1,9.0,0,12,7,1
144,8.0,0,0,0,0
6,2.0,0,10,0,1
0,2.0,0,6,0,0
-4,8.0,0,20,39,1
0,8.0,0,2,1,1
0,2.0,0,10,0,1
7,8.0,0,7,12,1
44,52.0,0,0,13,0
1,9.0,0,0,0,0
0,8.0,0,2,2,1
15,2.0,0,300,166,1
3,2.0,0,5,5,1
11,8.0,0,0,8,0
0,2.0,0,11,0,1
1,8.0,0,2,1,1
7,4.0,0,41,27,1
0,12.0,0,4,0,1
2,8.0,0,0,0,0
1,4.0,0,6,13,1
127,8.0,40,120,229,0
0,8.0,0,0,0,0
343,8.0,0,35,133,0
8,8.0,0,0,0,0
3,8.0,0,10,6,1
9,8.0,9,79,56,1
3,8.0,0,15,4,0
1,8.0,0,2,1,1
2,2.0,0,1,0,1
335,8.0,79,1000,343,0
0,8.0,0,2,0,1
9,2.0,0,120,78,1
18,8.0,0,15,10,0
11,4.0,0,0,1,0
204,8.0,5,540,168,0
5,8.0,0,0,4,1
1,8.0,0,8,13,1
15,8.0,0,40,30,1
98,12.0,0,0,0,0
0,2.0,0,72,0,1
9,2.0,0,0,1,0
0,13.0,0,6,5,1
12150,8.0,0,0,275,0
19,2.0,0,0,2,0
738,8.0,0,0,2,0
76,8.0,1,40,78,0
7,8.0,1,94,274,1
0,12.0,0,6,3,1
28,12.0,0,0,1,0
25,8.0,0,0,2,0
0,2.0,0,9,0,1
24,2.0,5,28,31,0
-89,8.0,0,1240,1134,1
3,12.0,0,30,27,1
4,8.0,0,10,5,1
2,8.0,0,258,180,1
9,8.0,0,10,7,0
7,2.0,0,0,1,0
0,12.0,0,500,31,1
13,8.0,0,0,1,0
0,2.0,0,5,0,1
1,8.0,0,2,0,1
2,9.0,0,0,0,0
5,8.0,0,10,6,1
1,2.0,0,10,1,1
0,8.0,0,1,2,1
0,2.0,0,20,0,1
6,8.0,0,0,0,0
0,9.0,0,5,0,0
1,2.0,0,21,22,0
0,2.0,0,3,0,1
3,8.0,0,8,14,1
2,8.0,2,2,3,0
0,2.0,0,100,0,1
382,8.0,93,142,273,0
553,8.0,132,416,389,0
3,8.0,0,0,0,0
1,8.0,0,2,2,1
2,9.0,0,0,0,0
0,2.0,4,0,0,1
19,8.0,0,0,0,0
11,2.0,0,0,9,0
10,2.0,0,0,2,1
0,12.0,0,2,5,1
2,10.0,0,12,8,1
119,8.0,2,0,25,0
29,14.0,0,0,3,0
0,8.0,0,4,2,1
399,12.0,0,0,0,0
0,2.0,0,6,0,1
2,9.0,0,0,0,0
10,4.0,0,0,0,0
4,8.0,0,0,0,0
4,12.0,0,0,0,0
1019,8.0,0,0,2,0
27,8.0,0,0,11,0
0,12.0,0,4,3,0
519,8.0,7,0,9,0
36,2.0,5,72,81,0
4,12.0,0,12,14,1
23,12.0,0,62,79,1
5,2.0,9,27,32,1
20,2.0,0,0,0,0
6,2.0,0,0,0,0
49,4.0,0,0,21,0
0,8.0,0,87,36,1
544,8.0,147,324,569,0
19,8.0,0,0,2,0
0,8.0,0,9,13,1
36,8.0,1,69,40,0
1,8.0,0,4,7,1
45,4.0,0,167,38,1
3,2.0,0,0,0,0
21334,12.0,1483,10368,13171,0
4,8.0,0,10,16,1
3,2.0,0,0,0,0
12,2.0,0,0,0,0
66,2.0,0,144,89,0
2,2.0,0,0,0,0
11,8.0,0,33,37,1
157,8.0,0,0,22,1
2,4.0,2,0,5,1
78,8.0,0,0,7,0
76,8.0,0,0,2,0
11,2.0,0,0,0,0
1,8.0,0,0,0,0
11,2.0,0,12,16,1
6,8.0,0,0,0,0
3,8.0,0,1,6,0
21,9.0,0,0,3,0
1,3.0,0,1,2,1
-1,8.0,0,16,18,1
-1,2.0,0,4,7,1
14,8.0,0,14,13,1
0,8.0,0,2,3,1
0,2.0,0,3,0,1
29,2.0,0,0,0,0
65,2.0,15,0,80,0
3,8.0,0,38,42,1
24,0.0,0,15,39,0
15,8.0,0,0,0,0
2,8.0,1,2,3,0
0,12.0,0,100,58,1
16,4.0,0,0,0,0
19,8.0,0,0,0,0
6,8.0,0,0,0,0
10,12.0,0,0,0,0
0,2.0,0,130,0,1
3,4.0,0,30,5,1
138,8.0,17,171,200,0
1,8.0,0,16,12,1
182,12.0,5,80,103,0
6,8.0,0,0,1,0
68,8.0,60,699,473,1
6,12.0,0,24,22,1
228,9.0,0,0,1,0
23,2.0,0,0,21,1
3,8.0,0,20,4,1
10,8.0,0,0,10,0
12,10.0,0,0,2,1
386,8.0,95,603,340,0
0,2.0,0,5,0,1
274,8.0,198,258,315,0
15,8.0,0,0,2,1
3,9.0,0,0,0,0
0,8.0,16,5,0,0
9,6.0,0,0,0,0
30,4.0,0,0,0,0
0,4.0,0,0,1,1
41,2.0,0,42,16,1
133,8.0,0,0,16,0
11,8.0,0,0,0,0
27,4.0,6,16,19,0
81,3.0,0,24,13,0
11,2.0,0,0,0,1
27,12.0,0,0,1,0
0,2.0,0,250,0,1
13,4.0,0,0,17,1
41,12.0,0,22,14,0
8,8.0,0,10,12,1
-2,12.0,0,32,19,1
44,9.0,0,0,0,0
3,2.0,0,40,20,1
342,2.0,85,435,493,0
71,8.0,0,0,2,0
153,8.0,0,0,0,0
7,8.0,0,0,6,0
14,8.0,64,448,324,1
165,4.0,100,94,125,0
3870,4.0,0,2800,1344,0
1577,6.0,660,1476,2454,0
0,8.0,8,6,0,1
78,8.0,0,106,145,0
925,16.0,379,1395,1532,0
2,8.0,0,0,0,0
18060,4.0,26437,43400,29636,0
208,17.0,1,0,39,0
8,9.0,0,0,2,0
2,8.0,0,3,3,1
5,8.0,1,36,23,1
11,2.0,0,0,2,0
2,8.0,0,20,8,1
133,2.0,69,155,211,0
113,2.0,0,368,280,1
5,9.0,0,0,0,0
475,8.0,0,0,0,0
4,2.0,0,0,0,0
228,8.0,4,0,66,0
6,8.0,7,14,26,1
1,8.0,0,5,4,1
5,12.0,0,0,0,0
17,52.0,0,0,0,0
3,4.0,0,6,2,1
0,2.0,0,17,0,1
2,8.0,0,0,0,0
1,8.0,0,5,4,1
1,12.0,0,5,5,1
37,8.0,0,0,0,0
238,8.0,18,20,181,0
10,14.0,0,9,4,0
1,2.0,0,1,2,1
0,8.0,1,7,5,1
14,8.0,0,0,2,0
290,8.0,60,300,309,0
0,8.0,8,5,0,1
5,8.0,1,1,1,0
10,12.0,0,0,0,0
4955,52.0,0,0,5,0
4,2.0,0,20,11,0
13,11.0,0,27,37,1
9,8.0,0,0,1,0
0,2.0,0,7,1,1
7,2.0,0,9,16,1
1,12.0,0,3,1,1
5,8.0,0,30,15,1
20,2.0,0,0,0,0
11,4.0,0,0,0,0
0,8.0,0,40,33,1
4,2.0,0,0,0,0
22,4.0,0,0,0,0
256,4.0,18,264,224,0
0,8.0,0,15,3,1
4,4.0,0,1,0,0
2,10.0,0,4,9,1
14,2.0,0,86,58,1
3,2.0,0,3,0,0
19,2.0,0,0,15,1
33,9.0,0,0,0,0
0,12.0,0,23,10,1
25,2.0,0,0,1,0
1,8.0,0,8,7,1
4,8.0,0,15,12,1
40,13.0,0,0,0,0
21,8.0,0,48,52,1
6,12.0,0,0,7,1
5,2.0,0,9,3,1
0,2.0,0,5,0,1
2,8.0,0,38,41,1
4,8.0,0,16,6,0
-3,12.0,0,3,4,1
23,0.0,0,374,92,1
5,8.0,0,10,6,0
0,4.0,0,4,8,1
925,12.0,0,0,45,0
74,8.0,0,325,315,1
350,4.0,82,174,793,0
429,2.0,59,750,582,0
2472,2.0,843,4060,4207,0
2310,8.0,0,0,0,0
4,2.0,0,3,3,1
8,8.0,0,12,17,1
0,8.0,0,2,3,1
1,2.0,36,0,0,0
-8,8.0,0,9,20,1
5,4.0,0,0,0,0
29,8.0,0,86,35,0
11,2.0,0,0,14,1
7,4.0,0,0,0,0
-1,9.0,0,37,28,1
2,9.0,0,0,0,0
21,4.0,0,0,0,0
0,8.0,0,20544,0,1
2,8.0,0,100,18,1
3,8.0,0,0,0,1
1,8.0,0,7,18,1
356,9.0,74,810,651,0
9,9.0,0,6,8,0
7,8.0,0,19,7,1
489,2.0,135,920,815,0
22,12.0,0,0,0,0
0,2.0,0,11,0,1
-1,12.0,0,11,11,1
5,8.0,0,3,7,1
7,8.0,0,0,0,0
582,4.0,0,3600,2209,0
0,12.0,0,25,8,1
5,2.0,0,0,0,0
133,2.0,0,0,10,0
0,2.0,0,1,2,1
32,8.0,2,20,0,0
11,8.0,0,0,1,0
44,8.0,11,17,37,0
0,9.0,0,9,1,1
4,8.0,0,20,15,1
-2,8.0,0,46,14,1
3,2.0,2,5,9,1
46,8.0,0,320,207,1
12,8.0,0,16,7,0
6,12.0,0,11,14,1
0,9.0,0,5,2,1
8,8.0,3,423,181,1
0,12.0,0,6,1,1
3,2.0,1,15,15,1
0,2.0,0,61,0,0
0,2.0,0,28,0,1
3410,8.0,0,0,48,0
2,9.0,0,0,0,0
0,12.0,0,4,6,1
188,8.0,1,0,74,0
5,8.0,0,13,27,1
2423,8.0,20,1000,1316,0
2,2.0,0,3,6,1
3,2.0,0,10,0,0
245,8.0,0,0,18,0
200,8.0,0,0,30,0
5,8.0,0,18,23,1
3,8.0,0,22,16,1
3,8.0,5,71,42,1
0,2.0,0,8,2,1
194,8.0,9,160,120,0
-1,0.0,0,29,16,1
0,12.0,0,10,0,1
0,8.0,0,0,4,1
20,2.0,0,0,1,0
2,8.0,0,0,0,0
12,2.0,0,0,3,0
0,2.0,0,20,12,1
3,12.0,0,0,0,0
3,2.0,0,600,61,1
26,8.0,0,0,19,1
60,8.0,0,0,28,0
190,9.0,0,240,158,1
8,8.0,0,9,5,1
25,2.0,0,568,256,1
110,2.0,0,0,0,0
0,8.0,1,468,86,0
128,8.0,22,1308,776,1
1,8.0,0,0,0,1
2,6.0,0,16,10,1
1,9.0,0,0,1,0
3,2.0,0,0,1,0
51,8.0,5,192,40,0
8,8.0,0,288,132,1
1,8.0,0,9,4,1
1,9.0,0,0,0,0
4,14.0,0,0,0,0
23,52.0,0,0,0,0
3,8.0,0,0,1,0
0,8.0,0,102,0,1
17,2.0,10,10,30,0
13,12.0,0,0,0,0
0,2.0,0,61,1,1
6,4.0,0,0,0,0
523,8.0,8,150,312,0
1,8.0,1,4,5,1
0,8.0,0,0,0,0
2,2.0,0,20,7,1
27,8.0,0,0,0,0
0,2.0,0,18,0,1
11,9.0,0,0,1,0
1,2.0,0,0,0,0
5,0.0,0,0,3,1
121,2.0,0,0,1,0
0,8.0,0,24192,0,1
3,12.0,0,0,0,0
0,8.0,0,0,0,0
98,9.0,0,0,0,0
39,8.0,0,576,178,1
60,4.0,0,0,0,0
0,9.0,0,27,9,1
72,8.0,0,48,71,0
99,12.0,0,0,0,0
0,8.0,0,56,52,1
20,2.0,0,0,11,1
0,8.0,0,1,1,1
156,2.0,0,594,612,1
30,3.0,0,0,5,0
3,2.0,5,44,51,1
257,8.0,0,0,18,0
17,9.0,0,0,1,0
370,8.0,2,396,257,0
1,8.0,0,0,0,0
0,2.0,0,3,0,0
-39,8.0,17,1488,797,1
8,8.0,0,0,0,0
3,2.0,0,5,0,0
0,4.0,0,4,4,1
20,9.0,0,0,0,0
0,0.0,0,11,1,1
17,2.0,0,0,0,0
-7,8.0,1,38,12,1
0,2.0,0,5,0,1
12,8.0,0,12,12,1
1,2.0,0,3,3,1
14,2.0,0,0,0,1
0,9.0,0,1,1,1
-25,8.0,159,1600,1129,1
0,8.0,0,10,3,1
3,8.0,0,5,3,0
68,12.0,5,25,39,0
0,8.0,0,2,2,1
4,8.0,0,38,43,1
83,4.0,0,0,0,0
5,8.0,0,0,2,0
0,8.0,0,9,10,1
13,8.0,0,21,11,1
-63,8.0,0,120,107,1
12,2.0,0,0,0,0
1710,8.0,852,3960,3383,0
14,2.0,0,0,1,0
5,8.0,0,0,1,0
0,2.0,0,3,0,1
0,2.0,0,3,3,0
3,12.0,0,0,3,1
9,8.0,2,50,25,1
17,11.0,0,41,34,1
1,8.0,0,32,28,1
49,8.0,0,0,3,0
9,4.0,0,301,30,1
-1,2.0,0,60,25,1
1,2.0,0,24,7,1
22,8.0,0,0,1,0
5,2.0,0,5,4,0
0,2.0,0,14,10,1
10,2.0,0,10,9,0
5,52.0,0,0,0,0
4,8.0,0,0,0,0
3,12.0,0,48,22,1
3,8.0,0,20,4,1
115,10.0,0,0,6,0
11,2.0,0,0,0,0
8,8.0,0,0,0,0
1,12.0,0,0,1,0
3,9.0,0,0,0,0
1,8.0,0,11,14,1
0,8.0,0,118,0,1
186,12.0,0,0,712,0
2,8.0,0,0,0,0
83,8.0,48,219,163,0
2,2.0,0,3,4,1
0,4.0,0,11,0,0
2,8.0,0,0,0,0
0,8.0,0,8,0,1
0,2.0,0,10,0,1
17,8.0,0,0,8,1
131,2.0,0,0,0,0
1,9.0,0,0,1,1
11,2.0,0,10,3,1
61,8.0,1,211,207,1
180,8.0,89,1100,598,1
56,52.0,0,0,0,0
-2,8.0,0,16,9,1
9,8.0,0,0,0,0
1054,8.0,0,2880,2,0
8018,13.0,0,0,0,0
2,12.0,0,0,0,0
-3,8.0,0,184,114,1
18,8.0,0,86,45,1
20,8.0,7,77,71,0
10,8.0,0,0,1,0
0,3.0,0,118,3,1
20,8.0,0,0,6,1
30,2.0,0,0,0,0
0,12.0,0,3,2,0
0,8.0,0,7,1,1
2,2.0,0,10,7,1
0,2.0,0,24,7,1
289,8.0,0,0,0,0
14,4.0,0,33,22,1
2,2.0,0,0,0,0
11,2.0,0,0,0,0
3,12.0,0,0,0,0
0,2.0,0,4,4,1
4,3.0,0,5,9,1
-120,12.0,0,153,145,1
2,14.0,0,0,0,0
3,12.0,0,0,0,0
0,12.0,0,4,4,1
46,8.0,3,1125,893,1
6,8.0,20,538,371,1
2,8.0,0,0,0,0
0,2.0,0,11,0,1
4,8.0,0,400,40,1
577,8.0,0,0,197,0
127,8.0,2,208,88,1
5,12.0,0,0,0,0
0,12.0,0,0,0,0
5,8.0,0,0,0,0
355,2.0,94,480,592,0
26,8.0,0,0,0,0
1,8.0,0,10,7,1
21,8.0,0,48,53,1
1,8.0,0,2,4,1
0,2.0,0,4,0,1
54,4.0,7,27,29,0
198,8.0,0,92,122,0
35,8.0,36,1152,1142,1
2,52.0,0,0,0,0
2,0.0,0,5,6,0
10,8.0,0,16,15,0
3,8.0,0,0,0,0
12,2.0,0,8,20,1
2073,8.0,0,0,35,0
327,8.0,32,220,226,0
0,2.0,0,35,0,1
16,8.0,0,0,7,1
1,8.0,0,23,22,1
0,8.0,0,18,16,1
20,2.0,0,0,0,0
1,3.0,0,1,1,0
76,4.0,60,0,143,0
22,8.0,0,0,3,0
0,2.0,0,0,0,0
153,2.0,0,0,0,0
2,12.0,0,0,0,0
6,2.0,0,0,1,0
42,8.0,0,0,0,0
8,12.0,0,21,11,0
0,8.0,0,0,0,0
-3,8.0,0,24,22,1
15,8.0,0,0,4,0
22,9.0,0,0,0,0
0,2.0,0,11,0,0
0,2.0,0,1,0,1
19,8.0,0,0,2,0
20,12.0,0,0,0,0
1,9.0,0,1,1,1
88,8.0,1,0,40,0
133,12.0,0,27,43,0
0,2.0,0,5,0,1
0,4.0,0,10,55,1
0,2.0,0,3539,1,1
0,2.0,0,5,0,0
12,2.0,0,0,0,0
7,12.0,0,0,0,0
198,12.0,2,0,16,0
172,8.0,38,64,146,0
2,8.0,0,17,9,0
0,12.0,0,2,1,1
0,8.0,0,8,2,1
0,2.0,0,28,0,0
196,8.0,0,80,119,0
3,2.0,0,128,29,1
4,8.0,0,0,0,0
2,8.0,0,0,0,1
205,2.0,0,0,2,0
3,4.0,0,0,0,0
0,8.0,0,23,1,1
1,8.0,0,25,11,1
26,12.0,20,8,90,1
4,2.0,0,0,2,1
14,2.0,0,0,0,0
273,2.0,277,728,773,0
0,8.0,0,46,33,1
2,12.0,0,0,0,0
3,2.0,0,0,1,1
139,2.0,0,0,4,0
5,8.0,0,25,26,1
167,8.0,0,0,9,0
1,8.0,0,144,97,1
11,8.0,0,0,0,0
93,8.0,6,260,95,0
176,2.0,20,288,326,0
3,12.0,0,0,0,0
0,4.0,0,11,0,1
6,2.0,0,2,23,1
4,9.0,0,0,0,0
8,8.0,0,7,8,0
2,8.0,0,0,0,0
100,8.0,0,512,263,1
0,12.0,0,21,4,1
9,8.0,2,2,5,0
94,8.0,69,0,42,0
5,8.0,0,40,24,1
41,8.0,6,4,41,0
25,8.0,0,0,0,0
3,8.0,0,0,0,0
0,3.0,0,30,0,1
5,12.0,0,0,2,0
0,2.0,0,14,0,1
261,2.0,0,652,456,0
411,5.0,41,450,549,0
26,12.0,0,0,0,0
24,8.0,28,175,166,1
13,8.0,0,0,0,0
0,4.0,0,75,3,1
9,8.0,0,12,9,0
1,52.0,0,0,0,0
14,13.0,0,240,81,1
11,2.0,0,0,0,1
2,2.0,0,36,7,1
0,2.0,0,75,0,1
58,8.0,50,0,24,0
40,2.0,0,0,0,0
1134,8.0,2,0,147,0
2229,4.0,90,4008,16,0
18,2.0,0,0,16,1
-130,8.0,0,1465,895,1
3,2.0,1,177,69,1
119,9.0,0,0,0,0
5,8.0,0,54,21,1
74,8.0,0,0,0,0
11,2.0,0,0,0,0
79,8.0,0,0,21,0
2,2.0,0,2,2,1
7,8.0,0,0,0,0
5,2.0,0,1,7,1
1,9.0,0,14,9,1
11,8.0,30,11,32,1
1,4.0,0,0,1,0
20,8.0,0,0,8,0
1918,4.0,480,3750,3207,0
0,2.0,0,4,5,0
49,12.0,0,0,16,0
0,8.0,0,17,3,1
16,2.0,0,349,155,1
65,0.0,0,0,0,0
1,2.0,0,4,4,1
1,12.0,0,11,7,1
0,8.0,0,18,4,1
3,8.0,0,5,8,1
3,8.0,0,7,7,1
0,2.0,0,4,0,1
1,2.0,0,2,3,0
5,8.0,0,0,0,0
-31,8.0,2,200,74,1
6,12.0,0,0,3,0
0,2.0,0,3,0,1
6,8.0,0,36,7,1
1,8.0,0,5,3,1
4,8.0,0,0,0,0
12,8.0,0,14,7,0
7,8.0,0,0,1,0
46,8.0,0,42,48,0
423,8.0,0,2400,1525,1
0,9.0,0,5,0,0
88,17.0,15,50,40,0
10,3.0,0,0,1,0
835,8.0,0,0,6,0
-3,8.0,0,412,177,1
9,8.0,0,7,15,1
62,8.0,24,0,33,0
57,4.0,0,19,30,0
0,8.0,0,18,10,1
0,8.0,0,5,5,1
1,0.0,0,106,62,1
0,8.0,0,7,5,1
3,9.0,0,0,0,0
5,8.0,0,0,3,0
16,2.0,0,45,42,0
6,2.0,0,10,10,0
2,12.0,0,10,10,1
0,12.0,0,10,0,1
1,8.0,0,0,0,0
61,12.0,22,42,76,0
1,8.0,0,1,1,1
13,12.0,5,0,0,0
175,8.0,0,0,10,0
8,4.0,0,38,20,1
8,2.0,0,0,0,1
-14,52.0,0,18,23,1
0,2.0,0,7,0,1
0,8.0,0,2,2,1
0,12.0,0,22,8,1
3,9.0,0,3,10,1
11,2.0,0,24,42,1
3,2.0,0,0,2,1
2,8.0,0,0,0,0
3,8.0,0,2760,0,1
74,2.0,0,0,17,0
0,2.0,0,0,0,0
24,3.0,16,28,92,1
28,8.0,0,0,1,0
48,8.0,3,286,181,1
13,12.0,1,0,0,0
69,2.0,0,82,62,1
6,8.0,0,60,61,1
61,4.0,0,0,3,0
5,8.0,0,0,0,0
4,8.0,0,0,0,0
190,4.0,0,0,10,0
0,12.0,0,0,0,0
4,8.0,0,0,0,0
21,2.0,0,0,1,0
22,2.0,0,0,7,0
408,12.0,0,0,0,0
1,2.0,0,0,0,0
7,2.0,0,0,1,0
2,2.0,0,2,3,1
68,8.0,0,0,8,0
50,8.0,0,60,48,0
3,2.0,1,0,1,0
18,2.0,0,0,21,0
0,2.0,0,4,0,1
0,8.0,0,13,5,1
2,8.0,0,0,1,1
6,2.0,0,40,31,1
1,9.0,0,0,0,0
25,2.0,0,0,0,0
10,8.0,0,5,7,1
0,2.0,0,4,0,0
4,8.0,1,20,19,1
110,4.0,12,39,90,0
14,3.0,0,0,0,0
0,4.0,0,0,0,0
0,9.0,0,14,12,1
985,2.0,215,2589,1967,0
282,52.0,0,0,19,0
0,8.0,0,8,6,1
2,4.0,0,0,0,1
6,2.0,0,0,0,1
7,12.0,0,0,1,0
6,12.0,0,0,3,0
2,2.0,1,2,2,1
1,8.0,0,0,2,0
454,2.0,141,837,829,0
3,9.0,0,0,1,1
2,12.0,3,510,226,1
57,8.0,25,41,33,0
9,4.0,0,0,1,0
3,8.0,0,0,1,0
72,8.0,0,0,0,0
13,9.0,0,0,0,0
5,9.0,0,0,0,0
212,8.0,0,168,244,0
6,8.0,0,0,0,0
4,8.0,0,0,0,1
4,2.0,1,0,0,0
6,14.0,0,0,0,0
8,20.0,0,0,1,0
1,12.0,0,0,0,0
144,2.0,122,200,154,0
34,9.0,0,0,7,1
1,8.0,0,20,6,1
0,8.0,1,6,4,1
1,8.0,0,29,11,1
2,8.0,0,23,10,1
6,6.0,11,5,17,0
2,2.0,0,0,4,0
1036,8.0,0,0,268,0
2,12.0,0,0,0,0
2,9.0,0,1,2,1
2,8.0,0,7,6,1
14,2.0,0,0,4,0
0,2.0,0,13,4,1
22,8.0,0,0,0,0
20,8.0,0,0,0,0
13,0.0,0,92,63,1
7,8.0,0,0,0,0
2292,9.0,936,5328,11282,0
-183,8.0,60,549,1072,1
24,9.0,0,0,1,0
0,2.0,0,2008,766,1
17,2.0,0,0,3,0
478,2.0,290,950,963,0
184,8.0,0,0,20,0
10,12.0,0,0,0,0
15,2.0,0,0,1,0
7,4.0,0,0,133,0
6,8.0,0,283,7,0
6,8.0,0,5,4,0
0,2.0,0,6,8,1
5,2.0,0,0,2,0
74,8.0,0,0,2,0
12,8.0,0,0,11,1
11,8.0,0,0,0,0
575,8.0,279,0,405,0
14,9.0,0,0,0,1
12,2.0,0,0,0,0
3,2.0,0,0,0,0
3,9.0,0,0,0,0
0,4.0,0,10,9,1
10,2.0,8,28,30,1
0,2.0,0,5,4,1
247,9.0,0,0,4,0
13,8.0,0,0,18,1
0,2.0,0,0,0,0
0,8.0,0,4,1,1
0,8.0,0,6,7,1
1,8.0,0,100,45,1
10,8.0,0,8,8,1
92,8.0,12,1176,1191,1
9,8.0,0,0,1,0
0,8.0,0,40,27,1
196,4.0,80,150,181,0
5,2.0,0,0,4,1
0,2.0,0,5,0,1
7,2.0,0,0,0,1
997,8.0,95,1068,544,0
4,2.0,6,1,0,1
263,8.0,7,189,172,0
1,2.0,0,0,1,1
1289,2.0,327,1836,1809,0
434,8.0,87,265,276,0
339,2.0,90,659,718,0
16,8.0,16,59,54,1
0,8.0,0,34,17,1
955,8.0,280,1720,1308,0
1,52.0,0,263,58,1
28,8.0,0,0,0,0
14,8.0,1,0,4,0
2,12.0,0,0,0,0
0,8.0,0,66,0,1
0,8.0,0,5,10,1
6,8.0,0,7,4,0
0,8.0,0,12,5,1
4,8.0,0,36,15,1
0,2.0,0,75,0,1
7,8.0,0,11,11,1
1,8.0,0,15,12,1
31,8.0,0,0,0,0
7,3.0,0,0,6,1
2,2.0,0,14,17,1
69,8.0,1,41,37,0
0,9.0,0,5,0,0
0,4.0,0,7,0,0
63,8.0,0,31,48,0
8,12.0,0,38,33,1
2,16.0,0,0,0,0
5,2.0,0,0,0,0
32,2.0,0,0,2,0
4,2.0,0,1,1,0
225,10.0,0,0,4,0
11,9.0,0,0,0,0
4,2.0,0,0,0,1
0,8.0,0,9,12,1
69,8.0,12,36,80,0
0,8.0,0,12,0,1
149,12.0,0,6,11,0
15,12.0,0,0,9,0
16,4.0,0,0,0,0
2,8.0,0,0,0,0
150,2.0,0,0,0,0
7,8.0,0,335,137,1
6,8.0,0,4,2,0
2,8.0,0,7,8,1
8,9.0,4,40,7,0
5,8.0,0,15,15,1
0,8.0,0,0,0,0
-8,2.0,0,66,10,1
13,12.0,0,0,0,0
61,8.0,0,0,22,0
0,8.0,0,1,6,1
1,8.0,0,1,1,0
9,12.0,0,24,3,0
4,8.0,0,0,0,0
2,12.0,0,0,0,0
0,2.0,0,5,3,1
0,8.0,0,3,4,1
20,4.0,0,0,0,0
1,4.0,0,0,0,0
3,8.0,0,0,0,1
8,3.0,0,3,4,0
15,12.0,0,0,0,0
0,8.0,0,24,9,1
0,8.0,0,3,2,1
0,2.0,0,0,1,1
372,8.0,0,0,10,0
83,8.0,9,287,267,1
9,2.0,0,0,0,0
177,8.0,35,258,311,0
0,8.0,0,10,2,1
-2,8.0,0,12,0,1
17,4.0,0,0,14,1
10,12.0,13,56,44,0
38,8.0,0,0,2,0
0,8.0,0,7,26,1
58,4.0,0,0,25,0
0,8.0,0,3,3,1
5,2.0,2,97,29,1
6,8.0,7,14,11,1
0,2.0,6,362,0,1
8,4.0,0,0,0,0
15,9.0,0,0,2,0
4,2.0,0,0,0,0
0,8.0,0,3,2,1
1,12.0,0,0,0,0
59,8.0,1,18,28,0
6,8.0,0,24,34,1
16,4.0,0,0,1,0
79,8.0,1,401,270,1
1,2.0,0,1,1,1
0,8.0,0,400,0,1
0,9.0,0,23,19,1
6,12.0,1,11,13,1
0,2.0,6,0,0,0
0,7.0,0,6,8,1
2,8.0,0,0,0,0
7,9.0,10,0,6,0
32,8.0,5,22,39,0
-1,8.0,0,6,14,1
0,8.0,0,28,12,1
3,2.0,0,0,0,0
1,4.0,0,0,0,0
2,2.0,0,0,0,1
0,12.0,0,50,0,1
0,9.0,0,17,4,1
16,12.0,0,0,0,0
220,8.0,16,109,271,0
0,12.0,0,5,5,1
49,8.0,3,25,23,0
2,8.0,0,0,0,0
29,8.0,70,205,155,0
0,3.0,0,283,0,1
119,2.0,0,12,5,0
13,2.0,0,0,6,1
15,8.0,0,0,6,1
2394,12.0,0,0,12,0
1,8.0,0,1,1,1
0,8.0,0,8,6,1
3,12.0,0,0,0,0
34,8.0,21,87,108,1
5,2.0,0,10,31,1
0,9.0,0,5,3,1
453,8.0,0,0,7,0
2,8.0,0,0,0,0
8514,8.0,0,0,18,0
0,8.0,0,5,5,1
16,8.0,1,0,0,0
208,9.0,64,0,108,0
-5,52.0,0,0,11,1
0,2.0,0,7,0,1
1,12.0,12,360,241,1
0,2.0,0,10,0,1
1,8.0,0,30,15,1
2,12.0,0,0,0,0
10,9.0,0,0,10,1
3,8.0,0,20,13,1
0,2.0,0,1,0,1
37,8.0,19,57,85,0
0,8.0,0,4,2,1
69,8.0,6,404,290,1
7,4.0,0,0,0,0
222,8.0,59,252,288,0
0,2.0,1,6,7,1
96,2.0,0,0,0,0
0,2.0,2,14,17,1
1,8.0,0,0,2,0
2,9.0,0,0,0,0
-57,9.0,0,438,272,1
0,2.0,0,40,1,1
16,8.0,0,0,3,0
294,2.0,208,418,1080,0
7,2.0,0,1,21,1
4,8.0,0,5,8,1
4,8.0,0,0,0,0
3,2.0,0,0,3,1
-3,8.0,1,78,53,1
0,9.0,0,2,2,1
3,8.0,0,0,0,1
40,8.0,0,41,69,1
31,8.0,0,0,2,0
12,8.0,0,28,24,0
98,12.0,0,0,0,0
1,8.0,0,15,12,1
10,12.0,0,0,0,0
364,4.0,220,419,359,0
0,2.0,0,4,5,1
0,2.0,0,14,21,0
81,2.0,0,0,12,1
12,2.0,0,12,17,1
61,14.0,0,60,32,0
100,4.0,84,104,122,0
14,8.0,0,0,11,0
16,2.0,0,0,0,1
20,4.0,0,0,0,0
3,2.0,1,8,15,1
5,8.0,0,9,12,1
222,12.0,3,0,33,0
4,8.0,0,17,9,0
-1,12.0,0,20,3,1
0,8.0,0,24,13,1
0,12.0,1,4,3,1
0,9.0,0,4,1,1
726,8.0,0,600,0,0
8,4.0,0,0,1,0
2,2.0,0,1,0,1
0,9.0,0,3,2,1
152,8.0,0,0,24,1
177,8.0,27,168,307,0
32,4.0,0,30,55,0
0,2.0,0,6,0,0
17,4.0,0,0,0,0
8,8.0,4,30,41,1
393,13.0,27,720,369,0
1,2.0,0,2,6,1
0,2.0,0,1,0,1
1,3.0,0,6,3,0
5,8.0,0,0,0,0
37,8.0,10,0,2,0
20,12.0,0,0,0,0
6,8.0,0,30,14,1
991,8.0,2,0,49,0
7,8.0,0,6975,0,1
538,4.0,0,0,10,0
46,8.0,1,160,24,0
0,4.0,0,271,4,1
-17,12.0,30,256,189,1
23,12.0,0,0,3,0
13776,13.0,0,0,8,0
-101,2.0,0,262,104,1
0,8.0,0,3,2,1
6,0.0,0,0,0,0
0,2.0,0,54,0,1
20469,8.0,0,5003,0,0
0,2.0,0,6,0,0
0,8.0,0,4,4,1
223,8.0,2,300,316,0
610,2.0,0,0,11,0
24,4.0,0,0,2,0
2020,12.0,140,0,344,0
12,8.0,0,22,25,0
18,4.0,10,10,10,0
4,2.0,1,0,0,0
2,8.0,0,0,0,0
258,8.0,0,288,338,0
0,8.0,0,3,2,1
0,2.0,10,0,3,0
10,3.0,0,0,3,0
18,8.0,0,0,1,0
0,9.0,1,15,8,1
6,8.0,15,362,191,1
5,8.0,7,0,5,0
40,5.0,0,442,341,1
17,8.0,0,0,0,0
0,8.0,0,10,7,1
2,2.0,0,3,3,1
14,2.0,0,0,0,1
4,2.0,0,0,2,0
6,4.0,0,0,0,0
24,8.0,0,0,0,0
3,8.0,0,0,0,0
1,8.0,0,8,8,1
-1,4.0,0,43,9,1
2,8.0,0,7,5,1
9,8.0,3,0,3,0
0,2.0,0,11,0,1
3,4.0,0,0,0,0
11,2.0,0,0,0,1
14,2.0,30,30,21,0
22,9.0,0,0,2,0
3,8.0,0,0,0,0
0,12.0,0,7,3,1
556,8.0,0,225,433,0
0,8.0,0,15,6,1
0,8.0,0,11,2,1
2,8.0,0,0,0,0
18,2.0,0,0,2,0
4,16.0,0,0,0,0
10,8.0,0,54,55,0
167,2.0,9,82,164,0
115,8.0,0,0,51,0
-1,2.0,0,4,7,1
27,3.0,0,54,74,1
11,2.0,7,108,69,1
3,2.0,0,0,4,1
1,13.0,0,3,4,1
0,8.0,0,5,0,0
0,2.0,0,2107,766,1
-4,8.0,0,181,127,1
15,8.0,5,16,29,1
56,8.0,0,0,3,0
19,4.0,0,68,73,1
11,8.0,0,62,38,1
62,8.0,0,0,27,0
232,8.0,0,0,0,0
0,4.0,0,50,0,1
8,12.0,3,1,0,0
0,8.0,0,36,13,1
17,9.0,0,0,0,0
1,8.0,0,1,2,1
5,8.0,5,20,13,0
5,2.0,0,0,0,0
0,8.0,0,15,2,1
4,8.0,0,0,1,0
10,2.0,1,12,25,1
7,12.0,0,0,1,0
13,8.0,4,27,23,0
41,4.0,0,1,0,0
2,8.0,0,1,8,1
0,12.0,0,900,0,0
99,2.0,0,0,1,0
722,8.0,0,0,17,0
4,8.0,0,38,29,1
254,8.0,0,0,0,0
-8,8.0,0,730,303,1
0,2.0,0,636,0,1
3,4.0,0,200,21,1
0,2.0,0,0,1,1
14,8.0,0,100,168,1
0,2.0,0,3,0,1
0,9.0,0,22,18,1
1,2.0,0,0,0,0
2,4.0,0,0,0,0
132,8.0,16,416,318,1
12,8.0,0,17,51,1
4,8.0,0,0,1,0
0,12.0,0,93,0,1
78,2.0,64,66,1,0
-4,8.0,1,1699,1502,1
0,8.0,0,16,8,1
50,12.0,50,0,0,0
277,14.0,1,0,77,0
9,14.0,0,0,0,0
0,2.0,0,3,3,1
8,4.0,0,0,4,0
31,2.0,0,0,8,0
0,8.0,0,6,1,1
0,2.0,0,6,0,1
2,4.0,0,0,0,0
6,4.0,0,0,2,1
31,2.0,4,0,49,0
12,2.0,0,0,0,0
0,2.0,0,7,3,1
-1,8.0,0,9,5,1
2,8.0,0,0,5,1
-6,8.0,13,343,349,1
1,8.0,0,1,3,1
11,4.0,0,15,24,1
1,8.0,0,18,15,1
1,9.0,0,0,1,0
12,13.0,0,12,6,0
10,8.0,0,0,10,0
105,8.0,15,50,166,1
4,8.0,0,7,8,0
0,4.0,0,4,0,1
1,12.0,0,29,26,1
5,8.0,0,0,0,0
2,12.0,0,0,0,0
0,8.0,0,5,8,1
0,2.0,3,3,5,1
12,8.0,0,0,0,1
13,8.0,0,10,9,0
2627,8.0,1740,0,2108,0
-2,12.0,0,104,63,1
8,8.0,52,623,475,1
9,2.0,0,47,24,1
24,8.0,0,0,7,0
1,8.0,0,12,8,1
0,2.0,0,44,0,1
16,8.0,0,0,0,0
51,2.0,50,40,73,0
254,9.0,0,0,0,0
25,2.0,0,0,5,1
24,8.0,0,3456,39,1
1,8.0,0,1,1,1
8,2.0,0,0,1,0
43,2.0,64,161,262,0
1,12.0,0,7,0,1
378,8.0,58,338,413,0
17,8.0,0,0,4,0
0,5.0,0,14,0,1
9,2.0,0,0,5,0
0,8.0,0,14,10,0
5,9.0,0,0,0,0
38,2.0,0,0,23,0
30,2.0,210,0,0,0
1,2.0,0,20,10,1
30,8.0,0,0,2,0
4,12.0,0,0,1,0
7,8.0,0,0,0,0
85,8.0,32,33,55,0
98,8.0,0,0,0,0
0,0.0,0,25,0,1
12,2.0,0,12,13,1
6,2.0,28,0,23,1
59,8.0,0,0,0,0
3,8.0,0,391,15,1
13,8.0,0,0,6,0
36,8.0,0,0,8,1
102,8.0,5,0,54,0
10,12.0,0,0,0,0
2,8.0,0,11,5,1
1,8.0,0,10,8,1
149,8.0,1,0,48,0
0,2.0,0,34,0,1
55,12.0,109,81,189,0
12,2.0,0,0,0,0
0,8.0,0,0,0,0
13,8.0,0,0,0,0
3,2.0,0,0,0,0
2,12.0,0,0,1,0
14,12.0,49,159,133,1
2,4.0,0,0,0,0
1200,2.0,0,0,568,1
0,8.0,0,0,0,0
2,8.0,0,25,13,1
0,8.0,0,0,0,0
0,12.0,0,4,3,1
0,2.0,0,1,0,1
0,16.0,13,13,25,1
7,4.0,0,0,0,0
0,2.0,0,352,0,1
1,3.0,0,48,29,1
-21,8.0,0,36,0,1
55,9.0,0,0,0,0
14,2.0,0,46,10,1
2,8.0,0,0,0,0
73,8.0,0,0,4,0
97,15.0,66,0,38,0
0,12.0,0,6,1,1
64,2.0,0,242,172,1
7,2.0,0,0,7,0
6,8.0,0,0,0,0
38,8.0,9,28,34,0
79,2.0,1,30,70,0
11,2.0,0,0,4,0
44,8.0,0,0,0,0
-8,2.0,0,66,10,1
0,8.0,0,7,7,1
0,8.0,0,3,2,1
1,8.0,0,0,0,0
236,8.0,71,938,770,1
10,2.0,1,12,29,1
685,8.0,0,0,31,0
4,8.0,0,9,10,1
16,8.0,0,0,8,0
0,12.0,0,7,18,1
0,8.0,0,13,21,1
100,8.0,0,0,0,0
3,2.0,0,8,0,0
1,2.0,0,0,3,1
7,8.0,0,0,3,0
9,8.0,40,410,567,1
9,0.0,0,0,0,0
7,8.0,0,0,0,1
15,8.0,0,0,0,0
110,4.0,70,80,93,0
0,2.0,0,25,0,1
-3,8.0,0,18,16,1
0,2.0,0,14,0,1
12,4.0,0,17,22,1
39,2.0,0,7,35,1
1,2.0,0,12,14,1
0,8.0,0,48,0,1
8,4.0,0,35,21,1
29,8.0,1,291,486,1
0,8.0,0,22,10,1
11,3.0,0,0,0,0
256,2.0,0,0,12,0
22,8.0,9,1241,1221,1
83,52.0,0,0,0,0
66,10.0,362,1638,1708,1
8,12.0,0,0,5,0
76,2.0,4,49,11,0
0,5.0,0,16,1,1
0,17.0,0,0,0,0
15,8.0,1,36,41,1
1,12.0,0,21,17,1
5,8.0,0,0,0,0
52,12.0,0,0,0,0
0,9.0,0,2,1,1
1,2.0,0,0,2,1
1458,4.0,0,0,52,0
29,9.0,0,0,0,0
0,2.0,0,75,1,1
13,8.0,0,0,7,1
10,12.0,0,0,0,0
11,8.0,0,0,6,0
0,2.0,0,35,0,1
3,2.0,0,0,0,1
1,15.0,0,2,3,1
7,8.0,0,0,0,0
2,12.0,0,0,0,0
0,8.0,0,0,0,0
13,8.0,0,146,67,1
-2,12.0,0,51,45,1
1,2.0,0,11,9,1
2,12.0,0,0,1,0
72,12.0,0,0,91,1
7,12.0,0,22,18,1
12,8.0,0,0,301,0
24,8.0,0,0,0,0
26,8.0,0,0,2,0
-2,2.0,8,148,136,1
0,8.0,0,1,12,1
11,8.0,0,20,17,1
5,2.0,0,0,0,0
2,8.0,0,18,20,1
50,12.0,50,0,0,0
1,9.0,0,19,12,1
3,8.0,0,36,34,1
-42,8.0,0,574,394,1
10,8.0,0,0,0,0
10,4.0,0,11,1,0
1414,4.0,0,0,32,0
2,8.0,0,14,7,1
10,8.0,0,0,0,0
918,8.0,0,0,4,0
10,9.0,0,0,0,0
3,12.0,0,0,0,0
71,8.0,2,63,37,0
25,8.0,0,0,2,0
1900,8.0,680,988,0,0
1,8.0,0,0,0,0
4,2.0,0,0,0,0
241,12.0,6,29,97,0
9,8.0,0,0,0,0
1,9.0,0,3,3,1
2609,2.0,14,0,126,0
57,6.0,0,0,3,0
3,2.0,0,1,6,1
4,8.0,0,0,0,0
50,2.0,0,0,0,0
2,2.0,0,10,7,1
1,8.0,0,52,19,1
2,12.0,0,21,12,1
20,8.0,0,0,0,0
9,8.0,0,0,0,0
1,12.0,0,84,146,1
19,2.0,0,11,12,1
-21,6.0,0,1275,885,1
0,8.0,0,3,3,1
0,6.0,0,66,68,1
1,14.0,0,27,11,1
0,8.0,0,17,20,1
77,8.0,0,106,111,0
0,2.0,0,7,0,1
0,2.0,0,10,0,1
15,8.0,0,18,16,1
34,8.0,0,0,0,0
0,2.0,0,5,2,1
14,0.0,0,0,0,0
8,9.0,0,0,5,0
13,8.0,0,0,1,0
4,2.0,0,0,2,1
48,2.0,0,0,0,0
53,0.0,11,30,48,0
0,8.0,0,2,2,1
4,8.0,0,25,15,1
2,8.0,0,12,5,0
2,8.0,0,0,10,1
1,8.0,0,12,23,1
42,8.0,0,0,5,0
3,9.0,0,8,9,1
0,8.0,0,7,8,1
1,2.0,8,1,16,0
351,3.0,7,0,32,0
0,12.0,0,8,2,1
155,9.0,3,60,133,1
-1,8.0,5,70,24,1
422,8.0,0,0,17,0
171,9.0,0,30,96,0
84,8.0,36,0,38,0
3,8.0,1,28,14,1
1,8.0,0,0,0,0
0,2.0,0,500,0,0
0,8.0,0,0,0,0
18,8.0,0,0,2,0
12,8.0,0,12,11,1
16,12.0,0,14,9,1
3,12.0,0,0,0,0
63,2.0,0,0,0,0
3,8.0,0,0,0,0
0,4.0,0,32,2,1
3,8.0,0,0,1,0
21,12.0,0,0,0,0
5,2.0,0,0,0,0
11,8.0,0,0,0,0
3,8.0,0,19,9,1
58,9.0,0,0,1,0
13,8.0,0,294,164,1
10,12.0,0,0,0,0
39,2.0,0,0,4,0
20,3.0,0,0,0,0
3,8.0,0,4,4,1
552,8.0,117,180,268,0
0,3.0,0,854,3,1
14,8.0,0,0,9,0
0,2.0,0,36,0,0
7,8.0,0,0,0,0
7,9.0,0,0,0,0
3,8.0,0,1,5,1
16,9.0,0,0,0,0
14,8.0,0,14,13,1
114,8.0,21,96,100,0
1,2.0,0,0,2,1
4,8.0,0,0,1,0
0,6.0,0,5,0,1
4,8.0,0,64,17,1
9,9.0,0,0,0,0
23,0.0,0,0,1,0
2,2.0,0,2,0,0
-6,12.0,0,360,63,1
2,8.0,0,2,2,1
47,2.0,0,0,3,0
-2,8.0,48,408,386,1
1,12.0,0,0,0,0
99,2.0,19,40,47,0
9,8.0,80,350,237,1
-1,2.0,0,8,7,1
4,2.0,0,112,4,1
-178,8.0,1,391,158,1
132,8.0,18,420,320,0
4,3.0,0,2,5,0
49,8.0,0,0,2,0
7,9.0,0,6,9,0
5,3.0,0,200,103,1
0,2.0,0,56,0,1
3,8.0,0,0,4,1
0,2.0,0,10,0,1
2,8.0,0,2,3,0
12,2.0,0,0,0,0
18,8.0,18,0,14,0
0,2.0,0,4334,8,1
5,2.0,0,36,42,1
1,8.0,0,18,19,1
0,2.0,0,5,0,1
93,8.0,0,0,3,1
10,12.0,10,0,0,0
10,2.0,0,0,10,1
9,8.0,0,0,2,0
3,9.0,0,0,0,0
6,8.0,3,71,61,1
0,2.0,0,1,2,1
2,12.0,0,0,0,0
95,8.0,4,98,141,0
0,9.0,0,0,1,1
105,8.0,3,88,88,0
2,8.0,0,7,6,1
0,2.0,0,7,7,1
47,12.0,0,623,387,1
0,3.0,0,30,28,1
4,10.0,0,0,2,0
7,9.0,0,0,0,0
30,8.0,0,18,5,0
0,8.0,0,5,0,1
38,4.0,0,0,5,0
0,5.0,0,19,0,1
-7,8.0,0,76,38,1
11,2.0,0,0,0,0
0,8.0,2,15,2,1
2,9.0,0,0,0,0
1,10.0,0,0,0,0
1,8.0,0,2,2,1
2,9.0,0,0,0,0
1245,52.0,84,0,50,0
12,52.0,0,0,2,0
2,9.0,0,0,1,1
12,8.0,0,24,18,1
0,9.0,0,241,0,1
705,8.0,0,0,24,0
0,8.0,0,5,0,1
2,12.0,0,17,12,1
0,8.0,0,80,52,1
0,8.0,10,0,1,0
2,12.0,0,0,0,0
4,12.0,0,0,1,1
10,3.0,0,0,0,0
44,8.0,0,0,1,0
176,9.0,0,0,72,0
8,2.0,0,15,25,0
5,9.0,0,0,0,0
1,8.0,0,3,4,0
2,9.0,0,0,0,0
41,8.0,0,0,24,0
525,8.0,79,291,558,0
6,14.0,4,32,37,1
139,8.0,74,55,270,0
0,2.0,0,87,0,0
3,8.0,0,0,0,0
398,9.0,179,385,663,0
0,8.0,0,15,12,1
11,8.0,0,0,0,0
0,2.0,0,15,7,1
6,2.0,0,0,2,1
2,12.0,0,0,0,0
2,2.0,0,0,0,1
0,2.0,0,11,0,1
1,8.0,0,15,4,1
316,8.0,0,300,20,0
57,8.0,0,0,8,0
31,8.0,0,0,0,0
83,2.0,35,421,168,1
1,8.0,0,29,6,1
7,9.0,0,89,58,1
2,8.0,0,0,0,0
1,12.0,0,8,3,1
419,8.0,0,0,27,0
7,8.0,0,26,15,1
72,8.0,0,26,29,0
7,10.0,0,0,0,0
38,8.0,20,30,35,0
116,9.0,0,0,17,0
47,8.0,0,0,0,0
0,4.0,0,32,2,1
7,8.0,0,9,39,1
83,9.0,0,0,88,0
15,8.0,0,0,1,0
4,12.0,0,1,1,0
0,6.0,0,12,8,1
24,8.0,21,130,126,0
270,2.0,197,294,279,0
60,2.0,0,0,0,0
0,8.0,0,65,31,1
0,8.0,0,9,2,1
0,2.0,0,16,0,1
0,8.0,24,0,15,1
8,2.0,0,50,40,1
-7,8.0,130,181,124,0
1,8.0,0,3,3,1
5,8.0,0,0,0,0
0,3.0,0,16,4,1
9,2.0,0,0,0,0
10,4.0,0,0,1,0
39,4.0,0,0,6,1
-223,8.0,3,1539,682,1
2,12.0,0,2,3,1
4,12.0,0,0,0,0
0,12.0,0,15,8,1
2,9.0,0,0,0,0
16,2.0,0,0,0,1
-2,8.0,0,45,22,1
5,12.0,0,0,0,0
0,12.0,0,0,0,0
0,2.0,0,102,0,1
1,52.0,0,0,0,0
0,8.0,0,6,6,1
1,12.0,0,0,0,0
1,8.0,0,6,4,1
12,12.0,0,0,3,0
807,2.0,0,0,134,0
-1,8.0,0,174,54,1
1879,2.0,1332,3680,5748,0
5,8.0,0,0,0,0
2,8.0,0,8,9,1
0,8.0,0,0,0,0
-54,8.0,0,3000,1725,1
4,12.0,0,0,0,0
3,8.0,0,0,0,0
0,4.0,0,5,0,1
3,2.0,0,3,0,0
3,2.0,0,2,0,1
0,8.0,0,1,1,1
63,9.0,0,0,18,0
389,2.0,210,887,892,0
304,8.0,0,0,0,0
14,12.0,0,0,0,0
38,2.0,0,0,1,0
8,4.0,0,0,0,0
10,2.0,0,0,0,0
13,12.0,0,0,0,0
111,8.0,26,286,361,0
0,2.0,0,5,0,1
4,8.0,0,8,5,1
7,2.0,0,0,0,0
0,2.0,0,17,0,1
1,3.0,4,0,4,1
0,8.0,0,0,0,0
4,12.0,0,0,0,0
36,12.0,0,0,0,0
16,9.0,0,0,0,0
1,2.0,0,0,6,1
0,9.0,0,2,2,1
-3,8.0,67,173,155,1
62,4.0,0,0,14,0
2,2.0,0,0,3,1
0,8.0,0,6,0,1
2,8.0,0,3,7,1
4,8.0,0,0,2,0
20,2.0,0,0,0,0
0,8.0,0,8,21,1
19,2.0,0,0,2,0
0,2.0,0,6,0,1
0,8.0,0,12,4,1
22244,8.0,0,0,0,0
176,8.0,0,100,166,0
5,8.0,0,0,1,1
4,8.0,0,12,9,1
0,8.0,0,20,18,1
29,8.0,0,0,2,0
1,2.0,0,3,2,1
13,8.0,0,112,67,1
24,8.0,0,150,125,0
5,8.0,0,0,0,0
19,4.0,0,25,17,1
0,12.0,0,6,2,1
2,8.0,0,10,6,1
12,0.0,0,0,0,0
0,2.0,0,2,0,0
10,2.0,0,0,7,1
100,12.0,0,30,77,0
0,2.0,0,1,0,0
10,2.0,0,0,2,1
40,8.0,0,0,0,0
18,8.0,0,0,4,0
72,8.0,0,0,8,0
18,8.0,0,0,1,0
12,2.0,0,0,0,0
0,8.0,0,71,0,1
75,2.0,38,185,174,0
300,8.0,0,0,18,0
1,2.0,5,12,10,0
2,8.0,0,2,2,0
0,4.0,0,0,0,0
7,8.0,0,0,0,0
2,10.0,0,0,0,1
8,8.0,0,0,0,0
0,9.0,0,1,0,1
5,2.0,0,12,9,1
2,7.0,0,0,0,0
0,2.0,3,9,0,1
55,8.0,30,30,37,0
9,4.0,0,0,0,0
25,8.0,0,0,5,0
0,4.0,4,3,5,0
1,10.0,0,1,0,0
15,12.0,0,0,3,0
3,2.0,0,2,0,0
0,8.0,0,5,3,0
4,2.0,0,0,0,1
4,2.0,0,0,2,1
19,8.0,0,32,20,0
0,12.0,0,14,7,1
214,2.0,36,419,380,0
0,8.0,0,4,1,1
39,8.0,0,0,1,0
1,8.0,0,37,18,1
2,8.0,1,9,9,1
83,8.0,18,0,44,0
4,2.0,1,18,30,1
0,2.0,0,1,2,1
69,8.0,22,202,152,0
2,2.0,0,0,0,1
90,9.0,0,0,10,0
26,8.0,0,0,2,0
5,4.0,1,35,33,1
3,10.0,0,0,0,0
12,2.0,0,124,20,1
13,8.0,0,0,5,0
-13,8.0,0,21,14,1
21,0.0,0,184,150,1
0,8.0,0,5,3,1
70,8.0,0,0,6,0
30,8.0,0,23,24,1
1,2.0,0,1,5,1
0,2.0,0,10,0,1
49,12.0,0,0,21,0
0,2.0,0,29,0,1
0,12.0,0,8,2,1
0,2.0,0,12,11,1
190,8.0,0,230,151,0
0,2.0,0,24,24,1
0,5.0,0,462,2,1
3,2.0,0,61,23,1
88,4.0,0,0,18,1
3,2.0,0,0,4,1
56,8.0,0,0,18,0
4,8.0,0,0,1,0
1,9.0,0,8,2,1
14,2.0,0,0,0,0
9,2.0,0,0,0,0
10,9.0,0,0,0,0
49,8.0,35,254,307,1
0,12.0,0,8,2,1
143,12.0,0,0,0,0
0,2.0,0,36,0,1
20,2.0,0,0,0,0
12,2.0,0,400,246,1
5,2.0,0,0,3,0
0,2.0,0,26,1,1
16,2.0,0,0,0,1
8,9.0,0,180,77,1
9,12.0,0,0,0,0
3,8.0,0,6,12,1
0,8.0,0,4,4,1
155,8.0,39,288,261,0
4,8.0,0,0,0,0
4,8.0,0,0,0,0
0,2.0,0,115,1,1
0,2.0,0,5,0,0
40,2.0,93,540,342,1
41,8.0,0,0,0,0
4,8.0,0,6,16,1
33,2.0,0,15,7,0
11,2.0,0,0,0,0
10,8.0,0,0,0,0
2,8.0,3,1,5,0
7,8.0,0,40,26,1
2,4.0,0,0,0,0
0,2.0,0,5,0,1
13,2.0,0,0,0,0
-103,0.0,0,117,179,1
0,2.0,0,30,0,1
0,8.0,0,3,3,1
-2,8.0,0,9,0,1
23,8.0,0,43,45,0
20,8.0,0,0,1,0
3,8.0,0,4,6,0
1,8.0,20,0,12,0
29,8.0,0,368,398,1
1,8.0,0,1,4,1
9,9.0,0,0,0,0
1,8.0,0,28,14,1
0,2.0,0,500,0,1
4,9.0,0,43,20,1
11,4.0,1,0,6,0
13,8.0,0,15,15,0
4,17.0,0,19,3,1
-98,8.0,1,170,100,1
10,12.0,5,0,0,0
9,8.0,0,16,27,1
0,9.0,0,241,0,1
0,2.0,0,2,0,1
67,8.0,18,142,147,0
21,8.0,0,0,8,0
5,8.0,0,0,0,1
3,12.0,0,24,22,1
4,3.0,0,0,11,1
6,2.0,0,0,4,1
4,8.0,0,100,62,1
3,9.0,0,0,0,0
4,8.0,0,0,2,1
10,2.0,0,0,0,1
18,8.0,0,0,0,0
15,9.0,0,0,166,0
42,8.0,0,0,0,0
4,2.0,0,0,0,0
18,2.0,0,0,2,0
8,12.0,0,0,2,0
116,8.0,0,6900,0,1
4,2.0,0,10,2,1
1,12.0,0,12,0,0
0,2.0,0,4,2,1
3,4.0,0,4,5,1
0,12.0,0,9,3,1
0,2.0,0,193,0,1
0,8.0,0,3,1,1
4766,52.0,2,0,211,0
7,4.0,0,7,9,1
0,12.0,1,96,64,1
31,8.0,0,0,30,1
45,8.0,1,147,105,1
5,8.0,0,2,3,0
59,8.0,31,90,148,1
3,2.0,0,0,1,1
41,8.0,0,0,28,0
0,2.0,0,0,0,1
0,8.0,1,53,20,1
0,8.0,1,14,11,0
17,8.0,0,0,1,0
112,9.0,0,0,1,0
5,8.0,0,6,12,1
239,8.0,75,289,314,0
732,4.0,162,834,943,0
0,2.0,0,12,0,0
13,2.0,25,210,74,1
0,4.0,12,97,0,0
2,2.0,0,0,0,0
0,8.0,0,10,0,1
12,8.0,32,160,169,1
13,2.0,20,24,31,0
1,8.0,0,3,2,1
0,12.0,0,204,0,1
22,4.0,0,43,25,1
8,8.0,0,67,42,1
2,8.0,0,0,0,0
6,8.0,0,0,5,1
2,2.0,0,0,1,0
23,8.0,0,0,2,0
272,4.0,0,0,6,0
0,8.0,0,28,5,1
4,2.0,0,0,7,0
0,8.0,0,6,1,1
175,8.0,0,0,13,0
0,2.0,0,0,0,0
2,9.0,1,0,1,0
3,8.0,0,72,1,1
540,8.0,0,9910,28,1
0,2.0,0,6,0,1
78,8.0,20,105,85,0
3,12.0,0,0,0,0
2,8.0,0,0,0,0
18,2.0,1,8,1,1
20,8.0,20,45,56,1
1,12.0,0,0,1,0
0,8.0,0,0,0,1
4,8.0,0,57,33,1
5,2.0,0,0,0,1
7,6.0,0,8,5,1
19,8.0,0,0,0,0
2,8.0,0,0,10,1
0,8.0,0,2,2,1
0,9.0,0,0,0,0
22,2.0,0,0,7,0
3,2.0,22,40,33,1
12,8.0,0,0,11,1
2,8.0,0,3,5,0
3,12.0,0,0,0,0
3,8.0,0,0,0,0
2,8.0,0,4,2,1
4,8.0,0,7,3,0
3,12.0,3,49,17,1
4,8.0,0,0,8,0
35,2.0,0,0,0,0
1,8.0,0,0,0,0
0,2.0,0,146,6,1
71,2.0,1,59,56,0
-10,8.0,45,493,484,1
50,8.0,1,13,30,0
0,8.0,0,2,1,1
0,12.0,0,1,0,1
37,8.0,20,115,209,0
0,8.0,0,5,0,1
1,2.0,0,188,66,1
2,9.0,0,0,0,0
0,14.0,0,2,2,1
4,12.0,0,0,0,0
11,4.0,0,0,0,0
0,2.0,0,4,0,1
1,8.0,0,0,0,0
10,2.0,0,0,13,1
13,2.0,0,11,20,1
9,2.0,0,0,0,0
259,8.0,5,0,57,0
40,8.0,0,0,23,1
0,12.0,0,4,0,1
21,8.0,31,0,29,0
8,3.0,0,0,0,0
425,9.0,0,0,0,0
5039,52.0,32,0,189,0
14,9.0,0,1,6,0
2,8.0,0,0,1,1
143,8.0,0,48,99,0
26,2.0,0,0,0,0
2823,2.0,1679,2385,2835,0
10,8.0,0,0,0,0
152,52.0,0,0,9,0
7,2.0,0,50,39,1
357,2.0,0,0,8,0
3,2.0,0,8,9,1
0,8.0,0,45,35,1
755,8.0,0,0,146,0
28,2.0,0,238,159,1
32,8.0,0,96,79,1
-4,8.0,0,15,8,1
9,8.0,0,0,4,0
0,8.0,0,5,1,1
6,12.0,9,6,18,1
1,2.0,0,0,0,1
1,8.0,0,19,5,1
1,2.0,0,1,1,0
3,8.0,1,3,3,1
1088,2.0,95,968,1490,0
0,8.0,0,4,3,1
11,8.0,0,0,4,0
9,8.0,0,12,18,1
6,2.0,0,252,18,1
0,2.0,0,11,0,1
132,2.0,0,0,2,0
2,9.0,0,0,0,0
4,2.0,0,40,41,1
1,8.0,0,8,12,1
66,8.0,14,42,57,0
14,4.0,0,0,3,0
0,8.0,0,0,0,0
6,8.0,0,6,3,0
0,8.0,0,4,3,1
115,4.0,55,46,68,0
3,12.0,0,0,0,0
-107,12.0,0,699,679,1
10,8.0,0,0,0,0
12,2.0,0,0,45,1
66,8.0,0,0,22,0
164,8.0,3,63,109,0
3,2.0,0,0,1,0
11,2.0,0,20,1,0
7,8.0,3,36,25,1
117,8.0,3,41,59,0
0,2.0,13,112,0,1
5,8.0,0,2,2,0
0,2.0,0,4,3,1
14,8.0,0,0,3,0
1,8.0,0,4,5,0
0,2.0,0,4,0,1
3,9.0,0,0,0,0
24,8.0,0,0,0,0
156,8.0,45,110,171,0
12,8.0,0,0,2,1
8,2.0,0,0,13,1
1,3.0,0,9,21,1
3,8.0,0,72,0,1
247,8.0,44,192,260,0
300,2.0,1,0,42,0
8,4.0,0,0,1,0
2,8.0,0,118,69,1
38,4.0,0,0,7,0
8,2.0,0,9,8,1
260,2.0,27,0,93,0
185,8.0,0,0,0,0
3,2.0,0,2,0,1
2,9.0,0,0,0,1
2,8.0,0,1,2,1
8,8.0,0,5,7,0
0,2.0,0,30,0,1
41,52.0,0,0,0,0
16,8.0,0,0,0,0
0,12.0,0,7,4,1
2,12.0,0,5,3,1
2,9.0,0,0,0,0
1,8.0,0,1,3,1
1,12.0,1,4,5,1
483,2.0,0,1000,902,0
3,8.0,0,20,5,1
42,8.0,1,150,174,1
7,2.0,0,16,16,0
0,2.0,0,0,0,1
85,9.0,0,61,50,0
4,3.0,0,0,0,0
26,8.0,0,0,0,0
22,8.0,0,0,0,0
99,2.0,27,58,102,0
376,2.0,0,0,23,0
44,2.0,52,90,105,1
15,8.0,0,225,121,1
1,12.0,0,50,32,1
0,2.0,0,12,1,1
2,8.0,0,8,11,1
3,2.0,0,0,0,0
10,9.0,0,0,0,0
108,8.0,0,0,22,0
0,12.0,0,0,0,0
0,2.0,16,0,0,0
3,8.0,0,0,0,0
7,8.0,3,0,3,0
0,10.0,0,14,10,1
22,8.0,0,0,7,0
60,8.0,1,15,26,0
0,8.0,0,25,13,1
6,2.0,0,4,16,1
10,8.0,0,0,0,0
26,2.0,0,29,25,0
0,2.0,0,7,0,1
1065,12.0,319,1605,1524,0
0,12.0,0,18,17,1
709,2.0,0,0,3,0
3,2.0,4,19,29,1
1,8.0,0,20,17,1
506,8.0,184,1236,1053,0
3,12.0,7,42,25,1
3,2.0,0,4,4,1
0,9.0,0,5,0,1
193,8.0,7,442,385,0
0,2.0,0,13,0,1
5,2.0,0,0,2,1
1,8.0,0,3,3,1
2,4.0,0,15,37,1
20,8.0,0,0,1,0
6,2.0,0,138,43,1
30,4.0,0,0,3,0
393,2.0,0,0,2,0
20,9.0,0,0,0,1
295,52.0,0,0,2,0
1,4.0,0,3,3,1
23,8.0,0,200,99,1
5,8.0,0,0,0,0
4,4.0,0,0,0,0
0,8.0,150,250,0,1
7,8.0,0,68,43,1
118,9.0,0,0,0,0
91,8.0,6,58,48,0
0,12.0,0,5,1,1
0,2.0,0,12,0,1
81,8.0,0,0,8,0
45,2.0,0,0,0,0
10,5.0,0,0,0,0
0,2.0,0,4,4,1
79,8.0,0,52,42,0
5,9.0,0,0,0,0
0,2.0,0,7,0,1
7,12.0,0,15,9,1
0,8.0,0,3,1,0
0,2.0,0,14,0,1
0,9.0,0,1,3,1
-1,12.0,0,22,24,1
2,8.0,0,0,1,0
29,2.0,0,0,0,1
3,9.0,0,21,18,1
237,9.0,0,0,4,0
0,4.0,0,15,0,1
5,2.0,0,1,7,1
34817,8.0,0,6468,0,0
8,8.0,0,0,0,0
3,2.0,0,15,24,1
0,2.0,0,7,0,1
1,8.0,0,20,5,1
0,8.0,0,30,17,1
-17,6.0,29,83,91,1
88,12.0,0,0,7,0
0,8.0,0,71,26,1
0,8.0,0,2,0,1
1,8.0,0,0,7,1
32,8.0,0,0,6,0
1,4.0,0,1,3,1
0,8.0,0,30,0,0
3,8.0,0,2,3,0
0,12.0,12,0,0,1
7,8.0,0,18,12,1
1760,8.0,1131,1024,1511,0
4,2.0,0,0,4,1
93,2.0,0,94,86,0
50,4.0,0,0,0,0
2,12.0,0,10,0,1
0,8.0,0,5,4,1
1228,2.0,510,2961,2733,0
2,6.0,0,0,1,0
0,12.0,0,5,5,1
2,2.0,0,111,36,1
1,8.0,0,1,2,1
64,8.0,0,240,184,0
2,2.0,0,4,4,0
0,8.0,0,8,0,1
16,8.0,0,0,3,0
10,2.0,0,0,8,0
2,10.0,0,9,8,1
276,9.0,0,79,93,0
0,8.0,0,2,2,1
59,8.0,0,0,0,0
7,3.0,0,0,2,0
205,2.0,131,600,327,0
119,0.0,0,105,28,0
265,8.0,7,120,169,0
108,8.0,0,0,4,0
1,8.0,0,1,2,1
0,8.0,0,3,2,1
-1,3.0,4,10,14,1
246,4.0,0,0,0,0
7,2.0,0,0,15,1
1,4.0,0,30,110,1
17,8.0,0,0,2,0
500,8.0,0,2886,397,0
8,2.0,0,184,0,1
0,14.0,0,3,2,1
199,8.0,0,0,1,0
3,8.0,0,26,10,1
13,2.0,0,504,283,1
0,8.0,0,5,3,1
56,8.0,1,40,40,0
63,8.0,12,51,58,0
6,8.0,0,0,0,0
2255,12.0,2913,1902,4601,0
0,12.0,0,6,4,1
6,8.0,0,32,33,1
3,2.0,0,6,11,1
8,2.0,0,0,0,1
37,12.0,0,0,13,0
2,8.0,0,2,4,1
48,2.0,0,0,1,0
3,8.0,0,4,5,1
-1,8.0,36,292,223,1
13,2.0,0,0,0,0
1,8.0,0,2,3,1
5,2.0,0,5,13,1
0,8.0,0,2,1,0
10,8.0,0,18,6,1
9,16.0,0,54,34,1
34,8.0,0,0,0,0
133,8.0,72,1049,882,1
-4,2.0,0,15,32,1
100,12.0,0,0,0,0
11,8.0,0,14,14,0
13,8.0,0,120,11,1
0,2.0,0,0,0,1
398,8.0,0,0,0,0
3,9.0,0,0,2,1
8,8.0,0,24,15,1
2,4.0,0,4,4,1
2,8.0,0,1,2,1
158,8.0,0,0,5,0
10,2.0,0,0,3,1
7,4.0,0,0,0,0
0,8.0,0,0,0,0
3,8.0,0,0,0,0
3,2.0,0,45,9,1
1,8.0,0,3,4,1
2,8.0,0,0,0,0
5,4.0,0,0,4,0
0,12.0,0,5,0,1
6,4.0,0,0,1,1
-2,8.0,2,12,6,0
5,2.0,0,0,3,1
0,2.0,0,8,1,1
10,3.0,0,34,22,1
0,2.0,0,28,0,1
0,2.0,0,10,0,1
11,8.0,0,0,26,1
0,2.0,0,11,0,1
2461,8.0,847,2800,2362,0
2,2.0,10,20,19,1
3,4.0,0,0,0,0
0,2.0,0,1,0,1
74,8.0,1,0,32,0
-1,8.0,0,19,31,1
5,8.0,0,0,0,0
0,9.0,3,0,0,0
0,8.0,0,26,17,1
0,5.0,0,16,1,1
0,8.0,2,0,9,1
0,2.0,0,12,1,1
14,2.0,0,300,111,1
0,2.0,0,39,0,1
13457,2.0,4836,27960,25828,0
82,12.0,21,70,72,0
99,2.0,0,0,0,0
2,8.0,0,0,0,0
0,8.0,0,3,4,1
53,8.0,12,416,401,1
0,2.0,0,5,0,1
3,9.0,0,0,0,0
305,8.0,124,112,6,0
604,8.0,136,910,658,0
0,12.0,0,4,4,1
72,8.0,1,57,52,0
0,2.0,0,11,0,1
6,12.0,3,12,14,1
2,8.0,0,0,0,0
38,8.0,0,0,14,0
-4,8.0,0,173,155,1
13,8.0,0,0,2,0
100,2.0,0,50,35,0
101,14.0,0,0,0,0
6,13.0,0,0,2,0
0,2.0,0,100,0,1
0,2.0,0,2080,766,1
54,8.0,0,0,0,0
558,16.0,588,1275,1561,0
13,2.0,0,20,9,0
0,2.0,0,1200,0,1
24,8.0,0,0,0,0
44,9.0,0,0,41,0
2654,2.0,0,0,19,0
11,2.0,0,9,40,0
3,8.0,0,6,5,1
3,8.0,0,0,0,0
223,8.0,0,0,47,0
0,2.0,40,40,55,1
7,10.0,0,315,248,1
210,8.0,0,6,20,0
28,2.0,0,0,0,0
17,8.0,0,0,0,0
104,8.0,0,0,14,0
0,2.0,0,3,12,1
107,8.0,14,330,295,1
-11,8.0,0,24,3,1
5,12.0,0,14,23,1
0,8.0,0,0,0,0
8,7.0,0,0,2,0
182,8.0,0,0,14,0
1,8.0,0,2,1,1
4,9.0,0,0,1,0
0,2.0,0,10,0,1
2,8.0,0,0,0,0
0,2.0,0,11,0,1
175,16.0,0,0,6,0
14,8.0,0,0,0,0
38,8.0,12,138,105,1
2,2.0,0,19,11,0
7108,2.0,121,0,558,0
7,8.0,0,20,12,1
35,8.0,0,0,25,0
4,4.0,8,24,40,1
0,2.0,0,636,0,1
159,8.0,72,172,229,0
11,15.0,7,123,72,1
19,14.0,0,0,2,0
7,8.0,0,69,30,1
5,8.0,0,6,6,1
0,4.0,0,1,2,1
357,12.0,195,360,471,0
2,12.0,0,2,2,0
-2,8.0,0,3456,27,1
81,8.0,70,22,120,0
19,2.0,0,0,0,0
25,8.0,0,0,6,0
10,4.0,0,0,25,1
-101,8.0,66,3442,2576,1
4,8.0,0,0,1,0
15,8.0,4,816,626,1
0,12.0,0,5,6,1
1,8.0,0,1,2,1
5,8.0,2,10,19,1
2,12.0,0,219,209,1
60,9.0,0,0,5,0
20,8.0,0,110,42,1
0,2.0,0,4,0,1
0,2.0,0,52,16,1
2,12.0,0,1,0,0
81,11.0,0,0,36,0
0,2.0,0,12,5,1
6,11.0,0,54,35,1
68,8.0,90,0,21,0
1940,2.0,20,0,602,0
0,8.0,0,7,1,1
0,2.0,0,5,1,1
205,17.0,0,0,0,0
9,8.0,0,8,9,0
112,2.0,0,0,513,1
4,12.0,0,30,11,1
11,8.0,0,0,0,0
4,8.0,0,0,0,0
1,12.0,0,2,5,1
71,8.0,0,72,71,0
10,8.0,0,0,0,0
3460,52.0,15,0,192,0
6,8.0,0,9,12,1
25,8.0,0,0,0,0
5,2.0,0,0,0,0
3,8.0,0,6,7,0
239,2.0,0,0,0,0
3,4.0,0,25,31,1
0,2.0,0,6,8,1
7,8.0,0,0,2,0
11,2.0,0,0,15,1
0,2.0,0,4,0,0
12,2.0,0,0,0,0
6,9.0,0,0,0,0
222,8.0,0,0,1,0
10,2.0,0,12,2,1
32,8.0,0,337,266,1
2,8.0,0,35,16,1
8,8.0,0,15,11,1
6,12.0,0,32,14,0
72,12.0,50,1,30,0
5,2.0,0,3,0,0
43,8.0,35,254,310,1
2,10.0,0,0,0,1
0,2.0,0,567,0,0
0,8.0,0,115,0,1
-100,8.0,0,540,170,1
17,2.0,0,0,4,0
1,8.0,0,0,0,0
0,8.0,0,10,10,1
5,8.0,0,0,1,1
-12,8.0,0,96,50,1
10,12.0,0,14,15,1
9,9.0,0,0,2,0
0,9.0,0,2,0,1
8,3.0,0,41,23,1
3,8.0,0,0,0,0
3,8.0,0,264,2,1
0,2.0,0,4,0,1
9,12.0,4,0,0,0
35,2.0,54,0,0,1
0,2.0,0,0,298,1
0,8.0,0,0,0,0
171,9.0,57,240,266,0
46,8.0,0,343,299,1
0,2.0,0,20,9,1
14,8.0,0,0,5,0
1,12.0,0,12,9,1
32,8.0,1,2800,1674,1
207,12.0,0,0,41,0
3,4.0,0,0,9,0
0,8.0,0,11,4,1
933,2.0,28,0,186,0
-171,12.0,0,2520,57,1
0,8.0,0,18,3,1
1024,52.0,0,0,6,0
2,9.0,0,0,0,0
5,4.0,0,0,0,0
13,8.0,0,18,16,1
-85,12.0,0,126,110,1
34,8.0,0,96,56,1
2,9.0,0,0,0,0
0,12.0,0,4,3,1
233,8.0,3,220,278,0
231,8.0,0,0,4,0
13,8.0,0,0,0,0
0,2.0,0,28,0,1
52,12.0,0,496,164,0
27992,8.0,180,855,10363,1
2,8.0,0,0,1,0
0,8.0,0,0,0,0
5,0.0,0,51,48,1
0,0.0,0,62,1,1
3,9.0,0,2,0,0
4,8.0,0,60,29,1
8,8.0,0,28,29,1
3,8.0,0,0,0,0
65,4.0,23,42,72,0
9,2.0,0,40,34,1
65,2.0,0,0,7,0
1,8.0,0,10,15,1
2,12.0,0,0,0,0
1,9.0,0,1,1,1
247,16.0,15,400,134,0
5,12.0,0,0,0,0
35,9.0,0,0,0,0
5,8.0,0,90,149,1
1,8.0,0,1,1,1
5,8.0,0,16,11,1
6,2.0,0,2,0,0
2,2.0,0,0,3,1
3,8.0,0,0,0,0
11,8.0,0,0,3,0
-2,8.0,8,11,30,1
0,12.0,1,4,6,1
0,8.0,0,4,1,1
1,8.0,0,0,0,0
2,12.0,0,0,0,0
0,9.0,0,8,1,1
0,9.0,0,3,3,1
0,2.0,0,83,0,1
-41,10.0,649,1638,1719,1
-4,8.0,0,24,6,1
3,2.0,0,2,0,0
0,8.0,0,1,1,1
4,12.0,0,0,0,0
0,2.0,0,90,99,1
9,8.0,0,0,12,0
4,2.0,0,7,7,1
0,8.0,0,21,12,1
136,2.0,37,144,209,0
0,12.0,0,6,1,1
11,2.0,0,419,156,1
97,2.0,0,82,48,0
0,8.0,900,350,0,1
-6,12.0,0,32,2,1
4,2.0,0,20,29,1
6,8.0,0,0,1,1
0,8.0,0,3,3,1
3,10.0,0,0,1,1
355,12.0,12,0,113,0
0,9.0,0,3,0,0
26,2.0,0,40,29,1
23,8.0,0,0,3,0
2,12.0,0,0,0,0
1,2.0,0,34,18,1
1,8.0,0,0,0,0
6,2.0,0,0,3,1
21,2.0,0,0,11,0
0,2.0,0,10,0,1
-21,8.0,11,444,389,1
457,9.0,165,636,732,0
5,4.0,0,1,2,0
1,2.0,0,2,1,1
0,2.0,0,5,0,1
7,8.0,0,8,7,0
1964,8.0,0,1218,972,0
70,8.0,10,10,16,0
44,8.0,10,43,52,0
0,8.0,0,1,1,1
4,52.0,0,0,3,1
47,8.0,0,0,0,0
47,8.0,0,0,34,0
0,8.0,0,1,1,1
0,2.0,0,12,0,0
54,4.0,19,123,47,0
30,2.0,0,150,110,1
1,2.0,0,36,6,1
0,2.0,0,10,0,1
-8,2.0,13,27,40,1
5,2.0,0,30,55,1
7,2.0,0,0,0,0
455,10.0,1,0,45,0
2,8.0,0,22,19,1
168,2.0,79,0,321,0
44,8.0,0,0,12,0
1,8.0,0,1,1,0
11,9.0,6,0,34,1
4,8.0,0,1,4,0
11,2.0,9,27,26,1
3,8.0,0,0,0,0
656,4.0,471,693,743,0
0,12.0,0,15,8,1
0,2.0,0,0,1,1
11,2.0,0,0,0,1
1,2.0,0,12,14,1
0,2.0,0,92260,1,1
2,12.0,0,5,4,1
2,2.0,0,4,6,1
48,2.0,0,0,0,0
14,8.0,0,0,9,0
7,4.0,0,0,0,0
2,0.0,0,26,16,1
4,12.0,0,4,9,0
41,2.0,0,183,114,1
2,8.0,0,0,0,0
14,2.0,0,10,10,0
1,9.0,0,2,3,1
32,0.0,0,2,60,1
18,8.0,0,38,32,0
0,2.0,0,4,0,1
3,4.0,1,5,11,1
-7,8.0,13,659,363,1
6,2.0,0,0,5,1
8,8.0,0,0,0,0
8,8.0,0,31,37,1
377,9.0,287,120,547,0
0,4.0,0,0,0,1
2,12.0,0,0,0,0
34,2.0,3,360,239,1
1,3.0,0,2,2,1
4,2.0,0,0,0,1
259,8.0,0,0,34,0
5,8.0,0,10,15,1
0,2.0,0,29,0,1
4,8.0,0,28,17,1
0,2.0,0,12,0,1
4,8.0,0,50,25,1
1,3.0,0,10,24,1
466,8.0,361,560,569,0
3,8.0,0,1,0,0
28,4.0,0,0,0,0
7,2.0,0,0,2,0
5,8.0,0,32,14,1
0,2.0,0,5,0,1
11,0.0,0,0,0,0
113,4.0,112,0,88,0
52,2.0,0,13,0,0
48,17.0,1,37,44,0
725,8.0,293,808,1023,0
100,2.0,19,112,140,0
19,2.0,0,0,2,1
679,8.0,78,400,582,0
3,8.0,0,0,0,0
2,8.0,0,4,7,1
4,8.0,0,15,13,1
1020,8.0,325,740,623,0
3,2.0,0,20,30,1
3,2.0,10,90,91,1
-7,6.0,0,38,31,1
-4,8.0,0,15,7,1
36,14.0,1,48,50,0
8430,2.0,10,420,176,0
0,12.0,0,500,31,1
3,2.0,0,2,2,1
4,12.0,0,0,0,0
20,8.0,14,66,76,1
5,2.0,6,37,19,1
8,8.0,0,12,9,1
0,8.0,0,10,4,1
9,12.0,0,0,0,0
3,3.0,3,0,2,1
1,8.0,0,4,3,1
118,12.0,79,0,75,0
2,2.0,1,35,35,1
37,8.0,0,9,6,0
0,12.0,0,8,5,0
7,8.0,0,6,12,0
10,12.0,0,0,0,0
3,8.0,0,0,1,1
13,12.0,0,0,0,0
6,2.0,0,0,2,1
6,5.0,0,15,0,1
648,8.0,0,0,156,0
0,12.0,0,8,5,1
15,8.0,0,16,5,0
0,4.0,0,6,0,1
2,12.0,0,90,64,1
2,4.0,4,0,2,1
1,2.0,0,25,18,1
2,2.0,0,12,12,1
21,2.0,0,0,12,1
9,8.0,0,19,16,1
18,12.0,0,0,0,0
-6,6.0,6,1,13,1
0,8.0,0,3,2,1
106,8.0,0,0,44,0
2,14.0,0,3,6,1
0,12.0,0,8,5,1
82,2.0,0,72,51,0
178,8.0,0,0,3,0
95,8.0,3,40,74,0
6,12.0,0,9,6,0
0,2.0,0,72,0,1
2,8.0,0,0,0,0
0,8.0,0,6,11,1
0,2.0,0,2,0,1
134,2.0,0,0,34,0
0,4.0,0,14,9,1
2,2.0,0,12,11,1
-5,8.0,8,68,27,1
74,8.0,15,9,31,0
17,2.0,0,16,16,0
3,8.0,0,0,0,0
2,8.0,0,0,0,0
36,2.0,0,0,29,0
1,12.0,0,0,0,0
3,2.0,0,0,10,1
4,8.0,0,0,0,0
1,8.0,0,10,6,1
2,8.0,0,5,3,1
-2,8.0,0,45,25,1
399,8.0,36,188,225,0
152,8.0,0,220,176,0
7,9.0,0,0,3,0
0,2.0,0,322,0,1
2,2.0,1,1,1,0
10,12.0,0,0,3,0
5,12.0,0,0,0,0
6,8.0,0,0,4,0
0,8.0,0,5,3,1
0,2.0,0,21,1,1
130,14.0,2,0,18,0
29,4.0,0,0,14,0
2,8.0,0,5,4,1
1,9.0,0,1,1,0
3,8.0,0,24,17,1
2,8.0,0,7,4,1
1,9.0,1,8,7,1
0,2.0,0,40,9,1
6,8.0,0,0,1,0
2,12.0,0,48,20,1
16,4.0,0,0,2,0
0,2.0,0,47,0,1
9,6.0,0,4,2,0
0,2.0,0,0,10,1
0,2.0,0,21,13,1
34,12.0,0,192,116,1
110,8.0,3,816,744,1
1,2.0,0,4,2,1
2,9.0,0,0,0,0
0,2.0,0,3,3,1
2,14.0,0,3,2,1
8,12.0,0,5,0,0
6,8.0,0,0,1,0
0,8.0,0,4,2,1
9,12.0,0,0,0,0
14,2.0,0,0,2,0
21,12.0,0,20,50,1
15,8.0,0,14,16,0
0,12.0,0,1,0,1
5,8.0,0,0,0,0
6,2.0,0,0,1,0
0,4.0,0,9,0,1
2,2.0,0,0,0,0
70,9.0,0,0,0,0
1,8.0,0,0,0,0
52,8.0,13,53,55,0
7,8.0,0,12,0,1
0,2.0,0,20,0,1
-18,8.0,0,223,130,1
192,12.0,0,0,1,0
1,8.0,0,3,3,1
2,2.0,0,63,24,1
0,12.0,0,15,0,0
101,9.0,0,0,14,0
27,8.0,0,0,18,0
0,8.0,0,45,44,1
2,2.0,0,80,0,0
7,8.0,0,84,39,1
4,8.0,0,34,38,1
27,4.0,0,638,361,1
102,8.0,0,0,3,0
0,8.0,0,0,0,1
0,12.0,0,2,1,1
1,8.0,0,1,2,1
258,8.0,0,0,1,0
2,2.0,0,2,2,1
79,8.0,0,0,24,0
15,8.0,0,0,0,0
0,12.0,0,2,1,1
140,9.0,0,0,3,0
2,2.0,0,30,16,1
6,8.0,0,256,99,1
144,10.0,0,59,128,0
514,2.0,54,216,999,1
2,8.0,0,67,40,1
19,8.0,0,0,16,1
1,8.0,0,35,16,1
2,8.0,0,2,2,1
0,8.0,0,31,0,1
5,2.0,0,0,2,1
95,8.0,0,0,13,0
0,2.0,0,5,0,1
0,8.0,0,79,27,1
59,9.0,15,40,57,0
268,4.0,67,704,540,0
0,2.0,0,11,0,1
6,8.0,0,187,138,1
0,9.0,0,17,27,1
11,8.0,0,0,1,0
21,4.0,0,0,0,0
0,9.0,0,241,0,1
229,2.0,0,0,42,0
0,2.0,0,40,0,1
-9,12.0,4,510,183,1
0,2.0,0,20,0,0
2,2.0,0,46,40,1
16,8.0,0,0,5,0
0,2.0,0,6,1,0
-44,8.0,0,1338,841,1
7,4.0,0,35,22,1
15,8.0,0,0,0,0
2,2.0,0,0,3,1
4195,8.0,2143,6600,7150,0
995,12.0,12,0,582,0
86,2.0,0,36,48,1
9,12.0,0,0,0,0
21,8.0,0,0,2,0
0,2.0,0,0,25,1
132,8.0,0,0,36,0
5,12.0,0,0,0,0
2,2.0,0,0,1,1
5,8.0,0,12,11,0
2,8.0,0,385,267,1
11,0.0,0,0,0,0
2,8.0,0,0,1,1
-1142,8.0,0,0,0,0
0,8.0,0,2,2,1
219,8.0,0,1341,794,1
18,9.0,0,0,5,0
8,2.0,0,48,42,1
1,8.0,0,15,16,1
52,8.0,0,0,0,0
2,8.0,0,0,0,1
2,9.0,0,0,0,0
200,8.0,0,0,0,0
34,2.0,0,331,141,1
0,8.0,0,0,0,0
5,9.0,0,0,0,1
2,0.0,0,0,0,0
2,8.0,0,0,0,1
1,8.0,0,5,2,1
45,12.0,0,0,5,0
92,2.0,0,0,3,0
15,2.0,0,0,43,1
202,16.0,0,0,61,0
6,4.0,0,0,0,0
8,8.0,4,0,1,1
1,9.0,0,3,6,1
0,2.0,1,2,4,1
24,12.0,0,0,0,0
4850,52.0,0,0,4,0
0,2.0,0,1,2,1
11,12.0,0,0,1,0
0,2.0,0,3,0,1
95,8.0,93,0,11,0
0,2.0,1,3,4,1
0,8.0,2,1,1,1
0,2.0,0,0,0,0
1684,14.0,1,0,563,0
6,2.0,5,14,10,0
9,8.0,0,0,1,0
26,8.0,1,0,1,0
0,2.0,0,4,0,0
6,52.0,0,0,0,0
3486,8.0,0,0,4,0
1,2.0,0,3,2,1
0,2.0,0,29,0,1
18,8.0,2,50,37,1
1,9.0,0,0,1,1
28,2.0,0,100,37,1
101,8.0,2,0,29,0
0,12.0,0,1,1,1
0,8.0,0,323,0,1
15,4.0,0,0,1,0
50,12.0,0,1320,563,1
4,8.0,0,10,9,1
2,8.0,0,0,0,0
5,9.0,0,0,0,1
186,8.0,35,305,409,1
0,2.0,0,16,16,1
9,8.0,0,6,11,0
0,9.0,2,41,56,1
6,8.0,0,27,9,0
2222,2.0,2,3225,2506,0
75,8.0,162,252,238,0
23,8.0,0,0,0,0
43,8.0,0,84,122,0
161,8.0,0,1,29,0
12,2.0,0,20,20,1
0,2.0,0,166,6,1
1,8.0,0,2,1,1
1,8.0,0,294,162,1
15,2.0,0,324,272,1
2,8.0,0,13,14,1
16,2.0,0,0,0,0
65,8.0,0,0,18,0
7,2.0,0,0,1,1
0,8.0,10,7,0,1
2,2.0,0,2,4,1
18,2.0,0,0,1,0
0,4.0,0,11,0,1
1,5.0,0,2,2,1
0,8.0,0,1,1,1
3877,14.0,0,0,104,0
81,4.0,0,0,3,0
2,2.0,0,4,8,1
39,8.0,0,0,11,0
1,8.0,2,11,7,1
4,4.0,0,0,0,0
1,5.0,0,2,2,1
9,4.0,2,0,10,0
-1193,12.0,0,3787,15,1
3,8.0,12,843,496,1
1,12.0,0,27,30,1
-134,2.0,54,702,1000,1
15,8.0,0,0,11,0
88,4.0,0,0,18,1
5,2.0,11,29,26,1
-4,3.0,4,8,9,1
144,12.0,0,0,1,0
0,2.0,0,20,22,1
-1,8.0,0,12,5,1
7,52.0,0,0,4,0
312,8.0,0,0,0,0
2482,8.0,0,0,800,0
129,4.0,59,90,107,0
329,2.0,109,358,661,0
0,8.0,0,3,18,1
10,8.0,0,0,0,0
1,9.0,0,10,11,1
4740,2.0,3043,4932,4472,0
131,14.0,0,0,0,0
8,4.0,0,0,0,0
3,12.0,0,0,0,0
182,8.0,44,0,64,0
78,12.0,0,0,0,0
96,12.0,0,360,0,0
2,4.0,4,2,2,1
2,8.0,0,8,3,1
2,8.0,0,7,7,1
59,8.0,0,370,205,1
1,8.0,0,0,0,0
13,2.0,0,0,0,0
7,8.0,0,0,0,0
1,8.0,0,0,2,0
0,8.0,0,17,13,1
20,12.0,0,0,0,0
0,8.0,0,50,55,1
1,8.0,0,59,35,1
203,8.0,1,0,44,0
1,4.0,0,90,77,1
630,9.0,0,0,1,0
8,9.0,0,7,20,1
108,8.0,0,0,16,0
2034,13.0,37,0,200,0
3,9.0,0,0,0,0
41,8.0,12,144,133,0
0,2.0,0,4,0,1
4,2.0,0,0,0,0
23,52.0,0,0,1,0
1,12.0,0,1,2,1
7,2.0,1,0,17,1
0,9.0,0,1,0,1
0,2.0,0,0,0,1
349,3.0,32,423,375,0
266,52.0,0,0,17,0
8,2.0,0,34,53,1
16,2.0,0,0,28,1
6,8.0,0,8,9,1
10295,2.0,18,0,1296,0
58,8.0,80,250,239,1
9,8.0,0,0,10,1
0,2.0,0,13,0,1
2,8.0,5,212,156,1
0,12.0,0,0,0,0
-2,8.0,0,249,147,0
0,8.0,0,100,17,1
0,2.0,0,2,0,1
4,8.0,1,1,4,1
1,8.0,0,10,8,1
5,4.0,0,0,0,0
29,2.0,0,0,2,0
3,2.0,0,88,66,1
2,8.0,0,7,5,1
0,2.0,0,1,30,1
180,8.0,0,0,0,0
0,4.0,0,13,0,1
7,2.0,0,30,24,1
0,12.0,7,480,423,1
205,8.0,63,1441,1778,1
0,2.0,0,7,0,1
9,2.0,0,0,1,0
34,14.0,0,10,20,0
0,8.0,0,10,8,1
60,8.0,0,0,17,0
0,8.0,0,0,0,0
107,8.0,0,127,0,0
0,8.0,0,4,4,1
0,2.0,0,25,0,1
0,2.0,0,0,0,1
-18,2.0,0,34,129,1
9,8.0,1,1,4,0
14,2.0,0,0,13,1
2,12.0,0,1,2,0
44,8.0,0,0,1,0
30,4.0,0,0,2,0
137,8.0,114,396,394,1
60,4.0,0,0,2,0
11,8.0,4,0,3,0
1,8.0,0,4,5,1
5,8.0,0,0,0,0
14,8.0,0,0,0,0
11,8.0,0,0,0,0
55,9.0,0,20,15,0
32,0.0,0,0,6,0
7,4.0,0,0,2,0
0,9.0,0,383,0,1
21,8.0,0,73,28,1
11,10.0,0,0,0,0
23,2.0,0,0,16,1
-15,8.0,0,569,423,1
4,2.0,0,5,58,1
19,8.0,0,20,18,1
0,2.0,0,11,0,1
55,2.0,0,0,0,0
-5,8.0,0,26,24,1
5,8.0,0,18,26,1
0,8.0,0,1,0,1
0,8.0,0,8,15,1
0,8.0,0,2,6,1
79,8.0,0,0,30,1
4,9.0,0,3,7,1
1,8.0,0,2,2,1
92,2.0,60,126,163,0
288,12.0,0,0,10,0
6,8.0,0,0,0,0
1,2.0,0,1,3,1
194,8.0,0,0,62,0
0,8.0,0,6,2,1
3,8.0,0,2,2,0
5,4.0,1,0,0,0
1,8.0,0,17,8,1
-105,8.0,0,600,533,1
10,8.0,0,0,0,0
